image_id,product_id,brand,product_name,bpom_id,image_url,image_path,source_url,source_domain,marketplace,listing_url,listing_title,seller_name,review_url,review_rating,review_text,review_date,evidence_keyword,evidence_level,evidence_score,label,ocr_text,ocr_brand_score,ocr_product_name_score,ocr_size_match,ocr_bpom_id,bpom_match_status,md5_hash,phash,download_status,rejection_reason,source_type,search_query,width,height,file_size,downloaded_at
26ee407faf41,MEDIHEAL_COLLAGEN_AMPOULE_PAD_NA26242000002,Mediheal,Collagen Ampoule Pad,NA26242000002,https://p19-common-sign.tiktokcdn-us.com/tos-no1a-p-0037-no/oUAZAfIPDFCpFA1ELdEubnEInCkII9zgfsR7iA~tplv-tiktokx-origin.image?dr=9636&x-expires=1786928400&x-signature=UwLaDPXc1TBQq0bRZa6VYyWSBIE%3D&t=4d5b0474&ps=13740610&shp=81f88b70&shcp=55bbe6a9&idc=useast5,SafeCart_Dataset\images\reported_counterfeit_candidate\MEDIHEAL_COLLAGEN_AMPOULE_PAD_NA26242000002\26ee407faf41.jpg,https://www.tiktok.com/@ugcbylarina/video/7505694682710609159,www.tiktok.com,tiktok.com,,,,,,ALERT ON FAKE MEDIHEAL TONER PADS! ALERT ON FAKE MEDIHEAL TONER PADS! Discover the difference between fake and real Mediheal Toner Pads and protect your skin from potential harm.,,fake,MODERATE_EVIDENCE,3.0,reported_counterfeit_candidate,,0.0,0.0,False,,not_visible,6e4d90422e3a1fd268b19c84f754fe4a,,success,duplicate_of:d8ecbaa27228,counterfeit_evidence,https://www.tiktok.com/@ugcbylarina/video/7505694682710609159,1048.0,1518.0,192139.0,2026-08-15T14:33:35.512208+00:00
bce89f293834,MEDIHEAL_RETINOL_COLLAGEN_LIFTING_PAD_NA26242000012,Mediheal,Retinol Collagen Lifting Pad,NA26242000012,https://p19-common-sign.tiktokcdn-us.com/tos-no1a-p-0037-no/oUAZAfIPDFCpFA1ELdEubnEInCkII9zgfsR7iA~tplv-tiktokx-origin.image?dr=9636&x-expires=1786928400&x-signature=UwLaDPXc1TBQq0bRZa6VYyWSBIE%3D&t=4d5b0474&ps=13740610&shp=81f88b70&shcp=55bbe6a9&idc=useast5,SafeCart_Dataset\images\reported_counterfeit_candidate\MEDIHEAL_RETINOL_COLLAGEN_LIFTING_PAD_NA26242000012\bce89f293834.jpg,https://www.tiktok.com/@ugcbylarina/video/7505694682710609159,www.tiktok.com,tiktok.com,,,,,,ALERT ON FAKE MEDIHEAL TONER PADS! ALERT ON FAKE MEDIHEAL TONER PADS! Discover the difference between fake and real Mediheal Toner Pads and protect your skin from potential harm.,,fake,MODERATE_EVIDENCE,3.0,reported_counterfeit_candidate,,0.0,0.0,False,,not_visible,6e4d90422e3a1fd268b19c84f754fe4a,,success,duplicate_of:d8ecbaa27228,counterfeit_evidence,https://www.tiktok.com/@ugcbylarina/video/7505694682710609159,1048.0,1518.0,192139.0,2026-08-15T14:34:07.262668+00:00
99e13470745f,KAHF_ACNE_RELIEF_AMINO_GEL_FACE_WASH_NA18251202492,Kahf,Acne Relief Amino Gel Face Wash,NA18251202492,https://www.kahfeveryday.com/_next/image/?url=https%3A%2F%2Fkahf-bucket-prod.s3.ap-southeast-3.amazonaws.com%2F1310%2F_Aminogel_2.png&w=3840&q=75,SafeCart_Dataset\images\genuine_reference\KAHF_ACNE_RELIEF_AMINO_GEL_FACE_WASH_NA18251202492\99e13470745f.jpg,https://www.kahfeveryday.com/en/product/kahf-bright-revitalizing-aminogel-face-wash/,www.kahfeveryday.com,kahfeveryday.com,,,,,,,,,,,genuine_reference,,0.0,0.0,False,,not_visible,42c11bf7e9e581eee2109b5b26e9f102,,success,duplicate_of:eb1015fd27c3,genuine,Kahf Acne Relief Amino Gel Face Wash official,800.0,1000.0,97352.0,2026-08-15T14:35:33.569815+00:00
9ae719e394ad,SENKA_PERFECT_WHIP_LOW_PH_CALMING_CICA_NA54241200014,Senka,Perfect Whip Low pH Calming Cica,NA54241200014,https://miessential.com/cdn/shop/files/Senka_Perfect_Whip_Low_PH_Calming_Cica_4.jpg?v=1722461678&width=1445,SafeCart_Dataset\images\genuine_reference\SENKA_PERFECT_WHIP_LOW_PH_CALMING_CICA_NA54241200014\9ae719e394ad.jpg,https://miessential.com/products/shiseido-senka-perfect-whip-low-ph-calming-cica?srsltid=AfmBOooNq4NxFruiCrL7R0XI0LNe8hlEGKB91NeQk9SPIccvlRuHqHqF,miessential.com,miessential.com,,,,,,,,,,,genuine_reference,,0.0,0.0,False,,not_visible,3876b5e89e5dcdea4ccfc79dbcbb6af6,,success,duplicate_of:efa6f6ce63e8,genuine,Senka Perfect Whip Low pH Calming Cica official,1080.0,1080.0,92611.0,2026-08-15T14:37:18.190714+00:00
3d5a8d79eeae,SENKA_PERFECT_WHIP_LOW_PH_CALMING_CICA_NA54241200014,Senka,Perfect Whip Low pH Calming Cica,NA54241200014,https://miessential.com/cdn/shop/files/SenkaPerfectWhipLowPHCalmingCica.jpg?v=1722461659&width=600,SafeCart_Dataset\images\genuine_reference\SENKA_PERFECT_WHIP_LOW_PH_CALMING_CICA_NA54241200014\3d5a8d79eeae.jpg,https://miessential.com/products/shiseido-senka-perfect-whip-low-ph-calming-cica?srsltid=AfmBOorYO30n4hOKpcE1V4FV7NxIswuU7q3AXWyVVnvDqKzcx91XDcCL,miessential.com,miessential.com,,,,,,,,,,,genuine_reference,,0.0,0.0,False,,not_visible,12a109ac654e2c69573d100f74427a66,,success,duplicate_of:b45d9185583b,genuine,Senka Perfect Whip Low pH Calming Cica official website,600.0,600.0,33417.0,2026-08-15T14:37:33.794697+00:00
3110073faae3,LANBENA_RETINOL_REJUVENATING_SERUM_NA11252000022,LANBENA,Retinol Rejuvenating Serum,NA11252000022,https://p19-common-sign.tiktokcdn-us.com/tos-alisg-p-0037/oABzEMivAWKNZGo9AABAII30I6zwZBCCAriCf2~tplv-tiktokx-origin.image?dr=9636&x-expires=1786860000&x-signature=MOXMBqqhuBmx75cyKRUZJe1EWo4%3D&t=4d5b0474&ps=13740610&shp=81f88b70&shcp=55bbe6a9&idc=useast8,SafeCart_Dataset\images\reported_counterfeit_candidate\LANBENA_RETINOL_REJUVENATING_SERUM_NA11252000022\3110073faae3.jpg,https://www.tiktok.com/@lanbena.beauty/video/7516920607355833618,www.tiktok.com,tiktok.com,,,,,,"Waspada Produk Lanbena Palsu Untuk Skincare Ketahui cara membedakan produk asli dan palsu Lanbena agar kulitmu aman. Yuk, jaga kecantikanmu! #retinol #lanbena #skincaretips. This is an AI- ...",,palsu,MODERATE_EVIDENCE,3.0,reported_counterfeit_candidate,,0.0,0.0,False,,not_visible,5d49f00e5608b997329f7cdaeebd395a,,success,duplicate_of:653cab7ac764,counterfeit_evidence,https://www.tiktok.com/@lanbena.beauty/video/7516920607355833618,1200.0,1719.0,182611.0,2026-08-15T14:41:56.849111+00:00
0f55cfa86e63,DR_G_DR_G_RTX_INTO_SERUM_HYALSHOT_NA26250100229,Dr.G,Dr.G RTX Into Serum Hyalshot,NA26250100229,https://d1f6um9xlu8jl4.cloudfront.net/Dr.G/Dr.G_RTX_Into_Serum_Hyalshot_50ml_T.jpg,SafeCart_Dataset\images\genuine_reference\DR_G_DR_G_RTX_INTO_SERUM_HYALSHOT_NA26250100229\0f55cfa86e63.jpg,https://jolse.com/product/drg-rtx-into-serum-hyalshot-50ml/75206/?srsltid=AfmBOooUdRWy7WAD1JWHniNQeWUBT60ZlCMGcbY3sTfcql0GgIt3CD6H,jolse.com,jolse.com,,,,,,,,,,,genuine_reference,,0.0,0.0,False,,not_visible,6d9ed83c46466278d7fedee20cc6d09b,,success,duplicate_of:72f34ebff4f1,genuine,Dr.G Dr.G RTX Into Serum Hyalshot official,500.0,500.0,14146.0,2026-08-15T14:42:12.272833+00:00
5c9168c3d1f2,DR_G_DR_G_RTX_INTO_SERUM_PEPTISHOT_NA26250100230,Dr.G,Dr.G RTX Into Serum Peptishot,NA26250100230,https://i.ebayimg.com/images/g/5JIAAOSw62BmfhQs/s-l400.jpg,SafeCart_Dataset\images\genuine_reference\DR_G_DR_G_RTX_INTO_SERUM_PEPTISHOT_NA26250100230\5c9168c3d1f2.jpg,https://www.ebay.com/itm/204857917840,www.ebay.com,ebay.com,,,,,,,,,,,genuine_reference,,0.0,0.0,False,,not_visible,40a030d6352a2d37c295e59ca132774a,,success,duplicate_of:49c6215158f4,genuine,Dr.G Dr.G RTX Into Serum Peptishot official,400.0,400.0,17634.0,2026-08-15T14:42:20.174280+00:00
84bbe8fd811f,DR_G_DR_G_RTX_INTO_SERUM_PEPTISHOT_NA26250100230,Dr.G,Dr.G RTX Into Serum Peptishot,NA26250100230,https://i.ebayimg.com/images/g/l5MAAOSweWpmfhQo/s-l400.png,SafeCart_Dataset\images\genuine_reference\DR_G_DR_G_RTX_INTO_SERUM_PEPTISHOT_NA26250100230\84bbe8fd811f.jpg,https://www.ebay.com/itm/204857917840,www.ebay.com,ebay.com,,,,,,,,,,,genuine_reference,,0.0,0.0,False,,not_visible,4389ed43fe3d747edd2b02d42e6eca01,,success,duplicate_of:4e0a79e32152,genuine,Dr.G Dr.G RTX Into Serum Peptishot official,397.0,400.0,14481.0,2026-08-15T14:42:20.271544+00:00
d69d5bd54483,SULWHASOO_CONCENTRATED_GINSENG_REJUVENATING_SERUM_NA26242000060,Sulwhasoo,Concentrated Ginseng Rejuvenating Serum,NA26242000060,https://us.sulwhasoo.com/cdn/shop/files/CGR_Serum_01._Texture_Brand.com_1080px_1_1_ratio.jpg?v=1758902369&width=1080,SafeCart_Dataset\images\genuine_reference\SULWHASOO_CONCENTRATED_GINSENG_REJUVENATING_SERUM_NA26242000060\d69d5bd54483.jpg,https://us.sulwhasoo.com/products/concentrated-ginseng-rejuvenating-serum,us.sulwhasoo.com,us.sulwhasoo.com,,,,,,,,,,,genuine_reference,,0.0,0.0,False,,not_visible,072141a1d81d68e1de9f9767d0c862c2,,success,duplicate_of:7ca5b70e2321,genuine,Sulwhasoo Concentrated Ginseng Rejuvenating Serum official,1080.0,1080.0,163061.0,2026-08-15T14:44:16.839328+00:00
e8a4c4860c47,SULWHASOO_CONCENTRATED_GINSENG_REJUVENATING_SERUM_NA26242000060,Sulwhasoo,Concentrated Ginseng Rejuvenating Serum,NA26242000060,https://cdn.shopify.com/s/files/1/0578/8532/7560/files/SULWHASOO_Concentrated_Ginseng_Rejuvenating_Serum1.jpg?v=1731907049,SafeCart_Dataset\images\genuine_reference\SULWHASOO_CONCENTRATED_GINSENG_REJUVENATING_SERUM_NA26242000060\e8a4c4860c47.jpg,https://mapetitecoree.com/en/products/sulwhasoo-concentrated-ginseng-renewing-serum?srsltid=AfmBOoo5IWBRo5pkC5QL7AF-2zv6DdSN0MLgcoY3JI8eH06AwpzqB3Yq,mapetitecoree.com,mapetitecoree.com,,,,,,,,,,,genuine_reference,,0.0,0.0,False,,not_visible,f5599cdcbbd5e51200d68b66de41c171,,success,duplicate_of:3b560b3983e4,genuine,Sulwhasoo Concentrated Ginseng Rejuvenating Serum official,1100.0,1619.0,110076.0,2026-08-15T14:44:17.110624+00:00
be6495e83b3e,FACERINNA_2_SALICYLIC_ACID_ACNE_SERUM_NA18250107449,FACERINNA,2% Salicylic Acid Acne Serum,NA18250107449,https://storage.skinsort.com/ueaarhwuwi57ilulmfvxlmsjpn03,SafeCart_Dataset\images\genuine_reference\FACERINNA_2_SALICYLIC_ACID_ACNE_SERUM_NA18250107449\be6495e83b3e.jpg,https://skinsort.com/products/facerinna/2-salicylic-acid-2-niacinamide-acne-serum/when-to-use,skinsort.com,skinsort.com,,,,,,,,,,,genuine_reference,,0.0,0.0,False,,not_visible,f7298357d61eab9f48a823068072bfee,,success,duplicate_of:2e1c0fa4c268,genuine,FACERINNA 2% Salicylic Acid Acne Serum official,500.0,500.0,18683.0,2026-08-15T14:44:28.291383+00:00
241b5ba491bb,FACERINNA_2_SALICYLIC_ACID_ACNE_SERUM_NA18250107449,FACERINNA,2% Salicylic Acid Acne Serum,NA18250107449,https://facerinna.com/cdn/shop/files/07-EN_9634c661-6427-4681-a569-f4b12c422f74.jpg?v=1777530014&width=533,SafeCart_Dataset\images\genuine_reference\FACERINNA_2_SALICYLIC_ACID_ACNE_SERUM_NA18250107449\241b5ba491bb.jpg,https://facerinna.com/collections/all,facerinna.com,facerinna.com,,,,,,,,,,,genuine_reference,,0.0,0.0,False,,not_visible,baf08921526efe08216be9d2602ae721,,success,duplicate_of:87bd9d128a1e,genuine,FACERINNA 2% Salicylic Acid Acne Serum official,533.0,533.0,51959.0,2026-08-15T14:44:29.447249+00:00
dbdff5a0ddbd,FACERINNA_2_SALICYLIC_ACID_ACNE_SERUM_NA18250107449,FACERINNA,2% Salicylic Acid Acne Serum,NA18250107449,https://facerinna.com/cdn/shop/files/20260506-_-Shopify-_-720x900-1.jpg?v=1778152446&width=750,SafeCart_Dataset\images\genuine_reference\FACERINNA_2_SALICYLIC_ACID_ACNE_SERUM_NA18250107449\dbdff5a0ddbd.jpg,https://facerinna.com/,facerinna.com,facerinna.com,,,,,,,,,,,genuine_reference,,0.0,0.0,False,,not_visible,328def01867de8e2b2f63326e1f07376,,success,duplicate_of:cd5638cc078c,genuine,FACERINNA 2% Salicylic Acid Acne Serum official website,720.0,900.0,102856.0,2026-08-15T14:44:44.396060+00:00
cdd45977b4a5,DEAR_KLAIRS_FRESHLY_JUICED_VITAMIN_ESSENCE_TONER_NA26251200677,Dear Klairs,Freshly Juiced Vitamin Essence Toner,NA26251200677,https://dermapproved.com/images/products/klairs-freshly-juiced-vitamin-essence-toner.webp,SafeCart_Dataset\images\genuine_reference\DEAR_KLAIRS_FRESHLY_JUICED_VITAMIN_ESSENCE_TONER_NA26251200677\cdd45977b4a5.jpg,https://dermapproved.com/products/klairs-freshly-juiced-vitamin-essence-toner/,dermapproved.com,dermapproved.com,,,,,,,,,,,genuine_reference,,0.0,0.0,False,,not_visible,a1c673a3e7c0bea28aac33521e6f6cea,e666999999999964,success,near_duplicate_of:8473a961d20a,genuine,Dear Klairs Freshly Juiced Vitamin Essence Toner official,600.0,700.0,38144.0,2026-08-15T14:28:13.137746+00:00
fbd34e63ea34,DEAR_KLAIRS_FRESHLY_JUICED_VITAMIN_ESSENCE_TONER_NA26251200677,Dear Klairs,Freshly Juiced Vitamin Essence Toner,NA26251200677,https://d1flfk77wl2xk4.cloudfront.net/Assets/52/956/l_p0216895652.jpg,SafeCart_Dataset\images\genuine_reference\DEAR_KLAIRS_FRESHLY_JUICED_VITAMIN_ESSENCE_TONER_NA26251200677\fbd34e63ea34.jpg,https://www.yesstyle.com/en/dear-klairs-freshly-juiced-vitamin-essence-toner-180ml/info.html/pid.1133578692,www.yesstyle.com,yesstyle.com,,,,,,,,,,,genuine_reference,,0.0,0.0,False,,not_visible,3c3a0a927c248a8bc674c35eba5f6068,e62699cc9999996c,success,near_duplicate_of:8473a961d20a,genuine,Dear Klairs Freshly Juiced Vitamin Essence Toner official,320.0,320.0,7621.0,2026-08-15T14:28:14.400559+00:00
9db47893ff64,COSRX_CENTELLA_WATER_ALCOHOL_FREE_TONER_NA26221200805,COSRX,Centella Water Alcohol Free Toner,NA26221200805,https://m.media-amazon.com/images/I/61DEehet2FL.jpg,SafeCart_Dataset\images\genuine_reference\COSRX_CENTELLA_WATER_ALCOHOL_FREE_TONER_NA26221200805\9db47893ff64.jpg,https://www.amazon.com/COSRX-Centella-Water-Alcohol-Free-Toner/dp/B00V4JQ7RG,www.amazon.com,amazon.com,,,,,,,,,,,genuine_reference,,0.0,0.0,False,,not_visible,7c5ba0274fbaa3e5239860750da6398b,b333cecc9988cccc,success,near_duplicate_of:c8bb01342578,genuine,COSRX Centella Water Alcohol Free Toner official,2560.0,2560.0,189127.0,2026-08-15T14:29:15.960640+00:00
86cbd49f203d,COSRX_CENTELLA_WATER_ALCOHOL_FREE_TONER_NA26221200805,COSRX,Centella Water Alcohol Free Toner,NA26221200805,http://www.dodoskin.com/cdn/shop/files/624fc6dc641b0f79eac2b20db97668c0_8eb44688-1a1f-4754-9ec8-6bcacf8cdbb9.jpg?v=1692835103,SafeCart_Dataset\images\genuine_reference\COSRX_CENTELLA_WATER_ALCOHOL_FREE_TONER_NA26221200805\86cbd49f203d.jpg,https://www.dodoskin.com/products/cosrx-centella-water-alcohol-free-toner-150ml?srsltid=AfmBOoo6X6yqjKyRvbgfbEeecKd-T24kRmt8AECObI-MrfQfdMmeYjQX,www.dodoskin.com,dodoskin.com,,,,,,,,,,,genuine_reference,,0.0,0.0,False,,not_visible,32f92eeacf6c5d1d6e314e938822f4a8,b333cccc9999cc4c,success,near_duplicate_of:c8bb01342578,genuine,COSRX Centella Water Alcohol Free Toner official,500.0,500.0,15084.0,2026-08-15T14:29:16.466403+00:00
ae14d8ad485f,GLAD2GLOW_PERFECT_VITA_C_BRIGHT_GLOW_TONER_NA11251200672,Glad2Glow,Perfect Vita C Bright Glow Toner,NA11251200672,https://down-my.img.susercontent.com/file/my-11134207-820l9-mhrkd78j0c1x93,SafeCart_Dataset\images\genuine_reference\GLAD2GLOW_PERFECT_VITA_C_BRIGHT_GLOW_TONER_NA11251200672\ae14d8ad485f.jpg,https://shopee.com.my/Glad2Glow-Perfect-Vita-C-BRIGHT-GLOW-TONER-Brightens-and-Even-Out-Skin-tone-Brightening-Hydrating-skin-80ml-i.822280677.29535594997,shopee.com.my,shopee.com.my,,,,,,,,,,,genuine_reference,,0.0,0.0,False,,not_visible,181347c93083f606b65d2e3981338435,ab91633d88ff6290,success,near_duplicate_of:a87f76d45610,genuine,Glad2Glow Perfect Vita C Bright Glow Toner official website,1024.0,1024.0,202779.0,2026-08-15T14:29:51.265959+00:00
3d946598db1c,HAYEJIN_BLESSING_OF_SPROUT_RADIANCE_TONER_NA26221200313,Hayejin,Blessing Of Sprout Radiance Toner,NA26221200313,https://i.ebayimg.com/images/g/hGMAAOSwr~9cRrye/s-l400.jpg,SafeCart_Dataset\images\genuine_reference\HAYEJIN_BLESSING_OF_SPROUT_RADIANCE_TONER_NA26221200313\3d946598db1c.jpg,https://www.ebay.com/itm/233104715911,www.ebay.com,ebay.com,,,,,,,,,,,genuine_reference,,0.0,0.0,False,,not_visible,019bc1b073bb8397aa9dc5294562b172,b3338ccccccccc33,success,near_duplicate_of:a5307cc05d89,genuine,Hayejin Blessing Of Sprout Radiance Toner official,400.0,400.0,6604.0,2026-08-15T14:31:43.924018+00:00
72d22df94f0e,HALE_OVERNIGHT_GLOW_EXFOLIATING_MOUSSE_SOLUTION_NA18240113812,Hale,Overnight Glow Exfoliating Mousse Solution,NA18240113812,https://storage.skinsort.com/fg02ncg00fpvlpxdzkes52gcqymj,SafeCart_Dataset\images\genuine_reference\HALE_OVERNIGHT_GLOW_EXFOLIATING_MOUSSE_SOLUTION_NA18240113812\72d22df94f0e.jpg,https://skinsort.com/products/hale,skinsort.com,skinsort.com,,,,,,,,,,,genuine_reference,,0.0,0.0,False,,not_visible,d0a9e674c059cad2b7cf160578d8b0d0,b398ce63cc669964,success,near_duplicate_of:567b37fd5f6a,genuine,Hale Overnight Glow Exfoliating Mousse Solution official website,600.0,600.0,24574.0,2026-08-15T14:33:31.665265+00:00
18dcbb44697e,DEAR_KLAIRS_FRESHLY_JUICED_VITAMIN_MASK_CLEANSER_NA26251200595,Dear Klairs,Freshly Juiced Vitamin Mask Cleanser,NA26251200595,https://m.media-amazon.com/images/I/71NJsssgFML.jpg,SafeCart_Dataset\images\genuine_reference\DEAR_KLAIRS_FRESHLY_JUICED_VITAMIN_MASK_CLEANSER_NA26251200595\18dcbb44697e.jpg,https://www.amazon.com/DearKlairs-Cleanser-Glutathione-Tangerine-Niacinamide/dp/B0F2M7YWR1,www.amazon.com,amazon.com,,,,,,,,,,,genuine_reference,,0.0,0.0,False,,not_visible,c221eaf72a5afea004d862803be05e6a,ee9cd14a0f271c96,success,near_duplicate_of:a3afa966f275,genuine,Dear Klairs Freshly Juiced Vitamin Mask Cleanser official,2000.0,2000.0,253311.0,2026-08-15T14:34:58.119595+00:00
cd045ea82f3f,COSRX_SALICYLIC_ACID_DAILY_GENTLE_CLEANSER_NA26181202688,COSRX,Salicylic Acid Daily Gentle Cleanser,NA26181202688,http://koreanskincare.com/cdn/shop/files/019000000001.jpg?v=1701339716,SafeCart_Dataset\images\genuine_reference\COSRX_SALICYLIC_ACID_DAILY_GENTLE_CLEANSER_NA26181202688\cd045ea82f3f.jpg,https://koreanskincare.com/products/cosrx-salicylic-acid-daily-gentle-cleanser?srsltid=AfmBOor9M4jXaff87MWZWz6Xm2GN7wNHF-pAdINNYZF9lKFaJLD0x2rD,koreanskincare.com,koreanskincare.com,,,,,,,,,,,genuine_reference,,0.0,0.0,False,,not_visible,9da5602c4f03713805bb822813cdf5d9,e699399966899966,success,near_duplicate_of:caf65b03b08c,genuine,COSRX Salicylic Acid Daily Gentle Cleanser official,800.0,800.0,35884.0,2026-08-15T14:37:10.228673+00:00
c8df968be415,ANUA_HYALURONIC_ACID_GENTLE_FOAMING_CLEANSER_NA26241200857,Anua,Hyaluronic Acid Gentle Foaming Cleanser,NA26241200857,https://anua.com/cdn/shop/files/anua-us-cleanser-8-hyaluronic-acid-hydrating-gentle-foaming-cleanser-1239193743.jpg?v=1779181691&width=1920,SafeCart_Dataset\images\genuine_reference\ANUA_HYALURONIC_ACID_GENTLE_FOAMING_CLEANSER_NA26241200857\c8df968be415.jpg,https://anua.com/products/8-hyaluronic-acid-hydrating-gentle-foaming-cleanser?srsltid=AfmBOoqPD7EcoOZeZ-WLkbfisXHjvfCIURLXBqZhl1ZWa35wna6bWFk4,anua.com,anua.com,,,,,,,,,,,genuine_reference,,0.0,0.0,False,,not_visible,a8ea0c51be049605cea0195dd1e178ef,e699993633668933,success,near_duplicate_of:18f812ffbe3b,genuine,Anua Hyaluronic Acid Gentle Foaming Cleanser official,1920.0,1920.0,120861.0,2026-08-15T14:37:33.482205+00:00
3e07c97c29db,ANUA_HYALURONIC_ACID_GENTLE_FOAMING_CLEANSER_NA26241200857,Anua,Hyaluronic Acid Gentle Foaming Cleanser,NA26241200857,https://anua.com/cdn/shop/files/anua-us-cleanser-8-hyaluronic-acid-hydrating-gentle-foaming-cleanser-1239193743.jpg?crop=center&height=1200&v=1779181691&width=1200,SafeCart_Dataset\images\genuine_reference\ANUA_HYALURONIC_ACID_GENTLE_FOAMING_CLEANSER_NA26241200857\3e07c97c29db.jpg,https://anua.com/products/8-hyaluronic-acid-hydrating-gentle-foaming-cleanser?srsltid=AfmBOoqhNGnVTEBdKp5x1u6g7kCPy7ADBIijRo1GDQdr7vSmMuYBHoSO,anua.com,anua.com,,,,,,,,,,,genuine_reference,,0.0,0.0,False,,not_visible,d3b8678e02b9d697e88965f6d6221144,e699993633668933,success,near_duplicate_of:18f812ffbe3b,genuine,Anua Hyaluronic Acid Gentle Foaming Cleanser official,1200.0,1200.0,56251.0,2026-08-15T14:37:35.287517+00:00
df9acb3a6a39,ARIUL_SMOOTH_PURE_DEEP_CLEAN_CLEANSING_FOAM_NA26231200642,Ariul,Smooth & Pure Deep Clean Cleansing Foam,NA26231200642,https://static.sweetcare.com/img/prd/max/v-639004430738572171/ariul-026820u0_01.jpg,SafeCart_Dataset\images\genuine_reference\ARIUL_SMOOTH_PURE_DEEP_CLEAN_CLEANSING_FOAM_NA26231200642\df9acb3a6a39.jpg,https://www.sweetcare.com/us/ariul-stress-relieving-cleansing-smooth-pure-deep-clean-face-cleansing-foam-p-026820u0?st=01&country=nc,www.sweetcare.com,sweetcare.com,,,,,,,,,,,genuine_reference,,0.0,0.0,False,,not_visible,e95c0476c2a0e2389bf7ca684d5717f4,e665993366329999,success,near_duplicate_of:e94a7a91b42c,genuine,Ariul Smooth & Pure Deep Clean Cleansing Foam official,1000.0,1000.0,84391.0,2026-08-15T14:38:20.820647+00:00
356b33f45937,ARIUL_SMOOTH_PURE_DEEP_CLEAN_CLEANSING_FOAM_NA26231200642,Ariul,Smooth & Pure Deep Clean Cleansing Foam,NA26231200642,https://cafe24img.poxo.com/jolsejolse/web/product/big/202404/823c4f09a543bf7b1ed485f60a162c4d.jpg,SafeCart_Dataset\images\genuine_reference\ARIUL_SMOOTH_PURE_DEEP_CLEAN_CLEANSING_FOAM_NA26231200642\356b33f45937.jpg,https://jolse.com/product/ariul-smooth-pure-deep-clean-cleansing-foam-80ml/73332/?srsltid=AfmBOopO12fYCdi7ePFjhvLBIHjsroaqeFkx4nAN4PDUPLMPolThSdc1,jolse.com,jolse.com,,,,,,,,,,,genuine_reference,,0.0,0.0,False,,not_visible,15019d83ec2c9398202d4ece4ea07ee9,e666999b988c99cc,success,near_duplicate_of:60961e5f5f5e,genuine,Ariul Smooth & Pure Deep Clean Cleansing Foam official,500.0,500.0,25317.0,2026-08-15T14:38:21.144550+00:00
9f6d4439acc8,GLAD2GLOW_PERFECT_VITA_C_BRIGHT_GLOW_SERUM_NA11251900043,Glad2Glow,Perfect Vita C Bright Glow Serum,NA11251900043,https://id-test-11.slatic.net/p/12c592a55077e93d62fd050d6942e95c.jpg,SafeCart_Dataset\images\genuine_reference\GLAD2GLOW_PERFECT_VITA_C_BRIGHT_GLOW_SERUM_NA11251900043\9f6d4439acc8.jpg,https://www.lazada.co.id/products/glad2glow-perfect-vita-c-bright-glow-serum-17ml-i8655424544.html,www.lazada.co.id,lazada.co.id,,,,,,,,,,,genuine_reference,,0.0,0.0,False,,not_visible,12c592a55077e93d62fd050d6942e95c,e6ac5ba109d22cd7,success,near_duplicate_of:c97d17acaa7b,genuine,Glad2Glow Perfect Vita C Bright Glow Serum official website,800.0,800.0,71407.0,2026-08-15T14:42:41.799512+00:00
003140f5a7a3,GLAD2GLOW_PERFECT_VITA_C_BRIGHT_GLOW_SERUM_NA11251900043,Glad2Glow,Perfect Vita C Bright Glow Serum,NA11251900043,https://down-my.img.susercontent.com/file/my-11134207-820l9-mhrkk2yu5xqee6,SafeCart_Dataset\images\genuine_reference\GLAD2GLOW_PERFECT_VITA_C_BRIGHT_GLOW_SERUM_NA11251900043\003140f5a7a3.jpg,https://shopee.com.my/Glad2Glow-Perfect-Vita-C-BRIGHT-GLOW-SERUM-Brightens-Complexion-Boosts-Radiance-skincare-17ml-i.822280677.47502464845,shopee.com.my,shopee.com.my,,,,,,,,,,,genuine_reference,,0.0,0.0,False,,not_visible,55fc80ee13cdf42e90a7ebdb38c4ac31,ecc792386539b631,success,near_duplicate_of:443127560b73,genuine,Glad2Glow Perfect Vita C Bright Glow Serum official website,1024.0,1024.0,114280.0,2026-08-15T14:42:42.417817+00:00
907153ff51ba,WARDAH_LIFT_REGENERATING_SERUM_NA18242000770,Wardah,Lift Regenerating Serum,NA18242000770,https://i.ebayimg.com/images/g/0C8AAeSww8lpcD01/s-l1200.jpg,SafeCart_Dataset\images\genuine_reference\WARDAH_LIFT_REGENERATING_SERUM_NA18242000770\907153ff51ba.jpg,https://www.ebay.com/itm/406012276680,www.ebay.com,ebay.com,,,,,,,,,,,genuine_reference,,0.0,0.0,False,,not_visible,e8c89485e5777e133727757d7fc4ec1e,d0bc27c2fcc1037e,success,near_duplicate_of:6887faf0ba56,genuine,Wardah Lift Regenerating Serum official website,1200.0,1200.0,147352.0,2026-08-15T14:44:02.533376+00:00
41103c0f9510,WARDAH_LIFT_REGENERATING_SERUM_NA18242000770,Wardah,Lift Regenerating Serum,NA18242000770,https://i.ebayimg.com/00/s/MTYwMFgxNjAw/z/IFIAAeSwKnpqAee4/$_57.JPG?set_id=880000500F,SafeCart_Dataset\images\genuine_reference\WARDAH_LIFT_REGENERATING_SERUM_NA18242000770\41103c0f9510.jpg,https://www.ebay.com/itm/406012276680,www.ebay.com,ebay.com,,,,,,,,,,,genuine_reference,,0.0,0.0,False,,not_visible,b4516a14f4357dbebb2cd7498d72d58b,b38e8cb58cb30cb3,success,near_duplicate_of:930a440ec7a5,genuine,Wardah Lift Regenerating Serum Sociolla authorized retailer,1600.0,1600.0,152402.0,2026-08-15T14:44:06.857123+00:00
771619573a30,FACERINNA_10_NIACINAMIDE_3_TXA_BRIGHT_DARK_SPOT_SERUM_NA18251901656,FACERINNA,10% Niacinamide 3% TXA Bright Dark Spot Serum,NA18251901656,https://cdn.thebeautrium.com/image-product/B0098554.png,SafeCart_Dataset\images\genuine_reference\FACERINNA_10_NIACINAMIDE_3_TXA_BRIGHT_DARK_SPOT_SERUM_NA18251901656\771619573a30.jpg,https://thebeautrium.com/item/facerinna-10percent-niacinamide-3percent-txa-bright-dark-spot-serum-20ml,thebeautrium.com,thebeautrium.com,,,,,,,,,,,genuine_reference,,0.0,0.0,False,,not_visible,3181b6019e4b6afc1d731eaec86fdff7,e699993396649966,success,near_duplicate_of:44d71094c1d0,genuine,FACERINNA 10% Niacinamide 3% TXA Bright Dark Spot Serum official,500.0,500.0,16196.0,2026-08-15T14:44:53.098219+00:00
45f2c1ede445,FACERINNA_10_NIACINAMIDE_3_TXA_BRIGHT_DARK_SPOT_SERUM_NA18251901656,FACERINNA,10% Niacinamide 3% TXA Bright Dark Spot Serum,NA18251901656,https://storage.skinsort.com/37tlydm6jldfaov7ivbwkosnxjkg,SafeCart_Dataset\images\genuine_reference\FACERINNA_10_NIACINAMIDE_3_TXA_BRIGHT_DARK_SPOT_SERUM_NA18251901656\45f2c1ede445.jpg,https://skinsort.com/products/facerinna/10-niacinamade-3-txa-bright-dark-spot-serum,skinsort.com,skinsort.com,,,,,,,,,,,genuine_reference,,0.0,0.0,False,,not_visible,405ab269dbd48e013338c3500c43f66a,e6999933c6619966,success,near_duplicate_of:44d71094c1d0,genuine,FACERINNA 10% Niacinamide 3% TXA Bright Dark Spot Serum official,500.0,500.0,17417.0,2026-08-15T14:44:53.663263+00:00
2161de2b7887,WARDAH_RADIANT_RESURFACING_SERUM_NA18242000769,Wardah,Radiant Resurfacing Serum,NA18242000769,https://i.ebayimg.com/images/g/pD0AAeSwiC1pC1qc/s-l1200.jpg,SafeCart_Dataset\images\genuine_reference\WARDAH_RADIANT_RESURFACING_SERUM_NA18242000769\2161de2b7887.jpg,https://www.ebay.com/itm/406353688251,www.ebay.com,ebay.com,,,,,,,,,,,genuine_reference,,0.0,0.0,False,,not_visible,f3a9ea51714e80e95729117afc82be40,c0b84e970fb3b16a,success,near_duplicate_of:6291346ea69a,genuine,Wardah Radiant Resurfacing Serum official website,1024.0,1024.0,142060.0,2026-08-15T14:44:19.667253+00:00
0e1b68b671b2,FACERINNA_2_SALICYLIC_ACID_ACNE_SERUM_NA18250107449,FACERINNA,2% Salicylic Acid Acne Serum,NA18250107449,https://storage.skinsort.com/y080sfdcw2wfso1cvhcgqab0x4n7,SafeCart_Dataset\images\genuine_reference\FACERINNA_2_SALICYLIC_ACID_ACNE_SERUM_NA18250107449\0e1b68b671b2.jpg,https://skinsort.com/products/facerinna/2-salicylic-acid-2-niacinamide-acne-serum,skinsort.com,skinsort.com,,,,,,,,,,,genuine_reference,,0.0,0.0,False,,not_visible,e010889fdbcc821ea43ec8a0636b9cb0,e68c9966993399c9,success,near_duplicate_of:bc9d502d94ea,genuine,FACERINNA 2% Salicylic Acid Acne Serum official,800.0,800.0,38165.0,2026-08-15T14:44:28.100139+00:00
46974c8f7323,BEAUTY_OF_JOSEON_BAMBOO_DARKSPOT_SERUM_NA18250104648,Beauty of Joseon,Bamboo Darkspot Serum,NA18250104648,https://storage.skinsort.com/5cvga1jjrf71ej14j1bathamslrb,SafeCart_Dataset\images\genuine_reference\BEAUTY_OF_JOSEON_BAMBOO_DARKSPOT_SERUM_NA18250104648\46974c8f7323.jpg,https://skinsort.com/products/beauty-of-joseon/bamboo-darkspot-serum,skinsort.com,skinsort.com,,,,,,,,,,,genuine_reference,,0.0,0.0,False,,not_visible,cc92450195c9306a84d00b1bf861d821,aff09213d93493c9,success,near_duplicate_of:362891c0238b,genuine,Beauty of Joseon Bamboo Darkspot Serum official,462.0,706.0,20466.0,2026-08-15T14:46:26.140830+00:00
7cd323d76b7e,BEAUTY_OF_JOSEON_BAMBOO_DARKSPOT_SERUM_NA18250104648,Beauty of Joseon,Bamboo Darkspot Serum,NA18250104648,https://storage.skinsort.com/9n7uqkd38688it6g051pwm2o81yr,SafeCart_Dataset\images\genuine_reference\BEAUTY_OF_JOSEON_BAMBOO_DARKSPOT_SERUM_NA18250104648\7cd323d76b7e.jpg,https://skinsort.com/products/beauty-of-joseon/bamboo-darkspot-serum,skinsort.com,skinsort.com,,,,,,,,,,,genuine_reference,,0.0,0.0,False,,not_visible,e48a70aabd427a07cf68d44325459657,aff09213d93493c9,success,near_duplicate_of:362891c0238b,genuine,Beauty of Joseon Bamboo Darkspot Serum official,327.0,500.0,13168.0,2026-08-15T14:46:27.487405+00:00
a82f1779a736,BEAUTY_OF_JOSEON_BAMBOO_DARKSPOT_SERUM_NA18250104648,Beauty of Joseon,Bamboo Darkspot Serum,NA18250104648,https://guardianindonesia.co.id/media/catalog/product/44/3126706~1_20250918163614_6667.png?auto=webp&format=png&width=640&height=800&fit=cover,SafeCart_Dataset\images\genuine_reference\BEAUTY_OF_JOSEON_BAMBOO_DARKSPOT_SERUM_NA18250104648\a82f1779a736.jpg,https://guardianindonesia.co.id/boj-bamboo-ds-srm20-p-3126706.html?srsltid=AfmBOop6OClU8oG9CZIqKoIjkxeirPLozUG0uUwLhv3CocIvjn0vxaPO,guardianindonesia.co.id,guardianindonesia.co.id,,,,,,,,,,,genuine_reference,,0.0,0.0,False,,not_visible,53ba41ccfd632dc5859f797ebd8c636b,b666c939d9cc3298,success,near_duplicate_of:a11f6a15679d,genuine,Beauty of Joseon Bamboo Darkspot Serum official website,800.0,800.0,22630.0,2026-08-15T14:46:42.675369+00:00
aa5d5a777d80,FACERINNA_RETINOL_ANTI_AGING_SERUM_NA18252000312,FACERINNA,Retinol Anti Aging Serum,NA18252000312,https://storage.skinsort.com/dxsb5ftxpmubgi0p2k824qtbief3,SafeCart_Dataset\images\genuine_reference\FACERINNA_RETINOL_ANTI_AGING_SERUM_NA18252000312\aa5d5a777d80.jpg,https://skinsort.com/products/facerinna/retinol-anti-aging-serum,skinsort.com,skinsort.com,,,,,,,,,,,genuine_reference,,0.0,0.0,False,,not_visible,1183d9ec8a47095497408c402cab4ff1,e68c99739966cc8c,success,near_duplicate_of:7442b7daf6bb,genuine,FACERINNA Retinol Anti Aging Serum official,880.0,880.0,29440.0,2026-08-15T14:45:13.956568+00:00
dd7c8526fa91,FACERINNA_RETINOL_ANTI_AGING_SERUM_NA18252000312,FACERINNA,Retinol Anti Aging Serum,NA18252000312,https://down-id.img.susercontent.com/file/id-11134207-7ra0l-mbqc6z8jsg5ief,SafeCart_Dataset\images\genuine_reference\FACERINNA_RETINOL_ANTI_AGING_SERUM_NA18252000312\dd7c8526fa91.jpg,https://shopee.co.id/Facerinna-Retinol-Anti-Aging-Serum-20ml-i.30736001.42057147504,shopee.co.id,shopee.co.id,,,,,,,,,,,genuine_reference,,0.0,0.0,False,,not_visible,ed0318cb3c788493aaa01c0a41e73e97,e68d59a209f22ccf,success,near_duplicate_of:04b8087888c6,genuine,FACERINNA Retinol Anti Aging Serum official,800.0,800.0,64374.0,2026-08-15T14:45:19.192379+00:00
989aa807ec58,COSRX_AHA_BHA_CLARIFYING_TREATMENT_TONER_NA26221200804,COSRX,AHA/BHA Clarifying treatment toner,NA26221200804,"https://m.media-amazon.com/images/I/618OlEn9xML._AC_UF1000,1000_QL80_.jpg",SafeCart_Dataset\images\genuine_reference\COSRX_AHA_BHA_CLARIFYING_TREATMENT_TONER_NA26221200804\989aa807ec58.jpg,https://www.amazon.com/COSRX-Clarifying-Treatment-Toner-150ml/dp/B073P6BPF5,www.amazon.com,amazon.com,,,,,,,,,,,rejected,,,,,,,40baf88f1073641572cbfc45ef65106c,,rejected,too_small (285x1000),genuine,COSRX AHA/BHA Clarifying treatment toner official,285.0,1000.0,35823.0,2026-08-15T14:27:30.606918+00:00
b902974c9a59,COSRX_AHA_BHA_CLARIFYING_TREATMENT_TONER_NA26221200804,COSRX,AHA/BHA Clarifying treatment toner,NA26221200804,https://www.tiktok.com/api/img/?itemId=7530915600361704726&location=0&aid=1988,,https://www.tiktok.com/discover/cosrx-toner-real-vs-fake,www.tiktok.com,tiktok.com,,,,,,Cosrx Toner Real Vs Fake Perbedaan COSRX Asli dan Palsu: Tips Membedakan. Pelajari cara membedakan toner COSRX asli dan palsu dengan tips praktis dan ciri khas wangi.,,palsu; fake,MODERATE_EVIDENCE,3.0,rejected,,,,,,,,,failed,download_failed_after_3_retries: 403 Client Error: Forbidden for url: https://www.tiktok.com/api/img/?itemId=7530915600361704726&location=0&aid=1988,counterfeit_evidence,https://www.tiktok.com/discover/cosrx-toner-real-vs-fake,,,,2026-08-15T14:27:39.396183+00:00
324b3b42958b,SUNGBOON_EDITOR_SUNGBOON_EDITOR_GREEN_TOMATO_PORE_LIFTING_AMPOULE_TONER_NA26251200757,Sungboon Editor,Sungboon Editor Green Tomato Pore Lifting Ampoule Toner,NA26251200757,https://www.tiktok.com/api/img/?itemId=7536976178062675207&location=0&aid=1988,,https://www.tiktok.com/discover/green-tomato-pore-lifting-ampoule-fake-vs-real,www.tiktok.com,tiktok.com,,,,,,Green Tomato Pore Lifting Ampoule Fake Vs Real Discover the truth behind Green Tomato Pore Lifting Ampoule. Learn how it minimizes pores and enhances skin texture for a radiant glow.,,fake,MODERATE_EVIDENCE,3.0,rejected,,,,,,,,,failed,download_failed_after_3_retries: 403 Client Error: Forbidden for url: https://www.tiktok.com/api/img/?itemId=7536976178062675207&location=0&aid=1988,counterfeit_evidence,https://www.tiktok.com/discover/green-tomato-pore-lifting-ampoule-fake-vs-real,,,,2026-08-15T14:27:41.984544+00:00
e9bb7526d589,SUNGBOON_EDITOR_SUNGBOON_EDITOR_GREEN_TOMATO_PORE_LIFTING_AMPOULE_TONER_NA26251200757,Sungboon Editor,Sungboon Editor Green Tomato Pore Lifting Ampoule Toner,NA26251200757,https://www.tiktok.com/api/img/?itemId=7646009551518584077&location=0&aid=1988,,https://www.tiktok.com/discover/green-tomato-pore-lifting-ampoule-fake-vs-real,www.tiktok.com,tiktok.com,,,,,,Green Tomato Pore Lifting Ampoule Fake Vs Real Discover the truth behind Green Tomato Pore Lifting Ampoule. Learn how it minimizes pores and enhances skin texture for a radiant glow.,,fake,MODERATE_EVIDENCE,3.0,rejected,,,,,,,,,failed,download_failed_after_3_retries: 403 Client Error: Forbidden for url: https://www.tiktok.com/api/img/?itemId=7646009551518584077&location=0&aid=1988,counterfeit_evidence,https://www.tiktok.com/discover/green-tomato-pore-lifting-ampoule-fake-vs-real,,,,2026-08-15T14:27:51.521534+00:00
825311df1c67,SUNGBOON_EDITOR_SUNGBOON_EDITOR_GREEN_TOMATO_PORE_LIFTING_AMPOULE_TONER_NA26251200757,Sungboon Editor,Sungboon Editor Green Tomato Pore Lifting Ampoule Toner,NA26251200757,https://www.tiktok.com/api/img/?itemId=7583830309934746910&location=0&aid=1988,,https://www.tiktok.com/discover/green-tomato-pore-lifting-ampoule-fake-vs-real,www.tiktok.com,tiktok.com,,,,,,Green Tomato Pore Lifting Ampoule Fake Vs Real Discover the truth behind Green Tomato Pore Lifting Ampoule. Learn how it minimizes pores and enhances skin texture for a radiant glow.,,fake,MODERATE_EVIDENCE,3.0,rejected,,,,,,,,,failed,download_failed_after_3_retries: 403 Client Error: Forbidden for url: https://www.tiktok.com/api/img/?itemId=7583830309934746910&location=0&aid=1988,counterfeit_evidence,https://www.tiktok.com/discover/green-tomato-pore-lifting-ampoule-fake-vs-real,,,,2026-08-15T14:28:00.935844+00:00
8af6211dca28,SUNGBOON_EDITOR_SUNGBOON_EDITOR_GREEN_TOMATO_PORE_LIFTING_AMPOULE_TONER_NA26251200757,Sungboon Editor,Sungboon Editor Green Tomato Pore Lifting Ampoule Toner,NA26251200757,https://www.tiktok.com/api/img/?itemId=7625974867535367432&location=0&aid=1988,,https://www.tiktok.com/discover/green-tomato-pore-lifting-ampoule-fake-vs-real,www.tiktok.com,tiktok.com,,,,,,Green Tomato Pore Lifting Ampoule Fake Vs Real Discover the truth behind Green Tomato Pore Lifting Ampoule. Learn how it minimizes pores and enhances skin texture for a radiant glow.,,fake,MODERATE_EVIDENCE,3.0,rejected,,,,,,,,,failed,download_failed_after_3_retries: 403 Client Error: Forbidden for url: https://www.tiktok.com/api/img/?itemId=7625974867535367432&location=0&aid=1988,counterfeit_evidence,https://www.tiktok.com/discover/green-tomato-pore-lifting-ampoule-fake-vs-real,,,,2026-08-15T14:28:10.340925+00:00
4efd7dd389ca,DEAR_KLAIRS_FRESHLY_JUICED_VITAMIN_ESSENCE_TONER_NA26251200677,Dear Klairs,Freshly Juiced Vitamin Essence Toner,NA26251200677,"https://static.beautytocare.com/cdn-cgi/image/width=1600,height=1600,f=auto/media/catalog/product//d/e/dear-klairs-freshly-juiced-vitamin-essence-toner-180ml.jpg",,https://www.caretobeauty.com/us/dear-klairs-freshly-juiced-vitamin-essence-toner-180ml/,www.caretobeauty.com,caretobeauty.com,,,,,,,,,,,rejected,,,,,,,,,failed,"download_failed_after_3_retries: 403 Client Error: Forbidden for url: https://www.caretobeauty.com/cdn-cgi/image/width=1600,height=1600,f=auto/media/catalog/product/d/e/dear-klairs-freshly-juiced-vitamin-essence-toner-180ml.jpg",genuine,Dear Klairs Freshly Juiced Vitamin Essence Toner official,,,,2026-08-15T14:27:52.513974+00:00
a22bcbba15c9,DEAR_KLAIRS_FRESHLY_JUICED_VITAMIN_ESSENCE_TONER_NA26251200677,Dear Klairs,Freshly Juiced Vitamin Essence Toner,NA26251200677,https://static.beautytocare.com/media/catalog/product/d/e/dear-klairs-freshly-juiced-vitamin-essence-toner-180ml.jpg,,https://www.caretobeauty.com/us/dear-klairs-freshly-juiced-vitamin-essence-toner-180ml/,www.caretobeauty.com,caretobeauty.com,,,,,,,,,,,rejected,,,,,,,,,failed,download_failed_after_3_retries: 403 Client Error: Forbidden for url: https://www.caretobeauty.com/media/catalog/product/d/e/dear-klairs-freshly-juiced-vitamin-essence-toner-180ml.jpg,genuine,Dear Klairs Freshly Juiced Vitamin Essence Toner official,,,,2026-08-15T14:28:02.362495+00:00
58114ecc288c,DEAR_KLAIRS_FRESHLY_JUICED_VITAMIN_ESSENCE_TONER_NA26251200677,Dear Klairs,Freshly Juiced Vitamin Essence Toner,NA26251200677,https://lookaside.instagram.com/seo/google_widget/crawler/?media_id=3960600623554094470,,https://www.instagram.com/p/CE1UVDfp0RP/,www.instagram.com,instagram.com,,,,,,"it is still an original Klairs product 🙂 Also, previously the ... You can be assured, it is NOT FAKE. We work directly with the brand and only provide 100% authentic pieces. 's out of stock.",,fake,MODERATE_EVIDENCE,3.0,rejected,,,,,,,,,failed,"not_an_image (content-type=text/html; charset=""utf-8"")",counterfeit_evidence,https://www.instagram.com/p/CE1UVDfp0RP/,,,,2026-08-15T14:28:23.230920+00:00
b447efdb63f7,DEAR_KLAIRS_FRESHLY_JUICED_VITAMIN_ESSENCE_TONER_NA26251200677,Dear Klairs,Freshly Juiced Vitamin Essence Toner,NA26251200677,https://lookaside.instagram.com/seo/google_widget/crawler/?media_id=3963964817861837315,,https://www.instagram.com/p/CE1UVDfp0RP/,www.instagram.com,instagram.com,,,,,,"it is still an original Klairs product 🙂 Also, previously the ... You can be assured, it is NOT FAKE. We work directly with the brand and only provide 100% authentic pieces. 's out of stock.",,fake,MODERATE_EVIDENCE,3.0,rejected,,,,,,,,,failed,"not_an_image (content-type=text/html; charset=""utf-8"")",counterfeit_evidence,https://www.instagram.com/p/CE1UVDfp0RP/,,,,2026-08-15T14:28:24.185782+00:00
aea24f53f464,DEAR_KLAIRS_FRESHLY_JUICED_VITAMIN_ESSENCE_TONER_NA26251200677,Dear Klairs,Freshly Juiced Vitamin Essence Toner,NA26251200677,https://lookaside.instagram.com/seo/google_widget/crawler/?media_id=3958383975118741352,,https://www.instagram.com/p/CE1UVDfp0RP/,www.instagram.com,instagram.com,,,,,,"it is still an original Klairs product 🙂 Also, previously the ... You can be assured, it is NOT FAKE. We work directly with the brand and only provide 100% authentic pieces. 's out of stock.",,fake,MODERATE_EVIDENCE,3.0,rejected,,,,,,,,,failed,"not_an_image (content-type=text/html; charset=""utf-8"")",counterfeit_evidence,https://www.instagram.com/p/CE1UVDfp0RP/,,,,2026-08-15T14:28:25.585082+00:00
136b8b2f5734,DEAR_KLAIRS_FRESHLY_JUICED_VITAMIN_ESSENCE_TONER_NA26251200677,Dear Klairs,Freshly Juiced Vitamin Essence Toner,NA26251200677,https://lookaside.instagram.com/seo/google_widget/crawler/?media_id=3962094016350803784,,https://www.instagram.com/p/CE1UVDfp0RP/,www.instagram.com,instagram.com,,,,,,"it is still an original Klairs product 🙂 Also, previously the ... You can be assured, it is NOT FAKE. We work directly with the brand and only provide 100% authentic pieces. 's out of stock.",,fake,MODERATE_EVIDENCE,3.0,rejected,,,,,,,,,failed,"not_an_image (content-type=text/html; charset=""utf-8"")",counterfeit_evidence,https://www.instagram.com/p/CE1UVDfp0RP/,,,,2026-08-15T14:28:27.293138+00:00
16c83664441f,DEAR_KLAIRS_FRESHLY_JUICED_VITAMIN_ESSENCE_TONER_NA26251200677,Dear Klairs,Freshly Juiced Vitamin Essence Toner,NA26251200677,https://lookaside.instagram.com/seo/google_widget/crawler/?media_id=3958383975185866204,,https://www.instagram.com/p/CE1UVDfp0RP/,www.instagram.com,instagram.com,,,,,,"it is still an original Klairs product 🙂 Also, previously the ... You can be assured, it is NOT FAKE. We work directly with the brand and only provide 100% authentic pieces. 's out of stock.",,fake,MODERATE_EVIDENCE,3.0,rejected,,,,,,,,,failed,"not_an_image (content-type=text/html; charset=""utf-8"")",counterfeit_evidence,https://www.instagram.com/p/CE1UVDfp0RP/,,,,2026-08-15T14:28:29.029952+00:00
5e59a5ccf578,DEAR_KLAIRS_FRESHLY_JUICED_VITAMIN_ESSENCE_TONER_NA26251200677,Dear Klairs,Freshly Juiced Vitamin Essence Toner,NA26251200677,https://lookaside.instagram.com/seo/google_widget/crawler/?media_id=3940853080539382127,,https://www.instagram.com/p/CE1UVDfp0RP/,www.instagram.com,instagram.com,,,,,,"it is still an original Klairs product 🙂 Also, previously the ... You can be assured, it is NOT FAKE. We work directly with the brand and only provide 100% authentic pieces. 's out of stock.",,fake,MODERATE_EVIDENCE,3.0,rejected,,,,,,,,,failed,"not_an_image (content-type=text/html; charset=""utf-8"")",counterfeit_evidence,https://www.instagram.com/p/CE1UVDfp0RP/,,,,2026-08-15T14:28:30.272532+00:00
4476edaa820f,I_M_FROM_RICE_TONER_PAD_NA26251200291,I'm From,Rice Toner Pad,NA26251200291,https://d1flfk77wl2xk4.cloudfront.net/Assets/i-m-from-rice-toner-pad-60-pads/78/540/XXL_p0210554078.jpg,SafeCart_Dataset\images\genuine_reference\I_M_FROM_RICE_TONER_PAD_NA26251200291\4476edaa820f.jpg,https://www.yesstyle.com/en/im-from-rice-toner-pad-60-pads/info.html/pid.1129915499,www.yesstyle.com,yesstyle.com,,,,,,,,,,,rejected,,,,,,,8f9620807efd1f3f792c17e8e97f5dc8,,rejected,too_blurry (score=13.3),genuine,I'm From Rice Toner Pad official,640.0,640.0,15118.0,2026-08-15T14:28:03.585350+00:00
72c36de99c33,I_M_FROM_RICE_TONER_PAD_NA26251200291,I'm From,Rice Toner Pad,NA26251200291,https://www.tiktok.com/api/img/?itemId=7523038147022769439&location=3&aid=1988&index=1,,https://www.tiktok.com/discover/real-vs-fake-rice-toner,www.tiktok.com,tiktok.com,,,,,,"Real Vs Fake Rice Toner Honest comparison of a real vs fake I'm From Rice Toner purchased on Amazon: how to spot differences, results, and buying tips. 1148 Likes, 16 ...",,fake,MODERATE_EVIDENCE,3.0,rejected,,,,,,,,,failed,download_failed_after_3_retries: 403 Client Error: Forbidden for url: https://www.tiktok.com/api/img/?itemId=7523038147022769439&location=3&aid=1988&index=1,counterfeit_evidence,https://www.tiktok.com/discover/real-vs-fake-rice-toner,,,,2026-08-15T14:28:20.543083+00:00
db4d5c599c7a,I_M_FROM_RICE_TONER_PAD_NA26251200291,I'm From,Rice Toner Pad,NA26251200291,https://www.tiktok.com/api/img/?itemId=7523038147022769439&location=0&aid=1988,,https://www.tiktok.com/discover/real-vs-fake-rice-toner,www.tiktok.com,tiktok.com,,,,,,"Real Vs Fake Rice Toner Honest comparison of a real vs fake I'm From Rice Toner purchased on Amazon: how to spot differences, results, and buying tips. 1148 Likes, 16 ...",,fake,MODERATE_EVIDENCE,3.0,rejected,,,,,,,,,failed,download_failed_after_3_retries: 403 Client Error: Forbidden for url: https://www.tiktok.com/api/img/?itemId=7523038147022769439&location=0&aid=1988,counterfeit_evidence,https://www.tiktok.com/discover/real-vs-fake-rice-toner,,,,2026-08-15T14:28:30.332540+00:00
f5380eb0ea3e,I_M_FROM_RICE_TONER_PAD_NA26251200291,I'm From,Rice Toner Pad,NA26251200291,https://www.tiktok.com/api/img/?itemId=7384256269001182469&location=0&aid=1988,,https://www.tiktok.com/discover/real-vs-fake-rice-toner,www.tiktok.com,tiktok.com,,,,,,"Real Vs Fake Rice Toner Honest comparison of a real vs fake I'm From Rice Toner purchased on Amazon: how to spot differences, results, and buying tips. 1148 Likes, 16 ...",,fake,MODERATE_EVIDENCE,3.0,rejected,,,,,,,,,failed,download_failed_after_3_retries: 403 Client Error: Forbidden for url: https://www.tiktok.com/api/img/?itemId=7384256269001182469&location=0&aid=1988,counterfeit_evidence,https://www.tiktok.com/discover/real-vs-fake-rice-toner,,,,2026-08-15T14:28:39.707056+00:00
ef365744d3d6,ANUA_PDRN_100_HYALURONIC_ACID_GLOW_PAD_NA26250100362,Anua,PDRN 100 Hyaluronic Acid Glow Pad,NA26250100362,https://lookaside.instagram.com/seo/google_widget/crawler/?media_id=3890539630561800641,,https://www.instagram.com/reel/DX9-S5YNzHB/,www.instagram.com,instagram.com,,,,,,Discover. Review. Shop. Anua PDRN is everywhere right now ... Anua PDRN + HYALURON PDRN 100 HYALURONIC ACID GLOW PAD PDRN 100 ... Anua Officially available at Dose of Beauty HATI-HATI PRODUK PALSU!,,produk palsu; palsu,MODERATE_EVIDENCE,3.0,rejected,,,,,,,,,failed,"not_an_image (content-type=text/html; charset=""utf-8"")",counterfeit_evidence,https://www.instagram.com/reel/DX9-S5YNzHB/,,,,2026-08-15T14:28:55.510245+00:00
84c235801797,ANUA_PDRN_100_HYALURONIC_ACID_GLOW_PAD_NA26250100362,Anua,PDRN 100 Hyaluronic Acid Glow Pad,NA26250100362,https://lookaside.instagram.com/seo/google_widget/crawler/?media_id=3945004388019765901,,https://www.instagram.com/reel/DX9-S5YNzHB/,www.instagram.com,instagram.com,,,,,,Discover. Review. Shop. Anua PDRN is everywhere right now ... Anua PDRN + HYALURON PDRN 100 HYALURONIC ACID GLOW PAD PDRN 100 ... Anua Officially available at Dose of Beauty HATI-HATI PRODUK PALSU!,,produk palsu; palsu,MODERATE_EVIDENCE,3.0,rejected,,,,,,,,,failed,"not_an_image (content-type=text/html; charset=""utf-8"")",counterfeit_evidence,https://www.instagram.com/reel/DX9-S5YNzHB/,,,,2026-08-15T14:28:56.914687+00:00
4884da215559,ANUA_PDRN_100_HYALURONIC_ACID_GLOW_PAD_NA26250100362,Anua,PDRN 100 Hyaluronic Acid Glow Pad,NA26250100362,https://lookaside.instagram.com/seo/google_widget/crawler/?media_id=3946183398744677465,,https://www.instagram.com/reel/DX9-S5YNzHB/,www.instagram.com,instagram.com,,,,,,Discover. Review. Shop. Anua PDRN is everywhere right now ... Anua PDRN + HYALURON PDRN 100 HYALURONIC ACID GLOW PAD PDRN 100 ... Anua Officially available at Dose of Beauty HATI-HATI PRODUK PALSU!,,produk palsu; palsu,MODERATE_EVIDENCE,3.0,rejected,,,,,,,,,failed,"not_an_image (content-type=text/html; charset=""utf-8"")",counterfeit_evidence,https://www.instagram.com/reel/DX9-S5YNzHB/,,,,2026-08-15T14:28:58.268249+00:00
d03f40b6dcbd,ANUA_PDRN_100_HYALURONIC_ACID_GLOW_PAD_NA26250100362,Anua,PDRN 100 Hyaluronic Acid Glow Pad,NA26250100362,https://lookaside.instagram.com/seo/google_widget/crawler/?media_id=3958966248157140881,,https://www.instagram.com/reel/DX9-S5YNzHB/,www.instagram.com,instagram.com,,,,,,Discover. Review. Shop. Anua PDRN is everywhere right now ... Anua PDRN + HYALURON PDRN 100 HYALURONIC ACID GLOW PAD PDRN 100 ... Anua Officially available at Dose of Beauty HATI-HATI PRODUK PALSU!,,produk palsu; palsu,MODERATE_EVIDENCE,3.0,rejected,,,,,,,,,failed,"not_an_image (content-type=text/html; charset=""utf-8"")",counterfeit_evidence,https://www.instagram.com/reel/DX9-S5YNzHB/,,,,2026-08-15T14:28:59.578291+00:00
e4c108b45b44,ANUA_PDRN_100_HYALURONIC_ACID_GLOW_PAD_NA26250100362,Anua,PDRN 100 Hyaluronic Acid Glow Pad,NA26250100362,https://lookaside.instagram.com/seo/google_widget/crawler/?media_id=3941461824426485852,,https://www.instagram.com/reel/DX9-S5YNzHB/,www.instagram.com,instagram.com,,,,,,Discover. Review. Shop. Anua PDRN is everywhere right now ... Anua PDRN + HYALURON PDRN 100 HYALURONIC ACID GLOW PAD PDRN 100 ... Anua Officially available at Dose of Beauty HATI-HATI PRODUK PALSU!,,produk palsu; palsu,MODERATE_EVIDENCE,3.0,rejected,,,,,,,,,failed,"not_an_image (content-type=text/html; charset=""utf-8"")",counterfeit_evidence,https://www.instagram.com/reel/DX9-S5YNzHB/,,,,2026-08-15T14:29:00.679282+00:00
2c02d65ffa6b,ANUA_PDRN_100_HYALURONIC_ACID_GLOW_PAD_NA26250100362,Anua,PDRN 100 Hyaluronic Acid Glow Pad,NA26250100362,https://lookaside.instagram.com/seo/google_widget/crawler/?media_id=3947891668492528457,,https://www.instagram.com/reel/DX9-S5YNzHB/,www.instagram.com,instagram.com,,,,,,Discover. Review. Shop. Anua PDRN is everywhere right now ... Anua PDRN + HYALURON PDRN 100 HYALURONIC ACID GLOW PAD PDRN 100 ... Anua Officially available at Dose of Beauty HATI-HATI PRODUK PALSU!,,produk palsu; palsu,MODERATE_EVIDENCE,3.0,rejected,,,,,,,,,failed,"not_an_image (content-type=text/html; charset=""utf-8"")",counterfeit_evidence,https://www.instagram.com/reel/DX9-S5YNzHB/,,,,2026-08-15T14:29:02.049245+00:00
da685ef7a246,I_M_FROM_RICE_TONER_NA26251200644,I'm From,Rice Toner,NA26251200644,http://sokoglam.com/cdn/shop/files/I_m-From-Rice-Toner.jpg?v=1752798327,SafeCart_Dataset\images\genuine_reference\I_M_FROM_RICE_TONER_NA26251200644\da685ef7a246.jpg,https://sokoglam.com/products/im-from-rice-toner?srsltid=AfmBOops19iT-Q5F0rs8L_agH2YuzVqK45Pec11Us4jSwSKNudsIN0IY,sokoglam.com,sokoglam.com,,,,,,,,,,,rejected,,,,,,,1db5682b3c59badf8c480bc321cbbf7e,,rejected,too_blurry (score=2.7),genuine,I'm From Rice Toner official,1400.0,1750.0,69837.0,2026-08-15T14:29:01.902593+00:00
17cee258d4e7,SKINTIFIC_AHA_BHA_PHA_EXFOLIATING_PADS_NA11251201488,Skintific,AHA BHA PHA Exfoliating Pads,NA11251201488,https://lookaside.instagram.com/seo/google_widget/crawler/?media_id=3775715281663602951,,https://www.instagram.com/p/DRmCQ9rkscI/,www.instagram.com,instagram.com,,,,,,,,,,,rejected,,,,,,,,,failed,"not_an_image (content-type=text/html; charset=""utf-8"")",genuine,Skintific AHA BHA PHA Exfoliating Pads official,,,,2026-08-15T14:28:56.966733+00:00
528d3ded86c7,SKINTIFIC_AHA_BHA_PHA_EXFOLIATING_PADS_NA11251201488,Skintific,AHA BHA PHA Exfoliating Pads,NA11251201488,https://lookaside.instagram.com/seo/google_widget/crawler/?media_id=3711878952241025279,,https://www.instagram.com/p/DODcfntEzmh/,www.instagram.com,instagram.com,,,,,,,,,,,rejected,,,,,,,,,failed,"not_an_image (content-type=text/html; charset=""utf-8"")",genuine,Skintific AHA BHA PHA Exfoliating Pads official,,,,2026-08-15T14:28:58.910230+00:00
aa223a8638c5,SKINTIFIC_AHA_BHA_PHA_EXFOLIATING_PADS_NA11251201488,Skintific,AHA BHA PHA Exfoliating Pads,NA11251201488,https://lookaside.instagram.com/seo/google_widget/crawler/?media_id=3960434262997752819,,https://www.instagram.com/reel/DUQVlVWkz1p/,www.instagram.com,instagram.com,,,,,,,,,,,rejected,,,,,,,,,failed,"not_an_image (content-type=text/html; charset=""utf-8"")",genuine,Skintific AHA BHA PHA Exfoliating Pads official,,,,2026-08-15T14:29:01.358818+00:00
94b50f0822a0,SKINTIFIC_AHA_BHA_PHA_EXFOLIATING_PADS_NA11251201488,Skintific,AHA BHA PHA Exfoliating Pads,NA11251201488,https://www.tiktok.com/api/img/?itemId=7514631309264784647&location=0&aid=1988,,https://www.tiktok.com/@kosteve_/video/7514631309264784647,www.tiktok.com,tiktok.com,,,,,,"Skintific Peeling Solution Palsu Jamuran?! ⚠️⚠️ Ini tipe ... ⚠️⚠️ Ini tipe pemalsu yang tidak ada malu-malunya , palsunya terlalu ketara dan ugal-ugalan. Tinggi kotak beda, warna Kotak beda, bagian ...",,palsu,MODERATE_EVIDENCE,3.0,rejected,,,,,,,,,failed,download_failed_after_3_retries: 403 Client Error: Forbidden for url: https://www.tiktok.com/api/img/?itemId=7514631309264784647&location=0&aid=1988,counterfeit_evidence,https://www.tiktok.com/@kosteve_/video/7514631309264784647,,,,2026-08-15T14:29:17.511836+00:00
c70383ac8768,SULWHASOO_CONCENTRATED_GINSENG_REJUVENATING_WATER_NA26242000058,Sulwhasoo,Concentrated Ginseng Rejuvenating Water,NA26242000058,https://lookaside.instagram.com/seo/google_widget/crawler/?media_id=3926620509654626660,,https://www.instagram.com/reel/DZ-KIylujFk/,www.instagram.com,instagram.com,,,,,,"on Instagram: ""AD #Sulwhasoo_Partner / One of the products I ... Concentrated Ginseng Rejuvenating Water 💧 A refreshing boost of hydration. Locks in moisture for soft, nourished skin. OCR how to fake sleep :)",,fake,MODERATE_EVIDENCE,3.0,rejected,,,,,,,,,failed,"not_an_image (content-type=text/html; charset=""utf-8"")",counterfeit_evidence,https://www.instagram.com/reel/DZ-KIylujFk/,,,,2026-08-15T14:29:42.609613+00:00
34f9b8ea420e,SULWHASOO_CONCENTRATED_GINSENG_REJUVENATING_WATER_NA26242000058,Sulwhasoo,Concentrated Ginseng Rejuvenating Water,NA26242000058,https://lookaside.instagram.com/seo/google_widget/crawler/?media_id=3938320299546321925,,https://www.instagram.com/reel/DZ-KIylujFk/,www.instagram.com,instagram.com,,,,,,"on Instagram: ""AD #Sulwhasoo_Partner / One of the products I ... Concentrated Ginseng Rejuvenating Water 💧 A refreshing boost of hydration. Locks in moisture for soft, nourished skin. OCR how to fake sleep :)",,fake,MODERATE_EVIDENCE,3.0,rejected,,,,,,,,,failed,"not_an_image (content-type=text/html; charset=""utf-8"")",counterfeit_evidence,https://www.instagram.com/reel/DZ-KIylujFk/,,,,2026-08-15T14:29:44.037917+00:00
d1fc337d9ff6,SULWHASOO_CONCENTRATED_GINSENG_REJUVENATING_WATER_NA26242000058,Sulwhasoo,Concentrated Ginseng Rejuvenating Water,NA26242000058,https://lookaside.instagram.com/seo/google_widget/crawler/?media_id=3958206507356756789,,https://www.instagram.com/reel/DZ-KIylujFk/,www.instagram.com,instagram.com,,,,,,"on Instagram: ""AD #Sulwhasoo_Partner / One of the products I ... Concentrated Ginseng Rejuvenating Water 💧 A refreshing boost of hydration. Locks in moisture for soft, nourished skin. OCR how to fake sleep :)",,fake,MODERATE_EVIDENCE,3.0,rejected,,,,,,,,,failed,"not_an_image (content-type=text/html; charset=""utf-8"")",counterfeit_evidence,https://www.instagram.com/reel/DZ-KIylujFk/,,,,2026-08-15T14:29:45.270544+00:00
a23b5ec4cba0,SULWHASOO_CONCENTRATED_GINSENG_REJUVENATING_WATER_NA26242000058,Sulwhasoo,Concentrated Ginseng Rejuvenating Water,NA26242000058,https://lookaside.instagram.com/seo/google_widget/crawler/?media_id=3948455703563517016,,https://www.instagram.com/reel/DZ-KIylujFk/,www.instagram.com,instagram.com,,,,,,"on Instagram: ""AD #Sulwhasoo_Partner / One of the products I ... Concentrated Ginseng Rejuvenating Water 💧 A refreshing boost of hydration. Locks in moisture for soft, nourished skin. OCR how to fake sleep :)",,fake,MODERATE_EVIDENCE,3.0,rejected,,,,,,,,,failed,"not_an_image (content-type=text/html; charset=""utf-8"")",counterfeit_evidence,https://www.instagram.com/reel/DZ-KIylujFk/,,,,2026-08-15T14:29:46.597444+00:00
d0d5975a7139,SULWHASOO_CONCENTRATED_GINSENG_REJUVENATING_WATER_NA26242000058,Sulwhasoo,Concentrated Ginseng Rejuvenating Water,NA26242000058,https://lookaside.instagram.com/seo/google_widget/crawler/?media_id=3940296170571971698,,https://www.instagram.com/reel/DZ-KIylujFk/,www.instagram.com,instagram.com,,,,,,"on Instagram: ""AD #Sulwhasoo_Partner / One of the products I ... Concentrated Ginseng Rejuvenating Water 💧 A refreshing boost of hydration. Locks in moisture for soft, nourished skin. OCR how to fake sleep :)",,fake,MODERATE_EVIDENCE,3.0,rejected,,,,,,,,,failed,"not_an_image (content-type=text/html; charset=""utf-8"")",counterfeit_evidence,https://www.instagram.com/reel/DZ-KIylujFk/,,,,2026-08-15T14:29:47.922738+00:00
93413dc75dc5,SULWHASOO_CONCENTRATED_GINSENG_REJUVENATING_WATER_NA26242000058,Sulwhasoo,Concentrated Ginseng Rejuvenating Water,NA26242000058,https://lookaside.instagram.com/seo/google_widget/crawler/?media_id=3920097372907122406,,https://www.instagram.com/reel/DZ-KIylujFk/,www.instagram.com,instagram.com,,,,,,"on Instagram: ""AD #Sulwhasoo_Partner / One of the products I ... Concentrated Ginseng Rejuvenating Water 💧 A refreshing boost of hydration. Locks in moisture for soft, nourished skin. OCR how to fake sleep :)",,fake,MODERATE_EVIDENCE,3.0,rejected,,,,,,,,,failed,"not_an_image (content-type=text/html; charset=""utf-8"")",counterfeit_evidence,https://www.instagram.com/reel/DZ-KIylujFk/,,,,2026-08-15T14:29:49.264829+00:00
350859fff634,SULWHASOO_CONCENTRATED_GINSENG_REJUVENATING_WATER_NA26242000058,Sulwhasoo,Concentrated Ginseng Rejuvenating Water,NA26242000058,https://lookaside.instagram.com/seo/google_widget/crawler/?media_id=3942685971517016596,,https://www.instagram.com/reel/DZ-KIylujFk/,www.instagram.com,instagram.com,,,,,,"on Instagram: ""AD #Sulwhasoo_Partner / One of the products I ... Concentrated Ginseng Rejuvenating Water 💧 A refreshing boost of hydration. Locks in moisture for soft, nourished skin. OCR how to fake sleep :)",,fake,MODERATE_EVIDENCE,3.0,rejected,,,,,,,,,failed,"not_an_image (content-type=text/html; charset=""utf-8"")",counterfeit_evidence,https://www.instagram.com/reel/DZ-KIylujFk/,,,,2026-08-15T14:29:51.202686+00:00
29ae38eebda3,COSRX_CENTELLA_WATER_ALCOHOL_FREE_TONER_NA26221200805,COSRX,Centella Water Alcohol Free Toner,NA26221200805,"https://m.media-amazon.com/images/I/61DEehet2FL._AC_UF1000,1000_QL80_.jpg",SafeCart_Dataset\images\genuine_reference\COSRX_CENTELLA_WATER_ALCOHOL_FREE_TONER_NA26221200805\29ae38eebda3.jpg,https://www.amazon.com/COSRX-Centella-Water-Alcohol-Free-Toner/dp/B00V4JQ7RG,www.amazon.com,amazon.com,,,,,,,,,,,rejected,,,,,,,cc1dc19eaadf2ddb348b98d89e6799d7,,rejected,too_small (268x1000),genuine,COSRX Centella Water Alcohol Free Toner official,268.0,1000.0,32300.0,2026-08-15T14:29:17.443488+00:00
cae8aaa4f06e,COSRX_CENTELLA_WATER_ALCOHOL_FREE_TONER_NA26221200805,COSRX,Centella Water Alcohol Free Toner,NA26221200805,https://www.tiktok.com/api/img/?itemId=7172910658810400027&location=0&aid=1988,,https://www.tiktok.com/discover/toner-cosrx-palsu,www.tiktok.com,tiktok.com,,,,,,Toner Cosrx Palsu Perbedaan COSRX Asli dan Palsu: Tips Membedakan. Pelajari cara membedakan toner COSRX asli dan palsu dengan tips praktis dan ciri khas wangi.,,palsu,MODERATE_EVIDENCE,3.0,rejected,,,,,,,,,failed,download_failed_after_3_retries: 403 Client Error: Forbidden for url: https://www.tiktok.com/api/img/?itemId=7172910658810400027&location=0&aid=1988,counterfeit_evidence,https://www.tiktok.com/discover/toner-cosrx-palsu,,,,2026-08-15T14:29:25.563742+00:00
cfbe468c44f5,COSRX_CENTELLA_WATER_ALCOHOL_FREE_TONER_NA26221200805,COSRX,Centella Water Alcohol Free Toner,NA26221200805,https://www.tiktok.com/api/img/?itemId=7321696244504546566&location=0&aid=1988,,https://www.tiktok.com/discover/toner-cosrx-palsu,www.tiktok.com,tiktok.com,,,,,,Toner Cosrx Palsu Perbedaan COSRX Asli dan Palsu: Tips Membedakan. Pelajari cara membedakan toner COSRX asli dan palsu dengan tips praktis dan ciri khas wangi.,,palsu,MODERATE_EVIDENCE,3.0,rejected,,,,,,,,,failed,download_failed_after_3_retries: 403 Client Error: Forbidden for url: https://www.tiktok.com/api/img/?itemId=7321696244504546566&location=0&aid=1988,counterfeit_evidence,https://www.tiktok.com/discover/toner-cosrx-palsu,,,,2026-08-15T14:29:35.039895+00:00
6835f0cd82a1,COSRX_CENTELLA_WATER_ALCOHOL_FREE_TONER_NA26221200805,COSRX,Centella Water Alcohol Free Toner,NA26221200805,https://www.tiktok.com/api/img/?itemId=7243235878510873862&location=0&aid=1988,,https://www.tiktok.com/discover/toner-cosrx-palsu,www.tiktok.com,tiktok.com,,,,,,Toner Cosrx Palsu Perbedaan COSRX Asli dan Palsu: Tips Membedakan. Pelajari cara membedakan toner COSRX asli dan palsu dengan tips praktis dan ciri khas wangi.,,palsu,MODERATE_EVIDENCE,3.0,rejected,,,,,,,,,failed,download_failed_after_3_retries: 403 Client Error: Forbidden for url: https://www.tiktok.com/api/img/?itemId=7243235878510873862&location=0&aid=1988,counterfeit_evidence,https://www.tiktok.com/discover/toner-cosrx-palsu,,,,2026-08-15T14:29:44.455761+00:00
b3b07f1cf97a,GLAD2GLOW_PERFECT_VITA_C_BRIGHT_GLOW_TONER_NA11251200672,Glad2Glow,Perfect Vita C Bright Glow Toner,NA11251200672,https://lookaside.instagram.com/seo/google_widget/crawler/?media_id=3735314834507579596,,https://www.instagram.com/p/DPWgRAZkiIj/,www.instagram.com,instagram.com,,,,,,,,,,,rejected,,,,,,,,,failed,"not_an_image (content-type=text/html; charset=""utf-8"")",genuine,Glad2Glow Perfect Vita C Bright Glow Toner official,,,,2026-08-15T14:29:26.835404+00:00
7ac83a35d7aa,GLAD2GLOW_PERFECT_VITA_C_BRIGHT_GLOW_TONER_NA11251200672,Glad2Glow,Perfect Vita C Bright Glow Toner,NA11251200672,https://medias.watsons.com.my/publishing/WTCMY-1013422-front-9188fICm-prod.png?version=1760610956,,https://www.watsons.com.my/glad2glow-tangerine-vita-c-power-bright-glow-toner-80ml/p/BP_1013422,www.watsons.com.my,watsons.com.my,,,,,,,,,,,rejected,,,,,,,,,failed,download_failed_after_3_retries: 403 Client Error: Forbidden for url: https://medias.watsons.com.my/publishing/WTCMY-1013422-front-9188fICm-prod.png?version=1760610956,genuine,Glad2Glow Perfect Vita C Bright Glow Toner official,,,,2026-08-15T14:29:28.915691+00:00
7f3490c3e6c0,GLAD2GLOW_PERFECT_VITA_C_BRIGHT_GLOW_TONER_NA11251200672,Glad2Glow,Perfect Vita C Bright Glow Toner,NA11251200672,https://lookaside.instagram.com/seo/google_widget/crawler/?media_id=3788792132795316861,,https://www.instagram.com/p/DSUfl7zDzp9/,www.instagram.com,instagram.com,,,,,,,,,,,rejected,,,,,,,,,failed,"not_an_image (content-type=text/html; charset=""utf-8"")",genuine,Glad2Glow Perfect Vita C Bright Glow Toner official,,,,2026-08-15T14:29:38.338422+00:00
59c23191c3a2,GLAD2GLOW_PERFECT_VITA_C_BRIGHT_GLOW_TONER_NA11251200672,Glad2Glow,Perfect Vita C Bright Glow Toner,NA11251200672,https://medias.watsons.com.my/publishing/WTCMY-1013422-back-zoom.jpg?version=1775755386,,https://www.watsons.com.my/glad2glow-tangerine-vita-c-power-bright-glow-toner-80ml/p/BP_1013422,www.watsons.com.my,watsons.com.my,,,,,,,,,,,rejected,,,,,,,,,failed,download_failed_after_3_retries: 403 Client Error: Forbidden for url: https://medias.watsons.com.my/publishing/WTCMY-1013422-back-zoom.jpg?version=1775755386,genuine,Glad2Glow Perfect Vita C Bright Glow Toner official website,,,,2026-08-15T14:29:41.926237+00:00
d235a2df1b16,SKINTIFIC_377_DARK_SPOT_ESSENCE_TONER_NA11251200643,Skintific,377 Dark Spot Essence Toner,NA11251200643,https://lookaside.instagram.com/seo/google_widget/crawler/?media_id=3673327460248347350,,https://www.instagram.com/p/DL6R-CzysRO/,www.instagram.com,instagram.com,,,,,,,,,,,rejected,,,,,,,,,failed,"not_an_image (content-type=text/html; charset=""utf-8"")",genuine,Skintific 377 Dark Spot Essence Toner official,,,,2026-08-15T14:30:12.265707+00:00
7d8deb586df8,BIODANCE_CERA_NOL_GEL_TONER_PADS_NA262412000784,Biodance,CERA-NOL GEL TONER PADS,NA262412000784,https://www.tiktok.com/api/img/?itemId=7632720324617833749&location=0&aid=1988,,https://www.tiktok.com/discover/biodance-toner-pad-real-vs-fake,www.tiktok.com,tiktok.com,,,,,,Biodance Toner Pad Real Vs Fake Learn how to identify real Biodance toner pads and avoid fakes. Discover tips for authentic K-beauty products!See. CERA-NOL GEL TONER PADS.,,fake,MODERATE_EVIDENCE,3.0,rejected,,,,,,,,,failed,download_failed_after_3_retries: 403 Client Error: Forbidden for url: https://www.tiktok.com/api/img/?itemId=7632720324617833749&location=0&aid=1988,counterfeit_evidence,https://www.tiktok.com/discover/biodance-toner-pad-real-vs-fake,,,,2026-08-15T14:30:47.992865+00:00
a5796ab57fc1,BIODANCE_COLLAGEN_GEL_TONER_PADS_NA26251200029,Biodance,COLLAGEN GEL TONER PADS,NA26251200029,https://www.tiktok.com/api/img/?itemId=7597949146212945174&location=0&aid=1988,,https://www.tiktok.com/discover/real-vs-fake-biodance-gel-toner-pad,www.tiktok.com,tiktok.com,,,,,,Real Vs Fake Biodance Gel Toner Pad Discover the differences between real and fake Biodance products. Learn how to identify authentic Biodance toner pads for your skincare routine.,,fake,MODERATE_EVIDENCE,3.0,rejected,,,,,,,,,failed,download_failed_after_3_retries: 403 Client Error: Forbidden for url: https://www.tiktok.com/api/img/?itemId=7597949146212945174&location=0&aid=1988,counterfeit_evidence,https://www.tiktok.com/discover/real-vs-fake-biodance-gel-toner-pad,,,,2026-08-15T14:31:19.941434+00:00
3da1473288fc,BIODANCE_COLLAGEN_GEL_TONER_PADS_NA26251200029,Biodance,COLLAGEN GEL TONER PADS,NA26251200029,https://www.tiktok.com/api/img/?itemId=7571681259655580959&location=0&aid=1988,,https://www.tiktok.com/discover/real-vs-fake-biodance-gel-toner-pad,www.tiktok.com,tiktok.com,,,,,,Real Vs Fake Biodance Gel Toner Pad Discover the differences between real and fake Biodance products. Learn how to identify authentic Biodance toner pads for your skincare routine.,,fake,MODERATE_EVIDENCE,3.0,rejected,,,,,,,,,failed,download_failed_after_3_retries: 403 Client Error: Forbidden for url: https://www.tiktok.com/api/img/?itemId=7571681259655580959&location=0&aid=1988,counterfeit_evidence,https://www.tiktok.com/discover/real-vs-fake-biodance-gel-toner-pad,,,,2026-08-15T14:31:29.373950+00:00
a3e44763340b,FACERINNA_SALICYLIC_ACID_ACNE_TONER_NA18250107096,FACERINNA,Salicylic Acid Acne Toner,NA18250107096,https://lookaside.instagram.com/seo/google_widget/crawler/?media_id=3808194686998632476,,https://www.instagram.com/p/DTZbOaslal_/,www.instagram.com,instagram.com,,,,,,,,,,,rejected,,,,,,,,,failed,"not_an_image (content-type=text/html; charset=""utf-8"")",genuine,FACERINNA Salicylic Acid Acne Toner official,,,,2026-08-15T14:30:05.384579+00:00
588c12d17e5b,FACERINNA_SALICYLIC_ACID_ACNE_TONER_NA18250107096,FACERINNA,Salicylic Acid Acne Toner,NA18250107096,https://lookaside.instagram.com/seo/google_widget/crawler/?media_id=3808194687577464667,,https://www.instagram.com/p/DTZbOaslal_/,www.instagram.com,instagram.com,,,,,,,,,,,rejected,,,,,,,,,failed,"not_an_image (content-type=text/html; charset=""utf-8"")",genuine,FACERINNA Salicylic Acid Acne Toner official,,,,2026-08-15T14:30:08.381192+00:00
bec5c8aa3848,FACERINNA_SALICYLIC_ACID_ACNE_TONER_NA18250107096,FACERINNA,Salicylic Acid Acne Toner,NA18250107096,https://medias.watsons.com.my/publishing/WTCMY-1028975-front-VX2K5B64-zoom.png?version=1776326057,,https://www.watsons.com.my/facerinna-salicylic-acid-acne-toner-100ml/p/BP_1028975,www.watsons.com.my,watsons.com.my,,,,,,,,,,,rejected,,,,,,,,,failed,download_failed_after_3_retries: 403 Client Error: Forbidden for url: https://medias.watsons.com.my/publishing/WTCMY-1028975-front-VX2K5B64-zoom.png?version=1776326057,genuine,FACERINNA Salicylic Acid Acne Toner official,,,,2026-08-15T14:30:09.767739+00:00
f4cb2ba6c733,FACERINNA_SALICYLIC_ACID_ACNE_TONER_NA18250107096,FACERINNA,Salicylic Acid Acne Toner,NA18250107096,https://medias.watsons.co.id/publishing/WTCID-54660-front-thumbnail.jpg?version=1751382743,,https://www.watsons.co.id/id/facerinna-facerinna-salicylic-acid-acne-toner-100ml/p/BP_54660,www.watsons.co.id,watsons.co.id,,,,,,,,,,,rejected,,,,,,,,,failed,download_failed_after_3_retries: 403 Client Error: Forbidden for url: https://medias.watsons.co.id/publishing/WTCID-54660-front-thumbnail.jpg?version=1751382743,genuine,FACERINNA Salicylic Acid Acne Toner official website,,,,2026-08-15T14:30:21.012655+00:00
2996ae790c95,FACERINNA_SALICYLIC_ACID_ACNE_TONER_NA18250107096,FACERINNA,Salicylic Acid Acne Toner,NA18250107096,https://medias.watsons.com.my/publishing/WTCMY-1028975-alt1-zoom.jpg?version=1763834417,,https://www.watsons.com.my/facerinna-salicylic-acid-acne-toner-100ml/p/BP_1028975,www.watsons.com.my,watsons.com.my,,,,,,,,,,,rejected,,,,,,,,,failed,download_failed_after_3_retries: 403 Client Error: Forbidden for url: https://medias.watsons.com.my/publishing/WTCMY-1028975-alt1-zoom.jpg?version=1763834417,genuine,FACERINNA Salicylic Acid Acne Toner official website,,,,2026-08-15T14:30:30.365188+00:00
6b24f8255c19,FACERINNA_SALICYLIC_ACID_ACNE_TONER_NA18250107096,FACERINNA,Salicylic Acid Acne Toner,NA18250107096,https://www.tiktok.com/api/img/?itemId=7658485012190285076&location=0&aid=1988,,https://www.tiktok.com/@itsryanwoo/video/7658485012190285076,www.tiktok.com,tiktok.com,,,,,,"I've seen fake versions of this product going around... Just a quick PSA: I've seen fake versions of this product going around, so always make sure you're getting it from the official store ...",,fake,MODERATE_EVIDENCE,3.0,rejected,,,,,,,,,failed,download_failed_after_3_retries: 403 Client Error: Forbidden for url: https://www.tiktok.com/api/img/?itemId=7658485012190285076&location=0&aid=1988,counterfeit_evidence,https://www.tiktok.com/@itsryanwoo/video/7658485012190285076,,,,2026-08-15T14:30:45.201915+00:00
954fa050bd18,FACERINNA_SALICYLIC_ACID_ACNE_TONER_NA18250107096,FACERINNA,Salicylic Acid Acne Toner,NA18250107096,https://p19-common-sign.tiktokcdn-us.com/tos-alisg-p-0037/owaGBf80CiVuIYTLrD1wiA21IjIqAdxKQAjDBC~tplv-tiktokx-origin.image?dr=9636&x-expires=1785898800&x-signature=%2Fxxxjfum0Ui6CL6yzYb0SM8x1vs%3D&t=4d5b0474&ps=13740610&shp=81f88b70&shcp=55bbe6a9&idc=useast8,,https://www.tiktok.com/@itsryanwoo/video/7658485012190285076,www.tiktok.com,tiktok.com,,,,,,"I've seen fake versions of this product going around... Just a quick PSA: I've seen fake versions of this product going around, so always make sure you're getting it from the official store ...",,fake,MODERATE_EVIDENCE,3.0,rejected,,,,,,,,,failed,download_failed_after_3_retries: 403 Client Error: Forbidden for url: https://p19-common-sign.tiktokcdn-us.com/tos-alisg-p-0037/owaGBf80CiVuIYTLrD1wiA21IjIqAdxKQAjDBC~tplv-tiktokx-origin.image?dr=9636&x-expires=1785898800&x-signature=%2Fxxxjfum0Ui6CL6yzYb0SM8x1vs%3D&t=4d5b0474&ps=13740610&shp=81f88b70&shcp=55bbe6a9&idc=useast8,counterfeit_evidence,https://www.tiktok.com/@itsryanwoo/video/7658485012190285076,,,,2026-08-15T14:30:54.555807+00:00
c9f116f5b44b,FACERINNA_SALICYLIC_ACID_ACNE_TONER_NA18250107096,FACERINNA,Salicylic Acid Acne Toner,NA18250107096,https://p16-common-sign.tiktokcdn-us.com/tos-alisg-p-0037/o8jRDEg8QsqGy5EuQBVU0cF5naYe3BfughA87u~tplv-tiktokx-origin.image?dr=9636&x-expires=1785898800&x-signature=zSQjjMObf20jqSQ2Uju%2FZWaY71s%3D&t=4d5b0474&ps=13740610&shp=81f88b70&shcp=55bbe6a9&idc=useast8,,https://www.tiktok.com/@itsryanwoo/video/7658485012190285076,www.tiktok.com,tiktok.com,,,,,,"I've seen fake versions of this product going around... Just a quick PSA: I've seen fake versions of this product going around, so always make sure you're getting it from the official store ...",,fake,MODERATE_EVIDENCE,3.0,rejected,,,,,,,,,failed,download_failed_after_3_retries: 403 Client Error: Forbidden for url: https://p16-common-sign.tiktokcdn-us.com/tos-alisg-p-0037/o8jRDEg8QsqGy5EuQBVU0cF5naYe3BfughA87u~tplv-tiktokx-origin.image?dr=9636&x-expires=1785898800&x-signature=zSQjjMObf20jqSQ2Uju%2FZWaY71s%3D&t=4d5b0474&ps=13740610&shp=81f88b70&shcp=55bbe6a9&idc=useast8,counterfeit_evidence,https://www.tiktok.com/@itsryanwoo/video/7658485012190285076,,,,2026-08-15T14:31:05.312041+00:00
e0ccdb96f83e,FACERINNA_SALICYLIC_ACID_ACNE_TONER_NA18250107096,FACERINNA,Salicylic Acid Acne Toner,NA18250107096,https://p19-common-sign.tiktokcdn-us.com/tos-alisg-p-0037/oYGv4QLQGMYaECRpAIe1AfFmkLey6TDIDJij38~tplv-tiktokx-origin.image?dr=9636&x-expires=1785898800&x-signature=HrwOTJuWbrJlrOasqryPOsNVFbc%3D&t=4d5b0474&ps=13740610&shp=81f88b70&shcp=55bbe6a9&idc=useast8,,https://www.tiktok.com/@itsryanwoo/video/7658485012190285076,www.tiktok.com,tiktok.com,,,,,,"I've seen fake versions of this product going around... Just a quick PSA: I've seen fake versions of this product going around, so always make sure you're getting it from the official store ...",,fake,MODERATE_EVIDENCE,3.0,rejected,,,,,,,,,failed,download_failed_after_3_retries: 403 Client Error: Forbidden for url: https://p19-common-sign.tiktokcdn-us.com/tos-alisg-p-0037/oYGv4QLQGMYaECRpAIe1AfFmkLey6TDIDJij38~tplv-tiktokx-origin.image?dr=9636&x-expires=1785898800&x-signature=HrwOTJuWbrJlrOasqryPOsNVFbc%3D&t=4d5b0474&ps=13740610&shp=81f88b70&shcp=55bbe6a9&idc=useast8,counterfeit_evidence,https://www.tiktok.com/@itsryanwoo/video/7658485012190285076,,,,2026-08-15T14:31:14.593903+00:00
0ecce6d206ba,FACERINNA_SALICYLIC_ACID_ACNE_TONER_NA18250107096,FACERINNA,Salicylic Acid Acne Toner,NA18250107096,https://p16-common-sign.tiktokcdn-us.com/tos-alisg-p-0037/oEER9HEA8AU0F9crEO6xfhgIDfATFBAvxCAqvQ~tplv-tiktokx-origin.image?dr=9636&x-expires=1785898800&x-signature=axf%2BT7mwlNYGmgefMPEx%2Bkw%2F3ak%3D&t=4d5b0474&ps=13740610&shp=81f88b70&shcp=55bbe6a9&idc=useast8,,https://www.tiktok.com/@itsryanwoo/video/7658485012190285076,www.tiktok.com,tiktok.com,,,,,,"I've seen fake versions of this product going around... Just a quick PSA: I've seen fake versions of this product going around, so always make sure you're getting it from the official store ...",,fake,MODERATE_EVIDENCE,3.0,rejected,,,,,,,,,failed,download_failed_after_3_retries: 403 Client Error: Forbidden for url: https://p16-common-sign.tiktokcdn-us.com/tos-alisg-p-0037/oEER9HEA8AU0F9crEO6xfhgIDfATFBAvxCAqvQ~tplv-tiktokx-origin.image?dr=9636&x-expires=1785898800&x-signature=axf%2BT7mwlNYGmgefMPEx%2Bkw%2F3ak%3D&t=4d5b0474&ps=13740610&shp=81f88b70&shcp=55bbe6a9&idc=useast8,counterfeit_evidence,https://www.tiktok.com/@itsryanwoo/video/7658485012190285076,,,,2026-08-15T14:31:25.410628+00:00
f0710c77c004,FACERINNA_SALICYLIC_ACID_ACNE_TONER_NA18250107096,FACERINNA,Salicylic Acid Acne Toner,NA18250107096,https://p19-common-sign.tiktokcdn-us.com/tos-alisg-p-0037/oUBPIqWB1YlEE3FRnlQEeQAcF0gfoCl6hYHQsD~tplv-tiktokx-origin.image?dr=9636&x-expires=1785898800&x-signature=yDkZFMaWWdwoysScm81TICIYvaA%3D&t=4d5b0474&ps=13740610&shp=81f88b70&shcp=55bbe6a9&idc=useast8,,https://www.tiktok.com/@itsryanwoo/video/7658485012190285076,www.tiktok.com,tiktok.com,,,,,,"I've seen fake versions of this product going around... Just a quick PSA: I've seen fake versions of this product going around, so always make sure you're getting it from the official store ...",,fake,MODERATE_EVIDENCE,3.0,rejected,,,,,,,,,failed,download_failed_after_3_retries: 403 Client Error: Forbidden for url: https://p19-common-sign.tiktokcdn-us.com/tos-alisg-p-0037/oUBPIqWB1YlEE3FRnlQEeQAcF0gfoCl6hYHQsD~tplv-tiktokx-origin.image?dr=9636&x-expires=1785898800&x-signature=yDkZFMaWWdwoysScm81TICIYvaA%3D&t=4d5b0474&ps=13740610&shp=81f88b70&shcp=55bbe6a9&idc=useast8,counterfeit_evidence,https://www.tiktok.com/@itsryanwoo/video/7658485012190285076,,,,2026-08-15T14:31:35.007869+00:00
812a75860423,FACERINNA_SALICYLIC_ACID_ACNE_TONER_NA18250107096,FACERINNA,Salicylic Acid Acne Toner,NA18250107096,https://p19-common-sign.tiktokcdn-us.com/tos-alisg-p-0037/o4wUehfRAAAxAjW9AIFSYT4Dnf1SE8EEDIEBgQ~tplv-tiktokx-origin.image?dr=9636&x-expires=1785898800&x-signature=yr%2BmOd5bSqcpWcAM1g2XCG%2BMVjQ%3D&t=4d5b0474&ps=13740610&shp=81f88b70&shcp=55bbe6a9&idc=useast8,,https://www.tiktok.com/@itsryanwoo/video/7658485012190285076,www.tiktok.com,tiktok.com,,,,,,"I've seen fake versions of this product going around... Just a quick PSA: I've seen fake versions of this product going around, so always make sure you're getting it from the official store ...",,fake,MODERATE_EVIDENCE,3.0,rejected,,,,,,,,,failed,download_failed_after_3_retries: 403 Client Error: Forbidden for url: https://p19-common-sign.tiktokcdn-us.com/tos-alisg-p-0037/o4wUehfRAAAxAjW9AIFSYT4Dnf1SE8EEDIEBgQ~tplv-tiktokx-origin.image?dr=9636&x-expires=1785898800&x-signature=yr%2BmOd5bSqcpWcAM1g2XCG%2BMVjQ%3D&t=4d5b0474&ps=13740610&shp=81f88b70&shcp=55bbe6a9&idc=useast8,counterfeit_evidence,https://www.tiktok.com/@itsryanwoo/video/7658485012190285076,,,,2026-08-15T14:31:45.996692+00:00
fc0a21339341,FACERINNA_SALICYLIC_ACID_ACNE_TONER_NA18250107096,FACERINNA,Salicylic Acid Acne Toner,NA18250107096,https://p16-common-sign.tiktokcdn-us.com/tos-alisg-p-0037/o44qISQa1EOACAA3WBFizA1iIQBAmXACCwfCoU~tplv-tiktokx-origin.image?dr=9636&x-expires=1785898800&x-signature=kOOYEdhx%2FZ43%2FqoVVqa0RdI%2B5E0%3D&t=4d5b0474&ps=13740610&shp=81f88b70&shcp=55bbe6a9&idc=useast8,,https://www.tiktok.com/@itsryanwoo/video/7658485012190285076,www.tiktok.com,tiktok.com,,,,,,"I've seen fake versions of this product going around... Just a quick PSA: I've seen fake versions of this product going around, so always make sure you're getting it from the official store ...",,fake,MODERATE_EVIDENCE,3.0,rejected,,,,,,,,,failed,download_failed_after_3_retries: 403 Client Error: Forbidden for url: https://p16-common-sign.tiktokcdn-us.com/tos-alisg-p-0037/o44qISQa1EOACAA3WBFizA1iIQBAmXACCwfCoU~tplv-tiktokx-origin.image?dr=9636&x-expires=1785898800&x-signature=kOOYEdhx%2FZ43%2FqoVVqa0RdI%2B5E0%3D&t=4d5b0474&ps=13740610&shp=81f88b70&shcp=55bbe6a9&idc=useast8,counterfeit_evidence,https://www.tiktok.com/@itsryanwoo/video/7658485012190285076,,,,2026-08-15T14:31:58.093342+00:00
985bbd3d77d4,FACERINNA_SALICYLIC_ACID_ACNE_TONER_NA18250107096,FACERINNA,Salicylic Acid Acne Toner,NA18250107096,https://p16-common-sign.tiktokcdn-us.com/tos-alisg-p-0037/oMlHEO7AYBA7QzAGAii8AI1AACVwlBABIPfwMi~tplv-tiktokx-origin.image?dr=9636&x-expires=1785898800&x-signature=DcBy06mZYaQ79qoFnpIIv0wwM4w%3D&t=4d5b0474&ps=13740610&shp=81f88b70&shcp=55bbe6a9&idc=useast8,,https://www.tiktok.com/@itsryanwoo/video/7658485012190285076,www.tiktok.com,tiktok.com,,,,,,"I've seen fake versions of this product going around... Just a quick PSA: I've seen fake versions of this product going around, so always make sure you're getting it from the official store ...",,fake,MODERATE_EVIDENCE,3.0,rejected,,,,,,,,,failed,download_failed_after_3_retries: 403 Client Error: Forbidden for url: https://p16-common-sign.tiktokcdn-us.com/tos-alisg-p-0037/oMlHEO7AYBA7QzAGAii8AI1AACVwlBABIPfwMi~tplv-tiktokx-origin.image?dr=9636&x-expires=1785898800&x-signature=DcBy06mZYaQ79qoFnpIIv0wwM4w%3D&t=4d5b0474&ps=13740610&shp=81f88b70&shcp=55bbe6a9&idc=useast8,counterfeit_evidence,https://www.tiktok.com/@itsryanwoo/video/7658485012190285076,,,,2026-08-15T14:32:07.337738+00:00
062399a730a4,FACERINNA_SALICYLIC_ACID_ACNE_TONER_NA18250107096,FACERINNA,Salicylic Acid Acne Toner,NA18250107096,https://p16-common-sign.tiktokcdn-us.com/tos-alisg-p-0037/oABeoCuB1Ao8i2nii43sAAIhCAvNPBbwAIID84~tplv-tiktokx-origin.image?dr=9636&x-expires=1785898800&x-signature=3GI9feYCGYIDxrnlaniE8pfVr7A%3D&t=4d5b0474&ps=13740610&shp=81f88b70&shcp=55bbe6a9&idc=useast8,,https://www.tiktok.com/@itsryanwoo/video/7658485012190285076,www.tiktok.com,tiktok.com,,,,,,"I've seen fake versions of this product going around... Just a quick PSA: I've seen fake versions of this product going around, so always make sure you're getting it from the official store ...",,fake,MODERATE_EVIDENCE,3.0,rejected,,,,,,,,,failed,download_failed_after_3_retries: 403 Client Error: Forbidden for url: https://p16-common-sign.tiktokcdn-us.com/tos-alisg-p-0037/oABeoCuB1Ao8i2nii43sAAIhCAvNPBbwAIID84~tplv-tiktokx-origin.image?dr=9636&x-expires=1785898800&x-signature=3GI9feYCGYIDxrnlaniE8pfVr7A%3D&t=4d5b0474&ps=13740610&shp=81f88b70&shcp=55bbe6a9&idc=useast8,counterfeit_evidence,https://www.tiktok.com/@itsryanwoo/video/7658485012190285076,,,,2026-08-15T14:32:16.812982+00:00
ef004799f455,FACERINNA_CERAMIDE_B5_BALANCING_TONER_NA18250107683,FACERINNA,Ceramide B5 Balancing Toner,NA18250107683,https://medias.watsons.com.my/publishing/WTCMY-1028963-alt1-zoom.jpg?version=1763832009,,https://www.watsons.com.my/facerinna-ceramide-b5-balancing-toner-100ml/p/BP_1028963,www.watsons.com.my,watsons.com.my,,,,,,,,,,,rejected,,,,,,,,,failed,download_failed_after_3_retries: 403 Client Error: Forbidden for url: https://medias.watsons.com.my/publishing/WTCMY-1028963-alt1-zoom.jpg?version=1763832009,genuine,FACERINNA Ceramide B5 Balancing Toner official,,,,2026-08-15T14:30:07.575750+00:00
7919e81e3f39,FACERINNA_CERAMIDE_B5_BALANCING_TONER_NA18250107683,FACERINNA,Ceramide B5 Balancing Toner,NA18250107683,https://medias.watsons.com.my/publishing/WTCMY-1028963-alt3-zoom.jpg?version=1763832010,,https://www.watsons.com.my/facerinna-ceramide-b5-balancing-toner-100ml/p/BP_1028963,www.watsons.com.my,watsons.com.my,,,,,,,,,,,rejected,,,,,,,,,failed,download_failed_after_3_retries: 403 Client Error: Forbidden for url: https://medias.watsons.com.my/publishing/WTCMY-1028963-alt3-zoom.jpg?version=1763832010,genuine,FACERINNA Ceramide B5 Balancing Toner official,,,,2026-08-15T14:30:17.141178+00:00
31d29a406da3,FACERINNA_CERAMIDE_B5_BALANCING_TONER_NA18250107683,FACERINNA,Ceramide B5 Balancing Toner,NA18250107683,https://medias.watsons.com.my/publishing/WTCMY-1028963-swatch-zoom.jpg?version=1763832012,,https://www.watsons.com.my/facerinna-ceramide-b5-balancing-toner-100ml/p/BP_1028963,www.watsons.com.my,watsons.com.my,,,,,,,,,,,rejected,,,,,,,,,failed,download_failed_after_3_retries: 403 Client Error: Forbidden for url: https://medias.watsons.com.my/publishing/WTCMY-1028963-swatch-zoom.jpg?version=1763832012,genuine,FACERINNA Ceramide B5 Balancing Toner official,,,,2026-08-15T14:30:26.478838+00:00
cec82bce981e,FACERINNA_CERAMIDE_B5_BALANCING_TONER_NA18250107683,FACERINNA,Ceramide B5 Balancing Toner,NA18250107683,https://lookaside.instagram.com/seo/google_widget/crawler/?media_id=3795284993090569870,,https://www.instagram.com/p/DSrj5zTiEkw/,www.instagram.com,instagram.com,,,,,,,,,,,rejected,,,,,,,,,failed,"not_an_image (content-type=text/html; charset=""utf-8"")",genuine,FACERINNA Ceramide B5 Balancing Toner official,,,,2026-08-15T14:30:35.812400+00:00
15cf52fbac1e,FACERINNA_CERAMIDE_B5_BALANCING_TONER_NA18250107683,FACERINNA,Ceramide B5 Balancing Toner,NA18250107683,https://medias.watsons.com.my/publishing/WTCMY-1028963-front-ZTh95E7J-zoom.png?version=1776326054,,https://www.watsons.com.my/facerinna-ceramide-b5-balancing-toner-100ml/p/BP_1028963,www.watsons.com.my,watsons.com.my,,,,,,,,,,,rejected,,,,,,,,,failed,download_failed_after_3_retries: 403 Client Error: Forbidden for url: https://medias.watsons.com.my/publishing/WTCMY-1028963-front-ZTh95E7J-zoom.png?version=1776326054,genuine,FACERINNA Ceramide B5 Balancing Toner official,,,,2026-08-15T14:30:38.136766+00:00
e524b7dcd27b,FACERINNA_CERAMIDE_B5_BALANCING_TONER_NA18250107683,FACERINNA,Ceramide B5 Balancing Toner,NA18250107683,https://medias.watsons.com.my/publishing/WTCMY-1028963-alt2-zoom.jpg?version=1763832015,,https://www.watsons.com.my/facerinna-ceramide-b5-balancing-toner-100ml/p/BP_1028963,www.watsons.com.my,watsons.com.my,,,,,,,,,,,rejected,,,,,,,,,failed,download_failed_after_3_retries: 403 Client Error: Forbidden for url: https://medias.watsons.com.my/publishing/WTCMY-1028963-alt2-zoom.jpg?version=1763832015,genuine,FACERINNA Ceramide B5 Balancing Toner official website,,,,2026-08-15T14:30:50.375742+00:00
ccbce2d09e85,FACERINNA_CERAMIDE_B5_BALANCING_TONER_NA18250107683,FACERINNA,Ceramide B5 Balancing Toner,NA18250107683,https://www.tiktok.com/api/img/?itemId=7658485012190285076&location=0&aid=1988,,https://www.tiktok.com/@itsryanwoo/video/7658485012190285076,www.tiktok.com,tiktok.com,,,,,,"Just a quick PSA: I've seen fake versions of this product going ... Just a quick PSA: I've seen fake versions of this product going around, so always make sure you're getting it from the official store ...",,fake,MODERATE_EVIDENCE,3.0,rejected,,,,,,,,,failed,download_failed_after_3_retries: 403 Client Error: Forbidden for url: https://www.tiktok.com/api/img/?itemId=7658485012190285076&location=0&aid=1988,counterfeit_evidence,https://www.tiktok.com/@itsryanwoo/video/7658485012190285076,,,,2026-08-15T14:31:04.744500+00:00
a2941c3cae68,FACERINNA_CERAMIDE_B5_BALANCING_TONER_NA18250107683,FACERINNA,Ceramide B5 Balancing Toner,NA18250107683,https://p19-common-sign.tiktokcdn-us.com/tos-alisg-p-0037/owaGBf80CiVuIYTLrD1wiA21IjIqAdxKQAjDBC~tplv-tiktokx-origin.image?dr=9636&x-expires=1785898800&x-signature=%2Fxxxjfum0Ui6CL6yzYb0SM8x1vs%3D&t=4d5b0474&ps=13740610&shp=81f88b70&shcp=55bbe6a9&idc=useast8,,https://www.tiktok.com/@itsryanwoo/video/7658485012190285076,www.tiktok.com,tiktok.com,,,,,,"Just a quick PSA: I've seen fake versions of this product going ... Just a quick PSA: I've seen fake versions of this product going around, so always make sure you're getting it from the official store ...",,fake,MODERATE_EVIDENCE,3.0,rejected,,,,,,,,,failed,download_failed_after_3_retries: 403 Client Error: Forbidden for url: https://p19-common-sign.tiktokcdn-us.com/tos-alisg-p-0037/owaGBf80CiVuIYTLrD1wiA21IjIqAdxKQAjDBC~tplv-tiktokx-origin.image?dr=9636&x-expires=1785898800&x-signature=%2Fxxxjfum0Ui6CL6yzYb0SM8x1vs%3D&t=4d5b0474&ps=13740610&shp=81f88b70&shcp=55bbe6a9&idc=useast8,counterfeit_evidence,https://www.tiktok.com/@itsryanwoo/video/7658485012190285076,,,,2026-08-15T14:31:14.297214+00:00
2d330562bd88,FACERINNA_CERAMIDE_B5_BALANCING_TONER_NA18250107683,FACERINNA,Ceramide B5 Balancing Toner,NA18250107683,https://p16-common-sign.tiktokcdn-us.com/tos-alisg-p-0037/o8jRDEg8QsqGy5EuQBVU0cF5naYe3BfughA87u~tplv-tiktokx-origin.image?dr=9636&x-expires=1785898800&x-signature=zSQjjMObf20jqSQ2Uju%2FZWaY71s%3D&t=4d5b0474&ps=13740610&shp=81f88b70&shcp=55bbe6a9&idc=useast8,,https://www.tiktok.com/@itsryanwoo/video/7658485012190285076,www.tiktok.com,tiktok.com,,,,,,"Just a quick PSA: I've seen fake versions of this product going ... Just a quick PSA: I've seen fake versions of this product going around, so always make sure you're getting it from the official store ...",,fake,MODERATE_EVIDENCE,3.0,rejected,,,,,,,,,failed,download_failed_after_3_retries: 403 Client Error: Forbidden for url: https://p16-common-sign.tiktokcdn-us.com/tos-alisg-p-0037/o8jRDEg8QsqGy5EuQBVU0cF5naYe3BfughA87u~tplv-tiktokx-origin.image?dr=9636&x-expires=1785898800&x-signature=zSQjjMObf20jqSQ2Uju%2FZWaY71s%3D&t=4d5b0474&ps=13740610&shp=81f88b70&shcp=55bbe6a9&idc=useast8,counterfeit_evidence,https://www.tiktok.com/@itsryanwoo/video/7658485012190285076,,,,2026-08-15T14:31:25.167199+00:00
a6a4424075d3,FACERINNA_CERAMIDE_B5_BALANCING_TONER_NA18250107683,FACERINNA,Ceramide B5 Balancing Toner,NA18250107683,https://p19-common-sign.tiktokcdn-us.com/tos-alisg-p-0037/oYGv4QLQGMYaECRpAIe1AfFmkLey6TDIDJij38~tplv-tiktokx-origin.image?dr=9636&x-expires=1785898800&x-signature=HrwOTJuWbrJlrOasqryPOsNVFbc%3D&t=4d5b0474&ps=13740610&shp=81f88b70&shcp=55bbe6a9&idc=useast8,,https://www.tiktok.com/@itsryanwoo/video/7658485012190285076,www.tiktok.com,tiktok.com,,,,,,"Just a quick PSA: I've seen fake versions of this product going ... Just a quick PSA: I've seen fake versions of this product going around, so always make sure you're getting it from the official store ...",,fake,MODERATE_EVIDENCE,3.0,rejected,,,,,,,,,failed,download_failed_after_3_retries: 403 Client Error: Forbidden for url: https://p19-common-sign.tiktokcdn-us.com/tos-alisg-p-0037/oYGv4QLQGMYaECRpAIe1AfFmkLey6TDIDJij38~tplv-tiktokx-origin.image?dr=9636&x-expires=1785898800&x-signature=HrwOTJuWbrJlrOasqryPOsNVFbc%3D&t=4d5b0474&ps=13740610&shp=81f88b70&shcp=55bbe6a9&idc=useast8,counterfeit_evidence,https://www.tiktok.com/@itsryanwoo/video/7658485012190285076,,,,2026-08-15T14:31:34.914359+00:00
7946f02207ae,FACERINNA_CERAMIDE_B5_BALANCING_TONER_NA18250107683,FACERINNA,Ceramide B5 Balancing Toner,NA18250107683,https://p16-common-sign.tiktokcdn-us.com/tos-alisg-p-0037/oEER9HEA8AU0F9crEO6xfhgIDfATFBAvxCAqvQ~tplv-tiktokx-origin.image?dr=9636&x-expires=1785898800&x-signature=axf%2BT7mwlNYGmgefMPEx%2Bkw%2F3ak%3D&t=4d5b0474&ps=13740610&shp=81f88b70&shcp=55bbe6a9&idc=useast8,,https://www.tiktok.com/@itsryanwoo/video/7658485012190285076,www.tiktok.com,tiktok.com,,,,,,"Just a quick PSA: I've seen fake versions of this product going ... Just a quick PSA: I've seen fake versions of this product going around, so always make sure you're getting it from the official store ...",,fake,MODERATE_EVIDENCE,3.0,rejected,,,,,,,,,failed,download_failed_after_3_retries: 403 Client Error: Forbidden for url: https://p16-common-sign.tiktokcdn-us.com/tos-alisg-p-0037/oEER9HEA8AU0F9crEO6xfhgIDfATFBAvxCAqvQ~tplv-tiktokx-origin.image?dr=9636&x-expires=1785898800&x-signature=axf%2BT7mwlNYGmgefMPEx%2Bkw%2F3ak%3D&t=4d5b0474&ps=13740610&shp=81f88b70&shcp=55bbe6a9&idc=useast8,counterfeit_evidence,https://www.tiktok.com/@itsryanwoo/video/7658485012190285076,,,,2026-08-15T14:31:45.942944+00:00
2c8cd6f958c1,FACERINNA_CERAMIDE_B5_BALANCING_TONER_NA18250107683,FACERINNA,Ceramide B5 Balancing Toner,NA18250107683,https://p19-common-sign.tiktokcdn-us.com/tos-alisg-p-0037/oUBPIqWB1YlEE3FRnlQEeQAcF0gfoCl6hYHQsD~tplv-tiktokx-origin.image?dr=9636&x-expires=1785898800&x-signature=yDkZFMaWWdwoysScm81TICIYvaA%3D&t=4d5b0474&ps=13740610&shp=81f88b70&shcp=55bbe6a9&idc=useast8,,https://www.tiktok.com/@itsryanwoo/video/7658485012190285076,www.tiktok.com,tiktok.com,,,,,,"Just a quick PSA: I've seen fake versions of this product going ... Just a quick PSA: I've seen fake versions of this product going around, so always make sure you're getting it from the official store ...",,fake,MODERATE_EVIDENCE,3.0,rejected,,,,,,,,,failed,download_failed_after_3_retries: 403 Client Error: Forbidden for url: https://p19-common-sign.tiktokcdn-us.com/tos-alisg-p-0037/oUBPIqWB1YlEE3FRnlQEeQAcF0gfoCl6hYHQsD~tplv-tiktokx-origin.image?dr=9636&x-expires=1785898800&x-signature=yDkZFMaWWdwoysScm81TICIYvaA%3D&t=4d5b0474&ps=13740610&shp=81f88b70&shcp=55bbe6a9&idc=useast8,counterfeit_evidence,https://www.tiktok.com/@itsryanwoo/video/7658485012190285076,,,,2026-08-15T14:31:55.317130+00:00
12f076a8b8f4,FACERINNA_CERAMIDE_B5_BALANCING_TONER_NA18250107683,FACERINNA,Ceramide B5 Balancing Toner,NA18250107683,https://p19-common-sign.tiktokcdn-us.com/tos-alisg-p-0037/o4wUehfRAAAxAjW9AIFSYT4Dnf1SE8EEDIEBgQ~tplv-tiktokx-origin.image?dr=9636&x-expires=1785898800&x-signature=yr%2BmOd5bSqcpWcAM1g2XCG%2BMVjQ%3D&t=4d5b0474&ps=13740610&shp=81f88b70&shcp=55bbe6a9&idc=useast8,,https://www.tiktok.com/@itsryanwoo/video/7658485012190285076,www.tiktok.com,tiktok.com,,,,,,"Just a quick PSA: I've seen fake versions of this product going ... Just a quick PSA: I've seen fake versions of this product going around, so always make sure you're getting it from the official store ...",,fake,MODERATE_EVIDENCE,3.0,rejected,,,,,,,,,failed,download_failed_after_3_retries: 403 Client Error: Forbidden for url: https://p19-common-sign.tiktokcdn-us.com/tos-alisg-p-0037/o4wUehfRAAAxAjW9AIFSYT4Dnf1SE8EEDIEBgQ~tplv-tiktokx-origin.image?dr=9636&x-expires=1785898800&x-signature=yr%2BmOd5bSqcpWcAM1g2XCG%2BMVjQ%3D&t=4d5b0474&ps=13740610&shp=81f88b70&shcp=55bbe6a9&idc=useast8,counterfeit_evidence,https://www.tiktok.com/@itsryanwoo/video/7658485012190285076,,,,2026-08-15T14:32:06.116780+00:00
e96575b8ba93,FACERINNA_CERAMIDE_B5_BALANCING_TONER_NA18250107683,FACERINNA,Ceramide B5 Balancing Toner,NA18250107683,https://p16-common-sign.tiktokcdn-us.com/tos-alisg-p-0037/o44qISQa1EOACAA3WBFizA1iIQBAmXACCwfCoU~tplv-tiktokx-origin.image?dr=9636&x-expires=1785898800&x-signature=kOOYEdhx%2FZ43%2FqoVVqa0RdI%2B5E0%3D&t=4d5b0474&ps=13740610&shp=81f88b70&shcp=55bbe6a9&idc=useast8,,https://www.tiktok.com/@itsryanwoo/video/7658485012190285076,www.tiktok.com,tiktok.com,,,,,,"Just a quick PSA: I've seen fake versions of this product going ... Just a quick PSA: I've seen fake versions of this product going around, so always make sure you're getting it from the official store ...",,fake,MODERATE_EVIDENCE,3.0,rejected,,,,,,,,,failed,download_failed_after_3_retries: 403 Client Error: Forbidden for url: https://p16-common-sign.tiktokcdn-us.com/tos-alisg-p-0037/o44qISQa1EOACAA3WBFizA1iIQBAmXACCwfCoU~tplv-tiktokx-origin.image?dr=9636&x-expires=1785898800&x-signature=kOOYEdhx%2FZ43%2FqoVVqa0RdI%2B5E0%3D&t=4d5b0474&ps=13740610&shp=81f88b70&shcp=55bbe6a9&idc=useast8,counterfeit_evidence,https://www.tiktok.com/@itsryanwoo/video/7658485012190285076,,,,2026-08-15T14:32:16.896613+00:00
deae47f6ef6b,FACERINNA_CERAMIDE_B5_BALANCING_TONER_NA18250107683,FACERINNA,Ceramide B5 Balancing Toner,NA18250107683,https://p16-common-sign.tiktokcdn-us.com/tos-alisg-p-0037/oMlHEO7AYBA7QzAGAii8AI1AACVwlBABIPfwMi~tplv-tiktokx-origin.image?dr=9636&x-expires=1785898800&x-signature=DcBy06mZYaQ79qoFnpIIv0wwM4w%3D&t=4d5b0474&ps=13740610&shp=81f88b70&shcp=55bbe6a9&idc=useast8,,https://www.tiktok.com/@itsryanwoo/video/7658485012190285076,www.tiktok.com,tiktok.com,,,,,,"Just a quick PSA: I've seen fake versions of this product going ... Just a quick PSA: I've seen fake versions of this product going around, so always make sure you're getting it from the official store ...",,fake,MODERATE_EVIDENCE,3.0,rejected,,,,,,,,,failed,download_failed_after_3_retries: 403 Client Error: Forbidden for url: https://p16-common-sign.tiktokcdn-us.com/tos-alisg-p-0037/oMlHEO7AYBA7QzAGAii8AI1AACVwlBABIPfwMi~tplv-tiktokx-origin.image?dr=9636&x-expires=1785898800&x-signature=DcBy06mZYaQ79qoFnpIIv0wwM4w%3D&t=4d5b0474&ps=13740610&shp=81f88b70&shcp=55bbe6a9&idc=useast8,counterfeit_evidence,https://www.tiktok.com/@itsryanwoo/video/7658485012190285076,,,,2026-08-15T14:32:26.150495+00:00
afc428cb3f4c,FACERINNA_CERAMIDE_B5_BALANCING_TONER_NA18250107683,FACERINNA,Ceramide B5 Balancing Toner,NA18250107683,https://p16-common-sign.tiktokcdn-us.com/tos-alisg-p-0037/oABeoCuB1Ao8i2nii43sAAIhCAvNPBbwAIID84~tplv-tiktokx-origin.image?dr=9636&x-expires=1785898800&x-signature=3GI9feYCGYIDxrnlaniE8pfVr7A%3D&t=4d5b0474&ps=13740610&shp=81f88b70&shcp=55bbe6a9&idc=useast8,,https://www.tiktok.com/@itsryanwoo/video/7658485012190285076,www.tiktok.com,tiktok.com,,,,,,"Just a quick PSA: I've seen fake versions of this product going ... Just a quick PSA: I've seen fake versions of this product going around, so always make sure you're getting it from the official store ...",,fake,MODERATE_EVIDENCE,3.0,rejected,,,,,,,,,failed,download_failed_after_3_retries: 403 Client Error: Forbidden for url: https://p16-common-sign.tiktokcdn-us.com/tos-alisg-p-0037/oABeoCuB1Ao8i2nii43sAAIhCAvNPBbwAIID84~tplv-tiktokx-origin.image?dr=9636&x-expires=1785898800&x-signature=3GI9feYCGYIDxrnlaniE8pfVr7A%3D&t=4d5b0474&ps=13740610&shp=81f88b70&shcp=55bbe6a9&idc=useast8,counterfeit_evidence,https://www.tiktok.com/@itsryanwoo/video/7658485012190285076,,,,2026-08-15T14:32:35.515730+00:00
3a1d8d344627,DR_G_BRIGHTENING_VITA_PEELING_PAD_NA26220200245,Dr.G,Brightening Vita Peeling Pad,NA26220200245,https://i.ebayimg.com/images/g/mNcAAOSwmsRklaDm/s-l1200.jpg,SafeCart_Dataset\images\genuine_reference\DR_G_BRIGHTENING_VITA_PEELING_PAD_NA26220200245\3a1d8d344627.jpg,https://www.ebay.com/itm/155627738775,www.ebay.com,ebay.com,,,,,,,,,,,rejected,,,,,,,504a42c80005c2040b0c02949d18fd4a,,rejected,too_blurry (score=5.7),genuine,Dr.G Brightening Vita Peeling Pad official,1100.0,1100.0,53584.0,2026-08-15T14:32:56.412009+00:00
6b64b1accba1,ROUND_LAB_PINE_CALMING_CICA_TONER_NA26231200708,Round Lab,Pine Calming Cica Toner,NA26231200708,https://www.tiktok.com/api/img/?itemId=7649623858043014408&location=0&aid=1988,,https://www.tiktok.com/discover/round-lab-pine-calming-cica-toner-vs-round-lab-dokdo-toner,www.tiktok.com,tiktok.com,,,,,,Round Lab Pine Calming Cica Toner Vs Round Lab Dokdo ... designed for irritated and acne-prone skin. Round Lab Pine Cica Calming Toner for sensitive and acne-prone skin. Fake Round Lab Toner,,fake,MODERATE_EVIDENCE,3.0,rejected,,,,,,,,,failed,download_failed_after_3_retries: 403 Client Error: Forbidden for url: https://www.tiktok.com/api/img/?itemId=7649623858043014408&location=0&aid=1988,counterfeit_evidence,https://www.tiktok.com/discover/round-lab-pine-calming-cica-toner-vs-round-lab-dokdo-toner,,,,2026-08-15T14:32:12.412896+00:00
92e7e4a92a02,ROUND_LAB_PINE_CALMING_CICA_TONER_NA26231200708,Round Lab,Pine Calming Cica Toner,NA26231200708,https://www.tiktok.com/api/img/?itemId=7615441789578759445&location=0&aid=1988,,https://www.tiktok.com/discover/round-lab-pine-calming-cica-toner-vs-round-lab-dokdo-toner,www.tiktok.com,tiktok.com,,,,,,Round Lab Pine Calming Cica Toner Vs Round Lab Dokdo ... designed for irritated and acne-prone skin. Round Lab Pine Cica Calming Toner for sensitive and acne-prone skin. Fake Round Lab Toner,,fake,MODERATE_EVIDENCE,3.0,rejected,,,,,,,,,failed,download_failed_after_3_retries: 403 Client Error: Forbidden for url: https://www.tiktok.com/api/img/?itemId=7615441789578759445&location=0&aid=1988,counterfeit_evidence,https://www.tiktok.com/discover/round-lab-pine-calming-cica-toner-vs-round-lab-dokdo-toner,,,,2026-08-15T14:32:21.825768+00:00
355946e27f13,ROUND_LAB_PINE_CALMING_CICA_TONER_NA26231200708,Round Lab,Pine Calming Cica Toner,NA26231200708,https://www.tiktok.com/api/img/?itemId=7294532464830205216&location=0&aid=1988,,https://www.tiktok.com/discover/round-lab-pine-calming-cica-toner-vs-round-lab-dokdo-toner,www.tiktok.com,tiktok.com,,,,,,Round Lab Pine Calming Cica Toner Vs Round Lab Dokdo ... designed for irritated and acne-prone skin. Round Lab Pine Cica Calming Toner for sensitive and acne-prone skin. Fake Round Lab Toner,,fake,MODERATE_EVIDENCE,3.0,rejected,,,,,,,,,failed,download_failed_after_3_retries: 403 Client Error: Forbidden for url: https://www.tiktok.com/api/img/?itemId=7294532464830205216&location=0&aid=1988,counterfeit_evidence,https://www.tiktok.com/discover/round-lab-pine-calming-cica-toner-vs-round-lab-dokdo-toner,,,,2026-08-15T14:32:31.313335+00:00
ca0d1e840b52,ROUND_LAB_PINE_CALMING_CICA_TONER_NA26231200708,Round Lab,Pine Calming Cica Toner,NA26231200708,https://www.tiktok.com/api/img/?itemId=7248291169866665242&location=0&aid=1988,,https://www.tiktok.com/discover/round-lab-pine-calming-cica-toner-vs-round-lab-dokdo-toner,www.tiktok.com,tiktok.com,,,,,,Round Lab Pine Calming Cica Toner Vs Round Lab Dokdo ... designed for irritated and acne-prone skin. Round Lab Pine Cica Calming Toner for sensitive and acne-prone skin. Fake Round Lab Toner,,fake,MODERATE_EVIDENCE,3.0,rejected,,,,,,,,,failed,download_failed_after_3_retries: 403 Client Error: Forbidden for url: https://www.tiktok.com/api/img/?itemId=7248291169866665242&location=0&aid=1988,counterfeit_evidence,https://www.tiktok.com/discover/round-lab-pine-calming-cica-toner-vs-round-lab-dokdo-toner,,,,2026-08-15T14:32:40.703159+00:00
b8a7026cafa9,ROUND_LAB_PINE_CALMING_CICA_TONER_NA26231200708,Round Lab,Pine Calming Cica Toner,NA26231200708,https://www.tiktok.com/api/img/?itemId=7610404319480909064&location=0&aid=1988,,https://www.tiktok.com/discover/round-lab-pine-calming-cica-toner-vs-round-lab-dokdo-toner,www.tiktok.com,tiktok.com,,,,,,Round Lab Pine Calming Cica Toner Vs Round Lab Dokdo ... designed for irritated and acne-prone skin. Round Lab Pine Cica Calming Toner for sensitive and acne-prone skin. Fake Round Lab Toner,,fake,MODERATE_EVIDENCE,3.0,rejected,,,,,,,,,failed,download_failed_after_3_retries: 403 Client Error: Forbidden for url: https://www.tiktok.com/api/img/?itemId=7610404319480909064&location=0&aid=1988,counterfeit_evidence,https://www.tiktok.com/discover/round-lab-pine-calming-cica-toner-vs-round-lab-dokdo-toner,,,,2026-08-15T14:32:50.212959+00:00
0088b015b312,ROUND_LAB_PINE_CALMING_CICA_TONER_NA26231200708,Round Lab,Pine Calming Cica Toner,NA26231200708,https://www.tiktok.com/api/img/?itemId=7392032487804898606&location=0&aid=1988,,https://www.tiktok.com/discover/round-lab-pine-calming-cica-toner-vs-round-lab-dokdo-toner,www.tiktok.com,tiktok.com,,,,,,Round Lab Pine Calming Cica Toner Vs Round Lab Dokdo ... designed for irritated and acne-prone skin. Round Lab Pine Cica Calming Toner for sensitive and acne-prone skin. Fake Round Lab Toner,,fake,MODERATE_EVIDENCE,3.0,rejected,,,,,,,,,failed,download_failed_after_3_retries: 403 Client Error: Forbidden for url: https://www.tiktok.com/api/img/?itemId=7392032487804898606&location=0&aid=1988,counterfeit_evidence,https://www.tiktok.com/discover/round-lab-pine-calming-cica-toner-vs-round-lab-dokdo-toner,,,,2026-08-15T14:32:59.589644+00:00
ee2daf9fdae7,LANBENA_BOOST_RADIANCE_HYDRATING_FACIAL_TONER_NA11231201159,LANBENA,Boost Radiance & Hydrating Facial Toner,NA11231201159,https://www.tiktok.com/api/img/?itemId=7366494661529341230&location=0&aid=1988,,https://www.tiktok.com/@lanbena.official.us/video/7366494661529341230,www.tiktok.com,tiktok.com,,,,,,,,,,,rejected,,,,,,,,,failed,download_failed_after_3_retries: 403 Client Error: Forbidden for url: https://www.tiktok.com/api/img/?itemId=7366494661529341230&location=0&aid=1988,genuine,LANBENA Boost Radiance & Hydrating Facial Toner official,,,,2026-08-15T14:32:40.110944+00:00
6486f093e7a6,LANBENA_BOOST_RADIANCE_HYDRATING_FACIAL_TONER_NA11231201159,LANBENA,Boost Radiance & Hydrating Facial Toner,NA11231201159,https://www.tiktok.com/api/img/?itemId=7375065635602091306&location=0&aid=1988,,https://www.tiktok.com/@lanbena.official.us/video/7375065635602091306,www.tiktok.com,tiktok.com,,,,,,,,,,,rejected,,,,,,,,,failed,download_failed_after_3_retries: 403 Client Error: Forbidden for url: https://www.tiktok.com/api/img/?itemId=7375065635602091306&location=0&aid=1988,genuine,LANBENA Boost Radiance & Hydrating Facial Toner official,,,,2026-08-15T14:32:49.444393+00:00
6eccc1d4c1b8,LANBENA_BOOST_RADIANCE_HYDRATING_FACIAL_TONER_NA11231201159,LANBENA,Boost Radiance & Hydrating Facial Toner,NA11231201159,https://www.tiktok.com/api/img/?itemId=7375064540737850666&location=0&aid=1988,,https://www.tiktok.com/@lanbena.official.us/video/7375064540737850666,www.tiktok.com,tiktok.com,,,,,,,,,,,rejected,,,,,,,,,failed,download_failed_after_3_retries: 403 Client Error: Forbidden for url: https://www.tiktok.com/api/img/?itemId=7375064540737850666&location=0&aid=1988,genuine,LANBENA Boost Radiance & Hydrating Facial Toner official,,,,2026-08-15T14:33:00.065544+00:00
1361fc685979,MEDIHEAL_WATERMIDE_MOISTURE_PAD_NA26240100017,Mediheal,Watermide Moisture Pad,NA26240100017,https://ohlolly.com/cdn/shop/files/Mediheal_WatermideTonerPad_1.jpg?v=1758839611&width=1080,SafeCart_Dataset\images\genuine_reference\MEDIHEAL_WATERMIDE_MOISTURE_PAD_NA26240100017\1361fc685979.jpg,https://ohlolly.com/products/mediheal-watermide-toner-pad?srsltid=AfmBOop1R2477NSpHHE7oXoOp6jKLavkUB8Lpzu4Ca6W2qke6Jf73HaJ,ohlolly.com,ohlolly.com,,,,,,,,,,,rejected,,,,,,,42496899b54e829baa79abe20dbaa45f,,rejected,too_blurry (score=13.4),genuine,Mediheal Watermide Moisture Pad official,1080.0,1350.0,70091.0,2026-08-15T14:33:28.488499+00:00
0772df6270b5,MEDIHEAL_COLLAGEN_AMPOULE_PAD_NA26242000002,Mediheal,Collagen Ampoule Pad,NA26242000002,https://lookaside.instagram.com/seo/google_widget/crawler/?media_id=3581588904567152424,,https://www.instagram.com/reel/DG0XCH0NJ8o/,www.instagram.com,instagram.com,,,,,,,,,,,rejected,,,,,,,,,failed,"not_an_image (content-type=text/html; charset=""utf-8"")",genuine,Mediheal Collagen Ampoule Pad official,,,,2026-08-15T14:33:31.571263+00:00
32cc1527a9bd,ALL_NATURAL_HOUTTUYNIA_CORDATA_COTTON_TONER_PAD_NA26221200918,All Natural,Houttuynia Cordata Cotton Toner Pad,NA26221200918,https://cdn-image.oliveyoung.com/prdt_review/1429/b4c95717-8028-4637-b644-0c5a67c815eb.jpeg?RS=0x240&AO=1&SF=webp&QT=80,SafeCart_Dataset\images\genuine_reference\ALL_NATURAL_HOUTTUYNIA_CORDATA_COTTON_TONER_PAD_NA26221200918\32cc1527a9bd.jpg,https://global.oliveyoung.com/product/detail?accParam=80&prdtNo=GA220113367&srsltid=AfmBOoqxlbDua0eN6TLwbqcnzKnI09hV_axGrIYTMmFqiFU8EOcW4ebd,global.oliveyoung.com,global.oliveyoung.com,,,,,,,,,,,rejected,,,,,,,b18e22f2bcabaff3cfef298c53a76cef,,rejected,too_small (262x240),genuine,All Natural Houttuynia Cordata Cotton Toner Pad official,262.0,240.0,18223.0,2026-08-15T14:33:16.962893+00:00
c86786301cd9,HALE_OVERNIGHT_GLOW_EXFOLIATING_MOUSSE_SOLUTION_NA18240113812,Hale,Overnight Glow Exfoliating Mousse Solution,NA18240113812,https://lookaside.instagram.com/seo/google_widget/crawler/?media_id=3894653945381483132,,https://www.instagram.com/p/DYMl3GhiXvh/,www.instagram.com,instagram.com,,,,,,,,,,,rejected,,,,,,,,,failed,"not_an_image (content-type=text/html; charset=""utf-8"")",genuine,Hale Overnight Glow Exfoliating Mousse Solution official,,,,2026-08-15T14:33:17.220299+00:00
7cbff5d8816e,HALE_OVERNIGHT_GLOW_EXFOLIATING_MOUSSE_SOLUTION_NA18240113812,Hale,Overnight Glow Exfoliating Mousse Solution,NA18240113812,https://lookaside.instagram.com/seo/google_widget/crawler/?media_id=3929423165985957991,,https://www.instagram.com/p/DaIHaVhEhsx/,www.instagram.com,instagram.com,,,,,,,,,,,rejected,,,,,,,,,failed,"not_an_image (content-type=text/html; charset=""utf-8"")",genuine,Hale Overnight Glow Exfoliating Mousse Solution official,,,,2026-08-15T14:33:18.842822+00:00
846d4d99daae,HALE_OVERNIGHT_GLOW_EXFOLIATING_MOUSSE_SOLUTION_NA18240113812,Hale,Overnight Glow Exfoliating Mousse Solution,NA18240113812,https://lookaside.instagram.com/seo/google_widget/crawler/?media_id=3879462390312620014,,https://www.instagram.com/p/DXWoESNEijh/?img_index=2,www.instagram.com,instagram.com,,,,,,,,,,,rejected,,,,,,,,,failed,"not_an_image (content-type=text/html; charset=""utf-8"")",genuine,Hale Overnight Glow Exfoliating Mousse Solution official,,,,2026-08-15T14:33:28.492506+00:00
4102dbe69daa,HALE_OVERNIGHT_GLOW_EXFOLIATING_MOUSSE_SOLUTION_NA18240113812,Hale,Overnight Glow Exfoliating Mousse Solution,NA18240113812,https://lookaside.instagram.com/seo/google_widget/crawler/?media_id=3631456420046862962,,https://www.instagram.com/p/DJlho_1tsD-/,www.instagram.com,instagram.com,,,,,,,,,,,rejected,,,,,,,,,failed,"not_an_image (content-type=text/html; charset=""utf-8"")",genuine,Hale Overnight Glow Exfoliating Mousse Solution official,,,,2026-08-15T14:33:29.913534+00:00
0804de628971,HALE_OVERNIGHT_GLOW_EXFOLIATING_MOUSSE_SOLUTION_NA18240113812,Hale,Overnight Glow Exfoliating Mousse Solution,NA18240113812,https://www.tiktok.com/api/img/?itemId=7598232269194562830&location=0&aid=1988,,https://www.tiktok.com/discover/hale-skincare-review,www.tiktok.com,tiktok.com,,,,,,Hale Skincare Review night Glow Exfoliating Mousse Solution. Discover the differences between real and fake Nila powder. Learn how to protect your skin and choose ...,,fake,MODERATE_EVIDENCE,3.0,rejected,,,,,,,,,failed,download_failed_after_3_retries: 403 Client Error: Forbidden for url: https://www.tiktok.com/api/img/?itemId=7598232269194562830&location=0&aid=1988,counterfeit_evidence,https://www.tiktok.com/discover/hale-skincare-review,,,,2026-08-15T14:33:33.350709+00:00
5592e4ac4b2d,ANUA_PEACH_77_NIACIN_ESSENCE_TONER_NA26241200669,Anua,Peach 77% Niacin Essence Toner,NA26241200669,https://cdn11.bigcommerce.com/s-zmqshtvb4s/images/stencil/1280x1280/products/1166/3448/Peach_77_essence_toner__69502.1708032825.jpg?c=2,SafeCart_Dataset\images\genuine_reference\ANUA_PEACH_77_NIACIN_ESSENCE_TONER_NA26241200669\5592e4ac4b2d.jpg,https://www.kbuty.com/anua-peach-77-niacin-essence-toner-250ml/,www.kbuty.com,kbuty.com,,,,,,,,,,,rejected,,,,,,,8d726fe33ecf815e7bc4afa3026b9998,,rejected,too_blurry (score=8.3),genuine,Anua Peach 77% Niacin Essence Toner official,770.0,770.0,22256.0,2026-08-15T14:33:37.834944+00:00
0f6639d93e03,PYUNKANG_YUL_ESSENCE_TONER_PAD_NA26241200166,Pyunkang Yul,Essence Toner Pad,NA26241200166,https://d2c3d01lcpw2ui.cloudfront.net/gl/data/editor/2507/ScreenShot20250729at51753824244104562e00139eb2.png,SafeCart_Dataset\images\genuine_reference\PYUNKANG_YUL_ESSENCE_TONER_PAD_NA26241200166\0f6639d93e03.jpg,https://www.stylekorean.com/shop/pyunkang-yul-essence-toner-pad-70ea/1736841194?srsltid=AfmBOoqf7Ymc8kOKipVuVkpQb7xqOo94Dcx-Gv7Xh0TQZcLTs-0ac8lh,www.stylekorean.com,stylekorean.com,,,,,,,,,,,rejected,,,,,,,4e5aacab3684a20a92fbf953a5e4e258,,rejected,too_small (201x198),genuine,Pyunkang Yul Essence Toner Pad official,201.0,198.0,6623.0,2026-08-15T14:33:41.293218+00:00
4f011af4b225,BEAUTY_OF_JOSEON_GLOW_REPLENISHING_RICE_MILK_NA26241200554,Beauty of Joseon,Glow Replenishing Rice Milk,NA26241200554,https://beautyofjoseon.com/cdn/shop/files/Glow-Charging-Rice-Duo_Beauty-of-Joseon_1345008-52105657221492.jpg?v=1762679632,SafeCart_Dataset\images\genuine_reference\BEAUTY_OF_JOSEON_GLOW_REPLENISHING_RICE_MILK_NA26241200554\4f011af4b225.jpg,https://beautyofjoseon.com/products/glow-charging-rice-duo?srsltid=AfmBOooDz7fTfzvVqatXoyfB2Z5q_xw6bm6unXr5Z8GeeqeHUQhgfPR7,beautyofjoseon.com,beautyofjoseon.com,,,,,,,,,,,rejected,,,,,,,4727c39cb45d806ebc807b4184dd2636,,rejected,too_blurry (score=5.6),genuine,Beauty of Joseon Glow Replenishing Rice Milk official,2000.0,2000.0,136200.0,2026-08-15T14:33:46.743560+00:00
9bb3354cb367,BEAUTY_OF_JOSEON_GLOW_REPLENISHING_RICE_MILK_NA26241200554,Beauty of Joseon,Glow Replenishing Rice Milk,NA26241200554,https://www.tiktok.com/api/img/?itemId=7523038147022769439&location=0&aid=1988,,https://www.tiktok.com/discover/real-vs-fake-beauty-of-joseon-glow-rice-milk,www.tiktok.com,tiktok.com,,,,,,"Real Vs Fake Beauty of Joseon Glow Rice Milk Discover the Beauty of Joseon Rice Milk Toner, its benefits, and how to avoid counterfeit products for a flawless skincare routine!",,counterfeit; counterfeit product; fake,MODERATE_EVIDENCE,3.0,rejected,,,,,,,,,failed,download_failed_after_3_retries: 403 Client Error: Forbidden for url: https://www.tiktok.com/api/img/?itemId=7523038147022769439&location=0&aid=1988,counterfeit_evidence,https://www.tiktok.com/discover/real-vs-fake-beauty-of-joseon-glow-rice-milk,,,,2026-08-15T14:33:54.938455+00:00
600eb25014ed,BEAUTY_OF_JOSEON_GLOW_REPLENISHING_RICE_MILK_NA26241200554,Beauty of Joseon,Glow Replenishing Rice Milk,NA26241200554,https://www.tiktok.com/api/img/?itemId=7651814891933764895&location=0&aid=1988,,https://www.tiktok.com/discover/real-vs-fake-beauty-of-joseon-glow-rice-milk,www.tiktok.com,tiktok.com,,,,,,"Real Vs Fake Beauty of Joseon Glow Rice Milk Discover the Beauty of Joseon Rice Milk Toner, its benefits, and how to avoid counterfeit products for a flawless skincare routine!",,counterfeit; counterfeit product; fake,MODERATE_EVIDENCE,3.0,rejected,,,,,,,,,failed,download_failed_after_3_retries: 403 Client Error: Forbidden for url: https://www.tiktok.com/api/img/?itemId=7651814891933764895&location=0&aid=1988,counterfeit_evidence,https://www.tiktok.com/discover/real-vs-fake-beauty-of-joseon-glow-rice-milk,,,,2026-08-15T14:34:05.022487+00:00
a9e226b6daff,BEAUTY_OF_JOSEON_GREEN_PLUM_REFRESHING_TONER_AHA_BHA_NA26241200303,Beauty of Joseon,Green Plum Refreshing Toner: AHA + BHA,NA26241200303,https://www.tiktok.com/api/img/?itemId=7614148583314558230&location=0&aid=1988,,https://www.tiktok.com/discover/real-vs-fake-beauty-of-joseon-green-plum-toner,www.tiktok.com,tiktok.com,,,,,,"Real Vs Fake Beauty of Joseon Green Plum Toner The fake product is a little shorter. and has a small diameter compared to the real one. very smooth and glossy, is a bit grippy and harder to spread well.",,fake product; fake,MODERATE_EVIDENCE,3.0,rejected,,,,,,,,,failed,download_failed_after_3_retries: 403 Client Error: Forbidden for url: https://www.tiktok.com/api/img/?itemId=7614148583314558230&location=0&aid=1988,counterfeit_evidence,https://www.tiktok.com/discover/real-vs-fake-beauty-of-joseon-green-plum-toner,,,,2026-08-15T14:34:04.342011+00:00
ecfa6bc47b8a,BEAUTY_OF_JOSEON_GREEN_PLUM_REFRESHING_TONER_AHA_BHA_NA26241200303,Beauty of Joseon,Green Plum Refreshing Toner: AHA + BHA,NA26241200303,https://www.tiktok.com/api/img/?itemId=7378195100100349226&location=0&aid=1988,,https://www.tiktok.com/discover/real-vs-fake-beauty-of-joseon-green-plum-toner,www.tiktok.com,tiktok.com,,,,,,"Real Vs Fake Beauty of Joseon Green Plum Toner The fake product is a little shorter. and has a small diameter compared to the real one. very smooth and glossy, is a bit grippy and harder to spread well.",,fake product; fake,MODERATE_EVIDENCE,3.0,rejected,,,,,,,,,failed,download_failed_after_3_retries: 403 Client Error: Forbidden for url: https://www.tiktok.com/api/img/?itemId=7378195100100349226&location=0&aid=1988,counterfeit_evidence,https://www.tiktok.com/discover/real-vs-fake-beauty-of-joseon-green-plum-toner,,,,2026-08-15T14:34:13.893838+00:00
0f7e3b144c42,BEAUTY_OF_JOSEON_GREEN_PLUM_REFRESHING_TONER_AHA_BHA_NA26241200303,Beauty of Joseon,Green Plum Refreshing Toner: AHA + BHA,NA26241200303,https://www.tiktok.com/api/img/?itemId=7616083153744055574&location=0&aid=1988,,https://www.tiktok.com/discover/real-vs-fake-beauty-of-joseon-green-plum-toner,www.tiktok.com,tiktok.com,,,,,,"Real Vs Fake Beauty of Joseon Green Plum Toner The fake product is a little shorter. and has a small diameter compared to the real one. very smooth and glossy, is a bit grippy and harder to spread well.",,fake product; fake,MODERATE_EVIDENCE,3.0,rejected,,,,,,,,,failed,download_failed_after_3_retries: 403 Client Error: Forbidden for url: https://www.tiktok.com/api/img/?itemId=7616083153744055574&location=0&aid=1988,counterfeit_evidence,https://www.tiktok.com/discover/real-vs-fake-beauty-of-joseon-green-plum-toner,,,,2026-08-15T14:34:23.278373+00:00
9575ee1ffdd8,BEAUTY_OF_JOSEON_GREEN_PLUM_REFRESHING_TONER_AHA_BHA_NA26241200303,Beauty of Joseon,Green Plum Refreshing Toner: AHA + BHA,NA26241200303,https://www.tiktok.com/api/img/?itemId=7609025076033342742&location=0&aid=1988,,https://www.tiktok.com/discover/real-vs-fake-beauty-of-joseon-green-plum-toner,www.tiktok.com,tiktok.com,,,,,,"Real Vs Fake Beauty of Joseon Green Plum Toner The fake product is a little shorter. and has a small diameter compared to the real one. very smooth and glossy, is a bit grippy and harder to spread well.",,fake product; fake,MODERATE_EVIDENCE,3.0,rejected,,,,,,,,,failed,download_failed_after_3_retries: 403 Client Error: Forbidden for url: https://www.tiktok.com/api/img/?itemId=7609025076033342742&location=0&aid=1988,counterfeit_evidence,https://www.tiktok.com/discover/real-vs-fake-beauty-of-joseon-green-plum-toner,,,,2026-08-15T14:34:32.757057+00:00
ada828be369f,BIYU_PURE_GENTLE_CLEANSER_PH_BALANCED_NA18211202524,Biyu,Pure Gentle Cleanser pH Balanced,NA18211202524,"https://www.sociolla.com/cdn-cgi/image/w=200,format=auto,dpr=1.45/https://images.soco.id/0072ae8f-6431-4bf2-a39d-62c0208d78da-.jpg",SafeCart_Dataset\images\genuine_reference\BIYU_PURE_GENTLE_CLEANSER_PH_BALANCED_NA18211202524\ada828be369f.jpg,https://www.sociolla.com/2188_biyu,www.sociolla.com,sociolla.com,,,,,,,,,,,rejected,,,,,,,2c7f525185e3d678442a9fd7199e14d2,,rejected,too_small (290x290),genuine,Biyu Pure Gentle Cleanser pH Balanced official,290.0,290.0,13304.0,2026-08-15T14:34:41.453032+00:00
2b8be11a9abf,GEMISTRY_2IN1_DOUBLE_CLEANSER_MICELLAR_GEL_FACE_WASH_NA18241210632,Gemistry,2in1 Double Cleanser Micellar Gel + Face Wash,NA18241210632,https://lookaside.instagram.com/seo/google_widget/crawler/?media_id=3712063746605667327,,https://www.instagram.com/reel/DOD5k9oCVP_/,www.instagram.com,instagram.com,,,,,,,,,,,rejected,,,,,,,,,failed,"not_an_image (content-type=text/html; charset=""utf-8"")",genuine,Gemistry 2in1 Double Cleanser Micellar Gel + Face Wash official,,,,2026-08-15T14:35:02.475448+00:00
2d8f6b8e877d,GEMISTRY_2IN1_DOUBLE_CLEANSER_MICELLAR_GEL_FACE_WASH_NA18241210632,Gemistry,2in1 Double Cleanser Micellar Gel + Face Wash,NA18241210632,https://images.soco.id/a7b3d446-47a9-46fd-8262-e40d9fb7cfd2-image-0-1737099445820,,https://review.soco.id/product/face-wash/112390-2in1-double-cleanser-micellar-gel-face-wash,review.soco.id,review.soco.id,,,,,,,,,,,rejected,,,,,,,,,failed,not_an_image (content-type=),genuine,Gemistry 2in1 Double Cleanser Micellar Gel + Face Wash official,,,,2026-08-15T14:35:04.163916+00:00
f259c0781faf,GEMISTRY_2IN1_DOUBLE_CLEANSER_MICELLAR_GEL_FACE_WASH_NA18241210632,Gemistry,2in1 Double Cleanser Micellar Gel + Face Wash,NA18241210632,https://lookaside.instagram.com/seo/google_widget/crawler/?media_id=3927321582863481091,,https://www.instagram.com/reel/DK1ZjAJzKGi/,www.instagram.com,instagram.com,,,,,,,,,,,rejected,,,,,,,,,failed,"not_an_image (content-type=text/html; charset=""utf-8"")",genuine,Gemistry 2in1 Double Cleanser Micellar Gel + Face Wash official,,,,2026-08-15T14:35:04.389113+00:00
02ba89dac76c,GEMISTRY_2IN1_DOUBLE_CLEANSER_MICELLAR_GEL_FACE_WASH_NA18241210632,Gemistry,2in1 Double Cleanser Micellar Gel + Face Wash,NA18241210632,https://lookaside.instagram.com/seo/google_widget/crawler/?media_id=3653939029189894562,,https://www.instagram.com/reel/DK1ZjAJzKGi/,www.instagram.com,instagram.com,,,,,,,,,,,rejected,,,,,,,,,failed,"not_an_image (content-type=text/html; charset=""utf-8"")",genuine,Gemistry 2in1 Double Cleanser Micellar Gel + Face Wash official,,,,2026-08-15T14:35:06.483053+00:00
4524153d0a7b,GEMISTRY_2IN1_DOUBLE_CLEANSER_MICELLAR_GEL_FACE_WASH_NA18241210632,Gemistry,2in1 Double Cleanser Micellar Gel + Face Wash,NA18241210632,https://lookaside.instagram.com/seo/google_widget/crawler/?media_id=3941749934613172315,,https://www.instagram.com/reel/DOD5k9oCVP_/,www.instagram.com,instagram.com,,,,,,,,,,,rejected,,,,,,,,,failed,"not_an_image (content-type=text/html; charset=""utf-8"")",genuine,Gemistry 2in1 Double Cleanser Micellar Gel + Face Wash official,,,,2026-08-15T14:35:09.840910+00:00
0f46e681e205,GEMISTRY_2IN1_DOUBLE_CLEANSER_MICELLAR_GEL_FACE_WASH_NA18241210632,Gemistry,2in1 Double Cleanser Micellar Gel + Face Wash,NA18241210632,https://lookaside.instagram.com/seo/google_widget/crawler/?media_id=3956556679497236114,,https://www.instagram.com/reel/DOD5k9oCVP_/,www.instagram.com,instagram.com,,,,,,,,,,,rejected,,,,,,,,,failed,"not_an_image (content-type=text/html; charset=""utf-8"")",genuine,Gemistry 2in1 Double Cleanser Micellar Gel + Face Wash official website,,,,2026-08-15T14:35:13.007565+00:00
32317a28024e,DEAR_KLAIRS_FRESHLY_JUICED_VITAMIN_MASK_CLEANSER_NA26251200595,Dear Klairs,Freshly Juiced Vitamin Mask Cleanser,NA26251200595,https://lookaside.instagram.com/seo/google_widget/crawler/?media_id=3960600623554094470,,https://www.instagram.com/p/CE1UVDfp0RP/,www.instagram.com,instagram.com,,,,,,"it is still an original Klairs product 🙂 Also, previously the ... is still an original Klairs product. You can be assured, it is NOT FAKE. We work directly with the brand and only provide 100% authentic pieces.",,fake,MODERATE_EVIDENCE,3.0,rejected,,,,,,,,,failed,"not_an_image (content-type=text/html; charset=""utf-8"")",counterfeit_evidence,https://www.instagram.com/p/CE1UVDfp0RP/,,,,2026-08-15T14:35:08.887369+00:00
5548aa1ea028,DEAR_KLAIRS_FRESHLY_JUICED_VITAMIN_MASK_CLEANSER_NA26251200595,Dear Klairs,Freshly Juiced Vitamin Mask Cleanser,NA26251200595,https://lookaside.instagram.com/seo/google_widget/crawler/?media_id=3963964817861837315,,https://www.instagram.com/p/CE1UVDfp0RP/,www.instagram.com,instagram.com,,,,,,"it is still an original Klairs product 🙂 Also, previously the ... is still an original Klairs product. You can be assured, it is NOT FAKE. We work directly with the brand and only provide 100% authentic pieces.",,fake,MODERATE_EVIDENCE,3.0,rejected,,,,,,,,,failed,"not_an_image (content-type=text/html; charset=""utf-8"")",counterfeit_evidence,https://www.instagram.com/p/CE1UVDfp0RP/,,,,2026-08-15T14:35:10.248284+00:00
a780b6b3fab9,DEAR_KLAIRS_FRESHLY_JUICED_VITAMIN_MASK_CLEANSER_NA26251200595,Dear Klairs,Freshly Juiced Vitamin Mask Cleanser,NA26251200595,https://lookaside.instagram.com/seo/google_widget/crawler/?media_id=3958383975118741352,,https://www.instagram.com/p/CE1UVDfp0RP/,www.instagram.com,instagram.com,,,,,,"it is still an original Klairs product 🙂 Also, previously the ... is still an original Klairs product. You can be assured, it is NOT FAKE. We work directly with the brand and only provide 100% authentic pieces.",,fake,MODERATE_EVIDENCE,3.0,rejected,,,,,,,,,failed,"not_an_image (content-type=text/html; charset=""utf-8"")",counterfeit_evidence,https://www.instagram.com/p/CE1UVDfp0RP/,,,,2026-08-15T14:35:11.650011+00:00
bf03eb2244c6,DEAR_KLAIRS_FRESHLY_JUICED_VITAMIN_MASK_CLEANSER_NA26251200595,Dear Klairs,Freshly Juiced Vitamin Mask Cleanser,NA26251200595,https://lookaside.instagram.com/seo/google_widget/crawler/?media_id=3962094016350803784,,https://www.instagram.com/p/CE1UVDfp0RP/,www.instagram.com,instagram.com,,,,,,"it is still an original Klairs product 🙂 Also, previously the ... is still an original Klairs product. You can be assured, it is NOT FAKE. We work directly with the brand and only provide 100% authentic pieces.",,fake,MODERATE_EVIDENCE,3.0,rejected,,,,,,,,,failed,"not_an_image (content-type=text/html; charset=""utf-8"")",counterfeit_evidence,https://www.instagram.com/p/CE1UVDfp0RP/,,,,2026-08-15T14:35:12.978565+00:00
ee0fc6062bdb,DEAR_KLAIRS_FRESHLY_JUICED_VITAMIN_MASK_CLEANSER_NA26251200595,Dear Klairs,Freshly Juiced Vitamin Mask Cleanser,NA26251200595,https://lookaside.instagram.com/seo/google_widget/crawler/?media_id=3958383975185866204,,https://www.instagram.com/p/CE1UVDfp0RP/,www.instagram.com,instagram.com,,,,,,"it is still an original Klairs product 🙂 Also, previously the ... is still an original Klairs product. You can be assured, it is NOT FAKE. We work directly with the brand and only provide 100% authentic pieces.",,fake,MODERATE_EVIDENCE,3.0,rejected,,,,,,,,,failed,"not_an_image (content-type=text/html; charset=""utf-8"")",counterfeit_evidence,https://www.instagram.com/p/CE1UVDfp0RP/,,,,2026-08-15T14:35:14.307725+00:00
6d05bc147c60,DEAR_KLAIRS_FRESHLY_JUICED_VITAMIN_MASK_CLEANSER_NA26251200595,Dear Klairs,Freshly Juiced Vitamin Mask Cleanser,NA26251200595,https://lookaside.instagram.com/seo/google_widget/crawler/?media_id=3940853080539382127,,https://www.instagram.com/p/CE1UVDfp0RP/,www.instagram.com,instagram.com,,,,,,"it is still an original Klairs product 🙂 Also, previously the ... is still an original Klairs product. You can be assured, it is NOT FAKE. We work directly with the brand and only provide 100% authentic pieces.",,fake,MODERATE_EVIDENCE,3.0,rejected,,,,,,,,,failed,"not_an_image (content-type=text/html; charset=""utf-8"")",counterfeit_evidence,https://www.instagram.com/p/CE1UVDfp0RP/,,,,2026-08-15T14:35:15.817614+00:00
f1038674ee3f,SUNGBOON_EDITOR_SUNGBOON_EDITOR_GREEN_TOMATO_PORE_LIFTING_AMPOULE_MASK_NA26250200355,Sungboon Editor,Sungboon Editor Green Tomato Pore Lifting Ampoule Mask,NA26250200355,https://www.tiktok.com/api/img/?itemId=7536976178062675207&location=0&aid=1988,,https://www.tiktok.com/discover/green-tomato-pore-lifting-ampoule-fake-vs-real,www.tiktok.com,tiktok.com,,,,,,Green Tomato Pore Lifting Ampoule Fake Vs Real We're putting these two green tomato clay masks to the test! Can you spot the authentic one? Drop your guess below! Fake one? Steer clear and ...,,fake,MODERATE_EVIDENCE,3.0,rejected,,,,,,,,,failed,download_failed_after_3_retries: 403 Client Error: Forbidden for url: https://www.tiktok.com/api/img/?itemId=7536976178062675207&location=0&aid=1988,counterfeit_evidence,https://www.tiktok.com/discover/green-tomato-pore-lifting-ampoule-fake-vs-real,,,,2026-08-15T14:34:57.868801+00:00
83a853f95e3d,SUNGBOON_EDITOR_SUNGBOON_EDITOR_GREEN_TOMATO_PORE_LIFTING_AMPOULE_MASK_NA26250200355,Sungboon Editor,Sungboon Editor Green Tomato Pore Lifting Ampoule Mask,NA26250200355,https://www.tiktok.com/api/img/?itemId=7646009551518584077&location=0&aid=1988,,https://www.tiktok.com/discover/green-tomato-pore-lifting-ampoule-fake-vs-real,www.tiktok.com,tiktok.com,,,,,,Green Tomato Pore Lifting Ampoule Fake Vs Real We're putting these two green tomato clay masks to the test! Can you spot the authentic one? Drop your guess below! Fake one? Steer clear and ...,,fake,MODERATE_EVIDENCE,3.0,rejected,,,,,,,,,failed,download_failed_after_3_retries: 403 Client Error: Forbidden for url: https://www.tiktok.com/api/img/?itemId=7646009551518584077&location=0&aid=1988,counterfeit_evidence,https://www.tiktok.com/discover/green-tomato-pore-lifting-ampoule-fake-vs-real,,,,2026-08-15T14:35:07.217746+00:00
f2bf10549f82,SUNGBOON_EDITOR_SUNGBOON_EDITOR_GREEN_TOMATO_PORE_LIFTING_AMPOULE_MASK_NA26250200355,Sungboon Editor,Sungboon Editor Green Tomato Pore Lifting Ampoule Mask,NA26250200355,https://www.tiktok.com/api/img/?itemId=7583830309934746910&location=0&aid=1988,,https://www.tiktok.com/discover/green-tomato-pore-lifting-ampoule-fake-vs-real,www.tiktok.com,tiktok.com,,,,,,Green Tomato Pore Lifting Ampoule Fake Vs Real We're putting these two green tomato clay masks to the test! Can you spot the authentic one? Drop your guess below! Fake one? Steer clear and ...,,fake,MODERATE_EVIDENCE,3.0,rejected,,,,,,,,,failed,download_failed_after_3_retries: 403 Client Error: Forbidden for url: https://www.tiktok.com/api/img/?itemId=7583830309934746910&location=0&aid=1988,counterfeit_evidence,https://www.tiktok.com/discover/green-tomato-pore-lifting-ampoule-fake-vs-real,,,,2026-08-15T14:35:16.562656+00:00
ec9a5c2e074d,SUNGBOON_EDITOR_SUNGBOON_EDITOR_GREEN_TOMATO_PORE_LIFTING_AMPOULE_MASK_NA26250200355,Sungboon Editor,Sungboon Editor Green Tomato Pore Lifting Ampoule Mask,NA26250200355,https://www.tiktok.com/api/img/?itemId=7625974867535367432&location=0&aid=1988,,https://www.tiktok.com/discover/green-tomato-pore-lifting-ampoule-fake-vs-real,www.tiktok.com,tiktok.com,,,,,,Green Tomato Pore Lifting Ampoule Fake Vs Real We're putting these two green tomato clay masks to the test! Can you spot the authentic one? Drop your guess below! Fake one? Steer clear and ...,,fake,MODERATE_EVIDENCE,3.0,rejected,,,,,,,,,failed,download_failed_after_3_retries: 403 Client Error: Forbidden for url: https://www.tiktok.com/api/img/?itemId=7625974867535367432&location=0&aid=1988,counterfeit_evidence,https://www.tiktok.com/discover/green-tomato-pore-lifting-ampoule-fake-vs-real,,,,2026-08-15T14:35:25.893366+00:00
b363e679150f,BIO_BEAUTY_LAB_CAPSIBRIGHT_ELIXIR_BUBBLING_MASK_CLEANSER_NA18241210658,Bio Beauty Lab,Capsibright Elixir Bubbling Mask Cleanser,NA18241210658,https://lookaside.instagram.com/seo/google_widget/crawler/?media_id=3693193972068133944,,https://www.instagram.com/reel/DNA3FmnvCw4/,www.instagram.com,instagram.com,,,,,,,,,,,rejected,,,,,,,,,failed,"not_an_image (content-type=text/html; charset=""utf-8"")",genuine,Bio Beauty Lab Capsibright Elixir Bubbling Mask Cleanser official,,,,2026-08-15T14:35:27.514135+00:00
8b708deab1c1,BIO_BEAUTY_LAB_CAPSIBRIGHT_ELIXIR_BUBBLING_MASK_CLEANSER_NA18241210658,Bio Beauty Lab,Capsibright Elixir Bubbling Mask Cleanser,NA18241210658,https://images.soco.id/f1dfc06c-0b3b-4bf0-8f70-b436d7d82b89-image-0-1756182178214,,https://www.sociolla.com/amp/face-wash/93747-capsibright-elixir-bubbling-mask-cleanser,www.sociolla.com,sociolla.com,,,,,,,,,,,rejected,,,,,,,,,failed,not_an_image (content-type=),genuine,Bio Beauty Lab Capsibright Elixir Bubbling Mask Cleanser official,,,,2026-08-15T14:35:28.913428+00:00
985f30a6c2e7,BIO_BEAUTY_LAB_CAPSIBRIGHT_ELIXIR_BUBBLING_MASK_CLEANSER_NA18241210658,Bio Beauty Lab,Capsibright Elixir Bubbling Mask Cleanser,NA18241210658,https://lookaside.instagram.com/seo/google_widget/crawler/?media_id=3714895153522082682,,https://www.instagram.com/reel/DON9XWzgQN6/,www.instagram.com,instagram.com,,,,,,,,,,,rejected,,,,,,,,,failed,"not_an_image (content-type=text/html; charset=""utf-8"")",genuine,Bio Beauty Lab Capsibright Elixir Bubbling Mask Cleanser official,,,,2026-08-15T14:35:29.124164+00:00
01ede96c83ff,BIO_BEAUTY_LAB_CAPSIBRIGHT_ELIXIR_BUBBLING_MASK_CLEANSER_NA18241210658,Bio Beauty Lab,Capsibright Elixir Bubbling Mask Cleanser,NA18241210658,https://lookaside.instagram.com/seo/google_widget/crawler/?media_id=3960570933735124184,,https://www.instagram.com/reel/DNA3FmnvCw4/,www.instagram.com,instagram.com,,,,,,,,,,,rejected,,,,,,,,,failed,"not_an_image (content-type=text/html; charset=""utf-8"")",genuine,Bio Beauty Lab Capsibright Elixir Bubbling Mask Cleanser official,,,,2026-08-15T14:35:30.548865+00:00
b724465a5077,BIO_BEAUTY_LAB_CAPSIBRIGHT_ELIXIR_BUBBLING_MASK_CLEANSER_NA18241210658,Bio Beauty Lab,Capsibright Elixir Bubbling Mask Cleanser,NA18241210658,https://lookaside.instagram.com/seo/google_widget/crawler/?media_id=3951649804467555717,,https://www.instagram.com/reel/DNA3FmnvCw4/,www.instagram.com,instagram.com,,,,,,,,,,,rejected,,,,,,,,,failed,"not_an_image (content-type=text/html; charset=""utf-8"")",genuine,Bio Beauty Lab Capsibright Elixir Bubbling Mask Cleanser official,,,,2026-08-15T14:35:31.864839+00:00
2a2d0111b1b3,BIO_BEAUTY_LAB_CAPSIBRIGHT_ELIXIR_BUBBLING_MASK_CLEANSER_NA18241210658,Bio Beauty Lab,Capsibright Elixir Bubbling Mask Cleanser,NA18241210658,https://lookaside.fbsbx.com/lookaside/crawler/media/?media_id=1442236754583356,,https://www.facebook.com/officialbiobeautylab/photos/were-giving-away-capsibright-serum-capsibright-bubbling-mask-cleanser-to-20-luck/1442236754583356/,www.facebook.com,facebook.com,,,,,,,,,,,rejected,,,,,,,,,failed,"not_an_image (content-type=text/html; charset=""utf-8"")",genuine,Bio Beauty Lab Capsibright Elixir Bubbling Mask Cleanser official,,,,2026-08-15T14:35:33.395287+00:00
3be830e70772,BIO_BEAUTY_LAB_CAPSIBRIGHT_ELIXIR_BUBBLING_MASK_CLEANSER_NA18241210658,Bio Beauty Lab,Capsibright Elixir Bubbling Mask Cleanser,NA18241210658,https://images.soco.id/9469b001-9faf-46d4-93f1-cc2a5b5e01fd-image-0-1756182185706,,https://www.sociolla.com/amp/face-wash/93747-capsibright-elixir-bubbling-mask-cleanser,www.sociolla.com,sociolla.com,,,,,,,,,,,rejected,,,,,,,,,failed,not_an_image (content-type=),genuine,Bio Beauty Lab Capsibright Elixir Bubbling Mask Cleanser official,,,,2026-08-15T14:35:33.765814+00:00
7ca0f875973e,BIO_BEAUTY_LAB_CAPSIBRIGHT_ELIXIR_BUBBLING_MASK_CLEANSER_NA18241210658,Bio Beauty Lab,Capsibright Elixir Bubbling Mask Cleanser,NA18241210658,https://lookaside.instagram.com/seo/google_widget/crawler/?media_id=3932328024828454027,,https://www.instagram.com/reel/DNA3FmnvCw4/,www.instagram.com,instagram.com,,,,,,,,,,,rejected,,,,,,,,,failed,"not_an_image (content-type=text/html; charset=""utf-8"")",genuine,Bio Beauty Lab Capsibright Elixir Bubbling Mask Cleanser official,,,,2026-08-15T14:35:34.010256+00:00
e546536324ac,BIO_BEAUTY_LAB_CAPSIBRIGHT_ELIXIR_BUBBLING_MASK_CLEANSER_NA18241210658,Bio Beauty Lab,Capsibright Elixir Bubbling Mask Cleanser,NA18241210658,https://medias.watsons.co.id/publishing/WTCID-60145-side-zoom.jpg?version=1758899414,,https://www.watsons.co.id/en/bio-beauty-lab-capsibright-elixir-bubling-mask-cleanser-75ml/p/BP_60145,www.watsons.co.id,watsons.co.id,,,,,,,,,,,rejected,,,,,,,,,failed,download_failed_after_3_retries: 403 Client Error: Forbidden for url: https://medias.watsons.co.id/publishing/WTCID-60145-side-zoom.jpg?version=1758899414,genuine,Bio Beauty Lab Capsibright Elixir Bubbling Mask Cleanser official website,,,,2026-08-15T14:35:36.513089+00:00
ed67df204290,BIO_BEAUTY_LAB_CAPSIBRIGHT_ELIXIR_BUBBLING_MASK_CLEANSER_NA18241210658,Bio Beauty Lab,Capsibright Elixir Bubbling Mask Cleanser,NA18241210658,https://lookaside.instagram.com/seo/google_widget/crawler/?media_id=3950327306342275636,,https://www.instagram.com/reel/DNA3FmnvCw4/,www.instagram.com,instagram.com,,,,,,,,,,,rejected,,,,,,,,,failed,"not_an_image (content-type=text/html; charset=""utf-8"")",genuine,Bio Beauty Lab Capsibright Elixir Bubbling Mask Cleanser official website,,,,2026-08-15T14:35:45.912746+00:00
dd1cf3eded8c,BIO_BEAUTY_LAB_CAPSIBRIGHT_ELIXIR_BUBBLING_MASK_CLEANSER_NA18241210658,Bio Beauty Lab,Capsibright Elixir Bubbling Mask Cleanser,NA18241210658,https://lookaside.instagram.com/seo/google_widget/crawler/?media_id=3930597978275950971,,https://www.instagram.com/reel/DNA3FmnvCw4/,www.instagram.com,instagram.com,,,,,,,,,,,rejected,,,,,,,,,failed,"not_an_image (content-type=text/html; charset=""utf-8"")",genuine,Bio Beauty Lab Capsibright Elixir Bubbling Mask Cleanser official website,,,,2026-08-15T14:35:47.454362+00:00
755be7afef01,BIO_BEAUTY_LAB_CAPSIBRIGHT_ELIXIR_BUBBLING_MASK_CLEANSER_NA18241210658,Bio Beauty Lab,Capsibright Elixir Bubbling Mask Cleanser,NA18241210658,https://lookaside.instagram.com/seo/google_widget/crawler/?media_id=3957763564763596751,,https://www.instagram.com/reel/DNA3FmnvCw4/,www.instagram.com,instagram.com,,,,,,,,,,,rejected,,,,,,,,,failed,"not_an_image (content-type=text/html; charset=""utf-8"")",genuine,Bio Beauty Lab Capsibright Elixir Bubbling Mask Cleanser Sociolla authorized retailer,,,,2026-08-15T14:35:50.434878+00:00
d8061d3ab032,KAHF_BRIGHT_REVITALIZING_AMINO_GEL_FACE_WASH_NA18251202219,Kahf,Bright Revitalizing Amino Gel Face Wash,NA18251202219,https://medias.watsons.co.id/publishing/WTCID-74572-front-thumbnail.jpg?version=1769630393,,https://www.watsons.co.id/en/kahf-twin-pack-bright-revitalizing-amino-gel-face-wash-100ml/p/BP_74572,www.watsons.co.id,watsons.co.id,,,,,,,,,,,rejected,,,,,,,,,failed,download_failed_after_3_retries: 403 Client Error: Forbidden for url: https://medias.watsons.co.id/publishing/WTCID-74572-front-thumbnail.jpg?version=1769630393,genuine,Kahf Bright Revitalizing Amino Gel Face Wash official,,,,2026-08-15T14:35:39.143976+00:00
f6ae705eb602,KAHF_BRIGHT_REVITALIZING_AMINO_GEL_FACE_WASH_NA18251202219,Kahf,Bright Revitalizing Amino Gel Face Wash,NA18251202219,https://lookaside.fbsbx.com/lookaside/crawler/media/?media_id=122273204846208805,,https://www.facebook.com/adhel.fitri.handayani/posts/kahf-bright-revitalizing-amino-gel-face-wash-100-ml/122273204936208805/,www.facebook.com,facebook.com,,,,,,,,,,,rejected,,,,,,,,,failed,"not_an_image (content-type=text/html; charset=""utf-8"")",genuine,Kahf Bright Revitalizing Amino Gel Face Wash official,,,,2026-08-15T14:35:48.436996+00:00
349ea11e97fe,KAHF_BRIGHT_REVITALIZING_AMINO_GEL_FACE_WASH_NA18251202219,Kahf,Bright Revitalizing Amino Gel Face Wash,NA18251202219,https://lookaside.instagram.com/seo/google_widget/crawler/?media_id=3905269604984664393,,https://www.instagram.com/p/DYyUC9Uj9Ar/,www.instagram.com,instagram.com,,,,,,,,,,,rejected,,,,,,,,,failed,"not_an_image (content-type=text/html; charset=""utf-8"")",genuine,Kahf Bright Revitalizing Amino Gel Face Wash official,,,,2026-08-15T14:35:51.058570+00:00
272d0b61e045,KAHF_BRIGHT_REVITALIZING_AMINO_GEL_FACE_WASH_NA18251202219,Kahf,Bright Revitalizing Amino Gel Face Wash,NA18251202219,https://lookaside.instagram.com/seo/google_widget/crawler/?media_id=3669966176195117108,,https://www.instagram.com/reel/DLuVsr9zwA0/,www.instagram.com,instagram.com,,,,,,,,,,,rejected,,,,,,,,,failed,"not_an_image (content-type=text/html; charset=""utf-8"")",genuine,Kahf Bright Revitalizing Amino Gel Face Wash official,,,,2026-08-15T14:35:53.158183+00:00
6e47681d7689,KAHF_BRIGHT_REVITALIZING_AMINO_GEL_FACE_WASH_NA18251202219,Kahf,Bright Revitalizing Amino Gel Face Wash,NA18251202219,https://lookaside.instagram.com/seo/google_widget/crawler/?media_id=3819174597548291529,,https://www.instagram.com/p/DUAbxFsDw4b/,www.instagram.com,instagram.com,,,,,,,,,,,rejected,,,,,,,,,failed,"not_an_image (content-type=text/html; charset=""utf-8"")",genuine,Kahf Bright Revitalizing Amino Gel Face Wash official,,,,2026-08-15T14:35:54.303807+00:00
228973b79a46,KAHF_BRIGHT_REVITALIZING_AMINO_GEL_FACE_WASH_NA18251202219,Kahf,Bright Revitalizing Amino Gel Face Wash,NA18251202219,https://lookaside.fbsbx.com/lookaside/crawler/media/?media_id=1344277531066042,,https://www.facebook.com/Guardianmy/posts/not-every-face-wash-is-made-for-sensitive-skinsometimes-the-wrong-one-leaves-you/1344277567732705/,www.facebook.com,facebook.com,,,,,,,,,,,rejected,,,,,,,,,failed,"not_an_image (content-type=text/html; charset=""utf-8"")",genuine,Kahf Bright Revitalizing Amino Gel Face Wash official,,,,2026-08-15T14:35:56.492094+00:00
f4b661b9ef2c,KAHF_BRIGHT_REVITALIZING_AMINO_GEL_FACE_WASH_NA18251202219,Kahf,Bright Revitalizing Amino Gel Face Wash,NA18251202219,https://medias.watsons.com.my/publishing/WTCMY-1027445-swatch-thumbnail.jpg?version=1768593037,,https://www.watsons.com.my/kahf-bright-revitalizing-aminogel-face-wash-100-ml/p/BP_1027445,www.watsons.com.my,watsons.com.my,,,,,,,,,,,rejected,,,,,,,,,failed,download_failed_after_3_retries: 403 Client Error: Forbidden for url: https://medias.watsons.com.my/publishing/WTCMY-1027445-swatch-thumbnail.jpg?version=1768593037,genuine,Kahf Bright Revitalizing Amino Gel Face Wash official website,,,,2026-08-15T14:35:58.667657+00:00
8e77a946697d,KAHF_BRIGHT_REVITALIZING_AMINO_GEL_FACE_WASH_NA18251202219,Kahf,Bright Revitalizing Amino Gel Face Wash,NA18251202219,https://lookaside.instagram.com/seo/google_widget/crawler/?media_id=3955647313235156912,,https://www.instagram.com/reel/Dbzv-MHzzAR/,www.instagram.com,instagram.com,,,,,,,,,,,rejected,,,,,,,,,failed,"not_an_image (content-type=text/html; charset=""utf-8"")",genuine,Kahf Bright Revitalizing Amino Gel Face Wash official website,,,,2026-08-15T14:36:08.691353+00:00
41a8dec92493,LANBENA_RETINOL_REJUVENATING_CLEANSER_NA11251201509,LANBENA,Retinol Rejuvenating Cleanser,NA11251201509,https://lanbena.com/cdn/shop/files/1_40a328ca-d37e-478c-989e-5bf0b51e183e_120x120.jpg?v=1750232507,SafeCart_Dataset\images\genuine_reference\LANBENA_RETINOL_REJUVENATING_CLEANSER_NA11251201509\41a8dec92493.jpg,https://lanbena.com/ru-eu/products/retinol-rejuvenating-cleanser,lanbena.com,lanbena.com,,,,,,,,,,,rejected,,,,,,,6e9379ffd55996793000e2b17cf9826f,,rejected,too_small (120x120),genuine,LANBENA Retinol Rejuvenating Cleanser official,120.0,120.0,2631.0,2026-08-15T14:36:13.621187+00:00
9687b87fa699,LANBENA_RETINOL_REJUVENATING_CLEANSER_NA11251201509,LANBENA,Retinol Rejuvenating Cleanser,NA11251201509,https://lookaside.instagram.com/seo/google_widget/crawler/?media_id=3955377181098753844,,https://www.instagram.com/p/DbkuaQBE0oe/,www.instagram.com,instagram.com,,,,,,,,,,,rejected,,,,,,,,,failed,"not_an_image (content-type=text/html; charset=""utf-8"")",genuine,LANBENA Retinol Rejuvenating Cleanser official,,,,2026-08-15T14:36:13.944365+00:00
1d4afebd2763,LANBENA_RETINOL_REJUVENATING_CLEANSER_NA11251201509,LANBENA,Retinol Rejuvenating Cleanser,NA11251201509,https://lanbena.com/cdn/shop/files/d390a39d0aa19db48faafa096cefab51_5e4a6ce2-c282-4a78-83a4-630a40d40904_120x120.webp?v=1750232507,SafeCart_Dataset\images\genuine_reference\LANBENA_RETINOL_REJUVENATING_CLEANSER_NA11251201509\1d4afebd2763.jpg,https://lanbena.com/ru-eu/products/retinol-rejuvenating-cleanser,lanbena.com,lanbena.com,,,,,,,,,,,rejected,,,,,,,c9259c91925895c6d1b2da71f695b0f8,,rejected,too_small (120x120),genuine,LANBENA Retinol Rejuvenating Cleanser official,120.0,120.0,1687.0,2026-08-15T14:36:14.841890+00:00
9d8b8b26014d,LANBENA_RETINOL_REJUVENATING_CLEANSER_NA11251201509,LANBENA,Retinol Rejuvenating Cleanser,NA11251201509,https://www.tiktok.com/api/img/?itemId=7516920607355833618&location=0&aid=1988,,https://www.tiktok.com/@lanbena.beauty/video/7516920607355833618,www.tiktok.com,tiktok.com,,,,,,Waspada Produk Lanbena Palsu Untuk Skincare Waspada! Banyak produk Lanbena palsu beredar Jangan sampai kulit jadi korban cuma karena pengen murah! #retinol #retinolskincare #eyepatch ...,,palsu,MODERATE_EVIDENCE,3.0,rejected,,,,,,,,,failed,download_failed_after_3_retries: 403 Client Error: Forbidden for url: https://www.tiktok.com/api/img/?itemId=7516920607355833618&location=0&aid=1988,counterfeit_evidence,https://www.tiktok.com/@lanbena.beauty/video/7516920607355833618,,,,2026-08-15T14:36:19.930671+00:00
99b4e2e925ac,KAHF_ACNE_RELIEF_AMINO_GEL_FACE_WASH_NA18251202492,Kahf,Acne Relief Amino Gel Face Wash,NA18251202492,https://lookaside.instagram.com/seo/google_widget/crawler/?media_id=3926390225697509083,,https://www.instagram.com/p/DZ9Vxt8RA7b/,www.instagram.com,instagram.com,,,,,,,,,,,rejected,,,,,,,,,failed,"not_an_image (content-type=text/html; charset=""utf-8"")",genuine,Kahf Acne Relief Amino Gel Face Wash official,,,,2026-08-15T14:35:32.087600+00:00
705cbf0ce695,KAHF_ACNE_RELIEF_AMINO_GEL_FACE_WASH_NA18251202492,Kahf,Acne Relief Amino Gel Face Wash,NA18251202492,https://medias.watsons.co.id/publishing/WTCID-59342-front-thumbnail.jpg?version=1782833344,,https://www.watsons.co.id/en/kahf-acne-care-amino-gel-face-wash-100ml/p/BP_59342,www.watsons.co.id,watsons.co.id,,,,,,,,,,,rejected,,,,,,,,,failed,download_failed_after_3_retries: 403 Client Error: Forbidden for url: https://medias.watsons.co.id/publishing/WTCID-59342-front-thumbnail.jpg?version=1782833344,genuine,Kahf Acne Relief Amino Gel Face Wash official,,,,2026-08-15T14:35:33.784814+00:00
a598fce4f717,KAHF_ACNE_RELIEF_AMINO_GEL_FACE_WASH_NA18251202492,Kahf,Acne Relief Amino Gel Face Wash,NA18251202492,https://lookaside.instagram.com/seo/google_widget/crawler/?media_id=3819174597590191523,,https://www.instagram.com/p/DUAbxFsDw4b/,www.instagram.com,instagram.com,,,,,,,,,,,rejected,,,,,,,,,failed,"not_an_image (content-type=text/html; charset=""utf-8"")",genuine,Kahf Acne Relief Amino Gel Face Wash official,,,,2026-08-15T14:35:43.313266+00:00
415c4010ef96,KAHF_ACNE_RELIEF_AMINO_GEL_FACE_WASH_NA18251202492,Kahf,Acne Relief Amino Gel Face Wash,NA18251202492,https://lookaside.fbsbx.com/lookaside/crawler/instagram/DV7GGY3k8uo/0/image.jpg,,https://www.instagram.com/popular/kahf-jelly/,www.instagram.com,instagram.com,,,,,,Kahf Jelly Kahf Face Wash Biru Palsu kok Gini?! Kok bisa ada pemalsu · siapa disini penasaran kenapa DeanKT wajahnya selalu kinclong. ini karena Dean ajin merawat ...,,palsu,MODERATE_EVIDENCE,3.0,rejected,,,,,,,,,failed,download_failed_after_3_retries: cannot identify image file <_io.BytesIO object at 0x000001D31E1453A0>,counterfeit_evidence,https://www.instagram.com/popular/kahf-jelly/,,,,2026-08-15T14:35:48.501676+00:00
fe8977051e00,KAHF_ACNE_RELIEF_AMINO_GEL_FACE_WASH_NA18251202492,Kahf,Acne Relief Amino Gel Face Wash,NA18251202492,https://lookaside.fbsbx.com/lookaside/crawler/instagram/DVhHstck4w0/0/image.jpg,,https://www.instagram.com/popular/kahf-jelly/,www.instagram.com,instagram.com,,,,,,Kahf Jelly Kahf Face Wash Biru Palsu kok Gini?! Kok bisa ada pemalsu · siapa disini penasaran kenapa DeanKT wajahnya selalu kinclong. ini karena Dean ajin merawat ...,,palsu,MODERATE_EVIDENCE,3.0,rejected,,,,,,,,,failed,download_failed_after_3_retries: cannot identify image file <_io.BytesIO object at 0x000001D31E3AD440>,counterfeit_evidence,https://www.instagram.com/popular/kahf-jelly/,,,,2026-08-15T14:35:58.860214+00:00
08b83044ba6a,KAHF_ACNE_RELIEF_AMINO_GEL_FACE_WASH_NA18251202492,Kahf,Acne Relief Amino Gel Face Wash,NA18251202492,https://lookaside.fbsbx.com/lookaside/crawler/instagram/DTxVVseE4bh/0/image.jpg,,https://www.instagram.com/popular/kahf-jelly/,www.instagram.com,instagram.com,,,,,,Kahf Jelly Kahf Face Wash Biru Palsu kok Gini?! Kok bisa ada pemalsu · siapa disini penasaran kenapa DeanKT wajahnya selalu kinclong. ini karena Dean ajin merawat ...,,palsu,MODERATE_EVIDENCE,3.0,rejected,,,,,,,,,failed,download_failed_after_3_retries: cannot identify image file <_io.BytesIO object at 0x000001D31CE01E90>,counterfeit_evidence,https://www.instagram.com/popular/kahf-jelly/,,,,2026-08-15T14:36:08.799240+00:00
5ec9479932f2,KAHF_ACNE_RELIEF_AMINO_GEL_FACE_WASH_NA18251202492,Kahf,Acne Relief Amino Gel Face Wash,NA18251202492,https://lookaside.fbsbx.com/lookaside/crawler/instagram/DV3ENI1Af7L/0/image.jpg,,https://www.instagram.com/popular/kahf-jelly/,www.instagram.com,instagram.com,,,,,,Kahf Jelly Kahf Face Wash Biru Palsu kok Gini?! Kok bisa ada pemalsu · siapa disini penasaran kenapa DeanKT wajahnya selalu kinclong. ini karena Dean ajin merawat ...,,palsu,MODERATE_EVIDENCE,3.0,rejected,,,,,,,,,failed,download_failed_after_3_retries: cannot identify image file <_io.BytesIO object at 0x000001D31C65E200>,counterfeit_evidence,https://www.instagram.com/popular/kahf-jelly/,,,,2026-08-15T14:36:18.754900+00:00
d3f3bb5e979f,KAHF_ACNE_RELIEF_AMINO_GEL_FACE_WASH_NA18251202492,Kahf,Acne Relief Amino Gel Face Wash,NA18251202492,https://lookaside.fbsbx.com/lookaside/crawler/instagram/DVR2Nxtktdd/0/image.jpg,,https://www.instagram.com/popular/kahf-jelly/,www.instagram.com,instagram.com,,,,,,Kahf Jelly Kahf Face Wash Biru Palsu kok Gini?! Kok bisa ada pemalsu · siapa disini penasaran kenapa DeanKT wajahnya selalu kinclong. ini karena Dean ajin merawat ...,,palsu,MODERATE_EVIDENCE,3.0,rejected,,,,,,,,,failed,download_failed_after_3_retries: cannot identify image file <_io.BytesIO object at 0x000001D31E1E91C0>,counterfeit_evidence,https://www.instagram.com/popular/kahf-jelly/,,,,2026-08-15T14:36:28.749359+00:00
1abc9dd2e89a,ROUND_LAB_1025_DOKDO_CLEANSER_NA26231200764,Round Lab,1025 Dokdo Cleanser,NA26231200764,https://www.tiktok.com/api/img/?itemId=7495417634641513746&location=3&aid=1988&index=4,,https://www.tiktok.com/discover/fake-vs-original-round-lab-cleanser,www.tiktok.com,tiktok.com,,,,,,Fake Vs Original Round Lab Cleanser ROUND LAB 1025 Dokdo Cleanser @ROUND LAB A Tier Balanced and gentle enough for daily dry-skin cleansing … mixed cleansing system with good,,fake,MODERATE_EVIDENCE,3.0,rejected,,,,,,,,,failed,download_failed_after_3_retries: 403 Client Error: Forbidden for url: https://www.tiktok.com/api/img/?itemId=7495417634641513746&location=3&aid=1988&index=4,counterfeit_evidence,https://www.tiktok.com/discover/fake-vs-original-round-lab-cleanser,,,,2026-08-15T14:36:02.236985+00:00
7e4025add4b7,ROUND_LAB_1025_DOKDO_CLEANSER_NA26231200764,Round Lab,1025 Dokdo Cleanser,NA26231200764,https://www.tiktok.com/api/img/?itemId=7495417634641513746&location=3&aid=1988&index=2,,https://www.tiktok.com/discover/fake-vs-original-round-lab-cleanser,www.tiktok.com,tiktok.com,,,,,,Fake Vs Original Round Lab Cleanser ROUND LAB 1025 Dokdo Cleanser @ROUND LAB A Tier Balanced and gentle enough for daily dry-skin cleansing … mixed cleansing system with good,,fake,MODERATE_EVIDENCE,3.0,rejected,,,,,,,,,failed,download_failed_after_3_retries: 403 Client Error: Forbidden for url: https://www.tiktok.com/api/img/?itemId=7495417634641513746&location=3&aid=1988&index=2,counterfeit_evidence,https://www.tiktok.com/discover/fake-vs-original-round-lab-cleanser,,,,2026-08-15T14:36:11.673245+00:00
65d9ca57727d,ROUND_LAB_1025_DOKDO_CLEANSER_NA26231200764,Round Lab,1025 Dokdo Cleanser,NA26231200764,https://www.tiktok.com/api/img/?itemId=7495417634641513746&location=3&aid=1988&index=3,,https://www.tiktok.com/discover/fake-vs-original-round-lab-cleanser,www.tiktok.com,tiktok.com,,,,,,Fake Vs Original Round Lab Cleanser ROUND LAB 1025 Dokdo Cleanser @ROUND LAB A Tier Balanced and gentle enough for daily dry-skin cleansing … mixed cleansing system with good,,fake,MODERATE_EVIDENCE,3.0,rejected,,,,,,,,,failed,download_failed_after_3_retries: 403 Client Error: Forbidden for url: https://www.tiktok.com/api/img/?itemId=7495417634641513746&location=3&aid=1988&index=3,counterfeit_evidence,https://www.tiktok.com/discover/fake-vs-original-round-lab-cleanser,,,,2026-08-15T14:36:21.074720+00:00
cc1cc3d789e5,ROUND_LAB_1025_DOKDO_CLEANSER_NA26231200764,Round Lab,1025 Dokdo Cleanser,NA26231200764,https://www.tiktok.com/api/img/?itemId=7495417634641513746&location=3&aid=1988&index=1,,https://www.tiktok.com/discover/fake-vs-original-round-lab-cleanser,www.tiktok.com,tiktok.com,,,,,,Fake Vs Original Round Lab Cleanser ROUND LAB 1025 Dokdo Cleanser @ROUND LAB A Tier Balanced and gentle enough for daily dry-skin cleansing … mixed cleansing system with good,,fake,MODERATE_EVIDENCE,3.0,rejected,,,,,,,,,failed,download_failed_after_3_retries: 403 Client Error: Forbidden for url: https://www.tiktok.com/api/img/?itemId=7495417634641513746&location=3&aid=1988&index=1,counterfeit_evidence,https://www.tiktok.com/discover/fake-vs-original-round-lab-cleanser,,,,2026-08-15T14:36:30.436544+00:00
6b7a521f9bbb,SENKA_PERFECT_WHIP_FRESH_NA54231200020,Senka,Perfect Whip Fresh,NA54231200020,https://lookaside.instagram.com/seo/google_widget/crawler/?media_id=3923509900398912122,,https://www.instagram.com/p/DZzG34KgbmL/,www.instagram.com,instagram.com,,,,,,,,,,,rejected,,,,,,,,,failed,"not_an_image (content-type=text/html; charset=""utf-8"")",genuine,Senka Perfect Whip Fresh official,,,,2026-08-15T14:36:33.166789+00:00
fab41e9de80f,SENKA_PERFECT_WHIP_FRESH_NA54231200020,Senka,Perfect Whip Fresh,NA54231200020,https://lookaside.instagram.com/seo/google_widget/crawler/?media_id=3942187489347747710,,https://www.instagram.com/p/DW_P29MDWZm/,www.instagram.com,instagram.com,,,,,,,,,,,rejected,,,,,,,,,failed,download_failed_after_3_retries: 403 Client Error: Forbidden for url: https://lookaside.instagram.com/seo/google_widget/crawler/?media_id=3942187489347747710,genuine,Senka Perfect Whip Fresh official,,,,2026-08-15T14:36:35.748452+00:00
d9370dae693d,SENKA_PERFECT_WHIP_FRESH_NA54231200020,Senka,Perfect Whip Fresh,NA54231200020,"https://m.media-amazon.com/images/I/61irMPblxhL._AC_UF350,350_QL80_.jpg",SafeCart_Dataset\images\genuine_reference\SENKA_PERFECT_WHIP_FRESH_NA54231200020\d9370dae693d.jpg,https://www.amazon.com/EMBEAUTY-SENKA-Perfect-Cleanser-version/dp/B0CM2NR62C,www.amazon.com,amazon.com,,,,,,,,,,,rejected,,,,,,,a42710018d4786d91ccbcdf644b3bdc4,,rejected,too_small (177x350),genuine,Senka Perfect Whip Fresh official,177.0,350.0,12065.0,2026-08-15T14:36:48.066369+00:00
7c902756eeab,SENKA_PERFECT_WHIP_FRESH_NA54231200020,Senka,Perfect Whip Fresh,NA54231200020,https://lookaside.instagram.com/seo/google_widget/crawler/?media_id=3923509896640826280,,https://www.instagram.com/p/DZzG34KgbmL/,www.instagram.com,instagram.com,,,,,,,,,,,rejected,,,,,,,,,failed,"not_an_image (content-type=text/html; charset=""utf-8"")",genuine,Senka Perfect Whip Fresh official website,,,,2026-08-15T14:36:52.953573+00:00
b9dde3506f18,SENKA_PERFECT_WHIP_LOW_PH_CALMING_CICA_TWINPACK_NA54241200014,Senka,Perfect Whip Low pH Calming Cica Twinpack,NA54241200014,https://storage.skinsort.com/aip92q7a4y27fmmp7tvwfape5bp0,SafeCart_Dataset\images\genuine_reference\SENKA_PERFECT_WHIP_LOW_PH_CALMING_CICA_TWINPACK_NA54241200014\b9dde3506f18.jpg,https://skinsort.com/products/senka/perfect-whip-low-ph-calming-cica,skinsort.com,skinsort.com,,,,,,,,,,,rejected,,,,,,,fb65dd8e118702a1d068bf29f54f3862,,rejected,too_small (135x300),genuine,Senka Perfect Whip Low pH Calming Cica Twinpack official,135.0,300.0,15288.0,2026-08-15T14:36:47.149330+00:00
9beeb660a90d,SENKA_PERFECT_WHIP_LOW_PH_CALMING_CICA_TWINPACK_NA54241200014,Senka,Perfect Whip Low pH Calming Cica Twinpack,NA54241200014,https://www.tiktok.com/api/img/?itemId=7604648501808467230&location=0&aid=1988,,https://www.tiktok.com/discover/senka-perfect-wipe-medicated-ori-vs-fake,www.tiktok.com,tiktok.com,,,,,,Senka Perfect Wipe Medicated Ori Vs Fake Senka Perfect Whip: Real Suppin Skin tanpa Fake. Temukan Senka Perfect Whip untuk kulit nyata tanpa palsu! Dapatkan hasil terbaik untuk ...,,palsu; fake,MODERATE_EVIDENCE,3.0,rejected,,,,,,,,,failed,download_failed_after_3_retries: 403 Client Error: Forbidden for url: https://www.tiktok.com/api/img/?itemId=7604648501808467230&location=0&aid=1988,counterfeit_evidence,https://www.tiktok.com/discover/senka-perfect-wipe-medicated-ori-vs-fake,,,,2026-08-15T14:36:51.090201+00:00
df1e6404c461,SENKA_PERFECT_WHIP_LOW_PH_CALMING_CICA_TWINPACK_NA54241200014,Senka,Perfect Whip Low pH Calming Cica Twinpack,NA54241200014,https://www.tiktok.com/api/img/?itemId=7382994318270811398&location=0&aid=1988,,https://www.tiktok.com/discover/senka-perfect-wipe-medicated-ori-vs-fake,www.tiktok.com,tiktok.com,,,,,,Senka Perfect Wipe Medicated Ori Vs Fake Senka Perfect Whip: Real Suppin Skin tanpa Fake. Temukan Senka Perfect Whip untuk kulit nyata tanpa palsu! Dapatkan hasil terbaik untuk ...,,palsu; fake,MODERATE_EVIDENCE,3.0,rejected,,,,,,,,,failed,download_failed_after_3_retries: 403 Client Error: Forbidden for url: https://www.tiktok.com/api/img/?itemId=7382994318270811398&location=0&aid=1988,counterfeit_evidence,https://www.tiktok.com/discover/senka-perfect-wipe-medicated-ori-vs-fake,,,,2026-08-15T14:37:00.512160+00:00
eda8d6d75e62,COSRX_SALICYLIC_ACID_DAILY_GENTLE_CLEANSER_NA26181202688,COSRX,Salicylic Acid Daily Gentle Cleanser,NA26181202688,https://www.tiktok.com/api/img/?itemId=7440644174820412727&location=0&aid=1988,,https://www.tiktok.com/@kbeauty.sale/video/7440644174820412727,www.tiktok.com,tiktok.com,,,,,,Understanding Cosrx Salicylic Acid Cleanser: Real vs Fake Discover how to identify the real Cosrx Salicylic Acid Cleanser with our guide comparing authentic vs fake products. #cosrxfakevsreal # ...,,fake product; fake,MODERATE_EVIDENCE,3.0,rejected,,,,,,,,,failed,download_failed_after_3_retries: 403 Client Error: Forbidden for url: https://www.tiktok.com/api/img/?itemId=7440644174820412727&location=0&aid=1988,counterfeit_evidence,https://www.tiktok.com/@kbeauty.sale/video/7440644174820412727,,,,2026-08-15T14:37:18.248887+00:00
2f66ea0a2734,SENKA_PERFECT_WHIP_LOW_PH_CALMING_CICA_NA54241200014,Senka,Perfect Whip Low pH Calming Cica,NA54241200014,https://lookaside.instagram.com/seo/google_widget/crawler/?media_id=3301736339992460123,,https://www.instagram.com/reel/C3SH7U3P7tb/,www.instagram.com,instagram.com,,,,,,,,,,,rejected,,,,,,,,,failed,"not_an_image (content-type=text/html; charset=""utf-8"")",genuine,Senka Perfect Whip Low pH Calming Cica official,,,,2026-08-15T14:37:21.358305+00:00
fcbe04a92ab5,SENKA_PERFECT_WHIP_LOW_PH_CALMING_CICA_NA54241200014,Senka,Perfect Whip Low pH Calming Cica,NA54241200014,https://lookaside.instagram.com/seo/google_widget/crawler/?media_id=3332907908532861565,,https://www.instagram.com/p/C5A3hWVMPp9/?hl=af,www.instagram.com,instagram.com,,,,,,,,,,,rejected,,,,,,,,,failed,"not_an_image (content-type=text/html; charset=""utf-8"")",genuine,Senka Perfect Whip Low pH Calming Cica official,,,,2026-08-15T14:37:23.824774+00:00
8046bc6d8116,SENKA_PERFECT_WHIP_LOW_PH_CALMING_CICA_NA54241200014,Senka,Perfect Whip Low pH Calming Cica,NA54241200014,https://storage.skinsort.com/aip92q7a4y27fmmp7tvwfape5bp0,SafeCart_Dataset\images\genuine_reference\SENKA_PERFECT_WHIP_LOW_PH_CALMING_CICA_NA54241200014\8046bc6d8116.jpg,https://skinsort.com/products/senka/perfect-whip-low-ph-calming-cica,skinsort.com,skinsort.com,,,,,,,,,,,rejected,,,,,,,fb65dd8e118702a1d068bf29f54f3862,,rejected,too_small (135x300),genuine,Senka Perfect Whip Low pH Calming Cica official,135.0,300.0,15288.0,2026-08-15T14:37:25.737338+00:00
bf05eb46c9c1,SENKA_PERFECT_WHIP_LOW_PH_CALMING_CICA_NA54241200014,Senka,Perfect Whip Low pH Calming Cica,NA54241200014,https://www.tiktok.com/api/img/?itemId=7604648501808467230&location=0&aid=1988,,https://www.tiktok.com/discover/senka-perfect-wipe-medicated-ori-vs-fake,www.tiktok.com,tiktok.com,,,,,,Senka Perfect Wipe Medicated Ori Vs Fake Senka Perfect Whip: Real Suppin Skin tanpa Fake. Temukan Senka Perfect Whip untuk kulit nyata tanpa palsu! Dapatkan hasil terbaik untuk ...,,palsu; fake,MODERATE_EVIDENCE,3.0,rejected,,,,,,,,,failed,download_failed_after_3_retries: 403 Client Error: Forbidden for url: https://www.tiktok.com/api/img/?itemId=7604648501808467230&location=0&aid=1988,counterfeit_evidence,https://www.tiktok.com/discover/senka-perfect-wipe-medicated-ori-vs-fake,,,,2026-08-15T14:37:35.398063+00:00
a765fed1a2e1,SENKA_PERFECT_WHIP_LOW_PH_CALMING_CICA_NA54241200014,Senka,Perfect Whip Low pH Calming Cica,NA54241200014,https://www.tiktok.com/api/img/?itemId=7382994318270811398&location=0&aid=1988,,https://www.tiktok.com/discover/senka-perfect-wipe-medicated-ori-vs-fake,www.tiktok.com,tiktok.com,,,,,,Senka Perfect Wipe Medicated Ori Vs Fake Senka Perfect Whip: Real Suppin Skin tanpa Fake. Temukan Senka Perfect Whip untuk kulit nyata tanpa palsu! Dapatkan hasil terbaik untuk ...,,palsu; fake,MODERATE_EVIDENCE,3.0,rejected,,,,,,,,,failed,download_failed_after_3_retries: 403 Client Error: Forbidden for url: https://www.tiktok.com/api/img/?itemId=7382994318270811398&location=0&aid=1988,counterfeit_evidence,https://www.tiktok.com/discover/senka-perfect-wipe-medicated-ori-vs-fake,,,,2026-08-15T14:37:45.483241+00:00
c359d5d1dd1e,SENKA_PERFECT_WHIP_ACNE_CARE_TWINPACK_NA54231200018,Senka,Perfect Whip Acne Care Twinpack,NA54231200018,https://dermapproved.com/images/products/senka-perfect-whip-acne-care.webp,SafeCart_Dataset\images\genuine_reference\SENKA_PERFECT_WHIP_ACNE_CARE_TWINPACK_NA54231200018\c359d5d1dd1e.jpg,https://dermapproved.com/products/senka-perfect-whip-acne-care/,dermapproved.com,dermapproved.com,,,,,,,,,,,rejected,,,,,,,d30c2dcdb5a3d6602d5c399d2e57cbff,,rejected,too_blurry (score=11.9),genuine,Senka Perfect Whip Acne Care Twinpack official,1200.0,1200.0,59895.0,2026-08-15T14:36:43.088170+00:00
3408309fb6d5,SENKA_PERFECT_WHIP_ACNE_CARE_TWINPACK_NA54231200018,Senka,Perfect Whip Acne Care Twinpack,NA54231200018,https://www.tiktok.com/api/img/?itemId=7241597514766404869&location=0&aid=1988,,https://www.tiktok.com/@senkaindonesia/video/7241597514766404869,www.tiktok.com,tiktok.com,,,,,,"Kemasannya mirip, tapi beda yaa! Jangan sampai salah, dan ... Perbedaan Senka Asli Dan Palsu · Perbedaan Lifusha Asli Dan Palsu ... Senka Perfect Whip Acne Care, acne prone skin cleanser, effective ...",,palsu,MODERATE_EVIDENCE,3.0,rejected,,,,,,,,,failed,download_failed_after_3_retries: 403 Client Error: Forbidden for url: https://www.tiktok.com/api/img/?itemId=7241597514766404869&location=0&aid=1988,counterfeit_evidence,https://www.tiktok.com/@senkaindonesia/video/7241597514766404869,,,,2026-08-15T14:36:45.401982+00:00
a384f73b148e,SENKA_PERFECT_WHIP_ACNE_CARE_TWINPACK_NA54231200018,Senka,Perfect Whip Acne Care Twinpack,NA54231200018,https://p16-common-sign.tiktokcdn-us.com/tos-alisg-p-0037/oQfTC3IjEG7FRlfAEAMQdUQqj9toDDF2IfQQ24~tplv-tiktokx-dmt-logom:tos-alisg-i-0068/oI3g4A9RGQ5A7wCfiFIAIODmAAmFEGwfJA9ef7.image?dr=9634&x-expires=1786539600&x-signature=j0vmiRNhZBWQgLhw0Q8scMpPZkU%3D&t=4d5b0474&ps=13740610&shp=81f88b70&shcp=55bbe6a9&idc=useast8,,https://www.tiktok.com/@senkaindonesia/video/7241597514766404869,www.tiktok.com,tiktok.com,,,,,,"Kemasannya mirip, tapi beda yaa! Jangan sampai salah, dan ... Perbedaan Senka Asli Dan Palsu · Perbedaan Lifusha Asli Dan Palsu ... Senka Perfect Whip Acne Care, acne prone skin cleanser, effective ...",,palsu,MODERATE_EVIDENCE,3.0,rejected,,,,,,,,,failed,download_failed_after_3_retries: 403 Client Error: Forbidden for url: https://p16-common-sign.tiktokcdn-us.com/tos-alisg-p-0037/oQfTC3IjEG7FRlfAEAMQdUQqj9toDDF2IfQQ24~tplv-tiktokx-dmt-logom:tos-alisg-i-0068/oI3g4A9RGQ5A7wCfiFIAIODmAAmFEGwfJA9ef7.image?dr=9634&x-expires=1786539600&x-signature=j0vmiRNhZBWQgLhw0Q8scMpPZkU%3D&t=4d5b0474&ps=13740610&shp=81f88b70&shcp=55bbe6a9&idc=useast8,counterfeit_evidence,https://www.tiktok.com/@senkaindonesia/video/7241597514766404869,,,,2026-08-15T14:36:54.961872+00:00
70eb1c33706a,SENKA_PERFECT_WHIP_ACNE_CARE_TWINPACK_NA54231200018,Senka,Perfect Whip Acne Care Twinpack,NA54231200018,https://p16-common-sign.tiktokcdn-us.com/tos-alisg-p-0037/oUCjIUEDAIfBF2TAUoi8ELEQaAFOcRAX5SCRfg~tplv-tiktokx-origin.image?dr=9636&x-expires=1786539600&x-signature=Os6cwXbW%2BOtTirwCBVHeiXCJScQ%3D&t=4d5b0474&ps=13740610&shp=81f88b70&shcp=55bbe6a9&idc=useast8,,https://www.tiktok.com/@senkaindonesia/video/7241597514766404869,www.tiktok.com,tiktok.com,,,,,,"Kemasannya mirip, tapi beda yaa! Jangan sampai salah, dan ... Perbedaan Senka Asli Dan Palsu · Perbedaan Lifusha Asli Dan Palsu ... Senka Perfect Whip Acne Care, acne prone skin cleanser, effective ...",,palsu,MODERATE_EVIDENCE,3.0,rejected,,,,,,,,,failed,download_failed_after_3_retries: 403 Client Error: Forbidden for url: https://p16-common-sign.tiktokcdn-us.com/tos-alisg-p-0037/oUCjIUEDAIfBF2TAUoi8ELEQaAFOcRAX5SCRfg~tplv-tiktokx-origin.image?dr=9636&x-expires=1786539600&x-signature=Os6cwXbW%2BOtTirwCBVHeiXCJScQ%3D&t=4d5b0474&ps=13740610&shp=81f88b70&shcp=55bbe6a9&idc=useast8,counterfeit_evidence,https://www.tiktok.com/@senkaindonesia/video/7241597514766404869,,,,2026-08-15T14:37:05.033644+00:00
e716d90fe74b,SENKA_PERFECT_WHIP_ACNE_CARE_TWINPACK_NA54231200018,Senka,Perfect Whip Acne Care Twinpack,NA54231200018,https://p19-common-sign.tiktokcdn-us.com/tos-alisg-p-0037/7fce36ec0cc547c8be8fc5d0ad6b806e~tplv-tiktokx-origin.image?dr=9636&x-expires=1786539600&x-signature=YT%2BduKvCqHheQvgDiLoDqBJGrwM%3D&t=4d5b0474&ps=13740610&shp=81f88b70&shcp=55bbe6a9&idc=useast8,,https://www.tiktok.com/@senkaindonesia/video/7241597514766404869,www.tiktok.com,tiktok.com,,,,,,"Kemasannya mirip, tapi beda yaa! Jangan sampai salah, dan ... Perbedaan Senka Asli Dan Palsu · Perbedaan Lifusha Asli Dan Palsu ... Senka Perfect Whip Acne Care, acne prone skin cleanser, effective ...",,palsu,MODERATE_EVIDENCE,3.0,rejected,,,,,,,,,failed,download_failed_after_3_retries: 403 Client Error: Forbidden for url: https://p19-common-sign.tiktokcdn-us.com/tos-alisg-p-0037/7fce36ec0cc547c8be8fc5d0ad6b806e~tplv-tiktokx-origin.image?dr=9636&x-expires=1786539600&x-signature=YT%2BduKvCqHheQvgDiLoDqBJGrwM%3D&t=4d5b0474&ps=13740610&shp=81f88b70&shcp=55bbe6a9&idc=useast8,counterfeit_evidence,https://www.tiktok.com/@senkaindonesia/video/7241597514766404869,,,,2026-08-15T14:37:16.205306+00:00
01a25730b254,SENKA_PERFECT_WHIP_ACNE_CARE_TWINPACK_NA54231200018,Senka,Perfect Whip Acne Care Twinpack,NA54231200018,https://p16-common-sign.tiktokcdn-us.com/tos-alisg-p-0037/oICXAQrwILnEfIIFQTIG3Ze2QfUIAKtTD4g9Hj~tplv-tiktokx-origin.image?dr=9636&x-expires=1786539600&x-signature=ijdS6himR0w7ZWdB%2FF7GxxbmlT8%3D&t=4d5b0474&ps=13740610&shp=81f88b70&shcp=55bbe6a9&idc=useast8,,https://www.tiktok.com/@senkaindonesia/video/7241597514766404869,www.tiktok.com,tiktok.com,,,,,,"Kemasannya mirip, tapi beda yaa! Jangan sampai salah, dan ... Perbedaan Senka Asli Dan Palsu · Perbedaan Lifusha Asli Dan Palsu ... Senka Perfect Whip Acne Care, acne prone skin cleanser, effective ...",,palsu,MODERATE_EVIDENCE,3.0,rejected,,,,,,,,,failed,download_failed_after_3_retries: 403 Client Error: Forbidden for url: https://p16-common-sign.tiktokcdn-us.com/tos-alisg-p-0037/oICXAQrwILnEfIIFQTIG3Ze2QfUIAKtTD4g9Hj~tplv-tiktokx-origin.image?dr=9636&x-expires=1786539600&x-signature=ijdS6himR0w7ZWdB%2FF7GxxbmlT8%3D&t=4d5b0474&ps=13740610&shp=81f88b70&shcp=55bbe6a9&idc=useast8,counterfeit_evidence,https://www.tiktok.com/@senkaindonesia/video/7241597514766404869,,,,2026-08-15T14:37:27.714398+00:00
7d1567730f36,SENKA_PERFECT_WHIP_ACNE_CARE_TWINPACK_NA54231200018,Senka,Perfect Whip Acne Care Twinpack,NA54231200018,https://p16-common-sign.tiktokcdn-us.com/tos-alisg-p-0037/oQveFcL0epp6Igi42OZiPEpBBrn1LIRvrwcACB~tplv-tiktokx-dmt-logom:tos-alisg-i-0068/ooeSqsjCIeGXlf5IdsLF3QAXDAARgAEA7vA4uA.image?dr=9634&x-expires=1786539600&x-signature=UZRxsmfrbqibY9lJyOsCte92too%3D&t=4d5b0474&ps=13740610&shp=81f88b70&shcp=55bbe6a9&idc=useast8,,https://www.tiktok.com/@senkaindonesia/video/7241597514766404869,www.tiktok.com,tiktok.com,,,,,,"Kemasannya mirip, tapi beda yaa! Jangan sampai salah, dan ... Perbedaan Senka Asli Dan Palsu · Perbedaan Lifusha Asli Dan Palsu ... Senka Perfect Whip Acne Care, acne prone skin cleanser, effective ...",,palsu,MODERATE_EVIDENCE,3.0,rejected,,,,,,,,,failed,download_failed_after_3_retries: 403 Client Error: Forbidden for url: https://p16-common-sign.tiktokcdn-us.com/tos-alisg-p-0037/oQveFcL0epp6Igi42OZiPEpBBrn1LIRvrwcACB~tplv-tiktokx-dmt-logom:tos-alisg-i-0068/ooeSqsjCIeGXlf5IdsLF3QAXDAARgAEA7vA4uA.image?dr=9634&x-expires=1786539600&x-signature=UZRxsmfrbqibY9lJyOsCte92too%3D&t=4d5b0474&ps=13740610&shp=81f88b70&shcp=55bbe6a9&idc=useast8,counterfeit_evidence,https://www.tiktok.com/@senkaindonesia/video/7241597514766404869,,,,2026-08-15T14:37:38.881744+00:00
673e3be26c39,SENKA_PERFECT_WHIP_ACNE_CARE_TWINPACK_NA54231200018,Senka,Perfect Whip Acne Care Twinpack,NA54231200018,https://p19-common-sign.tiktokcdn-us.com/tos-alisg-p-0037/oE2IS8gQEoDApUfFD8BmtpdtivJBREHMQI6hfj~tplv-tiktokx-origin.image?dr=9636&x-expires=1786539600&x-signature=%2FIKKwUVMYsXS8KmAbRFQMb8rWpA%3D&t=4d5b0474&ps=13740610&shp=81f88b70&shcp=55bbe6a9&idc=useast8,,https://www.tiktok.com/@senkaindonesia/video/7241597514766404869,www.tiktok.com,tiktok.com,,,,,,"Kemasannya mirip, tapi beda yaa! Jangan sampai salah, dan ... Perbedaan Senka Asli Dan Palsu · Perbedaan Lifusha Asli Dan Palsu ... Senka Perfect Whip Acne Care, acne prone skin cleanser, effective ...",,palsu,MODERATE_EVIDENCE,3.0,rejected,,,,,,,,,failed,download_failed_after_3_retries: 403 Client Error: Forbidden for url: https://p19-common-sign.tiktokcdn-us.com/tos-alisg-p-0037/oE2IS8gQEoDApUfFD8BmtpdtivJBREHMQI6hfj~tplv-tiktokx-origin.image?dr=9636&x-expires=1786539600&x-signature=%2FIKKwUVMYsXS8KmAbRFQMb8rWpA%3D&t=4d5b0474&ps=13740610&shp=81f88b70&shcp=55bbe6a9&idc=useast8,counterfeit_evidence,https://www.tiktok.com/@senkaindonesia/video/7241597514766404869,,,,2026-08-15T14:37:49.282593+00:00
42c2e83bd6d7,SENKA_PERFECT_WHIP_ACNE_CARE_TWINPACK_NA54231200018,Senka,Perfect Whip Acne Care Twinpack,NA54231200018,https://p16-common-sign.tiktokcdn-us.com/tos-maliva-p-0068/8501a12022a94d198d76a794eaef69a7_1700498044~tplv-tiktokx-dmt-logom:tos-useast2a-v-0068/oIiUnAMyrAQBgO5AiyxcBIiBEObfIcTACuPoEB.image?dr=9634&x-expires=1786539600&x-signature=vwHYEkpuNsCsLubfm1lV4%2FsvKYo%3D&t=4d5b0474&ps=13740610&shp=81f88b70&shcp=55bbe6a9&idc=useast8,,https://www.tiktok.com/@senkaindonesia/video/7241597514766404869,www.tiktok.com,tiktok.com,,,,,,"Kemasannya mirip, tapi beda yaa! Jangan sampai salah, dan ... Perbedaan Senka Asli Dan Palsu · Perbedaan Lifusha Asli Dan Palsu ... Senka Perfect Whip Acne Care, acne prone skin cleanser, effective ...",,palsu,MODERATE_EVIDENCE,3.0,rejected,,,,,,,,,failed,download_failed_after_3_retries: 403 Client Error: Forbidden for url: https://p16-common-sign.tiktokcdn-us.com/tos-maliva-p-0068/8501a12022a94d198d76a794eaef69a7_1700498044~tplv-tiktokx-dmt-logom:tos-useast2a-v-0068/oIiUnAMyrAQBgO5AiyxcBIiBEObfIcTACuPoEB.image?dr=9634&x-expires=1786539600&x-signature=vwHYEkpuNsCsLubfm1lV4%2FsvKYo%3D&t=4d5b0474&ps=13740610&shp=81f88b70&shcp=55bbe6a9&idc=useast8,counterfeit_evidence,https://www.tiktok.com/@senkaindonesia/video/7241597514766404869,,,,2026-08-15T14:38:00.833304+00:00
ac292d594588,DANCING_WHALE_CLEAR_CLEANSING_FOAM_NA26241200756,Dancing Whale,Clear Cleansing Foam,NA26241200756,https://lookaside.instagram.com/seo/google_widget/crawler/?media_id=3747480635188408259,,https://www.instagram.com/p/DQBuchfD2_D/,www.instagram.com,instagram.com,,,,,,,,,,,rejected,,,,,,,,,failed,"not_an_image (content-type=text/html; charset=""utf-8"")",genuine,Dancing Whale Clear Cleansing Foam official,,,,2026-08-15T14:38:00.697896+00:00
fd84b66e6073,DANCING_WHALE_CLEAR_CLEANSING_FOAM_NA26241200756,Dancing Whale,Clear Cleansing Foam,NA26241200756,https://lookaside.instagram.com/seo/google_widget/crawler/?media_id=3933339377249931859,,https://www.instagram.com/p/DQBuchfD2_D/,www.instagram.com,instagram.com,,,,,,,,,,,rejected,,,,,,,,,failed,"not_an_image (content-type=text/html; charset=""utf-8"")",genuine,Dancing Whale Clear Cleansing Foam official,,,,2026-08-15T14:38:02.772504+00:00
8fddd7a5c5aa,DANCING_WHALE_CLEAR_CLEANSING_FOAM_NA26241200756,Dancing Whale,Clear Cleansing Foam,NA26241200756,https://www.tiktok.com/api/img/?itemId=7362644252473494790&location=0&aid=1988,,https://www.tiktok.com/@kellybellyy02/video/7362644252473494790,www.tiktok.com,tiktok.com,,,,,,"Watch out for any fake products 🥺 & only buy from the official ... I literally recommend this cleanser to everyone. because it works on all skin types, cleanses away dirt, oil and bacteria. it doesn't strip the ...",,fake product; fake,MODERATE_EVIDENCE,3.0,rejected,,,,,,,,,failed,download_failed_after_3_retries: 403 Client Error: Forbidden for url: https://www.tiktok.com/api/img/?itemId=7362644252473494790&location=0&aid=1988,counterfeit_evidence,https://www.tiktok.com/@kellybellyy02/video/7362644252473494790,,,,2026-08-15T14:38:06.742775+00:00
9442c2d90682,FACETOLOGY_TRIPLE_CARE_ACNE_CALM_CLEANSER_NA18241210486,Facetology,Triple Care Acne Calm Cleanser,NA18241210486,https://lookaside.instagram.com/seo/google_widget/crawler/?media_id=3581276028079580662,,https://www.instagram.com/p/DGzP5ZrTdwm/,www.instagram.com,instagram.com,,,,,,,,,,,rejected,,,,,,,,,failed,"not_an_image (content-type=text/html; charset=""utf-8"")",genuine,Facetology Triple Care Acne Calm Cleanser official,,,,2026-08-15T14:37:52.826199+00:00
4c54cf1a982b,FACETOLOGY_TRIPLE_CARE_ACNE_CALM_CLEANSER_NA18241210486,Facetology,Triple Care Acne Calm Cleanser,NA18241210486,https://lookaside.instagram.com/seo/google_widget/crawler/?media_id=3581276028012546373,,https://www.instagram.com/p/DGzP5ZrTdwm/,www.instagram.com,instagram.com,,,,,,,,,,,rejected,,,,,,,,,failed,"not_an_image (content-type=text/html; charset=""utf-8"")",genuine,Facetology Triple Care Acne Calm Cleanser official,,,,2026-08-15T14:37:56.052348+00:00
7d1202f7050a,FACETOLOGY_TRIPLE_CARE_ACNE_CALM_CLEANSER_NA18241210486,Facetology,Triple Care Acne Calm Cleanser,NA18241210486,https://lookaside.instagram.com/seo/google_widget/crawler/?media_id=3578464821902669675,,https://www.instagram.com/p/DGpQs4OPyxJ/,www.instagram.com,instagram.com,,,,,,,,,,,rejected,,,,,,,,,failed,"not_an_image (content-type=text/html; charset=""utf-8"")",genuine,Facetology Triple Care Acne Calm Cleanser official,,,,2026-08-15T14:37:58.820954+00:00
f243a5d881f8,FACETOLOGY_TRIPLE_CARE_ACNE_CALM_CLEANSER_NA18241210486,Facetology,Triple Care Acne Calm Cleanser,NA18241210486,https://lookaside.instagram.com/seo/google_widget/crawler/?media_id=3794426402310363122,,https://www.instagram.com/p/DSogrWMEpfy/,www.instagram.com,instagram.com,,,,,,,,,,,rejected,,,,,,,,,failed,"not_an_image (content-type=text/html; charset=""utf-8"")",genuine,Facetology Triple Care Acne Calm Cleanser official,,,,2026-08-15T14:38:00.995681+00:00
bd160b9bc3bd,FACETOLOGY_TRIPLE_CARE_ACNE_CALM_CLEANSER_NA18241210486,Facetology,Triple Care Acne Calm Cleanser,NA18241210486,https://img.lazcdn.com/g/p/2c2c8c1262198b6bcbdbb23634b5dd66.jpg_240x240q80.jpg_.webp,SafeCart_Dataset\images\genuine_reference\FACETOLOGY_TRIPLE_CARE_ACNE_CALM_CLEANSER_NA18241210486\bd160b9bc3bd.jpg,https://www.lazada.co.id/products/facetology-triple-care-acne-calm-cleanser-100ml-2pcs-i8388134254.html,www.lazada.co.id,lazada.co.id,,,,,,,,,,,rejected,,,,,,,6c0d28161e8d78d6f5d7a952da2d0800,,rejected,too_small (240x240),genuine,Facetology Triple Care Acne Calm Cleanser official,240.0,240.0,13700.0,2026-08-15T14:38:02.329077+00:00
aba64a40ea2a,FACETOLOGY_TRIPLE_CARE_ACNE_CALM_CLEANSER_NA18241210486,Facetology,Triple Care Acne Calm Cleanser,NA18241210486,https://lookaside.instagram.com/seo/google_widget/crawler/?media_id=3578464822162760794,,https://www.instagram.com/p/DGpQs4OPyxJ/,www.instagram.com,instagram.com,,,,,,,,,,,rejected,,,,,,,,,failed,"not_an_image (content-type=text/html; charset=""utf-8"")",genuine,Facetology Triple Care Acne Calm Cleanser official,,,,2026-08-15T14:38:02.792590+00:00
9cc67d095b4f,FACETOLOGY_TRIPLE_CARE_ACNE_CALM_CLEANSER_NA18241210486,Facetology,Triple Care Acne Calm Cleanser,NA18241210486,https://lookaside.instagram.com/seo/google_widget/crawler/?media_id=3819921652608231691,,https://www.instagram.com/p/DUDFrDtidif/,www.instagram.com,instagram.com,,,,,,"Hati-hati barang palsu, Faceties ⚠️ Produk Facetology ... Hati-hati barang palsu, Faceties ⚠️ Produk Facetology yang asli selalu dijual di official store & official reseller dan official offline ...",,barang palsu; palsu,MODERATE_EVIDENCE,3.0,rejected,,,,,,,,,failed,"not_an_image (content-type=text/html; charset=""utf-8"")",counterfeit_evidence,https://www.instagram.com/p/DUDFrDtidif/,,,,2026-08-15T14:38:08.757800+00:00
f6c50ac73d61,FACETOLOGY_TRIPLE_CARE_ACNE_CALM_CLEANSER_NA18241210486,Facetology,Triple Care Acne Calm Cleanser,NA18241210486,https://lookaside.instagram.com/seo/google_widget/crawler/?media_id=3949772782758107880,,https://www.instagram.com/p/DUDFrDtidif/,www.instagram.com,instagram.com,,,,,,"Hati-hati barang palsu, Faceties ⚠️ Produk Facetology ... Hati-hati barang palsu, Faceties ⚠️ Produk Facetology yang asli selalu dijual di official store & official reseller dan official offline ...",,barang palsu; palsu,MODERATE_EVIDENCE,3.0,rejected,,,,,,,,,failed,"not_an_image (content-type=text/html; charset=""utf-8"")",counterfeit_evidence,https://www.instagram.com/p/DUDFrDtidif/,,,,2026-08-15T14:38:10.086349+00:00
cb834d97f2ed,FACETOLOGY_TRIPLE_CARE_ACNE_CALM_CLEANSER_NA18241210486,Facetology,Triple Care Acne Calm Cleanser,NA18241210486,https://lookaside.instagram.com/seo/google_widget/crawler/?media_id=3819921653925217481,,https://www.instagram.com/p/DUDFrDtidif/,www.instagram.com,instagram.com,,,,,,"Hati-hati barang palsu, Faceties ⚠️ Produk Facetology ... Hati-hati barang palsu, Faceties ⚠️ Produk Facetology yang asli selalu dijual di official store & official reseller dan official offline ...",,barang palsu; palsu,MODERATE_EVIDENCE,3.0,rejected,,,,,,,,,failed,"not_an_image (content-type=text/html; charset=""utf-8"")",counterfeit_evidence,https://www.instagram.com/p/DUDFrDtidif/,,,,2026-08-15T14:38:11.328331+00:00
09bc9d38c811,FACETOLOGY_TRIPLE_CARE_ACNE_CALM_CLEANSER_NA18241210486,Facetology,Triple Care Acne Calm Cleanser,NA18241210486,https://lookaside.instagram.com/seo/google_widget/crawler/?media_id=3819921654512446405,,https://www.instagram.com/p/DUDFrDtidif/,www.instagram.com,instagram.com,,,,,,"Hati-hati barang palsu, Faceties ⚠️ Produk Facetology ... Hati-hati barang palsu, Faceties ⚠️ Produk Facetology yang asli selalu dijual di official store & official reseller dan official offline ...",,barang palsu; palsu,MODERATE_EVIDENCE,3.0,rejected,,,,,,,,,failed,"not_an_image (content-type=text/html; charset=""utf-8"")",counterfeit_evidence,https://www.instagram.com/p/DUDFrDtidif/,,,,2026-08-15T14:38:12.679195+00:00
1698dfba03ce,FACETOLOGY_TRIPLE_CARE_ACNE_CALM_CLEANSER_NA18241210486,Facetology,Triple Care Acne Calm Cleanser,NA18241210486,https://lookaside.instagram.com/seo/google_widget/crawler/?media_id=3819921654185317692,,https://www.instagram.com/p/DUDFrDtidif/,www.instagram.com,instagram.com,,,,,,"Hati-hati barang palsu, Faceties ⚠️ Produk Facetology ... Hati-hati barang palsu, Faceties ⚠️ Produk Facetology yang asli selalu dijual di official store & official reseller dan official offline ...",,barang palsu; palsu,MODERATE_EVIDENCE,3.0,rejected,,,,,,,,,failed,"not_an_image (content-type=text/html; charset=""utf-8"")",counterfeit_evidence,https://www.instagram.com/p/DUDFrDtidif/,,,,2026-08-15T14:38:13.939275+00:00
2753abb20d5f,FACETOLOGY_TRIPLE_CARE_ACNE_CALM_CLEANSER_NA18241210486,Facetology,Triple Care Acne Calm Cleanser,NA18241210486,https://lookaside.instagram.com/seo/google_widget/crawler/?media_id=3819921654025911697,,https://www.instagram.com/p/DUDFrDtidif/,www.instagram.com,instagram.com,,,,,,"Hati-hati barang palsu, Faceties ⚠️ Produk Facetology ... Hati-hati barang palsu, Faceties ⚠️ Produk Facetology yang asli selalu dijual di official store & official reseller dan official offline ...",,barang palsu; palsu,MODERATE_EVIDENCE,3.0,rejected,,,,,,,,,failed,"not_an_image (content-type=text/html; charset=""utf-8"")",counterfeit_evidence,https://www.instagram.com/p/DUDFrDtidif/,,,,2026-08-15T14:38:14.936665+00:00
7d32019a6fae,FACETOLOGY_TRIPLE_CARE_ACNE_CALM_CLEANSER_NA18241210486,Facetology,Triple Care Acne Calm Cleanser,NA18241210486,https://lookaside.instagram.com/seo/google_widget/crawler/?media_id=3819921653296092769,,https://www.instagram.com/p/DUDFrDtidif/,www.instagram.com,instagram.com,,,,,,"Hati-hati barang palsu, Faceties ⚠️ Produk Facetology ... Hati-hati barang palsu, Faceties ⚠️ Produk Facetology yang asli selalu dijual di official store & official reseller dan official offline ...",,barang palsu; palsu,MODERATE_EVIDENCE,3.0,rejected,,,,,,,,,failed,"not_an_image (content-type=text/html; charset=""utf-8"")",counterfeit_evidence,https://www.instagram.com/p/DUDFrDtidif/,,,,2026-08-15T14:38:16.186816+00:00
2d4e2836eeed,NEUTROGENA_HYDRO_BOOST_WATER_GEL_CLEANSER_NA26241200626,Neutrogena,Hydro Boost Water Gel Cleanser,NA26241200626,"https://www.caretobeauty.com/cdn-cgi/image/width=1600,height=1600,f=auto/media/catalog/product//n/e/neutrogena-hydro-boost-cleansing-water-gel-fragrance-free-200ml.png",,https://www.caretobeauty.com/us/neutrogena-hydro-boost-cleansing-water-gel-fragrance-free-200ml/,www.caretobeauty.com,caretobeauty.com,,,,,,,,,,,rejected,,,,,,,,,failed,"download_failed_after_3_retries: 403 Client Error: Forbidden for url: https://www.caretobeauty.com/cdn-cgi/image/width=1600,height=1600,f=auto/media/catalog/product//n/e/neutrogena-hydro-boost-cleansing-water-gel-fragrance-free-200ml.png",genuine,Neutrogena Hydro Boost Water Gel Cleanser official,,,,2026-08-15T14:38:16.440380+00:00
a4f95198af58,NEUTROGENA_HYDRO_BOOST_WATER_GEL_CLEANSER_NA26241200626,Neutrogena,Hydro Boost Water Gel Cleanser,NA26241200626,https://lookaside.instagram.com/seo/google_widget/crawler/?media_id=3957445325564644363,,https://www.instagram.com/reel/C8t8htqydY8/,www.instagram.com,instagram.com,,,,,,"Apotek Farmaku on Instagram: ""Duh! Meresahkan banget ... Kalau yang palsu ini di bagian tulisannya enggak timbul jadi kalau misalkan diraba itu rata. Kalau dilihat dari teksturnya yang asli itu lebih ...",,palsu,MODERATE_EVIDENCE,3.0,rejected,,,,,,,,,failed,"not_an_image (content-type=text/html; charset=""utf-8"")",counterfeit_evidence,https://www.instagram.com/reel/C8t8htqydY8/,,,,2026-08-15T14:38:27.717387+00:00
54158162f9f9,NEUTROGENA_HYDRO_BOOST_WATER_GEL_CLEANSER_NA26241200626,Neutrogena,Hydro Boost Water Gel Cleanser,NA26241200626,https://lookaside.instagram.com/seo/google_widget/crawler/?media_id=3399639493304243772,,https://www.instagram.com/reel/C8t8htqydY8/,www.instagram.com,instagram.com,,,,,,"Apotek Farmaku on Instagram: ""Duh! Meresahkan banget ... Kalau yang palsu ini di bagian tulisannya enggak timbul jadi kalau misalkan diraba itu rata. Kalau dilihat dari teksturnya yang asli itu lebih ...",,palsu,MODERATE_EVIDENCE,3.0,rejected,,,,,,,,,failed,"not_an_image (content-type=text/html; charset=""utf-8"")",counterfeit_evidence,https://www.instagram.com/reel/C8t8htqydY8/,,,,2026-08-15T14:38:29.006849+00:00
400b47adaf08,NEUTROGENA_HYDRO_BOOST_WATER_GEL_CLEANSER_NA26241200626,Neutrogena,Hydro Boost Water Gel Cleanser,NA26241200626,https://lookaside.instagram.com/seo/google_widget/crawler/?media_id=3927028685102533825,,https://www.instagram.com/reel/C8t8htqydY8/,www.instagram.com,instagram.com,,,,,,"Apotek Farmaku on Instagram: ""Duh! Meresahkan banget ... Kalau yang palsu ini di bagian tulisannya enggak timbul jadi kalau misalkan diraba itu rata. Kalau dilihat dari teksturnya yang asli itu lebih ...",,palsu,MODERATE_EVIDENCE,3.0,rejected,,,,,,,,,failed,"not_an_image (content-type=text/html; charset=""utf-8"")",counterfeit_evidence,https://www.instagram.com/reel/C8t8htqydY8/,,,,2026-08-15T14:38:30.401003+00:00
72dd5c600675,NEUTROGENA_HYDRO_BOOST_WATER_GEL_CLEANSER_NA26241200626,Neutrogena,Hydro Boost Water Gel Cleanser,NA26241200626,https://lookaside.instagram.com/seo/google_widget/crawler/?media_id=3953901145898814089,,https://www.instagram.com/reel/C8t8htqydY8/,www.instagram.com,instagram.com,,,,,,"Apotek Farmaku on Instagram: ""Duh! Meresahkan banget ... Kalau yang palsu ini di bagian tulisannya enggak timbul jadi kalau misalkan diraba itu rata. Kalau dilihat dari teksturnya yang asli itu lebih ...",,palsu,MODERATE_EVIDENCE,3.0,rejected,,,,,,,,,failed,"not_an_image (content-type=text/html; charset=""utf-8"")",counterfeit_evidence,https://www.instagram.com/reel/C8t8htqydY8/,,,,2026-08-15T14:38:31.874784+00:00
55f9b349c0f3,NEUTROGENA_HYDRO_BOOST_WATER_GEL_CLEANSER_NA26241200626,Neutrogena,Hydro Boost Water Gel Cleanser,NA26241200626,https://lookaside.instagram.com/seo/google_widget/crawler/?media_id=3937112063662982567,,https://www.instagram.com/reel/C8t8htqydY8/,www.instagram.com,instagram.com,,,,,,"Apotek Farmaku on Instagram: ""Duh! Meresahkan banget ... Kalau yang palsu ini di bagian tulisannya enggak timbul jadi kalau misalkan diraba itu rata. Kalau dilihat dari teksturnya yang asli itu lebih ...",,palsu,MODERATE_EVIDENCE,3.0,rejected,,,,,,,,,failed,"not_an_image (content-type=text/html; charset=""utf-8"")",counterfeit_evidence,https://www.instagram.com/reel/C8t8htqydY8/,,,,2026-08-15T14:38:33.297675+00:00
8514dac5df6c,NEUTROGENA_HYDRO_BOOST_WATER_GEL_CLEANSER_NA26241200626,Neutrogena,Hydro Boost Water Gel Cleanser,NA26241200626,https://lookaside.instagram.com/seo/google_widget/crawler/?media_id=3953901172759096112,,https://www.instagram.com/reel/C8t8htqydY8/,www.instagram.com,instagram.com,,,,,,"Apotek Farmaku on Instagram: ""Duh! Meresahkan banget ... Kalau yang palsu ini di bagian tulisannya enggak timbul jadi kalau misalkan diraba itu rata. Kalau dilihat dari teksturnya yang asli itu lebih ...",,palsu,MODERATE_EVIDENCE,3.0,rejected,,,,,,,,,failed,"not_an_image (content-type=text/html; charset=""utf-8"")",counterfeit_evidence,https://www.instagram.com/reel/C8t8htqydY8/,,,,2026-08-15T14:38:34.151674+00:00
bb1b74714bcd,NEUTROGENA_HYDRO_BOOST_WATER_GEL_CLEANSER_NA26241200626,Neutrogena,Hydro Boost Water Gel Cleanser,NA26241200626,https://lookaside.instagram.com/seo/google_widget/crawler/?media_id=3960301970657353331,,https://www.instagram.com/reel/C8t8htqydY8/,www.instagram.com,instagram.com,,,,,,"Apotek Farmaku on Instagram: ""Duh! Meresahkan banget ... Kalau yang palsu ini di bagian tulisannya enggak timbul jadi kalau misalkan diraba itu rata. Kalau dilihat dari teksturnya yang asli itu lebih ...",,palsu,MODERATE_EVIDENCE,3.0,rejected,,,,,,,,,failed,"not_an_image (content-type=text/html; charset=""utf-8"")",counterfeit_evidence,https://www.instagram.com/reel/C8t8htqydY8/,,,,2026-08-15T14:38:35.585877+00:00
e71d44efcb22,ALL_NATURAL_HOUTTUYNIA_CORDATA_CLEANSING_FOAM_NA26221200909,All Natural,Houttuynia Cordata Cleansing Foam,NA26221200909,https://koreadepart.com/data/item/1690269282_m,,https://m.koreadepart.com/item/1690269282,m.koreadepart.com,m.koreadepart.com,,,,,,,,,,,rejected,,,,,,,,,failed,"download_failed_after_3_retries: HTTPSConnectionPool(host='koreadepart.com', port=443): Max retries exceeded with url: /data/item/1690269282_m (Caused by SSLError(SSLError(1, '[SSL: DH_KEY_TOO_SMALL] dh key too small (_ssl.c:1016)')))",genuine,All Natural Houttuynia Cordata Cleansing Foam official,,,,2026-08-15T14:38:38.964712+00:00
d7378f8f7605,ALL_NATURAL_HOUTTUYNIA_CORDATA_CLEANSING_FOAM_NA26221200909,All Natural,Houttuynia Cordata Cleansing Foam,NA26221200909,https://www.dreamforecast.com/image/main/dermafactory/dermafactory_500010.jpg,,https://www.ebay.com/itm/126062627810,www.ebay.com,ebay.com,,,,,,,,,,,rejected,,,,,,,,,failed,"download_failed_after_3_retries: HTTPSConnectionPool(host='www.dreamforecast.com', port=443): Max retries exceeded with url: /image/main/dermafactory/dermafactory_500010.jpg (Caused by SSLError(SSLCertVerificationError(1, '[SSL: CERTIFICATE_VERIFY_FAILED] certificate verify failed: unable to get local issuer certificate (_ssl.c:1016)')))",genuine,All Natural Houttuynia Cordata Cleansing Foam official,,,,2026-08-15T14:38:50.808608+00:00
f1279586bd14,ALL_NATURAL_HOUTTUYNIA_CORDATA_CLEANSING_FOAM_NA26221200909,All Natural,Houttuynia Cordata Cleansing Foam,NA26221200909,https://www.gosupps.com/media/catalog/product/cache/25/image/1500x/040ec09b1e35df139433887a97daa66f/5/1/51tTnhu0w3L._SL1500_.jpg,SafeCart_Dataset\images\genuine_reference\ALL_NATURAL_HOUTTUYNIA_CORDATA_CLEANSING_FOAM_NA26221200909\f1279586bd14.jpg,https://www.gosupps.com/esfolio-hyaluronic-acid-houttuynia-cordata-cleansing-foam.html,www.gosupps.com,gosupps.com,,,,,,,,,,,rejected,,,,,,,ff8a604384b9377d7ad3ec8b39eef738,,rejected,too_blurry (score=4.6),genuine,All Natural Houttuynia Cordata Cleansing Foam official,1500.0,1282.0,66411.0,2026-08-15T14:39:02.586511+00:00
7de441033903,I_M_FROM_RICE_WHIP_FACIAL_CLEANSER_SET_NKIT240002656,I'm From,Rice Whip Facial Cleanser Set,NKIT240002656,https://lookaside.instagram.com/seo/google_widget/crawler/?media_id=3382164148858854372,,https://www.instagram.com/reel/C7v3F-4yxvk/,www.instagram.com,instagram.com,,,,,,,,,,,rejected,,,,,,,,,failed,"not_an_image (content-type=text/html; charset=""utf-8"")",genuine,I'm From Rice Whip Facial Cleanser Set official,,,,2026-08-15T14:39:09.008639+00:00
d0286418e24a,I_M_FROM_RICE_WHIP_FACIAL_CLEANSER_SET_NKIT240002656,I'm From,Rice Whip Facial Cleanser Set,NKIT240002656,"https://cloudinary.images-iherb.com/image/upload/f_auto,q_auto:eco/ugc/20241009/5d6f94cc-8ed2-4270-8282-0e23394388cf/m.jpeg",SafeCart_Dataset\images\genuine_reference\I_M_FROM_RICE_WHIP_FACIAL_CLEANSER_SET_NKIT240002656\d0286418e24a.jpg,https://www.iherb.com/r/i-m-from-rice-whip-facial-cleanser-set-3-piece-set/143440?srsltid=AfmBOoo31RzKIinYjNi5NA4P9TfS6MxLnHPaDONJm9Z6SxkDy3RBRUA0,www.iherb.com,iherb.com,,,,,,,,,,,rejected,,,,,,,f3c9ff6147cd911ca489614f9d5c334f,,rejected,too_small (240x240),genuine,I'm From Rice Whip Facial Cleanser Set official,240.0,240.0,8582.0,2026-08-15T14:39:10.714574+00:00
05a4bdb081c7,NEUTROGENA_OIL_FREE_ACNE_WASH_NA26231200409,Neutrogena,Oil-Free Acne Wash,NA26231200409,https://i5.walmartimages.com/seo/Neutrogena-Oil-Free-Acne-Liquid-Facial-Cleanser-Oily-Skin-6-fl-oz-2-Pack_178c08c8-68af-4c00-bd0c-5858956283bc_1.650c86177d2f0eb833583dc58a4a94b8.jpeg,SafeCart_Dataset\images\genuine_reference\NEUTROGENA_OIL_FREE_ACNE_WASH_NA26231200409\05a4bdb081c7.jpg,https://www.walmart.com/ip/Neutrogena-Oil-Free-Acne-Liquid-Facial-Cleanser-Oily-Skin-6-fl-oz-2-Pack/556851304,www.walmart.com,walmart.com,,,,,,,,,,,rejected,,,,,,,adbd48e03aad2435aa61f75dae899d09,,rejected,too_blurry (score=10.5),genuine,Neutrogena Oil-Free Acne Wash official,4488.0,4216.0,685709.0,2026-08-15T14:39:17.896088+00:00
3465925bcfd5,NEUTROGENA_OIL_FREE_ACNE_WASH_NA26231200409,Neutrogena,Oil-Free Acne Wash,NA26231200409,https://www.tiktok.com/api/img/?itemId=7080633942449147179&location=0&aid=1988,,https://www.tiktok.com/@neutrogena_us/video/7080633942449147179,www.tiktok.com,tiktok.com,,,,,,"Neutrogena Oil-Free Acne Wash: The Ultimate Guide bahaya produk skincare palsu, cara menghindari produk palsu, tips skincare yang aman, efek skincare palsu, La Roche Posay asli dan palsu ...",,produk palsu; palsu,MODERATE_EVIDENCE,3.0,rejected,,,,,,,,,failed,download_failed_after_3_retries: 403 Client Error: Forbidden for url: https://www.tiktok.com/api/img/?itemId=7080633942449147179&location=0&aid=1988,counterfeit_evidence,https://www.tiktok.com/@neutrogena_us/video/7080633942449147179,,,,2026-08-15T14:39:21.788749+00:00
c1176a54ee79,INNISFREE_VITAMIN_C_GREEN_TEA_ENZYME_BRIGHTENING_PAD_NA26241900034,Innisfree,Vitamin C Green Tea Enzyme Brightening Pad,NA26241900034,https://holiholic.com/cdn/shop/files/Innisfree_VitaCGreenTeaEnzymeBrighteningPad-Holiholic_0acd4246-23c6-4159-949a-47eb76301549_compact.jpg?v=1709127857,SafeCart_Dataset\images\genuine_reference\INNISFREE_VITAMIN_C_GREEN_TEA_ENZYME_BRIGHTENING_PAD_NA26241900034\c1176a54ee79.jpg,https://holiholic.com/products/innisfree-vita-c-green-tea-enzyme-brightening-pad-60pads?srsltid=AfmBOoqQhQgR_Kf8jvzP_BEIQLWm--S8KpQEOSTjR5h2baxcPSVmxA8J,holiholic.com,holiholic.com,,,,,,,,,,,rejected,,,,,,,ee3bbbd3d3f5e927f44e051a681fdbc8,,rejected,too_small (140x160),genuine,Innisfree Vitamin C Green Tea Enzyme Brightening Pad official,140.0,160.0,3641.0,2026-08-15T14:39:35.739428+00:00
2c35adca5ca6,INNISFREE_VITAMIN_C_GREEN_TEA_ENZYME_BRIGHTENING_PAD_NA26241900034,Innisfree,Vitamin C Green Tea Enzyme Brightening Pad,NA26241900034,https://lookaside.instagram.com/seo/google_widget/crawler/?media_id=3954924814146015305,,https://www.instagram.com/reel/DPn3JYuE1GZ/,www.instagram.com,instagram.com,,,,,,Our Vitamin C Green Tea Enzyme Brightening Pad can help ... Fake 8 hours of sleep with this Vitamin C Green Tea Enzyme Brightening Cream Way too moisturising & now my skin won't stop glowing bruh. ...,,fake,MODERATE_EVIDENCE,3.0,rejected,,,,,,,,,failed,"not_an_image (content-type=text/html; charset=""utf-8"")",counterfeit_evidence,https://www.instagram.com/reel/DPn3JYuE1GZ/,,,,2026-08-15T14:39:39.003111+00:00
cc1f9c179900,INNISFREE_VITAMIN_C_GREEN_TEA_ENZYME_BRIGHTENING_PAD_NA26241900034,Innisfree,Vitamin C Green Tea Enzyme Brightening Pad,NA26241900034,https://lookaside.instagram.com/seo/google_widget/crawler/?media_id=3951216065487357828,,https://www.instagram.com/reel/DPn3JYuE1GZ/,www.instagram.com,instagram.com,,,,,,Our Vitamin C Green Tea Enzyme Brightening Pad can help ... Fake 8 hours of sleep with this Vitamin C Green Tea Enzyme Brightening Cream Way too moisturising & now my skin won't stop glowing bruh. ...,,fake,MODERATE_EVIDENCE,3.0,rejected,,,,,,,,,failed,"not_an_image (content-type=text/html; charset=""utf-8"")",counterfeit_evidence,https://www.instagram.com/reel/DPn3JYuE1GZ/,,,,2026-08-15T14:39:40.351952+00:00
c1595b95bd2b,INNISFREE_VITAMIN_C_GREEN_TEA_ENZYME_BRIGHTENING_PAD_NA26241900034,Innisfree,Vitamin C Green Tea Enzyme Brightening Pad,NA26241900034,https://lookaside.instagram.com/seo/google_widget/crawler/?media_id=3740200553130709401,,https://www.instagram.com/reel/DPn3JYuE1GZ/,www.instagram.com,instagram.com,,,,,,Our Vitamin C Green Tea Enzyme Brightening Pad can help ... Fake 8 hours of sleep with this Vitamin C Green Tea Enzyme Brightening Cream Way too moisturising & now my skin won't stop glowing bruh. ...,,fake,MODERATE_EVIDENCE,3.0,rejected,,,,,,,,,failed,"not_an_image (content-type=text/html; charset=""utf-8"")",counterfeit_evidence,https://www.instagram.com/reel/DPn3JYuE1GZ/,,,,2026-08-15T14:39:42.027296+00:00
644ad646cb50,INNISFREE_VITAMIN_C_GREEN_TEA_ENZYME_BRIGHTENING_PAD_NA26241900034,Innisfree,Vitamin C Green Tea Enzyme Brightening Pad,NA26241900034,https://lookaside.instagram.com/seo/google_widget/crawler/?media_id=3957707906734320533,,https://www.instagram.com/reel/DPn3JYuE1GZ/,www.instagram.com,instagram.com,,,,,,Our Vitamin C Green Tea Enzyme Brightening Pad can help ... Fake 8 hours of sleep with this Vitamin C Green Tea Enzyme Brightening Cream Way too moisturising & now my skin won't stop glowing bruh. ...,,fake,MODERATE_EVIDENCE,3.0,rejected,,,,,,,,,failed,"not_an_image (content-type=text/html; charset=""utf-8"")",counterfeit_evidence,https://www.instagram.com/reel/DPn3JYuE1GZ/,,,,2026-08-15T14:39:42.906332+00:00
1b58b87f3ffd,INNISFREE_VITAMIN_C_GREEN_TEA_ENZYME_BRIGHTENING_PAD_NA26241900034,Innisfree,Vitamin C Green Tea Enzyme Brightening Pad,NA26241900034,https://lookaside.instagram.com/seo/google_widget/crawler/?media_id=3948061725069065450,,https://www.instagram.com/reel/DPn3JYuE1GZ/,www.instagram.com,instagram.com,,,,,,Our Vitamin C Green Tea Enzyme Brightening Pad can help ... Fake 8 hours of sleep with this Vitamin C Green Tea Enzyme Brightening Cream Way too moisturising & now my skin won't stop glowing bruh. ...,,fake,MODERATE_EVIDENCE,3.0,rejected,,,,,,,,,failed,"not_an_image (content-type=text/html; charset=""utf-8"")",counterfeit_evidence,https://www.instagram.com/reel/DPn3JYuE1GZ/,,,,2026-08-15T14:39:44.509402+00:00
954edfa9dd17,INNISFREE_VITAMIN_C_GREEN_TEA_ENZYME_BRIGHTENING_PAD_NA26241900034,Innisfree,Vitamin C Green Tea Enzyme Brightening Pad,NA26241900034,https://lookaside.instagram.com/seo/google_widget/crawler/?media_id=3954069775386482492,,https://www.instagram.com/reel/DPn3JYuE1GZ/,www.instagram.com,instagram.com,,,,,,Our Vitamin C Green Tea Enzyme Brightening Pad can help ... Fake 8 hours of sleep with this Vitamin C Green Tea Enzyme Brightening Cream Way too moisturising & now my skin won't stop glowing bruh. ...,,fake,MODERATE_EVIDENCE,3.0,rejected,,,,,,,,,failed,"not_an_image (content-type=text/html; charset=""utf-8"")",counterfeit_evidence,https://www.instagram.com/reel/DPn3JYuE1GZ/,,,,2026-08-15T14:39:45.563214+00:00
19cd8b372d76,INNISFREE_VITAMIN_C_GREEN_TEA_ENZYME_BRIGHTENING_PAD_NA26241900034,Innisfree,Vitamin C Green Tea Enzyme Brightening Pad,NA26241900034,https://lookaside.instagram.com/seo/google_widget/crawler/?media_id=3940843061097553880,,https://www.instagram.com/reel/DPn3JYuE1GZ/,www.instagram.com,instagram.com,,,,,,Our Vitamin C Green Tea Enzyme Brightening Pad can help ... Fake 8 hours of sleep with this Vitamin C Green Tea Enzyme Brightening Cream Way too moisturising & now my skin won't stop glowing bruh. ...,,fake,MODERATE_EVIDENCE,3.0,rejected,,,,,,,,,failed,"not_an_image (content-type=text/html; charset=""utf-8"")",counterfeit_evidence,https://www.instagram.com/reel/DPn3JYuE1GZ/,,,,2026-08-15T14:39:46.773813+00:00
0d6ce43c1b1c,ROUND_LAB_PINE_CALMING_CICA_CLEANSER_NA26231200953,Round Lab,Pine Calming Cica Cleanser,NA26231200953,https://www.tiktok.com/api/img/?itemId=7260023285839039750&location=0&aid=1988,,https://www.tiktok.com/@beyondbeauty.id/video/7260023285839039750,www.tiktok.com,tiktok.com,,,,,,#stitch with @David🫧 YES ROUNDLAB ADA PALSUNYA ... This creamy foam cleanser uses deep sea water from Ulleungdo Island which is rich in natural minerals like calcium and magnesium.,,palsu,MODERATE_EVIDENCE,3.0,rejected,,,,,,,,,failed,download_failed_after_3_retries: 403 Client Error: Forbidden for url: https://www.tiktok.com/api/img/?itemId=7260023285839039750&location=0&aid=1988,counterfeit_evidence,https://www.tiktok.com/@beyondbeauty.id/video/7260023285839039750,,,,2026-08-15T14:38:23.453499+00:00
e00576296d9b,ROUND_LAB_PINE_CALMING_CICA_CLEANSER_NA26231200953,Round Lab,Pine Calming Cica Cleanser,NA26231200953,https://p16-common-sign.tiktokcdn-us.com/tos-alisg-p-0037/owRBAypIUb5DACfPg0QLDfEVFEARBAVrQEisAE~tplv-tiktokx-origin.image?dr=9636&x-expires=1784160000&x-signature=EmsCq54qAWRSU3Lvo%2Bxe4boObNg%3D&t=4d5b0474&ps=13740610&shp=81f88b70&shcp=55bbe6a9&idc=useast8,,https://www.tiktok.com/@beyondbeauty.id/video/7260023285839039750,www.tiktok.com,tiktok.com,,,,,,#stitch with @David🫧 YES ROUNDLAB ADA PALSUNYA ... This creamy foam cleanser uses deep sea water from Ulleungdo Island which is rich in natural minerals like calcium and magnesium.,,palsu,MODERATE_EVIDENCE,3.0,rejected,,,,,,,,,failed,download_failed_after_3_retries: 403 Client Error: Forbidden for url: https://p16-common-sign.tiktokcdn-us.com/tos-alisg-p-0037/owRBAypIUb5DACfPg0QLDfEVFEARBAVrQEisAE~tplv-tiktokx-origin.image?dr=9636&x-expires=1784160000&x-signature=EmsCq54qAWRSU3Lvo%2Bxe4boObNg%3D&t=4d5b0474&ps=13740610&shp=81f88b70&shcp=55bbe6a9&idc=useast8,counterfeit_evidence,https://www.tiktok.com/@beyondbeauty.id/video/7260023285839039750,,,,2026-08-15T14:38:32.881749+00:00
3fccbc508880,ROUND_LAB_PINE_CALMING_CICA_CLEANSER_NA26231200953,Round Lab,Pine Calming Cica Cleanser,NA26231200953,https://p16-common-sign.tiktokcdn-us.com/tos-alisg-p-0037/ocvFEkanSAA4EYVCGX5QIP5BKirAEBEiIIWwv~tplv-tiktokx-origin.image?dr=9636&x-expires=1784160000&x-signature=AB9wdi0jnHjrzzcmy4UvzXq5cjw%3D&t=4d5b0474&ps=13740610&shp=81f88b70&shcp=55bbe6a9&idc=useast8,,https://www.tiktok.com/@beyondbeauty.id/video/7260023285839039750,www.tiktok.com,tiktok.com,,,,,,#stitch with @David🫧 YES ROUNDLAB ADA PALSUNYA ... This creamy foam cleanser uses deep sea water from Ulleungdo Island which is rich in natural minerals like calcium and magnesium.,,palsu,MODERATE_EVIDENCE,3.0,rejected,,,,,,,,,failed,download_failed_after_3_retries: 403 Client Error: Forbidden for url: https://p16-common-sign.tiktokcdn-us.com/tos-alisg-p-0037/ocvFEkanSAA4EYVCGX5QIP5BKirAEBEiIIWwv~tplv-tiktokx-origin.image?dr=9636&x-expires=1784160000&x-signature=AB9wdi0jnHjrzzcmy4UvzXq5cjw%3D&t=4d5b0474&ps=13740610&shp=81f88b70&shcp=55bbe6a9&idc=useast8,counterfeit_evidence,https://www.tiktok.com/@beyondbeauty.id/video/7260023285839039750,,,,2026-08-15T14:38:42.136550+00:00
decd67b2f996,ROUND_LAB_PINE_CALMING_CICA_CLEANSER_NA26231200953,Round Lab,Pine Calming Cica Cleanser,NA26231200953,https://p16-common-sign.tiktokcdn-us.com/tos-useast8-p-0068-tx2/oImCoEVefLUTLIAUIwh4jNuGAIkIq5KeqFlbQz~tplv-tiktokx-origin.image?dr=9636&x-expires=1784160000&x-signature=txW1fjKRHaohkbW9p%2BiwZa7LtZo%3D&t=4d5b0474&ps=13740610&shp=81f88b70&shcp=55bbe6a9&idc=useast8,,https://www.tiktok.com/@beyondbeauty.id/video/7260023285839039750,www.tiktok.com,tiktok.com,,,,,,#stitch with @David🫧 YES ROUNDLAB ADA PALSUNYA ... This creamy foam cleanser uses deep sea water from Ulleungdo Island which is rich in natural minerals like calcium and magnesium.,,palsu,MODERATE_EVIDENCE,3.0,rejected,,,,,,,,,failed,download_failed_after_3_retries: 403 Client Error: Forbidden for url: https://p16-common-sign.tiktokcdn-us.com/tos-useast8-p-0068-tx2/oImCoEVefLUTLIAUIwh4jNuGAIkIq5KeqFlbQz~tplv-tiktokx-origin.image?dr=9636&x-expires=1784160000&x-signature=txW1fjKRHaohkbW9p%2BiwZa7LtZo%3D&t=4d5b0474&ps=13740610&shp=81f88b70&shcp=55bbe6a9&idc=useast8,counterfeit_evidence,https://www.tiktok.com/@beyondbeauty.id/video/7260023285839039750,,,,2026-08-15T14:38:51.413856+00:00
480e83446de4,ROUND_LAB_PINE_CALMING_CICA_CLEANSER_NA26231200953,Round Lab,Pine Calming Cica Cleanser,NA26231200953,https://p16-common-sign.tiktokcdn-us.com/tos-useast8-p-0068-tx2/ocRPj6B3hBBIEAlcxACONiuz1AjIuiEaAGAAy~tplv-tiktokx-origin.image?dr=9636&x-expires=1784160000&x-signature=kQymWTR3Rig%2F0Ov%2FRHUZOfsCW7A%3D&t=4d5b0474&ps=13740610&shp=81f88b70&shcp=55bbe6a9&idc=useast8,,https://www.tiktok.com/@beyondbeauty.id/video/7260023285839039750,www.tiktok.com,tiktok.com,,,,,,#stitch with @David🫧 YES ROUNDLAB ADA PALSUNYA ... This creamy foam cleanser uses deep sea water from Ulleungdo Island which is rich in natural minerals like calcium and magnesium.,,palsu,MODERATE_EVIDENCE,3.0,rejected,,,,,,,,,failed,download_failed_after_3_retries: 403 Client Error: Forbidden for url: https://p16-common-sign.tiktokcdn-us.com/tos-useast8-p-0068-tx2/ocRPj6B3hBBIEAlcxACONiuz1AjIuiEaAGAAy~tplv-tiktokx-origin.image?dr=9636&x-expires=1784160000&x-signature=kQymWTR3Rig%2F0Ov%2FRHUZOfsCW7A%3D&t=4d5b0474&ps=13740610&shp=81f88b70&shcp=55bbe6a9&idc=useast8,counterfeit_evidence,https://www.tiktok.com/@beyondbeauty.id/video/7260023285839039750,,,,2026-08-15T14:39:00.657257+00:00
7d924e3800c5,ROUND_LAB_PINE_CALMING_CICA_CLEANSER_NA26231200953,Round Lab,Pine Calming Cica Cleanser,NA26231200953,https://p16-common-sign.tiktokcdn-us.com/tos-alisg-p-0037/oAqo7A4DTE3nTAhFEAA7zAEVIDtzfZ5AfjIRCe~tplv-tiktokx-origin.image?dr=9636&x-expires=1784160000&x-signature=6LCZi3MvaloRy56OeqVol8NTICE%3D&t=4d5b0474&ps=13740610&shp=81f88b70&shcp=55bbe6a9&idc=useast8,,https://www.tiktok.com/@beyondbeauty.id/video/7260023285839039750,www.tiktok.com,tiktok.com,,,,,,#stitch with @David🫧 YES ROUNDLAB ADA PALSUNYA ... This creamy foam cleanser uses deep sea water from Ulleungdo Island which is rich in natural minerals like calcium and magnesium.,,palsu,MODERATE_EVIDENCE,3.0,rejected,,,,,,,,,failed,download_failed_after_3_retries: 403 Client Error: Forbidden for url: https://p16-common-sign.tiktokcdn-us.com/tos-alisg-p-0037/oAqo7A4DTE3nTAhFEAA7zAEVIDtzfZ5AfjIRCe~tplv-tiktokx-origin.image?dr=9636&x-expires=1784160000&x-signature=6LCZi3MvaloRy56OeqVol8NTICE%3D&t=4d5b0474&ps=13740610&shp=81f88b70&shcp=55bbe6a9&idc=useast8,counterfeit_evidence,https://www.tiktok.com/@beyondbeauty.id/video/7260023285839039750,,,,2026-08-15T14:39:09.912293+00:00
4aec9880863b,ROUND_LAB_PINE_CALMING_CICA_CLEANSER_NA26231200953,Round Lab,Pine Calming Cica Cleanser,NA26231200953,https://p19-common-sign.tiktokcdn-us.com/tos-maliva-p-0068/443fde0ac8454c7b835e128c56bc6c3b_1717507363~tplv-tiktokx-dmt-logom:tos-useast2a-v-0068/okV1AeoIi9QwvAjMA1AgjKWLeeF9K3ISCGYEgS.image?dr=9634&x-expires=1784160000&x-signature=jr4CWhxo7HZ2JpY%2B6RBP9tebzN8%3D&t=4d5b0474&ps=13740610&shp=81f88b70&shcp=55bbe6a9&idc=useast8,,https://www.tiktok.com/@beyondbeauty.id/video/7260023285839039750,www.tiktok.com,tiktok.com,,,,,,#stitch with @David🫧 YES ROUNDLAB ADA PALSUNYA ... This creamy foam cleanser uses deep sea water from Ulleungdo Island which is rich in natural minerals like calcium and magnesium.,,palsu,MODERATE_EVIDENCE,3.0,rejected,,,,,,,,,failed,download_failed_after_3_retries: 403 Client Error: Forbidden for url: https://p19-common-sign.tiktokcdn-us.com/tos-maliva-p-0068/443fde0ac8454c7b835e128c56bc6c3b_1717507363~tplv-tiktokx-dmt-logom:tos-useast2a-v-0068/okV1AeoIi9QwvAjMA1AgjKWLeeF9K3ISCGYEgS.image?dr=9634&x-expires=1784160000&x-signature=jr4CWhxo7HZ2JpY%2B6RBP9tebzN8%3D&t=4d5b0474&ps=13740610&shp=81f88b70&shcp=55bbe6a9&idc=useast8,counterfeit_evidence,https://www.tiktok.com/@beyondbeauty.id/video/7260023285839039750,,,,2026-08-15T14:39:19.170885+00:00
300507ef7dfd,ROUND_LAB_PINE_CALMING_CICA_CLEANSER_NA26231200953,Round Lab,Pine Calming Cica Cleanser,NA26231200953,https://p16-common-sign.tiktokcdn-us.com/tos-alisg-p-0037/okEvIAAAIoQNAZB0QiBQvPEVDhxCtiAwKzebBU~tplv-tiktokx-origin.image?dr=9636&x-expires=1784160000&x-signature=ODDTOHyMKNidO7AWk6AKW5ZuLXs%3D&t=4d5b0474&ps=13740610&shp=81f88b70&shcp=55bbe6a9&idc=useast8,,https://www.tiktok.com/@beyondbeauty.id/video/7260023285839039750,www.tiktok.com,tiktok.com,,,,,,#stitch with @David🫧 YES ROUNDLAB ADA PALSUNYA ... This creamy foam cleanser uses deep sea water from Ulleungdo Island which is rich in natural minerals like calcium and magnesium.,,palsu,MODERATE_EVIDENCE,3.0,rejected,,,,,,,,,failed,download_failed_after_3_retries: 403 Client Error: Forbidden for url: https://p16-common-sign.tiktokcdn-us.com/tos-alisg-p-0037/okEvIAAAIoQNAZB0QiBQvPEVDhxCtiAwKzebBU~tplv-tiktokx-origin.image?dr=9636&x-expires=1784160000&x-signature=ODDTOHyMKNidO7AWk6AKW5ZuLXs%3D&t=4d5b0474&ps=13740610&shp=81f88b70&shcp=55bbe6a9&idc=useast8,counterfeit_evidence,https://www.tiktok.com/@beyondbeauty.id/video/7260023285839039750,,,,2026-08-15T14:39:29.943067+00:00
745c6590d459,ROUND_LAB_PINE_CALMING_CICA_CLEANSER_NA26231200953,Round Lab,Pine Calming Cica Cleanser,NA26231200953,https://p16-common-sign.tiktokcdn-us.com/tos-useast5-p-0068-tx/ogG8lOehAGxsSLAIbXPEA3kkIcgHkQLAjzDAee~tplv-tiktokx-origin.image?dr=9636&x-expires=1784160000&x-signature=wmgRamJXxqaNBcgnTXdBJUfZrXQ%3D&t=4d5b0474&ps=13740610&shp=81f88b70&shcp=55bbe6a9&idc=useast8,,https://www.tiktok.com/@beyondbeauty.id/video/7260023285839039750,www.tiktok.com,tiktok.com,,,,,,#stitch with @David🫧 YES ROUNDLAB ADA PALSUNYA ... This creamy foam cleanser uses deep sea water from Ulleungdo Island which is rich in natural minerals like calcium and magnesium.,,palsu,MODERATE_EVIDENCE,3.0,rejected,,,,,,,,,failed,download_failed_after_3_retries: 403 Client Error: Forbidden for url: https://p16-common-sign.tiktokcdn-us.com/tos-useast5-p-0068-tx/ogG8lOehAGxsSLAIbXPEA3kkIcgHkQLAjzDAee~tplv-tiktokx-origin.image?dr=9636&x-expires=1784160000&x-signature=wmgRamJXxqaNBcgnTXdBJUfZrXQ%3D&t=4d5b0474&ps=13740610&shp=81f88b70&shcp=55bbe6a9&idc=useast8,counterfeit_evidence,https://www.tiktok.com/@beyondbeauty.id/video/7260023285839039750,,,,2026-08-15T14:39:39.274539+00:00
eef9d58a69d6,ROUND_LAB_PINE_CALMING_CICA_CLEANSER_NA26231200953,Round Lab,Pine Calming Cica Cleanser,NA26231200953,https://p19-common-sign.tiktokcdn-us.com/tos-maliva-p-0068/8a57e3071ac04b798825de06836036c8_1626799321~tplv-tiktokx-origin.image?dr=9636&x-expires=1784160000&x-signature=PmcGNd%2BeWQbrsjUQwG2LxH6azSk%3D&t=4d5b0474&ps=13740610&shp=81f88b70&shcp=55bbe6a9&idc=useast8,,https://www.tiktok.com/@beyondbeauty.id/video/7260023285839039750,www.tiktok.com,tiktok.com,,,,,,#stitch with @David🫧 YES ROUNDLAB ADA PALSUNYA ... This creamy foam cleanser uses deep sea water from Ulleungdo Island which is rich in natural minerals like calcium and magnesium.,,palsu,MODERATE_EVIDENCE,3.0,rejected,,,,,,,,,failed,download_failed_after_3_retries: 403 Client Error: Forbidden for url: https://p19-common-sign.tiktokcdn-us.com/tos-maliva-p-0068/8a57e3071ac04b798825de06836036c8_1626799321~tplv-tiktokx-origin.image?dr=9636&x-expires=1784160000&x-signature=PmcGNd%2BeWQbrsjUQwG2LxH6azSk%3D&t=4d5b0474&ps=13740610&shp=81f88b70&shcp=55bbe6a9&idc=useast8,counterfeit_evidence,https://www.tiktok.com/@beyondbeauty.id/video/7260023285839039750,,,,2026-08-15T14:39:48.570977+00:00
f251a16f3a9a,ANUA_PDRN_HYALURONIC_ACID_CAPSULE_100_SERUM_NA26250100251,Anua,PDRN Hyaluronic Acid Capsule 100 Serum,NA26250100251,https://lookaside.instagram.com/seo/google_widget/crawler/?media_id=3762533726275493840,,https://www.instagram.com/p/DQ3QrBbk6Q8/,www.instagram.com,instagram.com,,,,,,"📢 Penting untuk kamu yang beli Anua PDRN Serum 10ml ... Penting untuk kamu yang beli Anua PDRN Serum 10ml! Serum nya nggak penuh? Kok tanpa box? Tenang bestie, bukan produk palsu kok!",,produk palsu; palsu,MODERATE_EVIDENCE,3.0,rejected,,,,,,,,,failed,"not_an_image (content-type=text/html; charset=""utf-8"")",counterfeit_evidence,https://www.instagram.com/p/DQ3QrBbk6Q8/,,,,2026-08-15T14:40:06.177233+00:00
7ab92fa565eb,ANUA_PDRN_HYALURONIC_ACID_CAPSULE_100_SERUM_NA26250100251,Anua,PDRN Hyaluronic Acid Capsule 100 Serum,NA26250100251,https://lookaside.instagram.com/seo/google_widget/crawler/?media_id=3941933364213704336,,https://www.instagram.com/p/DQ3QrBbk6Q8/,www.instagram.com,instagram.com,,,,,,"📢 Penting untuk kamu yang beli Anua PDRN Serum 10ml ... Penting untuk kamu yang beli Anua PDRN Serum 10ml! Serum nya nggak penuh? Kok tanpa box? Tenang bestie, bukan produk palsu kok!",,produk palsu; palsu,MODERATE_EVIDENCE,3.0,rejected,,,,,,,,,failed,"not_an_image (content-type=text/html; charset=""utf-8"")",counterfeit_evidence,https://www.instagram.com/p/DQ3QrBbk6Q8/,,,,2026-08-15T14:40:07.520506+00:00
5be201e4100b,ANUA_PDRN_HYALURONIC_ACID_CAPSULE_100_SERUM_NA26250100251,Anua,PDRN Hyaluronic Acid Capsule 100 Serum,NA26250100251,https://lookaside.instagram.com/seo/google_widget/crawler/?media_id=3951139099646321192,,https://www.instagram.com/p/DQ3QrBbk6Q8/,www.instagram.com,instagram.com,,,,,,"📢 Penting untuk kamu yang beli Anua PDRN Serum 10ml ... Penting untuk kamu yang beli Anua PDRN Serum 10ml! Serum nya nggak penuh? Kok tanpa box? Tenang bestie, bukan produk palsu kok!",,produk palsu; palsu,MODERATE_EVIDENCE,3.0,rejected,,,,,,,,,failed,"not_an_image (content-type=text/html; charset=""utf-8"")",counterfeit_evidence,https://www.instagram.com/p/DQ3QrBbk6Q8/,,,,2026-08-15T14:40:08.961021+00:00
4b5f308aeef0,ANUA_PDRN_HYALURONIC_ACID_CAPSULE_100_SERUM_NA26250100251,Anua,PDRN Hyaluronic Acid Capsule 100 Serum,NA26250100251,https://lookaside.instagram.com/seo/google_widget/crawler/?media_id=3762533726602596931,,https://www.instagram.com/p/DQ3QrBbk6Q8/,www.instagram.com,instagram.com,,,,,,"📢 Penting untuk kamu yang beli Anua PDRN Serum 10ml ... Penting untuk kamu yang beli Anua PDRN Serum 10ml! Serum nya nggak penuh? Kok tanpa box? Tenang bestie, bukan produk palsu kok!",,produk palsu; palsu,MODERATE_EVIDENCE,3.0,rejected,,,,,,,,,failed,"not_an_image (content-type=text/html; charset=""utf-8"")",counterfeit_evidence,https://www.instagram.com/p/DQ3QrBbk6Q8/,,,,2026-08-15T14:40:10.203454+00:00
27305342e3a2,ARIUL_ARIUL_WATERMELON_HYDRO_VITAL_SUN_SERUM_NA26251700082,Ariul,Ariul Watermelon Hydro Vital Sun Serum,NA26251700082,https://moonglow.md/wp-content/uploads/2025/12/1000wx1000h_default-workingformat_null.jpg,,https://moonglow.md/en/products/ariul-watermelon-hydro-vital-sun-serum-spf50-pa-50ml/,moonglow.md,moonglow.md,,,,,,,,,,,rejected,,,,,,,,,failed,download_failed_after_3_retries: 405 Client Error: Method Not Allowed for url: https://moonglow.md/wp-content/uploads/2025/12/1000wx1000h_default-workingformat_null.jpg,genuine,Ariul Ariul Watermelon Hydro Vital Sun Serum official,,,,2026-08-15T14:39:52.497578+00:00
6d1fc2bff0c9,ARIUL_ARIUL_WATERMELON_HYDRO_VITAL_SUN_SERUM_NA26251700082,Ariul,Ariul Watermelon Hydro Vital Sun Serum,NA26251700082,https://lookaside.instagram.com/seo/google_widget/crawler/?media_id=3775830088765087642,,https://www.instagram.com/reel/DRmcXXlEx-a/,www.instagram.com,instagram.com,,,,,,,,,,,rejected,,,,,,,,,failed,"not_an_image (content-type=text/html; charset=""utf-8"")",genuine,Ariul Ariul Watermelon Hydro Vital Sun Serum official,,,,2026-08-15T14:40:02.902760+00:00
8574f52f82f7,ARIUL_ARIUL_WATERMELON_HYDRO_VITAL_SUN_SERUM_NA26251700082,Ariul,Ariul Watermelon Hydro Vital Sun Serum,NA26251700082,https://www.ariul.com/pic/item/ARWM013/247S41FD6DE720694053A98AA5C1406E5DCE.jpg,SafeCart_Dataset\images\genuine_reference\ARIUL_ARIUL_WATERMELON_HYDRO_VITAL_SUN_SERUM_NA26251700082\8574f52f82f7.jpg,http://www.ariul.com/global/item/detail/ARWM013,www.ariul.com,ariul.com,,,,,,,,,,,rejected,,,,,,,80012a4422f8fb011695af83e9002f3c,,rejected,too_small (247x247),genuine,Ariul Ariul Watermelon Hydro Vital Sun Serum official,247.0,247.0,21567.0,2026-08-15T14:40:04.744398+00:00
a274fc57b7dd,SENKA_PERFECT_WHIP_COLLAGEN_IN_NA22231200149,Senka,Perfect Whip Collagen in,NA22231200149,https://www.skincupid.us/cdn/shop/files/SHISEIDO_Senka_Perfect_Whip_Collagen_In_120g.jpg?v=1760352087,SafeCart_Dataset\images\genuine_reference\SENKA_PERFECT_WHIP_COLLAGEN_IN_NA22231200149\a274fc57b7dd.jpg,https://www.skincupid.us/products/shiseido-senka-perfect-whip-collagen-in-120g,www.skincupid.us,skincupid.us,,,,,,,,,,,rejected,,,,,,,e669fdc31a2616a7feb3c6da86687926,,rejected,too_blurry (score=7.2),genuine,Senka Perfect Whip Collagen in official,2000.0,2000.0,141797.0,2026-08-15T14:38:30.635801+00:00
ff2be311b182,SENKA_PERFECT_WHIP_COLLAGEN_IN_NA22231200149,Senka,Perfect Whip Collagen in,NA22231200149,https://www.tiktok.com/api/img/?itemId=7460110456527605014&location=0&aid=1988,,https://www.tiktok.com/@blueyoobin/video/7460110456527605014,www.tiktok.com,tiktok.com,,,,,,"4-step pink skincare 🎀 @Senka by FineToday Perfect Whip ... Senka Perfect Whip Collagen review, Japanese skincare product, face ... palsu? Dengan Senka Perfect Whip, kamu bisa dapetin kulit ...",,palsu,MODERATE_EVIDENCE,3.0,rejected,,,,,,,,,failed,download_failed_after_3_retries: 403 Client Error: Forbidden for url: https://www.tiktok.com/api/img/?itemId=7460110456527605014&location=0&aid=1988,counterfeit_evidence,https://www.tiktok.com/@blueyoobin/video/7460110456527605014,,,,2026-08-15T14:38:35.273307+00:00
67fbcfe712dc,SENKA_PERFECT_WHIP_COLLAGEN_IN_NA22231200149,Senka,Perfect Whip Collagen in,NA22231200149,https://p19-common-sign.tiktokcdn-us.com/tos-alisg-p-0037/oI3PeVAQIRGAHQRLfUFW6heNVrSGGRK5QSg3em~tplv-tiktokx-dmt-logom:tos-alisg-i-0068/oUThHAGaIGJIACTreRAAQWALifPL0AfOclHGQe.image?dr=9634&x-expires=1786496400&x-signature=j2E6svEgE9FvBk2bKPgoImz91H0%3D&t=4d5b0474&ps=13740610&shp=81f88b70&shcp=55bbe6a9&idc=useast5,,https://www.tiktok.com/@blueyoobin/video/7460110456527605014,www.tiktok.com,tiktok.com,,,,,,"4-step pink skincare 🎀 @Senka by FineToday Perfect Whip ... Senka Perfect Whip Collagen review, Japanese skincare product, face ... palsu? Dengan Senka Perfect Whip, kamu bisa dapetin kulit ...",,palsu,MODERATE_EVIDENCE,3.0,rejected,,,,,,,,,failed,download_failed_after_3_retries: 403 Client Error: Forbidden for url: https://p19-common-sign.tiktokcdn-us.com/tos-alisg-p-0037/oI3PeVAQIRGAHQRLfUFW6heNVrSGGRK5QSg3em~tplv-tiktokx-dmt-logom:tos-alisg-i-0068/oUThHAGaIGJIACTreRAAQWALifPL0AfOclHGQe.image?dr=9634&x-expires=1786496400&x-signature=j2E6svEgE9FvBk2bKPgoImz91H0%3D&t=4d5b0474&ps=13740610&shp=81f88b70&shcp=55bbe6a9&idc=useast5,counterfeit_evidence,https://www.tiktok.com/@blueyoobin/video/7460110456527605014,,,,2026-08-15T14:38:44.882665+00:00
976fee76828a,SENKA_PERFECT_WHIP_COLLAGEN_IN_NA22231200149,Senka,Perfect Whip Collagen in,NA22231200149,https://p16-common-sign.tiktokcdn-us.com/tos-no1a-p-0037-no/oE7TVv6sUx5AibBAKEBAaAmlp3AIYaqBiupju~tplv-tiktokx-origin.image?dr=9636&x-expires=1786496400&x-signature=fJqWbsRINr%2Bb6IOVccCQPLKHdto%3D&t=4d5b0474&ps=13740610&shp=81f88b70&shcp=55bbe6a9&idc=useast5,,https://www.tiktok.com/@blueyoobin/video/7460110456527605014,www.tiktok.com,tiktok.com,,,,,,"4-step pink skincare 🎀 @Senka by FineToday Perfect Whip ... Senka Perfect Whip Collagen review, Japanese skincare product, face ... palsu? Dengan Senka Perfect Whip, kamu bisa dapetin kulit ...",,palsu,MODERATE_EVIDENCE,3.0,rejected,,,,,,,,,failed,download_failed_after_3_retries: 403 Client Error: Forbidden for url: https://p16-common-sign.tiktokcdn-us.com/tos-no1a-p-0037-no/oE7TVv6sUx5AibBAKEBAaAmlp3AIYaqBiupju~tplv-tiktokx-origin.image?dr=9636&x-expires=1786496400&x-signature=fJqWbsRINr%2Bb6IOVccCQPLKHdto%3D&t=4d5b0474&ps=13740610&shp=81f88b70&shcp=55bbe6a9&idc=useast5,counterfeit_evidence,https://www.tiktok.com/@blueyoobin/video/7460110456527605014,,,,2026-08-15T14:38:55.680751+00:00
57319ddd7c0b,SENKA_PERFECT_WHIP_COLLAGEN_IN_NA22231200149,Senka,Perfect Whip Collagen in,NA22231200149,https://p16-common-sign.tiktokcdn-us.com/tos-no1a-p-0037-no/okeWYeIBwAEga4Q5JCuXGeAIGeA7LWARrKAkBQ~tplv-tiktokx-origin.image?dr=9636&x-expires=1786496400&x-signature=7xVfd2sNp40i6IfLG9itQNvksvA%3D&t=4d5b0474&ps=13740610&shp=81f88b70&shcp=55bbe6a9&idc=useast5,,https://www.tiktok.com/@blueyoobin/video/7460110456527605014,www.tiktok.com,tiktok.com,,,,,,"4-step pink skincare 🎀 @Senka by FineToday Perfect Whip ... Senka Perfect Whip Collagen review, Japanese skincare product, face ... palsu? Dengan Senka Perfect Whip, kamu bisa dapetin kulit ...",,palsu,MODERATE_EVIDENCE,3.0,rejected,,,,,,,,,failed,download_failed_after_3_retries: 403 Client Error: Forbidden for url: https://p16-common-sign.tiktokcdn-us.com/tos-no1a-p-0037-no/okeWYeIBwAEga4Q5JCuXGeAIGeA7LWARrKAkBQ~tplv-tiktokx-origin.image?dr=9636&x-expires=1786496400&x-signature=7xVfd2sNp40i6IfLG9itQNvksvA%3D&t=4d5b0474&ps=13740610&shp=81f88b70&shcp=55bbe6a9&idc=useast5,counterfeit_evidence,https://www.tiktok.com/@blueyoobin/video/7460110456527605014,,,,2026-08-15T14:39:04.945386+00:00
d68279122046,SENKA_PERFECT_WHIP_COLLAGEN_IN_NA22231200149,Senka,Perfect Whip Collagen in,NA22231200149,https://p16-common-sign.tiktokcdn-us.com/tos-no1a-p-0037-no/oQBwEkEDAifFNx7AjpoGCttICAFKfVAREuCkEg~tplv-tiktokx-origin.image?dr=9636&x-expires=1786496400&x-signature=PGMFfOiErrbjsC9Pyf19NgxmeWg%3D&t=4d5b0474&ps=13740610&shp=81f88b70&shcp=55bbe6a9&idc=useast5,,https://www.tiktok.com/@blueyoobin/video/7460110456527605014,www.tiktok.com,tiktok.com,,,,,,"4-step pink skincare 🎀 @Senka by FineToday Perfect Whip ... Senka Perfect Whip Collagen review, Japanese skincare product, face ... palsu? Dengan Senka Perfect Whip, kamu bisa dapetin kulit ...",,palsu,MODERATE_EVIDENCE,3.0,rejected,,,,,,,,,failed,download_failed_after_3_retries: 403 Client Error: Forbidden for url: https://p16-common-sign.tiktokcdn-us.com/tos-no1a-p-0037-no/oQBwEkEDAifFNx7AjpoGCttICAFKfVAREuCkEg~tplv-tiktokx-origin.image?dr=9636&x-expires=1786496400&x-signature=PGMFfOiErrbjsC9Pyf19NgxmeWg%3D&t=4d5b0474&ps=13740610&shp=81f88b70&shcp=55bbe6a9&idc=useast5,counterfeit_evidence,https://www.tiktok.com/@blueyoobin/video/7460110456527605014,,,,2026-08-15T14:39:14.180351+00:00
60df97caef56,SENKA_PERFECT_WHIP_COLLAGEN_IN_NA22231200149,Senka,Perfect Whip Collagen in,NA22231200149,https://p19-common-sign.tiktokcdn-us.com/tos-no1a-p-0037-no/ogAAqQAlCCSASCIqelQ3FWgErLfMmAvIeI8C0U~tplv-tiktokx-origin.image?dr=9636&x-expires=1786496400&x-signature=Co%2FBOgiJy3tI8xh73IO7flZzOzY%3D&t=4d5b0474&ps=13740610&shp=81f88b70&shcp=55bbe6a9&idc=useast5,,https://www.tiktok.com/@blueyoobin/video/7460110456527605014,www.tiktok.com,tiktok.com,,,,,,"4-step pink skincare 🎀 @Senka by FineToday Perfect Whip ... Senka Perfect Whip Collagen review, Japanese skincare product, face ... palsu? Dengan Senka Perfect Whip, kamu bisa dapetin kulit ...",,palsu,MODERATE_EVIDENCE,3.0,rejected,,,,,,,,,failed,download_failed_after_3_retries: 403 Client Error: Forbidden for url: https://p19-common-sign.tiktokcdn-us.com/tos-no1a-p-0037-no/ogAAqQAlCCSASCIqelQ3FWgErLfMmAvIeI8C0U~tplv-tiktokx-origin.image?dr=9636&x-expires=1786496400&x-signature=Co%2FBOgiJy3tI8xh73IO7flZzOzY%3D&t=4d5b0474&ps=13740610&shp=81f88b70&shcp=55bbe6a9&idc=useast5,counterfeit_evidence,https://www.tiktok.com/@blueyoobin/video/7460110456527605014,,,,2026-08-15T14:39:23.563830+00:00
4a09bda27190,SENKA_PERFECT_WHIP_COLLAGEN_IN_NA22231200149,Senka,Perfect Whip Collagen in,NA22231200149,https://p19-common-sign.tiktokcdn-us.com/tos-no1a-p-0037-no/oMBECAcuEFAtNZAgIVcDkD7ektQAHnpmtFxfCc~tplv-tiktokx-origin.image?dr=9636&x-expires=1786496400&x-signature=ODb8ceb725UK%2F2IwAHTCwcffB7s%3D&t=4d5b0474&ps=13740610&shp=81f88b70&shcp=55bbe6a9&idc=useast5,,https://www.tiktok.com/@blueyoobin/video/7460110456527605014,www.tiktok.com,tiktok.com,,,,,,"4-step pink skincare 🎀 @Senka by FineToday Perfect Whip ... Senka Perfect Whip Collagen review, Japanese skincare product, face ... palsu? Dengan Senka Perfect Whip, kamu bisa dapetin kulit ...",,palsu,MODERATE_EVIDENCE,3.0,rejected,,,,,,,,,failed,download_failed_after_3_retries: 403 Client Error: Forbidden for url: https://p19-common-sign.tiktokcdn-us.com/tos-no1a-p-0037-no/oMBECAcuEFAtNZAgIVcDkD7ektQAHnpmtFxfCc~tplv-tiktokx-origin.image?dr=9636&x-expires=1786496400&x-signature=ODb8ceb725UK%2F2IwAHTCwcffB7s%3D&t=4d5b0474&ps=13740610&shp=81f88b70&shcp=55bbe6a9&idc=useast5,counterfeit_evidence,https://www.tiktok.com/@blueyoobin/video/7460110456527605014,,,,2026-08-15T14:39:34.342157+00:00
d531974bca27,SENKA_PERFECT_WHIP_COLLAGEN_IN_NA22231200149,Senka,Perfect Whip Collagen in,NA22231200149,https://p16-common-sign.tiktokcdn-us.com/tos-no1a-p-0037-no/oEBChNBEiAVotkrUAKwHABuBjzUEISAfw0cXbi~tplv-tiktokx-origin.image?dr=9636&x-expires=1786496400&x-signature=SGBlJHEedaUGDyHW29qCOer4pZY%3D&t=4d5b0474&ps=13740610&shp=81f88b70&shcp=55bbe6a9&idc=useast5,,https://www.tiktok.com/@blueyoobin/video/7460110456527605014,www.tiktok.com,tiktok.com,,,,,,"4-step pink skincare 🎀 @Senka by FineToday Perfect Whip ... Senka Perfect Whip Collagen review, Japanese skincare product, face ... palsu? Dengan Senka Perfect Whip, kamu bisa dapetin kulit ...",,palsu,MODERATE_EVIDENCE,3.0,rejected,,,,,,,,,failed,download_failed_after_3_retries: 403 Client Error: Forbidden for url: https://p16-common-sign.tiktokcdn-us.com/tos-no1a-p-0037-no/oEBChNBEiAVotkrUAKwHABuBjzUEISAfw0cXbi~tplv-tiktokx-origin.image?dr=9636&x-expires=1786496400&x-signature=SGBlJHEedaUGDyHW29qCOer4pZY%3D&t=4d5b0474&ps=13740610&shp=81f88b70&shcp=55bbe6a9&idc=useast5,counterfeit_evidence,https://www.tiktok.com/@blueyoobin/video/7460110456527605014,,,,2026-08-15T14:39:45.343052+00:00
8b33c40adb53,SENKA_PERFECT_WHIP_COLLAGEN_IN_NA22231200149,Senka,Perfect Whip Collagen in,NA22231200149,https://p19-common-sign.tiktokcdn-us.com/tos-no1a-p-0037-no/oEgAWEDwpFAgbE00ADCfBSWMFAYIkQfVGC8tg6~tplv-tiktokx-origin.image?dr=9636&x-expires=1786496400&x-signature=RMJrgnvlO8tR7grPFyVUiZzIPaA%3D&t=4d5b0474&ps=13740610&shp=81f88b70&shcp=55bbe6a9&idc=useast5,,https://www.tiktok.com/@blueyoobin/video/7460110456527605014,www.tiktok.com,tiktok.com,,,,,,"4-step pink skincare 🎀 @Senka by FineToday Perfect Whip ... Senka Perfect Whip Collagen review, Japanese skincare product, face ... palsu? Dengan Senka Perfect Whip, kamu bisa dapetin kulit ...",,palsu,MODERATE_EVIDENCE,3.0,rejected,,,,,,,,,failed,download_failed_after_3_retries: 403 Client Error: Forbidden for url: https://p19-common-sign.tiktokcdn-us.com/tos-no1a-p-0037-no/oEgAWEDwpFAgbE00ADCfBSWMFAYIkQfVGC8tg6~tplv-tiktokx-origin.image?dr=9636&x-expires=1786496400&x-signature=RMJrgnvlO8tR7grPFyVUiZzIPaA%3D&t=4d5b0474&ps=13740610&shp=81f88b70&shcp=55bbe6a9&idc=useast5,counterfeit_evidence,https://www.tiktok.com/@blueyoobin/video/7460110456527605014,,,,2026-08-15T14:39:54.619258+00:00
314bd8b2bea8,SENKA_PERFECT_WHIP_COLLAGEN_IN_NA22231200149,Senka,Perfect Whip Collagen in,NA22231200149,https://p19-common-sign.tiktokcdn-us.com/tos-no1a-p-0037-no/ocFAAp6C69aECkFVX7IAaPAktpgfbDejABYEoD~tplv-tiktokx-origin.image?dr=9636&x-expires=1786496400&x-signature=cP3HNvrlLT%2BYrq1cYstS%2B%2FwJZJY%3D&t=4d5b0474&ps=13740610&shp=81f88b70&shcp=55bbe6a9&idc=useast5,,https://www.tiktok.com/@blueyoobin/video/7460110456527605014,www.tiktok.com,tiktok.com,,,,,,"4-step pink skincare 🎀 @Senka by FineToday Perfect Whip ... Senka Perfect Whip Collagen review, Japanese skincare product, face ... palsu? Dengan Senka Perfect Whip, kamu bisa dapetin kulit ...",,palsu,MODERATE_EVIDENCE,3.0,rejected,,,,,,,,,failed,download_failed_after_3_retries: 403 Client Error: Forbidden for url: https://p19-common-sign.tiktokcdn-us.com/tos-no1a-p-0037-no/ocFAAp6C69aECkFVX7IAaPAktpgfbDejABYEoD~tplv-tiktokx-origin.image?dr=9636&x-expires=1786496400&x-signature=cP3HNvrlLT%2BYrq1cYstS%2B%2FwJZJY%3D&t=4d5b0474&ps=13740610&shp=81f88b70&shcp=55bbe6a9&idc=useast5,counterfeit_evidence,https://www.tiktok.com/@blueyoobin/video/7460110456527605014,,,,2026-08-15T14:40:05.556162+00:00
3f645d89504c,CAUDALIE_VINOPURE_BLEMISH_SALICYLIC_SERUM_NC14250100072,Caudalie,Vinopure Blemish Salicylic Serum,NC14250100072,https://lookaside.instagram.com/seo/google_widget/crawler/?media_id=3952679793652723525,,https://www.instagram.com/p/Dba9kQIiKDs/,www.instagram.com,instagram.com,,,,,,,,,,,rejected,,,,,,,,,failed,"not_an_image (content-type=text/html; charset=""utf-8"")",genuine,Caudalie Vinopure Blemish Salicylic Serum official,,,,2026-08-15T14:40:16.110155+00:00
04cf99edfdd6,CAUDALIE_VINOPURE_BLEMISH_SALICYLIC_SERUM_NC14250100072,Caudalie,Vinopure Blemish Salicylic Serum,NC14250100072,https://www.tiktok.com/api/img/?itemId=7277953523680021793&location=0&aid=1988,,https://www.tiktok.com/@caudalie/video/7277953523680021793,www.tiktok.com,tiktok.com,,,,,,How to Apply Vinopure Blemish Control Salicylic Serum ... No purchase necessary. Not affiliated with TikTok. Beware of fake accounts — @caudalie and @etoile are the only official accounts running this ...,,fake,MODERATE_EVIDENCE,3.0,rejected,,,,,,,,,failed,download_failed_after_3_retries: 403 Client Error: Forbidden for url: https://www.tiktok.com/api/img/?itemId=7277953523680021793&location=0&aid=1988,counterfeit_evidence,https://www.tiktok.com/@caudalie/video/7277953523680021793,,,,2026-08-15T14:40:20.226927+00:00
d98a1d99560c,CAUDALIE_VINOPURE_BLEMISH_SALICYLIC_SERUM_NC14250100072,Caudalie,Vinopure Blemish Salicylic Serum,NC14250100072,https://p19-common-sign.tiktokcdn-us.com/tos-alisg-p-0037/o8lw6irCiIDEwZ9gksfsvA8AIABl0BKjAAZnBy~tplv-tiktokx-origin.image?dr=9636&x-expires=1785708000&x-signature=YzitL7E5lLsUuxFNfs2cgBhH7cU%3D&t=4d5b0474&ps=13740610&shp=81f88b70&shcp=55bbe6a9&idc=useast8,,https://www.tiktok.com/@caudalie/video/7277953523680021793,www.tiktok.com,tiktok.com,,,,,,How to Apply Vinopure Blemish Control Salicylic Serum ... No purchase necessary. Not affiliated with TikTok. Beware of fake accounts — @caudalie and @etoile are the only official accounts running this ...,,fake,MODERATE_EVIDENCE,3.0,rejected,,,,,,,,,failed,download_failed_after_3_retries: 403 Client Error: Forbidden for url: https://p19-common-sign.tiktokcdn-us.com/tos-alisg-p-0037/o8lw6irCiIDEwZ9gksfsvA8AIABl0BKjAAZnBy~tplv-tiktokx-origin.image?dr=9636&x-expires=1785708000&x-signature=YzitL7E5lLsUuxFNfs2cgBhH7cU%3D&t=4d5b0474&ps=13740610&shp=81f88b70&shcp=55bbe6a9&idc=useast8,counterfeit_evidence,https://www.tiktok.com/@caudalie/video/7277953523680021793,,,,2026-08-15T14:40:29.729469+00:00
dfdc05302e4c,CAUDALIE_VINOPURE_BLEMISH_SALICYLIC_SERUM_NC14250100072,Caudalie,Vinopure Blemish Salicylic Serum,NC14250100072,https://p16-common-sign.tiktokcdn-us.com/tos-no1a-p-0037-no/oQ8eEJL3A3QbPLdcWAGAIeceGCgA6KARA6IHeR~tplv-tiktokx-dmt-logom:tos-no1a-i-0068-no/oADcAkAMICcH3EEm8fR6EzrFAv1eOgdZAWAAFo.image?dr=9634&x-expires=1785708000&x-signature=5MXxbBesvc7Cb7lhGjqXxw8pDMU%3D&t=4d5b0474&ps=13740610&shp=81f88b70&shcp=55bbe6a9&idc=useast8,,https://www.tiktok.com/@caudalie/video/7277953523680021793,www.tiktok.com,tiktok.com,,,,,,How to Apply Vinopure Blemish Control Salicylic Serum ... No purchase necessary. Not affiliated with TikTok. Beware of fake accounts — @caudalie and @etoile are the only official accounts running this ...,,fake,MODERATE_EVIDENCE,3.0,rejected,,,,,,,,,failed,download_failed_after_3_retries: 403 Client Error: Forbidden for url: https://p16-common-sign.tiktokcdn-us.com/tos-no1a-p-0037-no/oQ8eEJL3A3QbPLdcWAGAIeceGCgA6KARA6IHeR~tplv-tiktokx-dmt-logom:tos-no1a-i-0068-no/oADcAkAMICcH3EEm8fR6EzrFAv1eOgdZAWAAFo.image?dr=9634&x-expires=1785708000&x-signature=5MXxbBesvc7Cb7lhGjqXxw8pDMU%3D&t=4d5b0474&ps=13740610&shp=81f88b70&shcp=55bbe6a9&idc=useast8,counterfeit_evidence,https://www.tiktok.com/@caudalie/video/7277953523680021793,,,,2026-08-15T14:40:40.925010+00:00
00b90540a9ee,CAUDALIE_VINOPURE_BLEMISH_SALICYLIC_SERUM_NC14250100072,Caudalie,Vinopure Blemish Salicylic Serum,NC14250100072,https://p16-common-sign.tiktokcdn-us.com/tos-useast5-p-0068-tx/oAUB4BUiaP5EpBpwIpaIMAIcsxmBEgzvB3ibB~tplv-tiktokx-origin.image?dr=9636&x-expires=1785708000&x-signature=qFh%2BCjVCpYTHRFGT5xNcCjsfOtk%3D&t=4d5b0474&ps=13740610&shp=81f88b70&shcp=55bbe6a9&idc=useast8,,https://www.tiktok.com/@caudalie/video/7277953523680021793,www.tiktok.com,tiktok.com,,,,,,How to Apply Vinopure Blemish Control Salicylic Serum ... No purchase necessary. Not affiliated with TikTok. Beware of fake accounts — @caudalie and @etoile are the only official accounts running this ...,,fake,MODERATE_EVIDENCE,3.0,rejected,,,,,,,,,failed,download_failed_after_3_retries: 403 Client Error: Forbidden for url: https://p16-common-sign.tiktokcdn-us.com/tos-useast5-p-0068-tx/oAUB4BUiaP5EpBpwIpaIMAIcsxmBEgzvB3ibB~tplv-tiktokx-origin.image?dr=9636&x-expires=1785708000&x-signature=qFh%2BCjVCpYTHRFGT5xNcCjsfOtk%3D&t=4d5b0474&ps=13740610&shp=81f88b70&shcp=55bbe6a9&idc=useast8,counterfeit_evidence,https://www.tiktok.com/@caudalie/video/7277953523680021793,,,,2026-08-15T14:40:50.195500+00:00
dc12966c77be,ELSHESKIN_15_VITAMIN_C_GLOW_ADVANCE_SERUM_NA18251900022,Elsheskin,15% Vitamin C + Glow Advance Serum,NA18251900022,https://storage.skinsort.com/iz77omrqgaz4i67wg29qg1xa157p,SafeCart_Dataset\images\genuine_reference\ELSHESKIN_15_VITAMIN_C_GLOW_ADVANCE_SERUM_NA18251900022\dc12966c77be.jpg,https://skinsort.com/products/elsheskin/15-vitamin-c-glow-advance-serum,skinsort.com,skinsort.com,,,,,,,,,,,rejected,,,,,,,9c9b076038ed53e5386817a6a5d1d644,,rejected,too_small (206x665),genuine,Elsheskin 15% Vitamin C + Glow Advance Serum official,206.0,665.0,20515.0,2026-08-15T14:40:14.330006+00:00
13d7360172cc,ELSHESKIN_15_VITAMIN_C_GLOW_ADVANCE_SERUM_NA18251900022,Elsheskin,15% Vitamin C + Glow Advance Serum,NA18251900022,https://lookaside.instagram.com/seo/google_widget/crawler/?media_id=3806971787133616194,,https://www.instagram.com/p/DTVFLRwiLUF/,www.instagram.com,instagram.com,,,,,,,,,,,rejected,,,,,,,,,failed,"not_an_image (content-type=text/html; charset=""utf-8"")",genuine,Elsheskin 15% Vitamin C + Glow Advance Serum official,,,,2026-08-15T14:40:14.842228+00:00
fcaadbbfeeb0,ELSHESKIN_15_VITAMIN_C_GLOW_ADVANCE_SERUM_NA18251900022,Elsheskin,15% Vitamin C + Glow Advance Serum,NA18251900022,https://lookaside.instagram.com/seo/google_widget/crawler/?media_id=3551706997701833396,,https://www.instagram.com/reel/DFKMrJYSXK0/,www.instagram.com,instagram.com,,,,,,,,,,,rejected,,,,,,,,,failed,"not_an_image (content-type=text/html; charset=""utf-8"")",genuine,Elsheskin 15% Vitamin C + Glow Advance Serum official,,,,2026-08-15T14:40:16.252508+00:00
211df39b2a35,ELSHESKIN_15_VITAMIN_C_GLOW_ADVANCE_SERUM_NA18251900022,Elsheskin,15% Vitamin C + Glow Advance Serum,NA18251900022,https://lookaside.instagram.com/seo/google_widget/crawler/?media_id=3950925469461672239,,https://www.instagram.com/reel/DbQSSvPy26t/,www.instagram.com,instagram.com,,,,,,,,,,,rejected,,,,,,,,,failed,"not_an_image (content-type=text/html; charset=""utf-8"")",genuine,Elsheskin 15% Vitamin C + Glow Advance Serum official,,,,2026-08-15T14:40:17.096059+00:00
521079c5c2ba,ELSHESKIN_15_VITAMIN_C_GLOW_ADVANCE_SERUM_NA18251900022,Elsheskin,15% Vitamin C + Glow Advance Serum,NA18251900022,https://lookaside.instagram.com/seo/google_widget/crawler/?media_id=3950930305141796007,,https://www.instagram.com/reel/DbQSSvPy26t/,www.instagram.com,instagram.com,,,,,,,,,,,rejected,,,,,,,,,failed,"not_an_image (content-type=text/html; charset=""utf-8"")",genuine,Elsheskin 15% Vitamin C + Glow Advance Serum official,,,,2026-08-15T14:40:19.056458+00:00
40d44383eb56,ELSHESKIN_15_VITAMIN_C_GLOW_ADVANCE_SERUM_NA18251900022,Elsheskin,15% Vitamin C + Glow Advance Serum,NA18251900022,https://images.soco.id/a3a1adad-0501-4d82-a56d-6065698d71cb-image-4-1751427458792,,https://www.sociolla.com/face-serum/92207-15-vitamin-c-glow-advance-serum,www.sociolla.com,sociolla.com,,,,,,,,,,,rejected,,,,,,,,,failed,not_an_image (content-type=),genuine,Elsheskin 15% Vitamin C + Glow Advance Serum official website,,,,2026-08-15T14:40:25.403419+00:00
2167b7c9b37c,ELSHESKIN_15_VITAMIN_C_GLOW_ADVANCE_SERUM_NA18251900022,Elsheskin,15% Vitamin C + Glow Advance Serum,NA18251900022,https://storage.skinsort.com/i37qiblilmakvd71rj5s3kcn5b83,SafeCart_Dataset\images\genuine_reference\ELSHESKIN_15_VITAMIN_C_GLOW_ADVANCE_SERUM_NA18251900022\2167b7c9b37c.jpg,https://skinsort.com/products/elsheskin/15-vitamin-c-glow-advance-serum,skinsort.com,skinsort.com,,,,,,,,,,,rejected,,,,,,,928e85efaba3a4eb5bc6657a689bae55,,rejected,too_small (183x500),genuine,Elsheskin 15% Vitamin C + Glow Advance Serum official website,183.0,500.0,16255.0,2026-08-15T14:40:25.810654+00:00
bfe51fa29dfe,ELSHESKIN_15_VITAMIN_C_GLOW_ADVANCE_SERUM_NA18251900022,Elsheskin,15% Vitamin C + Glow Advance Serum,NA18251900022,https://www.tiktok.com/api/img/?itemId=7577328161935920392&location=0&aid=1988,,https://www.tiktok.com/discover/perbedaan-elsheskin-radiant-serum-asli-dan-palsu,www.tiktok.com,tiktok.com,,,,,,Perbedaan Elsheskin Radiant Serum Asli Dan Palsu teksturnya ringan dan mudah banget meresapnya. manfaat dari serum ini bisa mencerahkan wajah. menyamarkan noda hitam. meratakan warna kulit.,,palsu,MODERATE_EVIDENCE,3.0,rejected,,,,,,,,,failed,download_failed_after_3_retries: 403 Client Error: Forbidden for url: https://www.tiktok.com/api/img/?itemId=7577328161935920392&location=0&aid=1988,counterfeit_evidence,https://www.tiktok.com/discover/perbedaan-elsheskin-radiant-serum-asli-dan-palsu,,,,2026-08-15T14:40:29.982713+00:00
348315f86bba,ELSHESKIN_15_VITAMIN_C_GLOW_ADVANCE_SERUM_NA18251900022,Elsheskin,15% Vitamin C + Glow Advance Serum,NA18251900022,https://www.tiktok.com/api/img/?itemId=7504334880914836741&location=0&aid=1988,,https://www.tiktok.com/discover/perbedaan-elsheskin-radiant-serum-asli-dan-palsu,www.tiktok.com,tiktok.com,,,,,,Perbedaan Elsheskin Radiant Serum Asli Dan Palsu teksturnya ringan dan mudah banget meresapnya. manfaat dari serum ini bisa mencerahkan wajah. menyamarkan noda hitam. meratakan warna kulit.,,palsu,MODERATE_EVIDENCE,3.0,rejected,,,,,,,,,failed,download_failed_after_3_retries: 403 Client Error: Forbidden for url: https://www.tiktok.com/api/img/?itemId=7504334880914836741&location=0&aid=1988,counterfeit_evidence,https://www.tiktok.com/discover/perbedaan-elsheskin-radiant-serum-asli-dan-palsu,,,,2026-08-15T14:40:39.817492+00:00
7651f6c5f2cf,ELSHESKIN_15_VITAMIN_C_GLOW_ADVANCE_SERUM_NA18251900022,Elsheskin,15% Vitamin C + Glow Advance Serum,NA18251900022,https://www.tiktok.com/api/img/?itemId=7544325369185242373&location=0&aid=1988,,https://www.tiktok.com/discover/perbedaan-elsheskin-radiant-serum-asli-dan-palsu,www.tiktok.com,tiktok.com,,,,,,Perbedaan Elsheskin Radiant Serum Asli Dan Palsu teksturnya ringan dan mudah banget meresapnya. manfaat dari serum ini bisa mencerahkan wajah. menyamarkan noda hitam. meratakan warna kulit.,,palsu,MODERATE_EVIDENCE,3.0,rejected,,,,,,,,,failed,download_failed_after_3_retries: 403 Client Error: Forbidden for url: https://www.tiktok.com/api/img/?itemId=7544325369185242373&location=0&aid=1988,counterfeit_evidence,https://www.tiktok.com/discover/perbedaan-elsheskin-radiant-serum-asli-dan-palsu,,,,2026-08-15T14:40:49.215643+00:00
46d89edcb57b,ELSHESKIN_15_VITAMIN_C_GLOW_ADVANCE_SERUM_NA18251900022,Elsheskin,15% Vitamin C + Glow Advance Serum,NA18251900022,https://www.tiktok.com/api/img/?itemId=7556204960413764871&location=0&aid=1988,,https://www.tiktok.com/discover/perbedaan-elsheskin-radiant-serum-asli-dan-palsu,www.tiktok.com,tiktok.com,,,,,,Perbedaan Elsheskin Radiant Serum Asli Dan Palsu teksturnya ringan dan mudah banget meresapnya. manfaat dari serum ini bisa mencerahkan wajah. menyamarkan noda hitam. meratakan warna kulit.,,palsu,MODERATE_EVIDENCE,3.0,rejected,,,,,,,,,failed,download_failed_after_3_retries: 403 Client Error: Forbidden for url: https://www.tiktok.com/api/img/?itemId=7556204960413764871&location=0&aid=1988,counterfeit_evidence,https://www.tiktok.com/discover/perbedaan-elsheskin-radiant-serum-asli-dan-palsu,,,,2026-08-15T14:40:58.659683+00:00
d10570325dfa,ELSHESKIN_15_VITAMIN_C_GLOW_ADVANCE_SERUM_NA18251900022,Elsheskin,15% Vitamin C + Glow Advance Serum,NA18251900022,https://www.tiktok.com/api/img/?itemId=7545859659794631992&location=0&aid=1988,,https://www.tiktok.com/discover/perbedaan-elsheskin-radiant-serum-asli-dan-palsu,www.tiktok.com,tiktok.com,,,,,,Perbedaan Elsheskin Radiant Serum Asli Dan Palsu teksturnya ringan dan mudah banget meresapnya. manfaat dari serum ini bisa mencerahkan wajah. menyamarkan noda hitam. meratakan warna kulit.,,palsu,MODERATE_EVIDENCE,3.0,rejected,,,,,,,,,failed,download_failed_after_3_retries: 403 Client Error: Forbidden for url: https://www.tiktok.com/api/img/?itemId=7545859659794631992&location=0&aid=1988,counterfeit_evidence,https://www.tiktok.com/discover/perbedaan-elsheskin-radiant-serum-asli-dan-palsu,,,,2026-08-15T14:41:08.036038+00:00
e947151671e0,ELSHESKIN_15_VITAMIN_C_GLOW_ADVANCE_SERUM_NA18251900022,Elsheskin,15% Vitamin C + Glow Advance Serum,NA18251900022,https://www.tiktok.com/api/img/?itemId=7542814601084177670&location=0&aid=1988,,https://www.tiktok.com/discover/perbedaan-elsheskin-radiant-serum-asli-dan-palsu,www.tiktok.com,tiktok.com,,,,,,Perbedaan Elsheskin Radiant Serum Asli Dan Palsu teksturnya ringan dan mudah banget meresapnya. manfaat dari serum ini bisa mencerahkan wajah. menyamarkan noda hitam. meratakan warna kulit.,,palsu,MODERATE_EVIDENCE,3.0,rejected,,,,,,,,,failed,download_failed_after_3_retries: 403 Client Error: Forbidden for url: https://www.tiktok.com/api/img/?itemId=7542814601084177670&location=0&aid=1988,counterfeit_evidence,https://www.tiktok.com/discover/perbedaan-elsheskin-radiant-serum-asli-dan-palsu,,,,2026-08-15T14:41:17.415657+00:00
aa0fcac8384b,LANBENA_RETINOL_REJUVENATING_SERUM_NA11252000022,LANBENA,Retinol Rejuvenating Serum,NA11252000022,https://i.ebayimg.com/00/s/MTYwMFg4MDU=/z/7WkAAOSwxHZlaiOd/$_12.JPG?set_id=880000500F,SafeCart_Dataset\images\genuine_reference\LANBENA_RETINOL_REJUVENATING_SERUM_NA11252000022\aa0fcac8384b.jpg,https://www.ebay.com/itm/196110455995,www.ebay.com,ebay.com,,,,,,,,,,,rejected,,,,,,,f0f4410920cecdb47ae1e96d28f30045,,rejected,too_small (252x500),genuine,LANBENA Retinol Rejuvenating Serum official,252.0,500.0,22688.0,2026-08-15T14:41:29.818864+00:00
5fa296067242,LANBENA_RETINOL_REJUVENATING_SERUM_NA11252000022,LANBENA,Retinol Rejuvenating Serum,NA11252000022,https://www.tiktok.com/api/img/?itemId=7609536798456286472&location=0&aid=1988,,https://www.tiktok.com/@lanbena.beauty/video/7609536798456286472,www.tiktok.com,tiktok.com,,,,,,,,,,,rejected,,,,,,,,,failed,download_failed_after_3_retries: 403 Client Error: Forbidden for url: https://www.tiktok.com/api/img/?itemId=7609536798456286472&location=0&aid=1988,genuine,LANBENA Retinol Rejuvenating Serum official,,,,2026-08-15T14:41:30.987284+00:00
2afb2a71a68d,LANBENA_RETINOL_REJUVENATING_SERUM_NA11252000022,LANBENA,Retinol Rejuvenating Serum,NA11252000022,https://lookaside.instagram.com/seo/google_widget/crawler/?media_id=3672125390740806960,,https://www.instagram.com/p/DL2ApqxTIcv/,www.instagram.com,instagram.com,,,,,,,,,,,rejected,,,,,,,,,failed,"not_an_image (content-type=text/html; charset=""utf-8"")",genuine,LANBENA Retinol Rejuvenating Serum official,,,,2026-08-15T14:41:40.603709+00:00
0776d49b01f3,LANBENA_RETINOL_REJUVENATING_SERUM_NA11252000022,LANBENA,Retinol Rejuvenating Serum,NA11252000022,https://lanbena.com/cdn/shop/files/2_53456a6e-b8fe-455f-b1b8-cd84b221d78f_120x120.png?v=1750233227,SafeCart_Dataset\images\genuine_reference\LANBENA_RETINOL_REJUVENATING_SERUM_NA11252000022\0776d49b01f3.jpg,https://lanbena.com/ru/products/retinol-rejuvenating-serum,lanbena.com,lanbena.com,,,,,,,,,,,rejected,,,,,,,34e66f9b0c41aea5ef6b1ef14907933a,,rejected,too_small (120x120),genuine,LANBENA Retinol Rejuvenating Serum official,120.0,120.0,2424.0,2026-08-15T14:41:42.231483+00:00
f1b867de7dc5,LANBENA_RETINOL_REJUVENATING_SERUM_NA11252000022,LANBENA,Retinol Rejuvenating Serum,NA11252000022,https://www.tiktok.com/api/img/?itemId=7516920607355833618&location=0&aid=1988,,https://www.tiktok.com/@lanbena.beauty/video/7516920607355833618,www.tiktok.com,tiktok.com,,,,,,"Waspada Produk Lanbena Palsu Untuk Skincare Ketahui cara membedakan produk asli dan palsu Lanbena agar kulitmu aman. Yuk, jaga kecantikanmu! #retinol #lanbena #skincaretips. This is an AI- ...",,palsu,MODERATE_EVIDENCE,3.0,rejected,,,,,,,,,failed,download_failed_after_3_retries: 403 Client Error: Forbidden for url: https://www.tiktok.com/api/img/?itemId=7516920607355833618&location=0&aid=1988,counterfeit_evidence,https://www.tiktok.com/@lanbena.beauty/video/7516920607355833618,,,,2026-08-15T14:41:46.967235+00:00
149b680ae113,COSRX_THE_HYALURONIC_ACID_3_SERUM_NA26222000050,COSRX,The Hyaluronic Acid 3 Serum,NA26222000050,https://www.tiktok.com/api/img/?itemId=7236698078026222849&location=0&aid=1988,,https://www.tiktok.com/@saima_susmi/video/7236698078026222849,www.tiktok.com,tiktok.com,,,,,,Real vs Fake: Cosrx Snail 96 Mucin Essence | Skincare Tips selain 15% niacinamide. serum ini mengandung 2%. asitil glukosamin. yang berfungsi menghaluskan tekstur kulit yang kasar. asitil glukosamin ini ...,,fake,MODERATE_EVIDENCE,3.0,rejected,,,,,,,,,failed,download_failed_after_3_retries: 403 Client Error: Forbidden for url: https://www.tiktok.com/api/img/?itemId=7236698078026222849&location=0&aid=1988,counterfeit_evidence,https://www.tiktok.com/@saima_susmi/video/7236698078026222849,,,,2026-08-15T14:40:20.688959+00:00
8beb594c9820,COSRX_THE_HYALURONIC_ACID_3_SERUM_NA26222000050,COSRX,The Hyaluronic Acid 3 Serum,NA26222000050,https://p19-common-sign.tiktokcdn-us.com/tos-alisg-p-0037/db54692a7a3a44948d6c5baf6737096b_1712348972~tplv-tiktokx-origin.image?dr=9636&x-expires=1786514400&x-signature=kd95Ph0iDkkJ46x7fmmYfhOZaRg%3D&t=4d5b0474&ps=13740610&shp=81f88b70&shcp=55bbe6a9&idc=useast5,,https://www.tiktok.com/@saima_susmi/video/7236698078026222849,www.tiktok.com,tiktok.com,,,,,,Real vs Fake: Cosrx Snail 96 Mucin Essence | Skincare Tips selain 15% niacinamide. serum ini mengandung 2%. asitil glukosamin. yang berfungsi menghaluskan tekstur kulit yang kasar. asitil glukosamin ini ...,,fake,MODERATE_EVIDENCE,3.0,rejected,,,,,,,,,failed,download_failed_after_3_retries: 403 Client Error: Forbidden for url: https://p19-common-sign.tiktokcdn-us.com/tos-alisg-p-0037/db54692a7a3a44948d6c5baf6737096b_1712348972~tplv-tiktokx-origin.image?dr=9636&x-expires=1786514400&x-signature=kd95Ph0iDkkJ46x7fmmYfhOZaRg%3D&t=4d5b0474&ps=13740610&shp=81f88b70&shcp=55bbe6a9&idc=useast5,counterfeit_evidence,https://www.tiktok.com/@saima_susmi/video/7236698078026222849,,,,2026-08-15T14:40:30.358768+00:00
234a9017c121,COSRX_THE_HYALURONIC_ACID_3_SERUM_NA26222000050,COSRX,The Hyaluronic Acid 3 Serum,NA26222000050,https://p19-common-sign.tiktokcdn-us.com/tos-alisg-p-0037/3cdd008c0f4d4552b77bf4be2a9be593_1712992750~tplv-tiktokx-origin.image?dr=9636&x-expires=1786514400&x-signature=4j3zVUaGSrFX79GV%2FURpVTYs6Tc%3D&t=4d5b0474&ps=13740610&shp=81f88b70&shcp=55bbe6a9&idc=useast5,,https://www.tiktok.com/@saima_susmi/video/7236698078026222849,www.tiktok.com,tiktok.com,,,,,,Real vs Fake: Cosrx Snail 96 Mucin Essence | Skincare Tips selain 15% niacinamide. serum ini mengandung 2%. asitil glukosamin. yang berfungsi menghaluskan tekstur kulit yang kasar. asitil glukosamin ini ...,,fake,MODERATE_EVIDENCE,3.0,rejected,,,,,,,,,failed,download_failed_after_3_retries: 403 Client Error: Forbidden for url: https://p19-common-sign.tiktokcdn-us.com/tos-alisg-p-0037/3cdd008c0f4d4552b77bf4be2a9be593_1712992750~tplv-tiktokx-origin.image?dr=9636&x-expires=1786514400&x-signature=4j3zVUaGSrFX79GV%2FURpVTYs6Tc%3D&t=4d5b0474&ps=13740610&shp=81f88b70&shcp=55bbe6a9&idc=useast5,counterfeit_evidence,https://www.tiktok.com/@saima_susmi/video/7236698078026222849,,,,2026-08-15T14:40:41.212481+00:00
340d3b176d8c,COSRX_THE_HYALURONIC_ACID_3_SERUM_NA26222000050,COSRX,The Hyaluronic Acid 3 Serum,NA26222000050,https://p16-common-sign.tiktokcdn-us.com/tos-alisg-p-0037/5319f93472a4472c8451111a051e3cb2_1712560815~tplv-tiktokx-origin.image?dr=9636&x-expires=1786514400&x-signature=m1RXHK7n4WNL18eQPSzwuzFwKB0%3D&t=4d5b0474&ps=13740610&shp=81f88b70&shcp=55bbe6a9&idc=useast5,,https://www.tiktok.com/@saima_susmi/video/7236698078026222849,www.tiktok.com,tiktok.com,,,,,,Real vs Fake: Cosrx Snail 96 Mucin Essence | Skincare Tips selain 15% niacinamide. serum ini mengandung 2%. asitil glukosamin. yang berfungsi menghaluskan tekstur kulit yang kasar. asitil glukosamin ini ...,,fake,MODERATE_EVIDENCE,3.0,rejected,,,,,,,,,failed,download_failed_after_3_retries: 403 Client Error: Forbidden for url: https://p16-common-sign.tiktokcdn-us.com/tos-alisg-p-0037/5319f93472a4472c8451111a051e3cb2_1712560815~tplv-tiktokx-origin.image?dr=9636&x-expires=1786514400&x-signature=m1RXHK7n4WNL18eQPSzwuzFwKB0%3D&t=4d5b0474&ps=13740610&shp=81f88b70&shcp=55bbe6a9&idc=useast5,counterfeit_evidence,https://www.tiktok.com/@saima_susmi/video/7236698078026222849,,,,2026-08-15T14:40:51.966626+00:00
c0f7068d6ee9,COSRX_THE_HYALURONIC_ACID_3_SERUM_NA26222000050,COSRX,The Hyaluronic Acid 3 Serum,NA26222000050,https://p16-common-sign.tiktokcdn-us.com/tos-alisg-p-0037/cecac4d97ef94bc9969e0f392917ca23_1727442899~tplv-tiktokx-origin.image?dr=9636&x-expires=1786514400&x-signature=6qIqoqHIyT%2BUWH6zo%2FZZA7w%2Bu84%3D&t=4d5b0474&ps=13740610&shp=81f88b70&shcp=55bbe6a9&idc=useast5,,https://www.tiktok.com/@saima_susmi/video/7236698078026222849,www.tiktok.com,tiktok.com,,,,,,Real vs Fake: Cosrx Snail 96 Mucin Essence | Skincare Tips selain 15% niacinamide. serum ini mengandung 2%. asitil glukosamin. yang berfungsi menghaluskan tekstur kulit yang kasar. asitil glukosamin ini ...,,fake,MODERATE_EVIDENCE,3.0,rejected,,,,,,,,,failed,download_failed_after_3_retries: 403 Client Error: Forbidden for url: https://p16-common-sign.tiktokcdn-us.com/tos-alisg-p-0037/cecac4d97ef94bc9969e0f392917ca23_1727442899~tplv-tiktokx-origin.image?dr=9636&x-expires=1786514400&x-signature=6qIqoqHIyT%2BUWH6zo%2FZZA7w%2Bu84%3D&t=4d5b0474&ps=13740610&shp=81f88b70&shcp=55bbe6a9&idc=useast5,counterfeit_evidence,https://www.tiktok.com/@saima_susmi/video/7236698078026222849,,,,2026-08-15T14:41:01.225391+00:00
9642ce67d925,COSRX_THE_HYALURONIC_ACID_3_SERUM_NA26222000050,COSRX,The Hyaluronic Acid 3 Serum,NA26222000050,https://p16-common-sign.tiktokcdn-us.com/tos-maliva-p-0068/cd9349e43a9743488b31d7ff7d0fbaa3_1714379241~tplv-tiktokx-origin.image?dr=9636&x-expires=1786514400&x-signature=K2tUWw%2FoS6R5ifXeQMkxW5Mp4AY%3D&t=4d5b0474&ps=13740610&shp=81f88b70&shcp=55bbe6a9&idc=useast5,,https://www.tiktok.com/@saima_susmi/video/7236698078026222849,www.tiktok.com,tiktok.com,,,,,,Real vs Fake: Cosrx Snail 96 Mucin Essence | Skincare Tips selain 15% niacinamide. serum ini mengandung 2%. asitil glukosamin. yang berfungsi menghaluskan tekstur kulit yang kasar. asitil glukosamin ini ...,,fake,MODERATE_EVIDENCE,3.0,rejected,,,,,,,,,failed,download_failed_after_3_retries: 403 Client Error: Forbidden for url: https://p16-common-sign.tiktokcdn-us.com/tos-maliva-p-0068/cd9349e43a9743488b31d7ff7d0fbaa3_1714379241~tplv-tiktokx-origin.image?dr=9636&x-expires=1786514400&x-signature=K2tUWw%2FoS6R5ifXeQMkxW5Mp4AY%3D&t=4d5b0474&ps=13740610&shp=81f88b70&shcp=55bbe6a9&idc=useast5,counterfeit_evidence,https://www.tiktok.com/@saima_susmi/video/7236698078026222849,,,,2026-08-15T14:41:10.531535+00:00
d042aed4e06d,COSRX_THE_HYALURONIC_ACID_3_SERUM_NA26222000050,COSRX,The Hyaluronic Acid 3 Serum,NA26222000050,https://p16-common-sign.tiktokcdn-us.com/tos-alisg-p-0037/ocHIcQaPgAXqBLqdRFflDmDCeA83AEEM4AcHAg~tplv-tiktokx-origin.image?dr=9636&x-expires=1786514400&x-signature=Bc9JVsbrjMio4040niclBZwzXW8%3D&t=4d5b0474&ps=13740610&shp=81f88b70&shcp=55bbe6a9&idc=useast5,,https://www.tiktok.com/@saima_susmi/video/7236698078026222849,www.tiktok.com,tiktok.com,,,,,,Real vs Fake: Cosrx Snail 96 Mucin Essence | Skincare Tips selain 15% niacinamide. serum ini mengandung 2%. asitil glukosamin. yang berfungsi menghaluskan tekstur kulit yang kasar. asitil glukosamin ini ...,,fake,MODERATE_EVIDENCE,3.0,rejected,,,,,,,,,failed,download_failed_after_3_retries: 403 Client Error: Forbidden for url: https://p16-common-sign.tiktokcdn-us.com/tos-alisg-p-0037/ocHIcQaPgAXqBLqdRFflDmDCeA83AEEM4AcHAg~tplv-tiktokx-origin.image?dr=9636&x-expires=1786514400&x-signature=Bc9JVsbrjMio4040niclBZwzXW8%3D&t=4d5b0474&ps=13740610&shp=81f88b70&shcp=55bbe6a9&idc=useast5,counterfeit_evidence,https://www.tiktok.com/@saima_susmi/video/7236698078026222849,,,,2026-08-15T14:41:19.914360+00:00
a71af0917ad8,COSRX_THE_HYALURONIC_ACID_3_SERUM_NA26222000050,COSRX,The Hyaluronic Acid 3 Serum,NA26222000050,https://p19-common-sign.tiktokcdn-us.com/tos-alisg-p-0037/oQh0icUivAi5BIwXwEi4JKqBbf6HBnpiACAZNI~tplv-tiktokx-origin.image?dr=9636&x-expires=1786514400&x-signature=7VJK4Q8PrvgW5tBUirr%2FAGE3CmA%3D&t=4d5b0474&ps=13740610&shp=81f88b70&shcp=55bbe6a9&idc=useast5,,https://www.tiktok.com/@saima_susmi/video/7236698078026222849,www.tiktok.com,tiktok.com,,,,,,Real vs Fake: Cosrx Snail 96 Mucin Essence | Skincare Tips selain 15% niacinamide. serum ini mengandung 2%. asitil glukosamin. yang berfungsi menghaluskan tekstur kulit yang kasar. asitil glukosamin ini ...,,fake,MODERATE_EVIDENCE,3.0,rejected,,,,,,,,,failed,download_failed_after_3_retries: 403 Client Error: Forbidden for url: https://p19-common-sign.tiktokcdn-us.com/tos-alisg-p-0037/oQh0icUivAi5BIwXwEi4JKqBbf6HBnpiACAZNI~tplv-tiktokx-origin.image?dr=9636&x-expires=1786514400&x-signature=7VJK4Q8PrvgW5tBUirr%2FAGE3CmA%3D&t=4d5b0474&ps=13740610&shp=81f88b70&shcp=55bbe6a9&idc=useast5,counterfeit_evidence,https://www.tiktok.com/@saima_susmi/video/7236698078026222849,,,,2026-08-15T14:41:29.190079+00:00
1a36edef5940,COSRX_THE_HYALURONIC_ACID_3_SERUM_NA26222000050,COSRX,The Hyaluronic Acid 3 Serum,NA26222000050,https://p19-common-sign.tiktokcdn-us.com/tos-maliva-p-0068/29ba5bf7ead44034bf2c03b3b4e7577e_1714326333~tplv-tiktokx-origin.image?dr=9636&x-expires=1786514400&x-signature=KXYqoY%2B5qyCBY6uVDd%2FS3WiB8dE%3D&t=4d5b0474&ps=13740610&shp=81f88b70&shcp=55bbe6a9&idc=useast5,,https://www.tiktok.com/@saima_susmi/video/7236698078026222849,www.tiktok.com,tiktok.com,,,,,,Real vs Fake: Cosrx Snail 96 Mucin Essence | Skincare Tips selain 15% niacinamide. serum ini mengandung 2%. asitil glukosamin. yang berfungsi menghaluskan tekstur kulit yang kasar. asitil glukosamin ini ...,,fake,MODERATE_EVIDENCE,3.0,rejected,,,,,,,,,failed,download_failed_after_3_retries: 403 Client Error: Forbidden for url: https://p19-common-sign.tiktokcdn-us.com/tos-maliva-p-0068/29ba5bf7ead44034bf2c03b3b4e7577e_1714326333~tplv-tiktokx-origin.image?dr=9636&x-expires=1786514400&x-signature=KXYqoY%2B5qyCBY6uVDd%2FS3WiB8dE%3D&t=4d5b0474&ps=13740610&shp=81f88b70&shcp=55bbe6a9&idc=useast5,counterfeit_evidence,https://www.tiktok.com/@saima_susmi/video/7236698078026222849,,,,2026-08-15T14:41:39.990216+00:00
f2ecee9bf29a,COSRX_THE_HYALURONIC_ACID_3_SERUM_NA26222000050,COSRX,The Hyaluronic Acid 3 Serum,NA26222000050,https://p16-common-sign.tiktokcdn-us.com/tos-maliva-p-0068/1ce70ff4c37141adb7a73f345ed992f0_1714905674~tplv-tiktokx-origin.image?dr=9636&x-expires=1786514400&x-signature=B%2FCqe25u2iZG3WMLafhkuKAyPZY%3D&t=4d5b0474&ps=13740610&shp=81f88b70&shcp=55bbe6a9&idc=useast5,,https://www.tiktok.com/@saima_susmi/video/7236698078026222849,www.tiktok.com,tiktok.com,,,,,,Real vs Fake: Cosrx Snail 96 Mucin Essence | Skincare Tips selain 15% niacinamide. serum ini mengandung 2%. asitil glukosamin. yang berfungsi menghaluskan tekstur kulit yang kasar. asitil glukosamin ini ...,,fake,MODERATE_EVIDENCE,3.0,rejected,,,,,,,,,failed,download_failed_after_3_retries: 403 Client Error: Forbidden for url: https://p16-common-sign.tiktokcdn-us.com/tos-maliva-p-0068/1ce70ff4c37141adb7a73f345ed992f0_1714905674~tplv-tiktokx-origin.image?dr=9636&x-expires=1786514400&x-signature=B%2FCqe25u2iZG3WMLafhkuKAyPZY%3D&t=4d5b0474&ps=13740610&shp=81f88b70&shcp=55bbe6a9&idc=useast5,counterfeit_evidence,https://www.tiktok.com/@saima_susmi/video/7236698078026222849,,,,2026-08-15T14:41:50.746409+00:00
4fd8091b53bc,DR_G_DR_G_RTX_INTO_SERUM_VITAMINSHOT_NA26251900043,Dr.G,Dr.G RTX Into Serum Vitaminshot,NA26251900043,https://lookaside.instagram.com/seo/google_widget/crawler/?media_id=3710576603610093236,,https://www.instagram.com/p/DN-ncRyjhqh/,www.instagram.com,instagram.com,,,,,,,,,,,rejected,,,,,,,,,failed,"not_an_image (content-type=text/html; charset=""utf-8"")",genuine,Dr.G Dr.G RTX Into Serum Vitaminshot official,,,,2026-08-15T14:42:03.176872+00:00
5c877a510b92,DR_G_DR_G_RTX_INTO_SERUM_VITAMINSHOT_NA26251900043,Dr.G,Dr.G RTX Into Serum Vitaminshot,NA26251900043,https://lookaside.instagram.com/seo/google_widget/crawler/?media_id=3710576603249406566,,https://www.instagram.com/p/DN-ncRyjhqh/,www.instagram.com,instagram.com,,,,,,,,,,,rejected,,,,,,,,,failed,"not_an_image (content-type=text/html; charset=""utf-8"")",genuine,Dr.G Dr.G RTX Into Serum Vitaminshot official,,,,2026-08-15T14:42:05.638463+00:00
26430497c419,DR_G_DR_G_RTX_INTO_SERUM_HYALSHOT_NA26250100229,Dr.G,Dr.G RTX Into Serum Hyalshot,NA26250100229,https://lookaside.instagram.com/seo/google_widget/crawler/?media_id=3710576603249406566,,https://www.instagram.com/p/DN-ncRyjhqh/,www.instagram.com,instagram.com,,,,,,,,,,,rejected,,,,,,,,,failed,"not_an_image (content-type=text/html; charset=""utf-8"")",genuine,Dr.G Dr.G RTX Into Serum Hyalshot official,,,,2026-08-15T14:42:12.878718+00:00
203e21e4c9e4,ELSHESKIN_DAILY_BOOST_ANTIOXIDANT_SERUM_NA18211903438,Elsheskin,Daily Boost Antioxidant Serum,NA18211903438,https://lookaside.instagram.com/seo/google_widget/crawler/?media_id=3505946584930794147,,https://www.instagram.com/p/DCnn9oXy4gL/,www.instagram.com,instagram.com,,,,,,,,,,,rejected,,,,,,,,,failed,"not_an_image (content-type=text/html; charset=""utf-8"")",genuine,Elsheskin Daily Boost Antioxidant Serum official,,,,2026-08-15T14:41:09.171984+00:00
26b73cda3406,ELSHESKIN_DAILY_BOOST_ANTIOXIDANT_SERUM_NA18211903438,Elsheskin,Daily Boost Antioxidant Serum,NA18211903438,https://lookaside.instagram.com/seo/google_widget/crawler/?media_id=3505946585341700879,,https://www.instagram.com/p/DCnn9oXy4gL/,www.instagram.com,instagram.com,,,,,,,,,,,rejected,,,,,,,,,failed,"not_an_image (content-type=text/html; charset=""utf-8"")",genuine,Elsheskin Daily Boost Antioxidant Serum official,,,,2026-08-15T14:41:11.065459+00:00
2a92e23f2f3d,ELSHESKIN_DAILY_BOOST_ANTIOXIDANT_SERUM_NA18211903438,Elsheskin,Daily Boost Antioxidant Serum,NA18211903438,https://lookaside.instagram.com/seo/google_widget/crawler/?media_id=3224308248098003529,,https://www.instagram.com/reel/Cy_C0S-PlpJ/,www.instagram.com,instagram.com,,,,,,,,,,,rejected,,,,,,,,,failed,"not_an_image (content-type=text/html; charset=""utf-8"")",genuine,Elsheskin Daily Boost Antioxidant Serum official,,,,2026-08-15T14:41:13.391797+00:00
08272da34ee1,ELSHESKIN_DAILY_BOOST_ANTIOXIDANT_SERUM_NA18211903438,Elsheskin,Daily Boost Antioxidant Serum,NA18211903438,https://www.tiktok.com/api/img/?itemId=7577328161935920392&location=0&aid=1988,,https://www.tiktok.com/discover/perbedaan-elsheskin-radiant-serum-asli-dan-palsu,www.tiktok.com,tiktok.com,,,,,,Perbedaan Elsheskin Radiant Serum Asli Dan Palsu ada 3% trainesemic Acid. dan ada 17 kali brightening booster. yang bagus banget buat kulit berjerawat. dan yang paling Aku suka dari serum ini.,,palsu,MODERATE_EVIDENCE,3.0,rejected,,,,,,,,,failed,download_failed_after_3_retries: 403 Client Error: Forbidden for url: https://www.tiktok.com/api/img/?itemId=7577328161935920392&location=0&aid=1988,counterfeit_evidence,https://www.tiktok.com/discover/perbedaan-elsheskin-radiant-serum-asli-dan-palsu,,,,2026-08-15T14:41:19.603031+00:00
6793ff37ccd7,ELSHESKIN_DAILY_BOOST_ANTIOXIDANT_SERUM_NA18211903438,Elsheskin,Daily Boost Antioxidant Serum,NA18211903438,https://www.tiktok.com/api/img/?itemId=7504334880914836741&location=0&aid=1988,,https://www.tiktok.com/discover/perbedaan-elsheskin-radiant-serum-asli-dan-palsu,www.tiktok.com,tiktok.com,,,,,,Perbedaan Elsheskin Radiant Serum Asli Dan Palsu ada 3% trainesemic Acid. dan ada 17 kali brightening booster. yang bagus banget buat kulit berjerawat. dan yang paling Aku suka dari serum ini.,,palsu,MODERATE_EVIDENCE,3.0,rejected,,,,,,,,,failed,download_failed_after_3_retries: 403 Client Error: Forbidden for url: https://www.tiktok.com/api/img/?itemId=7504334880914836741&location=0&aid=1988,counterfeit_evidence,https://www.tiktok.com/discover/perbedaan-elsheskin-radiant-serum-asli-dan-palsu,,,,2026-08-15T14:41:28.982099+00:00
9ee8e8ef2df1,ELSHESKIN_DAILY_BOOST_ANTIOXIDANT_SERUM_NA18211903438,Elsheskin,Daily Boost Antioxidant Serum,NA18211903438,https://www.tiktok.com/api/img/?itemId=7544325369185242373&location=0&aid=1988,,https://www.tiktok.com/discover/perbedaan-elsheskin-radiant-serum-asli-dan-palsu,www.tiktok.com,tiktok.com,,,,,,Perbedaan Elsheskin Radiant Serum Asli Dan Palsu ada 3% trainesemic Acid. dan ada 17 kali brightening booster. yang bagus banget buat kulit berjerawat. dan yang paling Aku suka dari serum ini.,,palsu,MODERATE_EVIDENCE,3.0,rejected,,,,,,,,,failed,download_failed_after_3_retries: 403 Client Error: Forbidden for url: https://www.tiktok.com/api/img/?itemId=7544325369185242373&location=0&aid=1988,counterfeit_evidence,https://www.tiktok.com/discover/perbedaan-elsheskin-radiant-serum-asli-dan-palsu,,,,2026-08-15T14:41:38.626965+00:00
69dcea9eba4f,ELSHESKIN_DAILY_BOOST_ANTIOXIDANT_SERUM_NA18211903438,Elsheskin,Daily Boost Antioxidant Serum,NA18211903438,https://www.tiktok.com/api/img/?itemId=7556204960413764871&location=0&aid=1988,,https://www.tiktok.com/discover/perbedaan-elsheskin-radiant-serum-asli-dan-palsu,www.tiktok.com,tiktok.com,,,,,,Perbedaan Elsheskin Radiant Serum Asli Dan Palsu ada 3% trainesemic Acid. dan ada 17 kali brightening booster. yang bagus banget buat kulit berjerawat. dan yang paling Aku suka dari serum ini.,,palsu,MODERATE_EVIDENCE,3.0,rejected,,,,,,,,,failed,download_failed_after_3_retries: 403 Client Error: Forbidden for url: https://www.tiktok.com/api/img/?itemId=7556204960413764871&location=0&aid=1988,counterfeit_evidence,https://www.tiktok.com/discover/perbedaan-elsheskin-radiant-serum-asli-dan-palsu,,,,2026-08-15T14:41:48.052632+00:00
3b61d4fdfca5,ELSHESKIN_DAILY_BOOST_ANTIOXIDANT_SERUM_NA18211903438,Elsheskin,Daily Boost Antioxidant Serum,NA18211903438,https://www.tiktok.com/api/img/?itemId=7545859659794631992&location=0&aid=1988,,https://www.tiktok.com/discover/perbedaan-elsheskin-radiant-serum-asli-dan-palsu,www.tiktok.com,tiktok.com,,,,,,Perbedaan Elsheskin Radiant Serum Asli Dan Palsu ada 3% trainesemic Acid. dan ada 17 kali brightening booster. yang bagus banget buat kulit berjerawat. dan yang paling Aku suka dari serum ini.,,palsu,MODERATE_EVIDENCE,3.0,rejected,,,,,,,,,failed,download_failed_after_3_retries: 403 Client Error: Forbidden for url: https://www.tiktok.com/api/img/?itemId=7545859659794631992&location=0&aid=1988,counterfeit_evidence,https://www.tiktok.com/discover/perbedaan-elsheskin-radiant-serum-asli-dan-palsu,,,,2026-08-15T14:41:57.604056+00:00
02129cb25df8,ELSHESKIN_DAILY_BOOST_ANTIOXIDANT_SERUM_NA18211903438,Elsheskin,Daily Boost Antioxidant Serum,NA18211903438,https://www.tiktok.com/api/img/?itemId=7542814601084177670&location=0&aid=1988,,https://www.tiktok.com/discover/perbedaan-elsheskin-radiant-serum-asli-dan-palsu,www.tiktok.com,tiktok.com,,,,,,Perbedaan Elsheskin Radiant Serum Asli Dan Palsu ada 3% trainesemic Acid. dan ada 17 kali brightening booster. yang bagus banget buat kulit berjerawat. dan yang paling Aku suka dari serum ini.,,palsu,MODERATE_EVIDENCE,3.0,rejected,,,,,,,,,failed,download_failed_after_3_retries: 403 Client Error: Forbidden for url: https://www.tiktok.com/api/img/?itemId=7542814601084177670&location=0&aid=1988,counterfeit_evidence,https://www.tiktok.com/discover/perbedaan-elsheskin-radiant-serum-asli-dan-palsu,,,,2026-08-15T14:42:07.475419+00:00
a55660f58fbe,DR_G_DR_G_RTX_INTO_SERUM_PEPTISHOT_NA26250100230,Dr.G,Dr.G RTX Into Serum Peptishot,NA26250100230,https://lookaside.instagram.com/seo/google_widget/crawler/?media_id=3710576603249406566,,https://www.instagram.com/p/DN-ncRyjhqh/,www.instagram.com,instagram.com,,,,,,,,,,,rejected,,,,,,,,,failed,"not_an_image (content-type=text/html; charset=""utf-8"")",genuine,Dr.G Dr.G RTX Into Serum Peptishot official,,,,2026-08-15T14:42:19.040174+00:00
60a5447af2b2,DR_G_DR_G_RTX_INTO_SERUM_PEPTISHOT_NA26250100230,Dr.G,Dr.G RTX Into Serum Peptishot,NA26250100230,https://lookaside.instagram.com/seo/google_widget/crawler/?media_id=3710576603610093236,,https://www.instagram.com/p/DN-ncRyjhqh/,www.instagram.com,instagram.com,,,,,,,,,,,rejected,,,,,,,,,failed,"not_an_image (content-type=text/html; charset=""utf-8"")",genuine,Dr.G Dr.G RTX Into Serum Peptishot official,,,,2026-08-15T14:42:20.403542+00:00
fdcf17e222b8,SKINTIFIC_10_PURE_VITAMIN_C_BRIGHTENING_SERUM_NKIT250001190,Skintific,10% Pure Vitamin C Brightening Serum,NKIT250001190,https://lookaside.instagram.com/seo/google_widget/crawler/?media_id=3698920611381231112,,https://www.instagram.com/p/DNVNLaEPEuE/,www.instagram.com,instagram.com,,,,,,,,,,,rejected,,,,,,,,,failed,"not_an_image (content-type=text/html; charset=""utf-8"")",genuine,Skintific 10% Pure Vitamin C Brightening Serum official,,,,2026-08-15T14:42:30.412946+00:00
2707da0b4840,SKINTIFIC_10_PURE_VITAMIN_C_BRIGHTENING_SERUM_NKIT250001190,Skintific,10% Pure Vitamin C Brightening Serum,NKIT250001190,https://lookaside.instagram.com/seo/google_widget/crawler/?media_id=3684230137866341003,,https://www.instagram.com/p/DMhD7RETTaI/,www.instagram.com,instagram.com,,,,,,,,,,,rejected,,,,,,,,,failed,"not_an_image (content-type=text/html; charset=""utf-8"")",genuine,Skintific 10% Pure Vitamin C Brightening Serum official,,,,2026-08-15T14:42:31.794023+00:00
e2cb7751ecf3,GLAD2GLOW_PERFECT_VITA_C_BRIGHT_GLOW_SERUM_NA11251900043,Glad2Glow,Perfect Vita C Bright Glow Serum,NA11251900043,http://koreacosmeticsbn.com/cdn/shop/files/520749357_18411509728110894_6520469934003466019_n.jpg?v=1759296704,SafeCart_Dataset\images\genuine_reference\GLAD2GLOW_PERFECT_VITA_C_BRIGHT_GLOW_SERUM_NA11251900043\e2cb7751ecf3.jpg,https://koreacosmeticsbn.com/products/glad2glow-jeju-tangerine-vita-c-power-bright-glow-serum-1,koreacosmeticsbn.com,koreacosmeticsbn.com,,,,,,,,,,,rejected,,,,,,,108d061389195487ef5f5161ff0e3174,,rejected,too_blurry (score=11.0),genuine,Glad2Glow Perfect Vita C Bright Glow Serum official,880.0,1097.0,42779.0,2026-08-15T14:42:19.232781+00:00
bfc8c77f53ec,GLAD2GLOW_PERFECT_VITA_C_BRIGHT_GLOW_SERUM_NA11251900043,Glad2Glow,Perfect Vita C Bright Glow Serum,NA11251900043,https://lookaside.instagram.com/seo/google_widget/crawler/?media_id=3945227153595767639,,https://www.instagram.com/p/DbSpk5TE7Eo/,www.instagram.com,instagram.com,,,,,,,,,,,rejected,,,,,,,,,failed,"not_an_image (content-type=text/html; charset=""utf-8"")",genuine,Glad2Glow Perfect Vita C Bright Glow Serum official,,,,2026-08-15T14:42:19.732358+00:00
153e9e85e0fd,GLAD2GLOW_PERFECT_VITA_C_BRIGHT_GLOW_SERUM_NA11251900043,Glad2Glow,Perfect Vita C Bright Glow Serum,NA11251900043,https://lookaside.instagram.com/seo/google_widget/crawler/?media_id=3681438384862964967,,https://www.instagram.com/p/DMXGLbfvxjD/,www.instagram.com,instagram.com,,,,,,,,,,,rejected,,,,,,,,,failed,"not_an_image (content-type=text/html; charset=""utf-8"")",genuine,Glad2Glow Perfect Vita C Bright Glow Serum official,,,,2026-08-15T14:42:21.722608+00:00
924d59ccbb10,GLAD2GLOW_PERFECT_VITA_C_BRIGHT_GLOW_SERUM_NA11251900043,Glad2Glow,Perfect Vita C Bright Glow Serum,NA11251900043,https://medias.watsons.co.id/publishing/WTCID-51878-extra4-zoom.jpg?version=1750260588,,https://www.watsons.co.id/en/glad2glow-glad2glow-perfect-vita-c-bright-glow-serum-17ml/p/BP_51878,www.watsons.co.id,watsons.co.id,,,,,,,,,,,rejected,,,,,,,,,failed,download_failed_after_3_retries: 403 Client Error: Forbidden for url: https://medias.watsons.co.id/publishing/WTCID-51878-extra4-zoom.jpg?version=1750260588,genuine,Glad2Glow Perfect Vita C Bright Glow Serum official,,,,2026-08-15T14:42:22.777873+00:00
77174714337a,GLAD2GLOW_PERFECT_VITA_C_BRIGHT_GLOW_SERUM_NA11251900043,Glad2Glow,Perfect Vita C Bright Glow Serum,NA11251900043,https://lookaside.instagram.com/seo/google_widget/crawler/?media_id=3701993203747750669,,https://www.instagram.com/p/DNgHzbSSAV3/,www.instagram.com,instagram.com,,,,,,,,,,,rejected,,,,,,,,,failed,"not_an_image (content-type=text/html; charset=""utf-8"")",genuine,Glad2Glow Perfect Vita C Bright Glow Serum official,,,,2026-08-15T14:42:36.105070+00:00
1c2c2e27642f,GLAD2GLOW_PERFECT_VITA_C_BRIGHT_GLOW_SERUM_NA11251900043,Glad2Glow,Perfect Vita C Bright Glow Serum,NA11251900043,https://www.venusbeauty.com.sg/pub/media/catalog/product/cache/162b158f73357affcd504e6a54c35e8f/4/8/4897144700264_1_.jpg,SafeCart_Dataset\images\genuine_reference\GLAD2GLOW_PERFECT_VITA_C_BRIGHT_GLOW_SERUM_NA11251900043\1c2c2e27642f.jpg,https://www.venusbeauty.com.sg/glad2glow-perfect-vita-c-bright-glow-serum-17ml.html,www.venusbeauty.com.sg,venusbeauty.com.sg,,,,,,,,,,,rejected,,,,,,,378e665546c64a40f464ca28f0f436b4,,rejected,too_small (265x265),genuine,Glad2Glow Perfect Vita C Bright Glow Serum official,265.0,265.0,11483.0,2026-08-15T14:42:38.834285+00:00
d8ea32cf4c4d,KAIE_EVEN_TONE_RADIANCE_RENEW_SERUM_NA18240107391,KAIE,Even Tone + Radiance Renew Serum,NA18240107391,https://lookaside.instagram.com/seo/google_widget/crawler/?media_id=3800732529314334110,,https://www.instagram.com/p/DTCu-PCDeCX/,www.instagram.com,instagram.com,,,,,,,,,,,rejected,,,,,,,,,failed,"not_an_image (content-type=text/html; charset=""utf-8"")",genuine,KAIE Even Tone + Radiance Renew Serum official,,,,2026-08-15T14:42:52.477933+00:00
176804839b81,COSRX_THE_VITAMIN_C_23_SERUM_NA26222000054,COSRX,The Vitamin C 23 Serum,NA26222000054,https://www.tiktok.com/api/img/?itemId=7273396097660308737&location=0&aid=1988,,https://www.tiktok.com/@koreanskincarenepal/video/7273396097660308737,www.tiktok.com,tiktok.com,,,,,,COSRX Vitamin C Serum: Original vs Fake Discover the differences between real and fake COSRX Vitamin C serum. Enhance your skincare routine with authentic products. #cosrx #vitac23 # ...,,fake,MODERATE_EVIDENCE,3.0,rejected,,,,,,,,,failed,download_failed_after_3_retries: 403 Client Error: Forbidden for url: https://www.tiktok.com/api/img/?itemId=7273396097660308737&location=0&aid=1988,counterfeit_evidence,https://www.tiktok.com/@koreanskincarenepal/video/7273396097660308737,,,,2026-08-15T14:42:06.827609+00:00
6ce62732af1c,COSRX_THE_VITAMIN_C_23_SERUM_NA26222000054,COSRX,The Vitamin C 23 Serum,NA26222000054,https://p16-common-sign.tiktokcdn-us.com/tos-alisg-p-0037/oY6RjTAV6PCII8heDAgAQhneX1eAaLQGAxoEcP~tplv-tiktokx-origin.image?dr=9636&x-expires=1779336000&x-signature=FAP7JizgPsDy1OJaNfddIakfQDA%3D&t=4d5b0474&ps=13740610&shp=81f88b70&shcp=55bbe6a9&idc=useast5,,https://www.tiktok.com/@koreanskincarenepal/video/7273396097660308737,www.tiktok.com,tiktok.com,,,,,,COSRX Vitamin C Serum: Original vs Fake Discover the differences between real and fake COSRX Vitamin C serum. Enhance your skincare routine with authentic products. #cosrx #vitac23 # ...,,fake,MODERATE_EVIDENCE,3.0,rejected,,,,,,,,,failed,download_failed_after_3_retries: 403 Client Error: Forbidden for url: https://p16-common-sign.tiktokcdn-us.com/tos-alisg-p-0037/oY6RjTAV6PCII8heDAgAQhneX1eAaLQGAxoEcP~tplv-tiktokx-origin.image?dr=9636&x-expires=1779336000&x-signature=FAP7JizgPsDy1OJaNfddIakfQDA%3D&t=4d5b0474&ps=13740610&shp=81f88b70&shcp=55bbe6a9&idc=useast5,counterfeit_evidence,https://www.tiktok.com/@koreanskincarenepal/video/7273396097660308737,,,,2026-08-15T14:42:16.146724+00:00
395f3587fded,COSRX_THE_VITAMIN_C_23_SERUM_NA26222000054,COSRX,The Vitamin C 23 Serum,NA26222000054,https://p16-common-sign.tiktokcdn-us.com/tos-alisg-p-0037/ocQMT2Aa0qVPIEeZioJD2VAAQHoSYUAIeA8Xje~tplv-tiktokx-origin.image?dr=9636&x-expires=1779336000&x-signature=rsO6MoiqhamY3sPb%2F96yuIRxTY0%3D&t=4d5b0474&ps=13740610&shp=81f88b70&shcp=55bbe6a9&idc=useast5,,https://www.tiktok.com/@koreanskincarenepal/video/7273396097660308737,www.tiktok.com,tiktok.com,,,,,,COSRX Vitamin C Serum: Original vs Fake Discover the differences between real and fake COSRX Vitamin C serum. Enhance your skincare routine with authentic products. #cosrx #vitac23 # ...,,fake,MODERATE_EVIDENCE,3.0,rejected,,,,,,,,,failed,download_failed_after_3_retries: 403 Client Error: Forbidden for url: https://p16-common-sign.tiktokcdn-us.com/tos-alisg-p-0037/ocQMT2Aa0qVPIEeZioJD2VAAQHoSYUAIeA8Xje~tplv-tiktokx-origin.image?dr=9636&x-expires=1779336000&x-signature=rsO6MoiqhamY3sPb%2F96yuIRxTY0%3D&t=4d5b0474&ps=13740610&shp=81f88b70&shcp=55bbe6a9&idc=useast5,counterfeit_evidence,https://www.tiktok.com/@koreanskincarenepal/video/7273396097660308737,,,,2026-08-15T14:42:25.396157+00:00
4839e6fe658d,COSRX_THE_VITAMIN_C_23_SERUM_NA26222000054,COSRX,The Vitamin C 23 Serum,NA26222000054,https://p19-common-sign.tiktokcdn-us.com/tos-alisg-p-0037/ocnUCADhEDEEAA7xfIAAI9AF5xFfseh5zrVj4j~tplv-tiktokx-origin.image?dr=9636&x-expires=1779336000&x-signature=sHCNSGzzLeuf%2FMuVpUzKrc7wwgA%3D&t=4d5b0474&ps=13740610&shp=81f88b70&shcp=55bbe6a9&idc=useast5,,https://www.tiktok.com/@koreanskincarenepal/video/7273396097660308737,www.tiktok.com,tiktok.com,,,,,,COSRX Vitamin C Serum: Original vs Fake Discover the differences between real and fake COSRX Vitamin C serum. Enhance your skincare routine with authentic products. #cosrx #vitac23 # ...,,fake,MODERATE_EVIDENCE,3.0,rejected,,,,,,,,,failed,download_failed_after_3_retries: 403 Client Error: Forbidden for url: https://p19-common-sign.tiktokcdn-us.com/tos-alisg-p-0037/ocnUCADhEDEEAA7xfIAAI9AF5xFfseh5zrVj4j~tplv-tiktokx-origin.image?dr=9636&x-expires=1779336000&x-signature=sHCNSGzzLeuf%2FMuVpUzKrc7wwgA%3D&t=4d5b0474&ps=13740610&shp=81f88b70&shcp=55bbe6a9&idc=useast5,counterfeit_evidence,https://www.tiktok.com/@koreanskincarenepal/video/7273396097660308737,,,,2026-08-15T14:42:35.718050+00:00
7224efe2b011,COSRX_THE_VITAMIN_C_23_SERUM_NA26222000054,COSRX,The Vitamin C 23 Serum,NA26222000054,https://p16-common-sign.tiktokcdn-us.com/tos-alisg-p-0037/o4AQAEjAjcGITAFffAifHxwERaUDIEFG4RZDPK~tplv-tiktokx-origin.image?dr=9636&x-expires=1779336000&x-signature=Fdit1BhcXO3A16bQ%2FbqmHlssLZ4%3D&t=4d5b0474&ps=13740610&shp=81f88b70&shcp=55bbe6a9&idc=useast5,,https://www.tiktok.com/@koreanskincarenepal/video/7273396097660308737,www.tiktok.com,tiktok.com,,,,,,COSRX Vitamin C Serum: Original vs Fake Discover the differences between real and fake COSRX Vitamin C serum. Enhance your skincare routine with authentic products. #cosrx #vitac23 # ...,,fake,MODERATE_EVIDENCE,3.0,rejected,,,,,,,,,failed,download_failed_after_3_retries: 403 Client Error: Forbidden for url: https://p16-common-sign.tiktokcdn-us.com/tos-alisg-p-0037/o4AQAEjAjcGITAFffAifHxwERaUDIEFG4RZDPK~tplv-tiktokx-origin.image?dr=9636&x-expires=1779336000&x-signature=Fdit1BhcXO3A16bQ%2FbqmHlssLZ4%3D&t=4d5b0474&ps=13740610&shp=81f88b70&shcp=55bbe6a9&idc=useast5,counterfeit_evidence,https://www.tiktok.com/@koreanskincarenepal/video/7273396097660308737,,,,2026-08-15T14:42:47.463283+00:00
ed5f6bd1d4f4,COSRX_THE_VITAMIN_C_23_SERUM_NA26222000054,COSRX,The Vitamin C 23 Serum,NA26222000054,https://p19-common-sign.tiktokcdn-us.com/tos-alisg-p-0037/ow8yJzAPEiZWruAAHy0CxBcBfIZDKnAvwApiDI~tplv-tiktokx-origin.image?dr=9636&x-expires=1779336000&x-signature=PeTHo6ocv03HnBwbOx5ytymXfqM%3D&t=4d5b0474&ps=13740610&shp=81f88b70&shcp=55bbe6a9&idc=useast5,,https://www.tiktok.com/@koreanskincarenepal/video/7273396097660308737,www.tiktok.com,tiktok.com,,,,,,COSRX Vitamin C Serum: Original vs Fake Discover the differences between real and fake COSRX Vitamin C serum. Enhance your skincare routine with authentic products. #cosrx #vitac23 # ...,,fake,MODERATE_EVIDENCE,3.0,rejected,,,,,,,,,failed,download_failed_after_3_retries: 403 Client Error: Forbidden for url: https://p19-common-sign.tiktokcdn-us.com/tos-alisg-p-0037/ow8yJzAPEiZWruAAHy0CxBcBfIZDKnAvwApiDI~tplv-tiktokx-origin.image?dr=9636&x-expires=1779336000&x-signature=PeTHo6ocv03HnBwbOx5ytymXfqM%3D&t=4d5b0474&ps=13740610&shp=81f88b70&shcp=55bbe6a9&idc=useast5,counterfeit_evidence,https://www.tiktok.com/@koreanskincarenepal/video/7273396097660308737,,,,2026-08-15T14:42:57.389484+00:00
362e859a5b7e,KAIE_HYDRA_BOOSTER_DAILY_MOISTURE_SERUM_NA18240107392,KAIE,Hydra Booster + Daily Moisture Serum,NA18240107392,https://lookaside.instagram.com/seo/google_widget/crawler/?media_id=3829366609802296117,,https://www.instagram.com/p/DUkpYQ3ATNw/,www.instagram.com,instagram.com,,,,,,,,,,,rejected,,,,,,,,,failed,"not_an_image (content-type=text/html; charset=""utf-8"")",genuine,KAIE Hydra Booster + Daily Moisture Serum official,,,,2026-08-15T14:42:57.629400+00:00
24f79df0928b,KAIE_HYDRA_BOOSTER_DAILY_MOISTURE_SERUM_NA18240107392,KAIE,Hydra Booster + Daily Moisture Serum,NA18240107392,https://lookaside.instagram.com/seo/google_widget/crawler/?media_id=3824282347759579337,,https://www.instagram.com/reel/DIA2ECBB6uZ/,www.instagram.com,instagram.com,,,,,,,,,,,rejected,,,,,,,,,failed,"not_an_image (content-type=text/html; charset=""utf-8"")",genuine,KAIE Hydra Booster + Daily Moisture Serum official,,,,2026-08-15T14:43:01.538658+00:00
aad166ec2be4,KAIE_HYDRA_BOOSTER_DAILY_MOISTURE_SERUM_NA18240107392,KAIE,Hydra Booster + Daily Moisture Serum,NA18240107392,https://lookaside.instagram.com/seo/google_widget/crawler/?media_id=3733694286085776630,,https://www.instagram.com/p/DPQvyvWDGT2/,www.instagram.com,instagram.com,,,,,,,,,,,rejected,,,,,,,,,failed,"not_an_image (content-type=text/html; charset=""utf-8"")",genuine,KAIE Hydra Booster + Daily Moisture Serum official,,,,2026-08-15T14:43:03.449181+00:00
e240b3ccfad7,KAIE_HYDRA_BOOSTER_DAILY_MOISTURE_SERUM_NA18240107392,KAIE,Hydra Booster + Daily Moisture Serum,NA18240107392,https://www.tiktok.com/api/img/?itemId=7522383219853970696&location=0&aid=1988,,https://www.tiktok.com/@dokchandra.chan/video/7522383219853970696,www.tiktok.com,tiktok.com,,,,,,"Skinbooster Palsu: Apa yang Perlu Diketahui? Keamanan formulasi Produk ini diklaim hypoallergenic, non-comedogenic, tanpa alkohol, tanpa paraben, dan tanpa oil—cocok untuk mereka yang ...",,palsu,MODERATE_EVIDENCE,3.0,rejected,,,,,,,,,failed,download_failed_after_3_retries: 403 Client Error: Forbidden for url: https://www.tiktok.com/api/img/?itemId=7522383219853970696&location=0&aid=1988,counterfeit_evidence,https://www.tiktok.com/@dokchandra.chan/video/7522383219853970696,,,,2026-08-15T14:43:09.703511+00:00
70e9ac17df91,KAIE_BLEMISH_CARE_PORE_REFINING_SERUM_NA18240108161,KAIE,Blemish Care + Pore Refining Serum,NA18240108161,https://lookaside.instagram.com/seo/google_widget/crawler/?media_id=3894294684801648470,,https://www.instagram.com/reel/DYLUGIKS0dW/,www.instagram.com,instagram.com,,,,,,"... Murah boleh, tapi jangan sampai jadi bahaya yaa. Produk ... Murah boleh, tapi jangan sampai jadi bahaya yaa. Produk palsu sekarang makin mirip aslinya, jangan asal tergiur sama harga! Yuk, cek dulu ...",,produk palsu; palsu,MODERATE_EVIDENCE,3.0,rejected,,,,,,,,,failed,"not_an_image (content-type=text/html; charset=""utf-8"")",counterfeit_evidence,https://www.instagram.com/reel/DYLUGIKS0dW/,,,,2026-08-15T14:43:15.902994+00:00
b6bbc9a9dec9,KAIE_BLEMISH_CARE_PORE_REFINING_SERUM_NA18240108161,KAIE,Blemish Care + Pore Refining Serum,NA18240108161,https://lookaside.instagram.com/seo/google_widget/crawler/?media_id=3940906601925247037,,https://www.instagram.com/reel/DYLUGIKS0dW/,www.instagram.com,instagram.com,,,,,,"... Murah boleh, tapi jangan sampai jadi bahaya yaa. Produk ... Murah boleh, tapi jangan sampai jadi bahaya yaa. Produk palsu sekarang makin mirip aslinya, jangan asal tergiur sama harga! Yuk, cek dulu ...",,produk palsu; palsu,MODERATE_EVIDENCE,3.0,rejected,,,,,,,,,failed,"not_an_image (content-type=text/html; charset=""utf-8"")",counterfeit_evidence,https://www.instagram.com/reel/DYLUGIKS0dW/,,,,2026-08-15T14:43:17.313064+00:00
707b2e7b99f4,KAIE_BLEMISH_CARE_PORE_REFINING_SERUM_NA18240108161,KAIE,Blemish Care + Pore Refining Serum,NA18240108161,https://lookaside.instagram.com/seo/google_widget/crawler/?media_id=3946758518753002429,,https://www.instagram.com/reel/DYLUGIKS0dW/,www.instagram.com,instagram.com,,,,,,"... Murah boleh, tapi jangan sampai jadi bahaya yaa. Produk ... Murah boleh, tapi jangan sampai jadi bahaya yaa. Produk palsu sekarang makin mirip aslinya, jangan asal tergiur sama harga! Yuk, cek dulu ...",,produk palsu; palsu,MODERATE_EVIDENCE,3.0,rejected,,,,,,,,,failed,"not_an_image (content-type=text/html; charset=""utf-8"")",counterfeit_evidence,https://www.instagram.com/reel/DYLUGIKS0dW/,,,,2026-08-15T14:43:18.776849+00:00
6a2f18e3fc8d,KAIE_BLEMISH_CARE_PORE_REFINING_SERUM_NA18240108161,KAIE,Blemish Care + Pore Refining Serum,NA18240108161,https://lookaside.instagram.com/seo/google_widget/crawler/?media_id=3955216919294272604,,https://www.instagram.com/reel/DYLUGIKS0dW/,www.instagram.com,instagram.com,,,,,,"... Murah boleh, tapi jangan sampai jadi bahaya yaa. Produk ... Murah boleh, tapi jangan sampai jadi bahaya yaa. Produk palsu sekarang makin mirip aslinya, jangan asal tergiur sama harga! Yuk, cek dulu ...",,produk palsu; palsu,MODERATE_EVIDENCE,3.0,rejected,,,,,,,,,failed,"not_an_image (content-type=text/html; charset=""utf-8"")",counterfeit_evidence,https://www.instagram.com/reel/DYLUGIKS0dW/,,,,2026-08-15T14:43:19.932186+00:00
f930d9555029,KAIE_BLEMISH_CARE_PORE_REFINING_SERUM_NA18240108161,KAIE,Blemish Care + Pore Refining Serum,NA18240108161,https://lookaside.instagram.com/seo/google_widget/crawler/?media_id=3955216913774462792,,https://www.instagram.com/reel/DYLUGIKS0dW/,www.instagram.com,instagram.com,,,,,,"... Murah boleh, tapi jangan sampai jadi bahaya yaa. Produk ... Murah boleh, tapi jangan sampai jadi bahaya yaa. Produk palsu sekarang makin mirip aslinya, jangan asal tergiur sama harga! Yuk, cek dulu ...",,produk palsu; palsu,MODERATE_EVIDENCE,3.0,rejected,,,,,,,,,failed,"not_an_image (content-type=text/html; charset=""utf-8"")",counterfeit_evidence,https://www.instagram.com/reel/DYLUGIKS0dW/,,,,2026-08-15T14:43:21.191123+00:00
01bb0858913e,KAIE_BLEMISH_CARE_PORE_REFINING_SERUM_NA18240108161,KAIE,Blemish Care + Pore Refining Serum,NA18240108161,https://lookaside.instagram.com/seo/google_widget/crawler/?media_id=3955216916626613244,,https://www.instagram.com/reel/DYLUGIKS0dW/,www.instagram.com,instagram.com,,,,,,"... Murah boleh, tapi jangan sampai jadi bahaya yaa. Produk ... Murah boleh, tapi jangan sampai jadi bahaya yaa. Produk palsu sekarang makin mirip aslinya, jangan asal tergiur sama harga! Yuk, cek dulu ...",,produk palsu; palsu,MODERATE_EVIDENCE,3.0,rejected,,,,,,,,,failed,"not_an_image (content-type=text/html; charset=""utf-8"")",counterfeit_evidence,https://www.instagram.com/reel/DYLUGIKS0dW/,,,,2026-08-15T14:43:22.514557+00:00
e0a1486336ea,ANUA_NIACINAMIDE_10_TXA_3_SERUM_NA26251900042,Anua,Niacinamide 10% + TXA 3% Serum,NA26251900042,https://lookaside.instagram.com/seo/google_widget/crawler/?media_id=3726973044075551458,,https://www.instagram.com/p/DO43jy7lFri/,www.instagram.com,instagram.com,,,,,,,,,,,rejected,,,,,,,,,failed,"not_an_image (content-type=text/html; charset=""utf-8"")",genuine,Anua Niacinamide 10% + TXA 3% Serum official,,,,2026-08-15T14:43:27.158917+00:00
7692f7ac7a65,MEDIHEAL_VITAMIN_C_BRIGHTENING_SERUM_WITH_NIACINAMIDE_NA26241900078,Mediheal,Vitamin C Brightening Serum with Niacinamide,NA26241900078,https://lookaside.instagram.com/seo/google_widget/crawler/?media_id=3946269142204657978,,https://www.instagram.com/reel/DNX_eVMSgKl/,www.instagram.com,instagram.com,,,,,,"Watch @ugcbylarina break down the differences between real ... the fake is so easy to open ・ helps improve the look of dark spots. A Vitamin C ingredient adds extra brightness, post-acne marks, and uneven ...",,fake,MODERATE_EVIDENCE,3.0,rejected,,,,,,,,,failed,"not_an_image (content-type=text/html; charset=""utf-8"")",counterfeit_evidence,https://www.instagram.com/reel/DNX_eVMSgKl/,,,,2026-08-15T14:43:35.209951+00:00
cbdd8e498738,MEDIHEAL_VITAMIN_C_BRIGHTENING_SERUM_WITH_NIACINAMIDE_NA26241900078,Mediheal,Vitamin C Brightening Serum with Niacinamide,NA26241900078,https://lookaside.instagram.com/seo/google_widget/crawler/?media_id=3954314093589168134,,https://www.instagram.com/reel/DNX_eVMSgKl/,www.instagram.com,instagram.com,,,,,,"Watch @ugcbylarina break down the differences between real ... the fake is so easy to open ・ helps improve the look of dark spots. A Vitamin C ingredient adds extra brightness, post-acne marks, and uneven ...",,fake,MODERATE_EVIDENCE,3.0,rejected,,,,,,,,,failed,"not_an_image (content-type=text/html; charset=""utf-8"")",counterfeit_evidence,https://www.instagram.com/reel/DNX_eVMSgKl/,,,,2026-08-15T14:43:36.619223+00:00
b81dca7c6e2f,MEDIHEAL_VITAMIN_C_BRIGHTENING_SERUM_WITH_NIACINAMIDE_NA26241900078,Mediheal,Vitamin C Brightening Serum with Niacinamide,NA26241900078,https://lookaside.instagram.com/seo/google_widget/crawler/?media_id=3699704780177408677,,https://www.instagram.com/reel/DNX_eVMSgKl/,www.instagram.com,instagram.com,,,,,,"Watch @ugcbylarina break down the differences between real ... the fake is so easy to open ・ helps improve the look of dark spots. A Vitamin C ingredient adds extra brightness, post-acne marks, and uneven ...",,fake,MODERATE_EVIDENCE,3.0,rejected,,,,,,,,,failed,"not_an_image (content-type=text/html; charset=""utf-8"")",counterfeit_evidence,https://www.instagram.com/reel/DNX_eVMSgKl/,,,,2026-08-15T14:43:38.088027+00:00
2e5f4699fff6,MEDIHEAL_VITAMIN_C_BRIGHTENING_SERUM_WITH_NIACINAMIDE_NA26241900078,Mediheal,Vitamin C Brightening Serum with Niacinamide,NA26241900078,https://lookaside.instagram.com/seo/google_widget/crawler/?media_id=3947706907564230170,,https://www.instagram.com/reel/DNX_eVMSgKl/,www.instagram.com,instagram.com,,,,,,"Watch @ugcbylarina break down the differences between real ... the fake is so easy to open ・ helps improve the look of dark spots. A Vitamin C ingredient adds extra brightness, post-acne marks, and uneven ...",,fake,MODERATE_EVIDENCE,3.0,rejected,,,,,,,,,failed,"not_an_image (content-type=text/html; charset=""utf-8"")",counterfeit_evidence,https://www.instagram.com/reel/DNX_eVMSgKl/,,,,2026-08-15T14:43:39.028375+00:00
b4de991e3828,MEDIHEAL_VITAMIN_C_BRIGHTENING_SERUM_WITH_NIACINAMIDE_NA26241900078,Mediheal,Vitamin C Brightening Serum with Niacinamide,NA26241900078,https://lookaside.instagram.com/seo/google_widget/crawler/?media_id=3958516887733087286,,https://www.instagram.com/reel/DNX_eVMSgKl/,www.instagram.com,instagram.com,,,,,,"Watch @ugcbylarina break down the differences between real ... the fake is so easy to open ・ helps improve the look of dark spots. A Vitamin C ingredient adds extra brightness, post-acne marks, and uneven ...",,fake,MODERATE_EVIDENCE,3.0,rejected,,,,,,,,,failed,"not_an_image (content-type=text/html; charset=""utf-8"")",counterfeit_evidence,https://www.instagram.com/reel/DNX_eVMSgKl/,,,,2026-08-15T14:43:40.391135+00:00
ba80756f7d8f,MEDIHEAL_VITAMIN_C_BRIGHTENING_SERUM_WITH_NIACINAMIDE_NA26241900078,Mediheal,Vitamin C Brightening Serum with Niacinamide,NA26241900078,https://lookaside.instagram.com/seo/google_widget/crawler/?media_id=3953414234205223393,,https://www.instagram.com/reel/DNX_eVMSgKl/,www.instagram.com,instagram.com,,,,,,"Watch @ugcbylarina break down the differences between real ... the fake is so easy to open ・ helps improve the look of dark spots. A Vitamin C ingredient adds extra brightness, post-acne marks, and uneven ...",,fake,MODERATE_EVIDENCE,3.0,rejected,,,,,,,,,failed,"not_an_image (content-type=text/html; charset=""utf-8"")",counterfeit_evidence,https://www.instagram.com/reel/DNX_eVMSgKl/,,,,2026-08-15T14:43:42.775034+00:00
fc1e0086874c,MEDIHEAL_VITAMIN_C_BRIGHTENING_SERUM_WITH_NIACINAMIDE_NA26241900078,Mediheal,Vitamin C Brightening Serum with Niacinamide,NA26241900078,https://lookaside.instagram.com/seo/google_widget/crawler/?media_id=3956985052857947301,,https://www.instagram.com/reel/DNX_eVMSgKl/,www.instagram.com,instagram.com,,,,,,"Watch @ugcbylarina break down the differences between real ... the fake is so easy to open ・ helps improve the look of dark spots. A Vitamin C ingredient adds extra brightness, post-acne marks, and uneven ...",,fake,MODERATE_EVIDENCE,3.0,rejected,,,,,,,,,failed,"not_an_image (content-type=text/html; charset=""utf-8"")",counterfeit_evidence,https://www.instagram.com/reel/DNX_eVMSgKl/,,,,2026-08-15T14:43:44.255936+00:00
a19b67a011b9,WARDAH_LIFT_REGENERATING_SERUM_NA18242000770,Wardah,Lift Regenerating Serum,NA18242000770,https://lookaside.instagram.com/seo/google_widget/crawler/?media_id=3669803796701784959,,https://www.instagram.com/p/DLtwx5wSZSm/,www.instagram.com,instagram.com,,,,,,,,,,,rejected,,,,,,,,,failed,"not_an_image (content-type=text/html; charset=""utf-8"")",genuine,Wardah Lift Regenerating Serum official,,,,2026-08-15T14:43:48.565753+00:00
99568516f90c,WARDAH_LIFT_REGENERATING_SERUM_NA18242000770,Wardah,Lift Regenerating Serum,NA18242000770,https://lookaside.instagram.com/seo/google_widget/crawler/?media_id=3669803796290722979,,https://www.instagram.com/p/DLtwx5wSZSm/,www.instagram.com,instagram.com,,,,,,,,,,,rejected,,,,,,,,,failed,"not_an_image (content-type=text/html; charset=""utf-8"")",genuine,Wardah Lift Regenerating Serum official,,,,2026-08-15T14:43:50.041097+00:00
6687b0e7ab15,WARDAH_LIFT_REGENERATING_SERUM_NA18242000770,Wardah,Lift Regenerating Serum,NA18242000770,https://lookaside.instagram.com/seo/google_widget/crawler/?media_id=3708430088288791937,,https://www.instagram.com/p/DN2_YRm0u2B/,www.instagram.com,instagram.com,,,,,,,,,,,rejected,,,,,,,,,failed,"not_an_image (content-type=text/html; charset=""utf-8"")",genuine,Wardah Lift Regenerating Serum official,,,,2026-08-15T14:43:51.808067+00:00
d476bd7cfd66,WARDAH_LIFT_REGENERATING_SERUM_NA18242000770,Wardah,Lift Regenerating Serum,NA18242000770,https://lookaside.instagram.com/seo/google_widget/crawler/?media_id=3734908067978066088,,https://www.instagram.com/p/DPVDx4Jki5W/,www.instagram.com,instagram.com,,,,,,,,,,,rejected,,,,,,,,,failed,"not_an_image (content-type=text/html; charset=""utf-8"")",genuine,Wardah Lift Regenerating Serum official,,,,2026-08-15T14:43:53.204060+00:00
9de44c8f5905,WARDAH_LIFT_REGENERATING_SERUM_NA18242000770,Wardah,Lift Regenerating Serum,NA18242000770,https://d2jlkn4m127vak.cloudfront.net/medias/products/img_about_0_m-1752653209.jpg,SafeCart_Dataset\images\genuine_reference\WARDAH_LIFT_REGENERATING_SERUM_NA18242000770\9de44c8f5905.jpg,https://www.wardahbeauty.com/id/product/skincare/wardah-exosome-pdrn-lift-regenerating-serum,www.wardahbeauty.com,wardahbeauty.com,,,,,,,,,,,rejected,,,,,,,ec6a8f90abe1d38156f24a591a7b69b1,,rejected,too_blurry (score=9.2),genuine,Wardah Lift Regenerating Serum official,8000.0,8000.0,1411361.0,2026-08-15T14:43:56.373351+00:00
31455653e84f,WARDAH_LIFT_REGENERATING_SERUM_NA18242000770,Wardah,Lift Regenerating Serum,NA18242000770,https://lookaside.instagram.com/seo/google_widget/crawler/?media_id=3669803796416475945,,https://www.instagram.com/p/DLtwx5wSZSm/,www.instagram.com,instagram.com,,,,,,,,,,,rejected,,,,,,,,,failed,"not_an_image (content-type=text/html; charset=""utf-8"")",genuine,Wardah Lift Regenerating Serum official,,,,2026-08-15T14:43:58.282626+00:00
5de663bd5a0c,WARDAH_LIFT_REGENERATING_SERUM_NA18242000770,Wardah,Lift Regenerating Serum,NA18242000770,https://d2jlkn4m127vak.cloudfront.net/medias/products/variant-1752729421.jpg,SafeCart_Dataset\images\genuine_reference\WARDAH_LIFT_REGENERATING_SERUM_NA18242000770\5de663bd5a0c.jpg,https://www.wardahbeauty.com/id/product/skincare/wardah-exosome-pdrn-lift-regenerating-serum,www.wardahbeauty.com,wardahbeauty.com,,,,,,,,,,,rejected,,,,,,,317e1100d953e22d6ceafb2dd763c470,,rejected,too_blurry (score=9.7),genuine,Wardah Lift Regenerating Serum official website,8000.0,8000.0,1399763.0,2026-08-15T14:44:00.655115+00:00
634b481f696e,WARDAH_LIFT_REGENERATING_SERUM_NA18242000770,Wardah,Lift Regenerating Serum,NA18242000770,https://lookaside.instagram.com/seo/google_widget/crawler/?media_id=3724801833937589881,,https://www.instagram.com/p/DOxJ4n5kpId/,www.instagram.com,instagram.com,,,,,,,,,,,rejected,,,,,,,,,failed,"not_an_image (content-type=text/html; charset=""utf-8"")",genuine,Wardah Lift Regenerating Serum official website,,,,2026-08-15T14:44:03.031585+00:00
0dca76a124a9,ANUA_7_RICE_CERAMIDE_HYDRATING_BARRIER_SERUM_NA26250100205,Anua,7 Rice Ceramide Hydrating Barrier Serum,NA26250100205,https://www.tiktok.com/api/img/?itemId=7646435181322194197&location=0&aid=1988,,https://www.tiktok.com/discover/how-to-tell-if-anua-rice-ceramide-is-real,www.tiktok.com,tiktok.com,,,,,,"How to Tell If Anua Rice Ceramide Is Real Based on my personal experience, I've bought the product online turned out to be fake and original ones from retail stores, so I compared ...",,fake,MODERATE_EVIDENCE,3.0,rejected,,,,,,,,,failed,download_failed_after_3_retries: 403 Client Error: Forbidden for url: https://www.tiktok.com/api/img/?itemId=7646435181322194197&location=0&aid=1988,counterfeit_evidence,https://www.tiktok.com/discover/how-to-tell-if-anua-rice-ceramide-is-real,,,,2026-08-15T14:43:26.129816+00:00
b83faa9bcb3b,ANUA_7_RICE_CERAMIDE_HYDRATING_BARRIER_SERUM_NA26250100205,Anua,7 Rice Ceramide Hydrating Barrier Serum,NA26250100205,https://www.tiktok.com/api/img/?itemId=7632384948011371790&location=3&aid=1988&index=1,,https://www.tiktok.com/discover/how-to-tell-if-anua-rice-ceramide-is-real,www.tiktok.com,tiktok.com,,,,,,"How to Tell If Anua Rice Ceramide Is Real Based on my personal experience, I've bought the product online turned out to be fake and original ones from retail stores, so I compared ...",,fake,MODERATE_EVIDENCE,3.0,rejected,,,,,,,,,failed,download_failed_after_3_retries: 403 Client Error: Forbidden for url: https://www.tiktok.com/api/img/?itemId=7632384948011371790&location=3&aid=1988&index=1,counterfeit_evidence,https://www.tiktok.com/discover/how-to-tell-if-anua-rice-ceramide-is-real,,,,2026-08-15T14:43:35.461467+00:00
a7efc3625a4c,ANUA_7_RICE_CERAMIDE_HYDRATING_BARRIER_SERUM_NA26250100205,Anua,7 Rice Ceramide Hydrating Barrier Serum,NA26250100205,https://www.tiktok.com/api/img/?itemId=7646435181322194197&location=3&aid=1988&index=2,,https://www.tiktok.com/discover/how-to-tell-if-anua-rice-ceramide-is-real,www.tiktok.com,tiktok.com,,,,,,"How to Tell If Anua Rice Ceramide Is Real Based on my personal experience, I've bought the product online turned out to be fake and original ones from retail stores, so I compared ...",,fake,MODERATE_EVIDENCE,3.0,rejected,,,,,,,,,failed,download_failed_after_3_retries: 403 Client Error: Forbidden for url: https://www.tiktok.com/api/img/?itemId=7646435181322194197&location=3&aid=1988&index=2,counterfeit_evidence,https://www.tiktok.com/discover/how-to-tell-if-anua-rice-ceramide-is-real,,,,2026-08-15T14:43:44.865818+00:00
75b2c206067a,ANUA_7_RICE_CERAMIDE_HYDRATING_BARRIER_SERUM_NA26250100205,Anua,7 Rice Ceramide Hydrating Barrier Serum,NA26250100205,https://www.tiktok.com/api/img/?itemId=7632384948011371790&location=3&aid=1988&index=0,,https://www.tiktok.com/discover/how-to-tell-if-anua-rice-ceramide-is-real,www.tiktok.com,tiktok.com,,,,,,"How to Tell If Anua Rice Ceramide Is Real Based on my personal experience, I've bought the product online turned out to be fake and original ones from retail stores, so I compared ...",,fake,MODERATE_EVIDENCE,3.0,rejected,,,,,,,,,failed,download_failed_after_3_retries: 403 Client Error: Forbidden for url: https://www.tiktok.com/api/img/?itemId=7632384948011371790&location=3&aid=1988&index=0,counterfeit_evidence,https://www.tiktok.com/discover/how-to-tell-if-anua-rice-ceramide-is-real,,,,2026-08-15T14:43:54.329542+00:00
a1672845e2a8,ANUA_7_RICE_CERAMIDE_HYDRATING_BARRIER_SERUM_NA26250100205,Anua,7 Rice Ceramide Hydrating Barrier Serum,NA26250100205,https://www.tiktok.com/api/img/?itemId=7632384948011371790&location=3&aid=1988&index=5,,https://www.tiktok.com/discover/how-to-tell-if-anua-rice-ceramide-is-real,www.tiktok.com,tiktok.com,,,,,,"How to Tell If Anua Rice Ceramide Is Real Based on my personal experience, I've bought the product online turned out to be fake and original ones from retail stores, so I compared ...",,fake,MODERATE_EVIDENCE,3.0,rejected,,,,,,,,,failed,download_failed_after_3_retries: 403 Client Error: Forbidden for url: https://www.tiktok.com/api/img/?itemId=7632384948011371790&location=3&aid=1988&index=5,counterfeit_evidence,https://www.tiktok.com/discover/how-to-tell-if-anua-rice-ceramide-is-real,,,,2026-08-15T14:44:04.567427+00:00
b42d2a6d2243,ELSHESKIN_RADIANT_ADVANCE_SERUM_NA18231901807,Elsheskin,Radiant Advance Serum,NA18231901807,https://lookaside.instagram.com/seo/google_widget/crawler/?media_id=3369207694743455552,,https://www.instagram.com/p/C7B1KGgM2fE/,www.instagram.com,instagram.com,,,,,,,,,,,rejected,,,,,,,,,failed,"not_an_image (content-type=text/html; charset=""utf-8"")",genuine,Elsheskin Radiant Advance Serum official,,,,2026-08-15T14:42:46.909839+00:00
14ff7d92d8e0,ELSHESKIN_RADIANT_ADVANCE_SERUM_NA18231901807,Elsheskin,Radiant Advance Serum,NA18231901807,https://lookaside.instagram.com/seo/google_widget/crawler/?media_id=3890250103378421558,,https://www.instagram.com/p/DX88duLTCc2/,www.instagram.com,instagram.com,,,,,,,,,,,rejected,,,,,,,,,failed,download_failed_after_3_retries: 403 Client Error: Forbidden for url: https://lookaside.instagram.com/seo/google_widget/crawler/?media_id=3890250103378421558,genuine,Elsheskin Radiant Advance Serum official,,,,2026-08-15T14:42:47.905694+00:00
eb30ebd6b031,ELSHESKIN_RADIANT_ADVANCE_SERUM_NA18231901807,Elsheskin,Radiant Advance Serum,NA18231901807,https://lookaside.instagram.com/seo/google_widget/crawler/?media_id=3699734416684995300,,https://www.instagram.com/p/DNYGNwyydP1/,www.instagram.com,instagram.com,,,,,,,,,,,rejected,,,,,,,,,failed,"not_an_image (content-type=text/html; charset=""utf-8"")",genuine,Elsheskin Radiant Advance Serum official,,,,2026-08-15T14:43:00.915292+00:00
a0a4060341a1,ELSHESKIN_RADIANT_ADVANCE_SERUM_NA18231901807,Elsheskin,Radiant Advance Serum,NA18231901807,https://www.tiktok.com/api/img/?itemId=7365540895065640197&location=0&aid=1988,,https://www.tiktok.com/@elsheskin/video/7365540895065640197,www.tiktok.com,tiktok.com,,,,,,,,,,,rejected,,,,,,,,,failed,download_failed_after_3_retries: 403 Client Error: Forbidden for url: https://www.tiktok.com/api/img/?itemId=7365540895065640197&location=0&aid=1988,genuine,Elsheskin Radiant Advance Serum official,,,,2026-08-15T14:43:03.039219+00:00
56136fa6b32f,ELSHESKIN_RADIANT_ADVANCE_SERUM_NA18231901807,Elsheskin,Radiant Advance Serum,NA18231901807,https://www.tiktok.com/api/img/?itemId=7577328161935920392&location=0&aid=1988,,https://www.tiktok.com/discover/perbedaan-elsheskin-radiant-serum-asli-dan-palsu,www.tiktok.com,tiktok.com,,,,,,Perbedaan Elsheskin Radiant Serum Asli Dan Palsu Elsa skin radiant advance serum. dan kandungannya juga nggak main-main loh. ada 3% trainesemic Acid. dan ada 17 kali brightening booster. yang ...,,palsu,MODERATE_EVIDENCE,3.0,rejected,,,,,,,,,failed,download_failed_after_3_retries: 403 Client Error: Forbidden for url: https://www.tiktok.com/api/img/?itemId=7577328161935920392&location=0&aid=1988,counterfeit_evidence,https://www.tiktok.com/discover/perbedaan-elsheskin-radiant-serum-asli-dan-palsu,,,,2026-08-15T14:43:18.214555+00:00
a92abf7f89f2,ELSHESKIN_RADIANT_ADVANCE_SERUM_NA18231901807,Elsheskin,Radiant Advance Serum,NA18231901807,https://www.tiktok.com/api/img/?itemId=7504334880914836741&location=0&aid=1988,,https://www.tiktok.com/discover/perbedaan-elsheskin-radiant-serum-asli-dan-palsu,www.tiktok.com,tiktok.com,,,,,,Perbedaan Elsheskin Radiant Serum Asli Dan Palsu Elsa skin radiant advance serum. dan kandungannya juga nggak main-main loh. ada 3% trainesemic Acid. dan ada 17 kali brightening booster. yang ...,,palsu,MODERATE_EVIDENCE,3.0,rejected,,,,,,,,,failed,download_failed_after_3_retries: 403 Client Error: Forbidden for url: https://www.tiktok.com/api/img/?itemId=7504334880914836741&location=0&aid=1988,counterfeit_evidence,https://www.tiktok.com/discover/perbedaan-elsheskin-radiant-serum-asli-dan-palsu,,,,2026-08-15T14:43:27.643730+00:00
4ce38ee98088,ELSHESKIN_RADIANT_ADVANCE_SERUM_NA18231901807,Elsheskin,Radiant Advance Serum,NA18231901807,https://www.tiktok.com/api/img/?itemId=7544325369185242373&location=0&aid=1988,,https://www.tiktok.com/discover/perbedaan-elsheskin-radiant-serum-asli-dan-palsu,www.tiktok.com,tiktok.com,,,,,,Perbedaan Elsheskin Radiant Serum Asli Dan Palsu Elsa skin radiant advance serum. dan kandungannya juga nggak main-main loh. ada 3% trainesemic Acid. dan ada 17 kali brightening booster. yang ...,,palsu,MODERATE_EVIDENCE,3.0,rejected,,,,,,,,,failed,download_failed_after_3_retries: 403 Client Error: Forbidden for url: https://www.tiktok.com/api/img/?itemId=7544325369185242373&location=0&aid=1988,counterfeit_evidence,https://www.tiktok.com/discover/perbedaan-elsheskin-radiant-serum-asli-dan-palsu,,,,2026-08-15T14:43:37.009271+00:00
5a3ca3fed0ab,ELSHESKIN_RADIANT_ADVANCE_SERUM_NA18231901807,Elsheskin,Radiant Advance Serum,NA18231901807,https://www.tiktok.com/api/img/?itemId=7556204960413764871&location=0&aid=1988,,https://www.tiktok.com/discover/perbedaan-elsheskin-radiant-serum-asli-dan-palsu,www.tiktok.com,tiktok.com,,,,,,Perbedaan Elsheskin Radiant Serum Asli Dan Palsu Elsa skin radiant advance serum. dan kandungannya juga nggak main-main loh. ada 3% trainesemic Acid. dan ada 17 kali brightening booster. yang ...,,palsu,MODERATE_EVIDENCE,3.0,rejected,,,,,,,,,failed,download_failed_after_3_retries: 403 Client Error: Forbidden for url: https://www.tiktok.com/api/img/?itemId=7556204960413764871&location=0&aid=1988,counterfeit_evidence,https://www.tiktok.com/discover/perbedaan-elsheskin-radiant-serum-asli-dan-palsu,,,,2026-08-15T14:43:46.528960+00:00
982c58f2786b,ELSHESKIN_RADIANT_ADVANCE_SERUM_NA18231901807,Elsheskin,Radiant Advance Serum,NA18231901807,https://www.tiktok.com/api/img/?itemId=7545859659794631992&location=0&aid=1988,,https://www.tiktok.com/discover/perbedaan-elsheskin-radiant-serum-asli-dan-palsu,www.tiktok.com,tiktok.com,,,,,,Perbedaan Elsheskin Radiant Serum Asli Dan Palsu Elsa skin radiant advance serum. dan kandungannya juga nggak main-main loh. ada 3% trainesemic Acid. dan ada 17 kali brightening booster. yang ...,,palsu,MODERATE_EVIDENCE,3.0,rejected,,,,,,,,,failed,download_failed_after_3_retries: 403 Client Error: Forbidden for url: https://www.tiktok.com/api/img/?itemId=7545859659794631992&location=0&aid=1988,counterfeit_evidence,https://www.tiktok.com/discover/perbedaan-elsheskin-radiant-serum-asli-dan-palsu,,,,2026-08-15T14:43:56.306961+00:00
d45c0173da96,ELSHESKIN_RADIANT_ADVANCE_SERUM_NA18231901807,Elsheskin,Radiant Advance Serum,NA18231901807,https://www.tiktok.com/api/img/?itemId=7542814601084177670&location=0&aid=1988,,https://www.tiktok.com/discover/perbedaan-elsheskin-radiant-serum-asli-dan-palsu,www.tiktok.com,tiktok.com,,,,,,Perbedaan Elsheskin Radiant Serum Asli Dan Palsu Elsa skin radiant advance serum. dan kandungannya juga nggak main-main loh. ada 3% trainesemic Acid. dan ada 17 kali brightening booster. yang ...,,palsu,MODERATE_EVIDENCE,3.0,rejected,,,,,,,,,failed,download_failed_after_3_retries: 403 Client Error: Forbidden for url: https://www.tiktok.com/api/img/?itemId=7542814601084177670&location=0&aid=1988,counterfeit_evidence,https://www.tiktok.com/discover/perbedaan-elsheskin-radiant-serum-asli-dan-palsu,,,,2026-08-15T14:44:05.811913+00:00
bb95039d4fb8,SKINTIFIC_RADIANCE_BOOSTER_SERUM_SPRAY_NA11240100454,Skintific,Radiance Booster Serum Spray,NA11240100454,https://lookaside.instagram.com/seo/google_widget/crawler/?media_id=3575520140089784953,,https://www.instagram.com/reel/DGezJ-dTnp5/,www.instagram.com,instagram.com,,,,,,,,,,,rejected,,,,,,,,,failed,"not_an_image (content-type=text/html; charset=""utf-8"")",genuine,Skintific Radiance Booster Serum Spray official,,,,2026-08-15T14:44:20.241536+00:00
4dde79220cde,NUMBUZIN_NO_1_PANTOTHENIC_B5_ACTIVE_SOOTHING_SERUM_NA26250100033,Numbuzin,No.1 Pantothenic B5 Active Soothing Serum,NA26250100033,http://purish.com/cdn/shop/files/2-numbuzin-no-1-pantothenic-b5-active-soothing-serum-purish_1200x1200.png?v=1755081812,,https://purish.com/en/products/numbuzin-no-1-pantothenic-b5-active-soothing-serum?srsltid=AfmBOop0vkGWWAdwoQK-C0F_4LMMgmKj2WBn6XYDR4yrRAaQs1QeRnXR,purish.com,purish.com,,,,,,,,,,,rejected,,,,,,,,,failed,download_failed_after_3_retries: Decompressed data too large for PngImagePlugin.MAX_TEXT_CHUNK,genuine,Numbuzin No.1 Pantothenic B5 Active Soothing Serum official,,,,2026-08-15T14:44:25.811147+00:00
263c39e15576,NUMBUZIN_NO_1_PANTOTHENIC_B5_ACTIVE_SOOTHING_SERUM_NA26250100033,Numbuzin,No.1 Pantothenic B5 Active Soothing Serum,NA26250100033,https://lookaside.instagram.com/seo/google_widget/crawler/?media_id=3836547704869082395,,https://www.instagram.com/reel/DU-J8-Ij9Ub/,www.instagram.com,instagram.com,,,,,,AWAS BARANG PALSU!  Jangan tergiur harga murah ... AWAS BARANG PALSU! Jangan tergiur harga murah tapi kulit malah bermasalah. Numbuzin No.5+ Vitamin Concentrated Serum yang 100% Original ...,,barang palsu; palsu,MODERATE_EVIDENCE,3.0,rejected,,,,,,,,,failed,"not_an_image (content-type=text/html; charset=""utf-8"")",counterfeit_evidence,https://www.instagram.com/reel/DU-J8-Ij9Ub/,,,,2026-08-15T14:44:40.213391+00:00
e1627b7d109f,NUMBUZIN_NO_1_PANTOTHENIC_B5_ACTIVE_SOOTHING_SERUM_NA26250100033,Numbuzin,No.1 Pantothenic B5 Active Soothing Serum,NA26250100033,https://lookaside.instagram.com/seo/google_widget/crawler/?media_id=3958455823839208600,,https://www.instagram.com/reel/DU-J8-Ij9Ub/,www.instagram.com,instagram.com,,,,,,AWAS BARANG PALSU!  Jangan tergiur harga murah ... AWAS BARANG PALSU! Jangan tergiur harga murah tapi kulit malah bermasalah. Numbuzin No.5+ Vitamin Concentrated Serum yang 100% Original ...,,barang palsu; palsu,MODERATE_EVIDENCE,3.0,rejected,,,,,,,,,failed,"not_an_image (content-type=text/html; charset=""utf-8"")",counterfeit_evidence,https://www.instagram.com/reel/DU-J8-Ij9Ub/,,,,2026-08-15T14:44:41.529058+00:00
c56acce6ed4a,NUMBUZIN_NO_1_PANTOTHENIC_B5_ACTIVE_SOOTHING_SERUM_NA26250100033,Numbuzin,No.1 Pantothenic B5 Active Soothing Serum,NA26250100033,https://lookaside.instagram.com/seo/google_widget/crawler/?media_id=3949855657898996757,,https://www.instagram.com/reel/DU-J8-Ij9Ub/,www.instagram.com,instagram.com,,,,,,AWAS BARANG PALSU!  Jangan tergiur harga murah ... AWAS BARANG PALSU! Jangan tergiur harga murah tapi kulit malah bermasalah. Numbuzin No.5+ Vitamin Concentrated Serum yang 100% Original ...,,barang palsu; palsu,MODERATE_EVIDENCE,3.0,rejected,,,,,,,,,failed,"not_an_image (content-type=text/html; charset=""utf-8"")",counterfeit_evidence,https://www.instagram.com/reel/DU-J8-Ij9Ub/,,,,2026-08-15T14:44:42.673091+00:00
a5099861c42f,NUMBUZIN_NO_1_PANTOTHENIC_B5_ACTIVE_SOOTHING_SERUM_NA26250100033,Numbuzin,No.1 Pantothenic B5 Active Soothing Serum,NA26250100033,https://lookaside.instagram.com/seo/google_widget/crawler/?media_id=3946121748171345531,,https://www.instagram.com/reel/DU-J8-Ij9Ub/,www.instagram.com,instagram.com,,,,,,AWAS BARANG PALSU!  Jangan tergiur harga murah ... AWAS BARANG PALSU! Jangan tergiur harga murah tapi kulit malah bermasalah. Numbuzin No.5+ Vitamin Concentrated Serum yang 100% Original ...,,barang palsu; palsu,MODERATE_EVIDENCE,3.0,rejected,,,,,,,,,failed,"not_an_image (content-type=text/html; charset=""utf-8"")",counterfeit_evidence,https://www.instagram.com/reel/DU-J8-Ij9Ub/,,,,2026-08-15T14:44:44.499060+00:00
6ca80e755a5c,NUMBUZIN_NO_1_PANTOTHENIC_B5_ACTIVE_SOOTHING_SERUM_NA26250100033,Numbuzin,No.1 Pantothenic B5 Active Soothing Serum,NA26250100033,https://lookaside.instagram.com/seo/google_widget/crawler/?media_id=3947609551657946516,,https://www.instagram.com/reel/DU-J8-Ij9Ub/,www.instagram.com,instagram.com,,,,,,AWAS BARANG PALSU!  Jangan tergiur harga murah ... AWAS BARANG PALSU! Jangan tergiur harga murah tapi kulit malah bermasalah. Numbuzin No.5+ Vitamin Concentrated Serum yang 100% Original ...,,barang palsu; palsu,MODERATE_EVIDENCE,3.0,rejected,,,,,,,,,failed,"not_an_image (content-type=text/html; charset=""utf-8"")",counterfeit_evidence,https://www.instagram.com/reel/DU-J8-Ij9Ub/,,,,2026-08-15T14:44:45.460437+00:00
e8e72bcda0bb,NUMBUZIN_NO_1_PANTOTHENIC_B5_ACTIVE_SOOTHING_SERUM_NA26250100033,Numbuzin,No.1 Pantothenic B5 Active Soothing Serum,NA26250100033,https://lookaside.instagram.com/seo/google_widget/crawler/?media_id=3662507159429883012,,https://www.instagram.com/reel/DU-J8-Ij9Ub/,www.instagram.com,instagram.com,,,,,,AWAS BARANG PALSU!  Jangan tergiur harga murah ... AWAS BARANG PALSU! Jangan tergiur harga murah tapi kulit malah bermasalah. Numbuzin No.5+ Vitamin Concentrated Serum yang 100% Original ...,,barang palsu; palsu,MODERATE_EVIDENCE,3.0,rejected,,,,,,,,,failed,"not_an_image (content-type=text/html; charset=""utf-8"")",counterfeit_evidence,https://www.instagram.com/reel/DU-J8-Ij9Ub/,,,,2026-08-15T14:44:46.879127+00:00
3aedbe368356,NUMBUZIN_NO_1_PANTOTHENIC_B5_ACTIVE_SOOTHING_SERUM_NA26250100033,Numbuzin,No.1 Pantothenic B5 Active Soothing Serum,NA26250100033,https://lookaside.instagram.com/seo/google_widget/crawler/?media_id=3956130627046462377,,https://www.instagram.com/reel/DU-J8-Ij9Ub/,www.instagram.com,instagram.com,,,,,,AWAS BARANG PALSU!  Jangan tergiur harga murah ... AWAS BARANG PALSU! Jangan tergiur harga murah tapi kulit malah bermasalah. Numbuzin No.5+ Vitamin Concentrated Serum yang 100% Original ...,,barang palsu; palsu,MODERATE_EVIDENCE,3.0,rejected,,,,,,,,,failed,"not_an_image (content-type=text/html; charset=""utf-8"")",counterfeit_evidence,https://www.instagram.com/reel/DU-J8-Ij9Ub/,,,,2026-08-15T14:44:47.669186+00:00
f282efccb9bb,FACERINNA_10_NIACINAMIDE_3_TXA_BRIGHT_DARK_SPOT_SERUM_NA18251901656,FACERINNA,10% Niacinamide 3% TXA Bright Dark Spot Serum,NA18251901656,https://images.soco.id/da3664e6-9142-4028-9d34-c70eb58e3425-image-0-1749481858604,,https://review.soco.id/product/face-serum/120202-10-niacinamide-3-txa-bright-dark-spot-serum,review.soco.id,review.soco.id,,,,,,,,,,,rejected,,,,,,,,,failed,not_an_image (content-type=),genuine,FACERINNA 10% Niacinamide 3% TXA Bright Dark Spot Serum official,,,,2026-08-15T14:44:52.892080+00:00
43c52e6db9f3,FACERINNA_10_NIACINAMIDE_3_TXA_BRIGHT_DARK_SPOT_SERUM_NA18251901656,FACERINNA,10% Niacinamide 3% TXA Bright Dark Spot Serum,NA18251901656,https://medias.watsons.co.id/publishing/WTCID-54657-side-zoom.jpg?version=1751382796,,https://www.watsons.co.id/id/facerinna-facerinna-10-niacinamide-3-txa-bright-dark-spot-serum-20ml/p/BP_54657,www.watsons.co.id,watsons.co.id,,,,,,,,,,,rejected,,,,,,,,,failed,download_failed_after_3_retries: 403 Client Error: Forbidden for url: https://medias.watsons.co.id/publishing/WTCID-54657-side-zoom.jpg?version=1751382796,genuine,FACERINNA 10% Niacinamide 3% TXA Bright Dark Spot Serum official,,,,2026-08-15T14:44:53.938974+00:00
253ba00c92ff,FACERINNA_10_NIACINAMIDE_3_TXA_BRIGHT_DARK_SPOT_SERUM_NA18251901656,FACERINNA,10% Niacinamide 3% TXA Bright Dark Spot Serum,NA18251901656,https://incidecoder-content.storage.googleapis.com/dd8f9626-d66d-473c-91fc-7685528b0622/products/facerinna-10-brightening-serum/facerinna-10-brightening-serum_front_photo_original.jpeg,SafeCart_Dataset\images\genuine_reference\FACERINNA_10_NIACINAMIDE_3_TXA_BRIGHT_DARK_SPOT_SERUM_NA18251901656\253ba00c92ff.jpg,https://incidecoder.com/products/facerinna-facerinna-10-brightening-serum,incidecoder.com,incidecoder.com,,,,,,,,,,,rejected,,,,,,,4819ee82396c925d36c516f57362457a,,rejected,too_small (240x800),genuine,FACERINNA 10% Niacinamide 3% TXA Bright Dark Spot Serum official,240.0,800.0,28403.0,2026-08-15T14:45:03.573088+00:00
15de72ff2ed1,FACERINNA_10_NIACINAMIDE_3_TXA_BRIGHT_DARK_SPOT_SERUM_NA18251901656,FACERINNA,10% Niacinamide 3% TXA Bright Dark Spot Serum,NA18251901656,https://lookaside.instagram.com/seo/google_widget/crawler/?media_id=3937914467658388351,,https://www.instagram.com/reel/DamSFgoplN_/,www.instagram.com,instagram.com,,,,,,,,,,,rejected,,,,,,,,,failed,"not_an_image (content-type=text/html; charset=""utf-8"")",genuine,FACERINNA 10% Niacinamide 3% TXA Bright Dark Spot Serum official,,,,2026-08-15T14:45:06.006380+00:00
7bf4a04f6d7e,FACERINNA_10_NIACINAMIDE_3_TXA_BRIGHT_DARK_SPOT_SERUM_NA18251901656,FACERINNA,10% Niacinamide 3% TXA Bright Dark Spot Serum,NA18251901656,https://lookaside.instagram.com/seo/google_widget/crawler/?media_id=3960429196611723655,,https://www.instagram.com/reel/DamSFgoplN_/,www.instagram.com,instagram.com,,,,,,,,,,,rejected,,,,,,,,,failed,"not_an_image (content-type=text/html; charset=""utf-8"")",genuine,FACERINNA 10% Niacinamide 3% TXA Bright Dark Spot Serum official,,,,2026-08-15T14:45:07.064408+00:00
3448325c3e75,WARDAH_RADIANT_RESURFACING_SERUM_NA18242000769,Wardah,Radiant Resurfacing Serum,NA18242000769,https://lookaside.instagram.com/seo/google_widget/crawler/?media_id=3636643521213320313,,https://www.instagram.com/reel/DJ39APIpUx5/,www.instagram.com,instagram.com,,,,,,,,,,,rejected,,,,,,,,,failed,"not_an_image (content-type=text/html; charset=""utf-8"")",genuine,Wardah Radiant Resurfacing Serum official,,,,2026-08-15T14:44:11.763961+00:00
3753dfd84a51,WARDAH_RADIANT_RESURFACING_SERUM_NA18242000769,Wardah,Radiant Resurfacing Serum,NA18242000769,https://lookaside.instagram.com/seo/google_widget/crawler/?media_id=3626188875392484459,,https://www.instagram.com/p/DJSz5RtPiKO/,www.instagram.com,instagram.com,,,,,,,,,,,rejected,,,,,,,,,failed,"not_an_image (content-type=text/html; charset=""utf-8"")",genuine,Wardah Radiant Resurfacing Serum official,,,,2026-08-15T14:44:13.515646+00:00
6b1b65f427a0,WARDAH_RADIANT_RESURFACING_SERUM_NA18242000769,Wardah,Radiant Resurfacing Serum,NA18242000769,https://lookaside.instagram.com/seo/google_widget/crawler/?media_id=3635905148312082931,,https://www.instagram.com/p/DJ1VHrLJ-V0/,www.instagram.com,instagram.com,,,,,,,,,,,rejected,,,,,,,,,failed,"not_an_image (content-type=text/html; charset=""utf-8"")",genuine,Wardah Radiant Resurfacing Serum official,,,,2026-08-15T14:44:16.438924+00:00
d4bb2063b965,WARDAH_RADIANT_RESURFACING_SERUM_NA18242000769,Wardah,Radiant Resurfacing Serum,NA18242000769,https://www.tiktok.com/api/img/?itemId=7658485012190285076&location=0&aid=1988,,https://www.tiktok.com/@itsryanwoo/video/7658485012190285076,www.tiktok.com,tiktok.com,,,,,,"Just a quick PSA: I've seen fake versions of this product going ... Just a quick PSA: I've seen fake versions of this product going around, so always make sure you're getting it from the official store ...",,fake,MODERATE_EVIDENCE,3.0,rejected,,,,,,,,,failed,download_failed_after_3_retries: 403 Client Error: Forbidden for url: https://www.tiktok.com/api/img/?itemId=7658485012190285076&location=0&aid=1988,counterfeit_evidence,https://www.tiktok.com/@itsryanwoo/video/7658485012190285076,,,,2026-08-15T14:44:21.260811+00:00
ba9a494c992e,WARDAH_RADIANT_RESURFACING_SERUM_NA18242000769,Wardah,Radiant Resurfacing Serum,NA18242000769,https://p19-common-sign.tiktokcdn-us.com/tos-alisg-p-0037/owaGBf80CiVuIYTLrD1wiA21IjIqAdxKQAjDBC~tplv-tiktokx-origin.image?dr=9636&x-expires=1785898800&x-signature=%2Fxxxjfum0Ui6CL6yzYb0SM8x1vs%3D&t=4d5b0474&ps=13740610&shp=81f88b70&shcp=55bbe6a9&idc=useast8,,https://www.tiktok.com/@itsryanwoo/video/7658485012190285076,www.tiktok.com,tiktok.com,,,,,,"Just a quick PSA: I've seen fake versions of this product going ... Just a quick PSA: I've seen fake versions of this product going around, so always make sure you're getting it from the official store ...",,fake,MODERATE_EVIDENCE,3.0,rejected,,,,,,,,,failed,download_failed_after_3_retries: 403 Client Error: Forbidden for url: https://p19-common-sign.tiktokcdn-us.com/tos-alisg-p-0037/owaGBf80CiVuIYTLrD1wiA21IjIqAdxKQAjDBC~tplv-tiktokx-origin.image?dr=9636&x-expires=1785898800&x-signature=%2Fxxxjfum0Ui6CL6yzYb0SM8x1vs%3D&t=4d5b0474&ps=13740610&shp=81f88b70&shcp=55bbe6a9&idc=useast8,counterfeit_evidence,https://www.tiktok.com/@itsryanwoo/video/7658485012190285076,,,,2026-08-15T14:44:30.634791+00:00
21f02ab8e014,WARDAH_RADIANT_RESURFACING_SERUM_NA18242000769,Wardah,Radiant Resurfacing Serum,NA18242000769,https://p16-common-sign.tiktokcdn-us.com/tos-alisg-p-0037/o8jRDEg8QsqGy5EuQBVU0cF5naYe3BfughA87u~tplv-tiktokx-origin.image?dr=9636&x-expires=1785898800&x-signature=zSQjjMObf20jqSQ2Uju%2FZWaY71s%3D&t=4d5b0474&ps=13740610&shp=81f88b70&shcp=55bbe6a9&idc=useast8,,https://www.tiktok.com/@itsryanwoo/video/7658485012190285076,www.tiktok.com,tiktok.com,,,,,,"Just a quick PSA: I've seen fake versions of this product going ... Just a quick PSA: I've seen fake versions of this product going around, so always make sure you're getting it from the official store ...",,fake,MODERATE_EVIDENCE,3.0,rejected,,,,,,,,,failed,download_failed_after_3_retries: 403 Client Error: Forbidden for url: https://p16-common-sign.tiktokcdn-us.com/tos-alisg-p-0037/o8jRDEg8QsqGy5EuQBVU0cF5naYe3BfughA87u~tplv-tiktokx-origin.image?dr=9636&x-expires=1785898800&x-signature=zSQjjMObf20jqSQ2Uju%2FZWaY71s%3D&t=4d5b0474&ps=13740610&shp=81f88b70&shcp=55bbe6a9&idc=useast8,counterfeit_evidence,https://www.tiktok.com/@itsryanwoo/video/7658485012190285076,,,,2026-08-15T14:44:43.044052+00:00
cf87dc255254,WARDAH_RADIANT_RESURFACING_SERUM_NA18242000769,Wardah,Radiant Resurfacing Serum,NA18242000769,https://p19-common-sign.tiktokcdn-us.com/tos-alisg-p-0037/oYGv4QLQGMYaECRpAIe1AfFmkLey6TDIDJij38~tplv-tiktokx-origin.image?dr=9636&x-expires=1785898800&x-signature=HrwOTJuWbrJlrOasqryPOsNVFbc%3D&t=4d5b0474&ps=13740610&shp=81f88b70&shcp=55bbe6a9&idc=useast8,,https://www.tiktok.com/@itsryanwoo/video/7658485012190285076,www.tiktok.com,tiktok.com,,,,,,"Just a quick PSA: I've seen fake versions of this product going ... Just a quick PSA: I've seen fake versions of this product going around, so always make sure you're getting it from the official store ...",,fake,MODERATE_EVIDENCE,3.0,rejected,,,,,,,,,failed,download_failed_after_3_retries: 403 Client Error: Forbidden for url: https://p19-common-sign.tiktokcdn-us.com/tos-alisg-p-0037/oYGv4QLQGMYaECRpAIe1AfFmkLey6TDIDJij38~tplv-tiktokx-origin.image?dr=9636&x-expires=1785898800&x-signature=HrwOTJuWbrJlrOasqryPOsNVFbc%3D&t=4d5b0474&ps=13740610&shp=81f88b70&shcp=55bbe6a9&idc=useast8,counterfeit_evidence,https://www.tiktok.com/@itsryanwoo/video/7658485012190285076,,,,2026-08-15T14:44:52.271475+00:00
548edf8a9a96,WARDAH_RADIANT_RESURFACING_SERUM_NA18242000769,Wardah,Radiant Resurfacing Serum,NA18242000769,https://p16-common-sign.tiktokcdn-us.com/tos-alisg-p-0037/oEER9HEA8AU0F9crEO6xfhgIDfATFBAvxCAqvQ~tplv-tiktokx-origin.image?dr=9636&x-expires=1785898800&x-signature=axf%2BT7mwlNYGmgefMPEx%2Bkw%2F3ak%3D&t=4d5b0474&ps=13740610&shp=81f88b70&shcp=55bbe6a9&idc=useast8,,https://www.tiktok.com/@itsryanwoo/video/7658485012190285076,www.tiktok.com,tiktok.com,,,,,,"Just a quick PSA: I've seen fake versions of this product going ... Just a quick PSA: I've seen fake versions of this product going around, so always make sure you're getting it from the official store ...",,fake,MODERATE_EVIDENCE,3.0,rejected,,,,,,,,,failed,download_failed_after_3_retries: 403 Client Error: Forbidden for url: https://p16-common-sign.tiktokcdn-us.com/tos-alisg-p-0037/oEER9HEA8AU0F9crEO6xfhgIDfATFBAvxCAqvQ~tplv-tiktokx-origin.image?dr=9636&x-expires=1785898800&x-signature=axf%2BT7mwlNYGmgefMPEx%2Bkw%2F3ak%3D&t=4d5b0474&ps=13740610&shp=81f88b70&shcp=55bbe6a9&idc=useast8,counterfeit_evidence,https://www.tiktok.com/@itsryanwoo/video/7658485012190285076,,,,2026-08-15T14:45:03.195845+00:00
b905431bb10c,WARDAH_RADIANT_RESURFACING_SERUM_NA18242000769,Wardah,Radiant Resurfacing Serum,NA18242000769,https://p19-common-sign.tiktokcdn-us.com/tos-alisg-p-0037/oUBPIqWB1YlEE3FRnlQEeQAcF0gfoCl6hYHQsD~tplv-tiktokx-origin.image?dr=9636&x-expires=1785898800&x-signature=yDkZFMaWWdwoysScm81TICIYvaA%3D&t=4d5b0474&ps=13740610&shp=81f88b70&shcp=55bbe6a9&idc=useast8,,https://www.tiktok.com/@itsryanwoo/video/7658485012190285076,www.tiktok.com,tiktok.com,,,,,,"Just a quick PSA: I've seen fake versions of this product going ... Just a quick PSA: I've seen fake versions of this product going around, so always make sure you're getting it from the official store ...",,fake,MODERATE_EVIDENCE,3.0,rejected,,,,,,,,,failed,download_failed_after_3_retries: 403 Client Error: Forbidden for url: https://p19-common-sign.tiktokcdn-us.com/tos-alisg-p-0037/oUBPIqWB1YlEE3FRnlQEeQAcF0gfoCl6hYHQsD~tplv-tiktokx-origin.image?dr=9636&x-expires=1785898800&x-signature=yDkZFMaWWdwoysScm81TICIYvaA%3D&t=4d5b0474&ps=13740610&shp=81f88b70&shcp=55bbe6a9&idc=useast8,counterfeit_evidence,https://www.tiktok.com/@itsryanwoo/video/7658485012190285076,,,,2026-08-15T14:45:12.540803+00:00
62643ba5a886,WARDAH_RADIANT_RESURFACING_SERUM_NA18242000769,Wardah,Radiant Resurfacing Serum,NA18242000769,https://p19-common-sign.tiktokcdn-us.com/tos-alisg-p-0037/o4wUehfRAAAxAjW9AIFSYT4Dnf1SE8EEDIEBgQ~tplv-tiktokx-origin.image?dr=9636&x-expires=1785898800&x-signature=yr%2BmOd5bSqcpWcAM1g2XCG%2BMVjQ%3D&t=4d5b0474&ps=13740610&shp=81f88b70&shcp=55bbe6a9&idc=useast8,,https://www.tiktok.com/@itsryanwoo/video/7658485012190285076,www.tiktok.com,tiktok.com,,,,,,"Just a quick PSA: I've seen fake versions of this product going ... Just a quick PSA: I've seen fake versions of this product going around, so always make sure you're getting it from the official store ...",,fake,MODERATE_EVIDENCE,3.0,rejected,,,,,,,,,failed,download_failed_after_3_retries: 403 Client Error: Forbidden for url: https://p19-common-sign.tiktokcdn-us.com/tos-alisg-p-0037/o4wUehfRAAAxAjW9AIFSYT4Dnf1SE8EEDIEBgQ~tplv-tiktokx-origin.image?dr=9636&x-expires=1785898800&x-signature=yr%2BmOd5bSqcpWcAM1g2XCG%2BMVjQ%3D&t=4d5b0474&ps=13740610&shp=81f88b70&shcp=55bbe6a9&idc=useast8,counterfeit_evidence,https://www.tiktok.com/@itsryanwoo/video/7658485012190285076,,,,2026-08-15T14:45:23.380365+00:00
ffcc537d2906,WARDAH_RADIANT_RESURFACING_SERUM_NA18242000769,Wardah,Radiant Resurfacing Serum,NA18242000769,https://p16-common-sign.tiktokcdn-us.com/tos-alisg-p-0037/o44qISQa1EOACAA3WBFizA1iIQBAmXACCwfCoU~tplv-tiktokx-origin.image?dr=9636&x-expires=1785898800&x-signature=kOOYEdhx%2FZ43%2FqoVVqa0RdI%2B5E0%3D&t=4d5b0474&ps=13740610&shp=81f88b70&shcp=55bbe6a9&idc=useast8,,https://www.tiktok.com/@itsryanwoo/video/7658485012190285076,www.tiktok.com,tiktok.com,,,,,,"Just a quick PSA: I've seen fake versions of this product going ... Just a quick PSA: I've seen fake versions of this product going around, so always make sure you're getting it from the official store ...",,fake,MODERATE_EVIDENCE,3.0,rejected,,,,,,,,,failed,download_failed_after_3_retries: 403 Client Error: Forbidden for url: https://p16-common-sign.tiktokcdn-us.com/tos-alisg-p-0037/o44qISQa1EOACAA3WBFizA1iIQBAmXACCwfCoU~tplv-tiktokx-origin.image?dr=9636&x-expires=1785898800&x-signature=kOOYEdhx%2FZ43%2FqoVVqa0RdI%2B5E0%3D&t=4d5b0474&ps=13740610&shp=81f88b70&shcp=55bbe6a9&idc=useast8,counterfeit_evidence,https://www.tiktok.com/@itsryanwoo/video/7658485012190285076,,,,2026-08-15T14:45:34.154194+00:00
eeae5d0bfe43,WARDAH_RADIANT_RESURFACING_SERUM_NA18242000769,Wardah,Radiant Resurfacing Serum,NA18242000769,https://p16-common-sign.tiktokcdn-us.com/tos-alisg-p-0037/oMlHEO7AYBA7QzAGAii8AI1AACVwlBABIPfwMi~tplv-tiktokx-origin.image?dr=9636&x-expires=1785898800&x-signature=DcBy06mZYaQ79qoFnpIIv0wwM4w%3D&t=4d5b0474&ps=13740610&shp=81f88b70&shcp=55bbe6a9&idc=useast8,,https://www.tiktok.com/@itsryanwoo/video/7658485012190285076,www.tiktok.com,tiktok.com,,,,,,"Just a quick PSA: I've seen fake versions of this product going ... Just a quick PSA: I've seen fake versions of this product going around, so always make sure you're getting it from the official store ...",,fake,MODERATE_EVIDENCE,3.0,rejected,,,,,,,,,failed,download_failed_after_3_retries: 403 Client Error: Forbidden for url: https://p16-common-sign.tiktokcdn-us.com/tos-alisg-p-0037/oMlHEO7AYBA7QzAGAii8AI1AACVwlBABIPfwMi~tplv-tiktokx-origin.image?dr=9636&x-expires=1785898800&x-signature=DcBy06mZYaQ79qoFnpIIv0wwM4w%3D&t=4d5b0474&ps=13740610&shp=81f88b70&shcp=55bbe6a9&idc=useast8,counterfeit_evidence,https://www.tiktok.com/@itsryanwoo/video/7658485012190285076,,,,2026-08-15T14:45:43.389260+00:00
040ae4bb1a89,WARDAH_RADIANT_RESURFACING_SERUM_NA18242000769,Wardah,Radiant Resurfacing Serum,NA18242000769,https://p16-common-sign.tiktokcdn-us.com/tos-alisg-p-0037/oABeoCuB1Ao8i2nii43sAAIhCAvNPBbwAIID84~tplv-tiktokx-origin.image?dr=9636&x-expires=1785898800&x-signature=3GI9feYCGYIDxrnlaniE8pfVr7A%3D&t=4d5b0474&ps=13740610&shp=81f88b70&shcp=55bbe6a9&idc=useast8,,https://www.tiktok.com/@itsryanwoo/video/7658485012190285076,www.tiktok.com,tiktok.com,,,,,,"Just a quick PSA: I've seen fake versions of this product going ... Just a quick PSA: I've seen fake versions of this product going around, so always make sure you're getting it from the official store ...",,fake,MODERATE_EVIDENCE,3.0,rejected,,,,,,,,,failed,download_failed_after_3_retries: 403 Client Error: Forbidden for url: https://p16-common-sign.tiktokcdn-us.com/tos-alisg-p-0037/oABeoCuB1Ao8i2nii43sAAIhCAvNPBbwAIID84~tplv-tiktokx-origin.image?dr=9636&x-expires=1785898800&x-signature=3GI9feYCGYIDxrnlaniE8pfVr7A%3D&t=4d5b0474&ps=13740610&shp=81f88b70&shcp=55bbe6a9&idc=useast8,counterfeit_evidence,https://www.tiktok.com/@itsryanwoo/video/7658485012190285076,,,,2026-08-15T14:45:53.157065+00:00
bedcba62f62d,WHITELAB_17_INTENSIVE_PEELING_SERUM_NA18240118872,Whitelab,17% Intensive Peeling Serum,NA18240118872,https://storage.skinsort.com/k1emvzyk7nkziamlr1d686ohkwgn,SafeCart_Dataset\images\genuine_reference\WHITELAB_17_INTENSIVE_PEELING_SERUM_NA18240118872\bedcba62f62d.jpg,https://skinsort.com/products/whitelab/17-intensive-peeling-serum/dupes,skinsort.com,skinsort.com,,,,,,,,,,,rejected,,,,,,,ea08f9436476d061a294b772cdf7174e,,rejected,too_small (179x500),genuine,Whitelab 17% Intensive Peeling Serum official,179.0,500.0,16232.0,2026-08-15T14:46:06.939347+00:00
49557c2a5fe4,WHITELAB_17_INTENSIVE_PEELING_SERUM_NA18240118872,Whitelab,17% Intensive Peeling Serum,NA18240118872,https://www.tiktok.com/api/img/?itemId=7464955088331607314&location=0&aid=1988,,https://www.tiktok.com/@whitelabid/video/7464955088331607314,www.tiktok.com,tiktok.com,,,,,,,,,,,rejected,,,,,,,,,failed,download_failed_after_3_retries: 403 Client Error: Forbidden for url: https://www.tiktok.com/api/img/?itemId=7464955088331607314&location=0&aid=1988,genuine,Whitelab 17% Intensive Peeling Serum official,,,,2026-08-15T14:46:09.453326+00:00
561a390d1932,FACERINNA_2_SALICYLIC_ACID_ACNE_SERUM_NA18250107449,FACERINNA,2% Salicylic Acid Acne Serum,NA18250107449,https://lookaside.instagram.com/seo/google_widget/crawler/?media_id=3693717987858752299,,https://www.instagram.com/p/DNCuPCWyqMr/,www.instagram.com,instagram.com,,,,,,,,,,,rejected,,,,,,,,,failed,"not_an_image (content-type=text/html; charset=""utf-8"")",genuine,FACERINNA 2% Salicylic Acid Acne Serum official,,,,2026-08-15T14:44:26.650003+00:00
96bf408d2fce,FACERINNA_2_SALICYLIC_ACID_ACNE_SERUM_NA18250107449,FACERINNA,2% Salicylic Acid Acne Serum,NA18250107449,https://lookaside.instagram.com/seo/google_widget/crawler/?media_id=3777684724128058601,,https://www.instagram.com/p/DRtnmWUkt6_/,www.instagram.com,instagram.com,,,,,,,,,,,rejected,,,,,,,,,failed,"not_an_image (content-type=text/html; charset=""utf-8"")",genuine,FACERINNA 2% Salicylic Acid Acne Serum official,,,,2026-08-15T14:44:28.446420+00:00
310b96351d9d,FACERINNA_2_SALICYLIC_ACID_ACNE_SERUM_NA18250107449,FACERINNA,2% Salicylic Acid Acne Serum,NA18250107449,https://lookaside.fbsbx.com/lookaside/crawler/instagram/DPyXKq3D1IA/0/image.jpg,,https://www.instagram.com/popular/facerinna-2-salicylic-acid-acne-serum/,www.instagram.com,instagram.com,,,,,,,,,,,rejected,,,,,,,,,failed,download_failed_after_3_retries: cannot identify image file <_io.BytesIO object at 0x000001D31E347FB0>,genuine,FACERINNA 2% Salicylic Acid Acne Serum official,,,,2026-08-15T14:44:29.770931+00:00
c09659cd1814,FACERINNA_2_SALICYLIC_ACID_ACNE_SERUM_NA18250107449,FACERINNA,2% Salicylic Acid Acne Serum,NA18250107449,https://lookaside.instagram.com/seo/google_widget/crawler/?media_id=3777684724002234994,,https://www.instagram.com/p/DRtnmWUkt6_/,www.instagram.com,instagram.com,,,,,,,,,,,rejected,,,,,,,,,failed,"not_an_image (content-type=text/html; charset=""utf-8"")",genuine,FACERINNA 2% Salicylic Acid Acne Serum official,,,,2026-08-15T14:44:39.946560+00:00
1614e249cde0,FACERINNA_2_SALICYLIC_ACID_ACNE_SERUM_NA18250107449,FACERINNA,2% Salicylic Acid Acne Serum,NA18250107449,https://lookaside.instagram.com/seo/google_widget/crawler/?media_id=3775496214910473652,,https://www.instagram.com/p/DL1Z599SY4f/,www.instagram.com,instagram.com,,,,,,,,,,,rejected,,,,,,,,,failed,"not_an_image (content-type=text/html; charset=""utf-8"")",genuine,FACERINNA 2% Salicylic Acid Acne Serum official,,,,2026-08-15T14:44:41.354586+00:00
fc69bc43e1f5,FACERINNA_2_SALICYLIC_ACID_ACNE_SERUM_NA18250107449,FACERINNA,2% Salicylic Acid Acne Serum,NA18250107449,https://lookaside.instagram.com/seo/google_widget/crawler/?media_id=3882123193872378005,,https://www.instagram.com/p/DNCuPCWyqMr/,www.instagram.com,instagram.com,,,,,,,,,,,rejected,,,,,,,,,failed,"not_an_image (content-type=text/html; charset=""utf-8"")",genuine,FACERINNA 2% Salicylic Acid Acne Serum official website,,,,2026-08-15T14:44:44.673162+00:00
16508f66adc9,FACERINNA_2_SALICYLIC_ACID_ACNE_SERUM_NA18250107449,FACERINNA,2% Salicylic Acid Acne Serum,NA18250107449,https://images.soco.id/574b0b35-7489-48e9-af2a-290752d3b889-image-0-1749481962648,,https://www.sociolla.com/face-serum/91862-2-salicylic-acid-acne-serum,www.sociolla.com,sociolla.com,,,,,,,,,,,rejected,,,,,,,,,failed,not_an_image (content-type=),genuine,FACERINNA 2% Salicylic Acid Acne Serum Sociolla authorized retailer,,,,2026-08-15T14:44:47.978123+00:00
6edbbe767dd7,FACERINNA_2_SALICYLIC_ACID_ACNE_SERUM_NA18250107449,FACERINNA,2% Salicylic Acid Acne Serum,NA18250107449,https://www.tiktok.com/api/img/?itemId=7658485012190285076&location=0&aid=1988,,https://www.tiktok.com/@itsryanwoo/video/7658485012190285076,www.tiktok.com,tiktok.com,,,,,,"I've seen fake versions of this product going around... Just a quick PSA: I've seen fake versions of this product going around, so always make sure you're getting it from the official store ...",,fake,MODERATE_EVIDENCE,3.0,rejected,,,,,,,,,failed,download_failed_after_3_retries: 403 Client Error: Forbidden for url: https://www.tiktok.com/api/img/?itemId=7658485012190285076&location=0&aid=1988,counterfeit_evidence,https://www.tiktok.com/@itsryanwoo/video/7658485012190285076,,,,2026-08-15T14:44:49.485037+00:00
b4c9fb641afd,FACERINNA_2_SALICYLIC_ACID_ACNE_SERUM_NA18250107449,FACERINNA,2% Salicylic Acid Acne Serum,NA18250107449,https://p19-common-sign.tiktokcdn-us.com/tos-alisg-p-0037/owaGBf80CiVuIYTLrD1wiA21IjIqAdxKQAjDBC~tplv-tiktokx-origin.image?dr=9636&x-expires=1785898800&x-signature=%2Fxxxjfum0Ui6CL6yzYb0SM8x1vs%3D&t=4d5b0474&ps=13740610&shp=81f88b70&shcp=55bbe6a9&idc=useast8,,https://www.tiktok.com/@itsryanwoo/video/7658485012190285076,www.tiktok.com,tiktok.com,,,,,,"I've seen fake versions of this product going around... Just a quick PSA: I've seen fake versions of this product going around, so always make sure you're getting it from the official store ...",,fake,MODERATE_EVIDENCE,3.0,rejected,,,,,,,,,failed,download_failed_after_3_retries: 403 Client Error: Forbidden for url: https://p19-common-sign.tiktokcdn-us.com/tos-alisg-p-0037/owaGBf80CiVuIYTLrD1wiA21IjIqAdxKQAjDBC~tplv-tiktokx-origin.image?dr=9636&x-expires=1785898800&x-signature=%2Fxxxjfum0Ui6CL6yzYb0SM8x1vs%3D&t=4d5b0474&ps=13740610&shp=81f88b70&shcp=55bbe6a9&idc=useast8,counterfeit_evidence,https://www.tiktok.com/@itsryanwoo/video/7658485012190285076,,,,2026-08-15T14:44:58.943344+00:00
3971f8c81904,FACERINNA_2_SALICYLIC_ACID_ACNE_SERUM_NA18250107449,FACERINNA,2% Salicylic Acid Acne Serum,NA18250107449,https://p16-common-sign.tiktokcdn-us.com/tos-alisg-p-0037/o8jRDEg8QsqGy5EuQBVU0cF5naYe3BfughA87u~tplv-tiktokx-origin.image?dr=9636&x-expires=1785898800&x-signature=zSQjjMObf20jqSQ2Uju%2FZWaY71s%3D&t=4d5b0474&ps=13740610&shp=81f88b70&shcp=55bbe6a9&idc=useast8,,https://www.tiktok.com/@itsryanwoo/video/7658485012190285076,www.tiktok.com,tiktok.com,,,,,,"I've seen fake versions of this product going around... Just a quick PSA: I've seen fake versions of this product going around, so always make sure you're getting it from the official store ...",,fake,MODERATE_EVIDENCE,3.0,rejected,,,,,,,,,failed,download_failed_after_3_retries: 403 Client Error: Forbidden for url: https://p16-common-sign.tiktokcdn-us.com/tos-alisg-p-0037/o8jRDEg8QsqGy5EuQBVU0cF5naYe3BfughA87u~tplv-tiktokx-origin.image?dr=9636&x-expires=1785898800&x-signature=zSQjjMObf20jqSQ2Uju%2FZWaY71s%3D&t=4d5b0474&ps=13740610&shp=81f88b70&shcp=55bbe6a9&idc=useast8,counterfeit_evidence,https://www.tiktok.com/@itsryanwoo/video/7658485012190285076,,,,2026-08-15T14:45:09.865857+00:00
e798af4d83e9,FACERINNA_2_SALICYLIC_ACID_ACNE_SERUM_NA18250107449,FACERINNA,2% Salicylic Acid Acne Serum,NA18250107449,https://p19-common-sign.tiktokcdn-us.com/tos-alisg-p-0037/oYGv4QLQGMYaECRpAIe1AfFmkLey6TDIDJij38~tplv-tiktokx-origin.image?dr=9636&x-expires=1785898800&x-signature=HrwOTJuWbrJlrOasqryPOsNVFbc%3D&t=4d5b0474&ps=13740610&shp=81f88b70&shcp=55bbe6a9&idc=useast8,,https://www.tiktok.com/@itsryanwoo/video/7658485012190285076,www.tiktok.com,tiktok.com,,,,,,"I've seen fake versions of this product going around... Just a quick PSA: I've seen fake versions of this product going around, so always make sure you're getting it from the official store ...",,fake,MODERATE_EVIDENCE,3.0,rejected,,,,,,,,,failed,download_failed_after_3_retries: 403 Client Error: Forbidden for url: https://p19-common-sign.tiktokcdn-us.com/tos-alisg-p-0037/oYGv4QLQGMYaECRpAIe1AfFmkLey6TDIDJij38~tplv-tiktokx-origin.image?dr=9636&x-expires=1785898800&x-signature=HrwOTJuWbrJlrOasqryPOsNVFbc%3D&t=4d5b0474&ps=13740610&shp=81f88b70&shcp=55bbe6a9&idc=useast8,counterfeit_evidence,https://www.tiktok.com/@itsryanwoo/video/7658485012190285076,,,,2026-08-15T14:45:19.325080+00:00
f7ea56db7648,FACERINNA_2_SALICYLIC_ACID_ACNE_SERUM_NA18250107449,FACERINNA,2% Salicylic Acid Acne Serum,NA18250107449,https://p16-common-sign.tiktokcdn-us.com/tos-alisg-p-0037/oEER9HEA8AU0F9crEO6xfhgIDfATFBAvxCAqvQ~tplv-tiktokx-origin.image?dr=9636&x-expires=1785898800&x-signature=axf%2BT7mwlNYGmgefMPEx%2Bkw%2F3ak%3D&t=4d5b0474&ps=13740610&shp=81f88b70&shcp=55bbe6a9&idc=useast8,,https://www.tiktok.com/@itsryanwoo/video/7658485012190285076,www.tiktok.com,tiktok.com,,,,,,"I've seen fake versions of this product going around... Just a quick PSA: I've seen fake versions of this product going around, so always make sure you're getting it from the official store ...",,fake,MODERATE_EVIDENCE,3.0,rejected,,,,,,,,,failed,download_failed_after_3_retries: 403 Client Error: Forbidden for url: https://p16-common-sign.tiktokcdn-us.com/tos-alisg-p-0037/oEER9HEA8AU0F9crEO6xfhgIDfATFBAvxCAqvQ~tplv-tiktokx-origin.image?dr=9636&x-expires=1785898800&x-signature=axf%2BT7mwlNYGmgefMPEx%2Bkw%2F3ak%3D&t=4d5b0474&ps=13740610&shp=81f88b70&shcp=55bbe6a9&idc=useast8,counterfeit_evidence,https://www.tiktok.com/@itsryanwoo/video/7658485012190285076,,,,2026-08-15T14:45:30.111537+00:00
246ea1f22cc6,FACERINNA_2_SALICYLIC_ACID_ACNE_SERUM_NA18250107449,FACERINNA,2% Salicylic Acid Acne Serum,NA18250107449,https://p19-common-sign.tiktokcdn-us.com/tos-alisg-p-0037/oUBPIqWB1YlEE3FRnlQEeQAcF0gfoCl6hYHQsD~tplv-tiktokx-origin.image?dr=9636&x-expires=1785898800&x-signature=yDkZFMaWWdwoysScm81TICIYvaA%3D&t=4d5b0474&ps=13740610&shp=81f88b70&shcp=55bbe6a9&idc=useast8,,https://www.tiktok.com/@itsryanwoo/video/7658485012190285076,www.tiktok.com,tiktok.com,,,,,,"I've seen fake versions of this product going around... Just a quick PSA: I've seen fake versions of this product going around, so always make sure you're getting it from the official store ...",,fake,MODERATE_EVIDENCE,3.0,rejected,,,,,,,,,failed,download_failed_after_3_retries: 403 Client Error: Forbidden for url: https://p19-common-sign.tiktokcdn-us.com/tos-alisg-p-0037/oUBPIqWB1YlEE3FRnlQEeQAcF0gfoCl6hYHQsD~tplv-tiktokx-origin.image?dr=9636&x-expires=1785898800&x-signature=yDkZFMaWWdwoysScm81TICIYvaA%3D&t=4d5b0474&ps=13740610&shp=81f88b70&shcp=55bbe6a9&idc=useast8,counterfeit_evidence,https://www.tiktok.com/@itsryanwoo/video/7658485012190285076,,,,2026-08-15T14:45:39.374094+00:00
d2b778e43432,FACERINNA_2_SALICYLIC_ACID_ACNE_SERUM_NA18250107449,FACERINNA,2% Salicylic Acid Acne Serum,NA18250107449,https://p19-common-sign.tiktokcdn-us.com/tos-alisg-p-0037/o4wUehfRAAAxAjW9AIFSYT4Dnf1SE8EEDIEBgQ~tplv-tiktokx-origin.image?dr=9636&x-expires=1785898800&x-signature=yr%2BmOd5bSqcpWcAM1g2XCG%2BMVjQ%3D&t=4d5b0474&ps=13740610&shp=81f88b70&shcp=55bbe6a9&idc=useast8,,https://www.tiktok.com/@itsryanwoo/video/7658485012190285076,www.tiktok.com,tiktok.com,,,,,,"I've seen fake versions of this product going around... Just a quick PSA: I've seen fake versions of this product going around, so always make sure you're getting it from the official store ...",,fake,MODERATE_EVIDENCE,3.0,rejected,,,,,,,,,failed,download_failed_after_3_retries: 403 Client Error: Forbidden for url: https://p19-common-sign.tiktokcdn-us.com/tos-alisg-p-0037/o4wUehfRAAAxAjW9AIFSYT4Dnf1SE8EEDIEBgQ~tplv-tiktokx-origin.image?dr=9636&x-expires=1785898800&x-signature=yr%2BmOd5bSqcpWcAM1g2XCG%2BMVjQ%3D&t=4d5b0474&ps=13740610&shp=81f88b70&shcp=55bbe6a9&idc=useast8,counterfeit_evidence,https://www.tiktok.com/@itsryanwoo/video/7658485012190285076,,,,2026-08-15T14:45:50.579481+00:00
bdc4981dc681,FACERINNA_2_SALICYLIC_ACID_ACNE_SERUM_NA18250107449,FACERINNA,2% Salicylic Acid Acne Serum,NA18250107449,https://p16-common-sign.tiktokcdn-us.com/tos-alisg-p-0037/o44qISQa1EOACAA3WBFizA1iIQBAmXACCwfCoU~tplv-tiktokx-origin.image?dr=9636&x-expires=1785898800&x-signature=kOOYEdhx%2FZ43%2FqoVVqa0RdI%2B5E0%3D&t=4d5b0474&ps=13740610&shp=81f88b70&shcp=55bbe6a9&idc=useast8,,https://www.tiktok.com/@itsryanwoo/video/7658485012190285076,www.tiktok.com,tiktok.com,,,,,,"I've seen fake versions of this product going around... Just a quick PSA: I've seen fake versions of this product going around, so always make sure you're getting it from the official store ...",,fake,MODERATE_EVIDENCE,3.0,rejected,,,,,,,,,failed,download_failed_after_3_retries: 403 Client Error: Forbidden for url: https://p16-common-sign.tiktokcdn-us.com/tos-alisg-p-0037/o44qISQa1EOACAA3WBFizA1iIQBAmXACCwfCoU~tplv-tiktokx-origin.image?dr=9636&x-expires=1785898800&x-signature=kOOYEdhx%2FZ43%2FqoVVqa0RdI%2B5E0%3D&t=4d5b0474&ps=13740610&shp=81f88b70&shcp=55bbe6a9&idc=useast8,counterfeit_evidence,https://www.tiktok.com/@itsryanwoo/video/7658485012190285076,,,,2026-08-15T14:46:01.470772+00:00
f7ae8033d2a0,FACERINNA_2_SALICYLIC_ACID_ACNE_SERUM_NA18250107449,FACERINNA,2% Salicylic Acid Acne Serum,NA18250107449,https://p16-common-sign.tiktokcdn-us.com/tos-alisg-p-0037/oMlHEO7AYBA7QzAGAii8AI1AACVwlBABIPfwMi~tplv-tiktokx-origin.image?dr=9636&x-expires=1785898800&x-signature=DcBy06mZYaQ79qoFnpIIv0wwM4w%3D&t=4d5b0474&ps=13740610&shp=81f88b70&shcp=55bbe6a9&idc=useast8,,https://www.tiktok.com/@itsryanwoo/video/7658485012190285076,www.tiktok.com,tiktok.com,,,,,,"I've seen fake versions of this product going around... Just a quick PSA: I've seen fake versions of this product going around, so always make sure you're getting it from the official store ...",,fake,MODERATE_EVIDENCE,3.0,rejected,,,,,,,,,failed,download_failed_after_3_retries: 403 Client Error: Forbidden for url: https://p16-common-sign.tiktokcdn-us.com/tos-alisg-p-0037/oMlHEO7AYBA7QzAGAii8AI1AACVwlBABIPfwMi~tplv-tiktokx-origin.image?dr=9636&x-expires=1785898800&x-signature=DcBy06mZYaQ79qoFnpIIv0wwM4w%3D&t=4d5b0474&ps=13740610&shp=81f88b70&shcp=55bbe6a9&idc=useast8,counterfeit_evidence,https://www.tiktok.com/@itsryanwoo/video/7658485012190285076,,,,2026-08-15T14:46:10.736581+00:00
b930ad3f5739,FACERINNA_2_SALICYLIC_ACID_ACNE_SERUM_NA18250107449,FACERINNA,2% Salicylic Acid Acne Serum,NA18250107449,https://p16-common-sign.tiktokcdn-us.com/tos-alisg-p-0037/oABeoCuB1Ao8i2nii43sAAIhCAvNPBbwAIID84~tplv-tiktokx-origin.image?dr=9636&x-expires=1785898800&x-signature=3GI9feYCGYIDxrnlaniE8pfVr7A%3D&t=4d5b0474&ps=13740610&shp=81f88b70&shcp=55bbe6a9&idc=useast8,,https://www.tiktok.com/@itsryanwoo/video/7658485012190285076,www.tiktok.com,tiktok.com,,,,,,"I've seen fake versions of this product going around... Just a quick PSA: I've seen fake versions of this product going around, so always make sure you're getting it from the official store ...",,fake,MODERATE_EVIDENCE,3.0,rejected,,,,,,,,,failed,download_failed_after_3_retries: 403 Client Error: Forbidden for url: https://p16-common-sign.tiktokcdn-us.com/tos-alisg-p-0037/oABeoCuB1Ao8i2nii43sAAIhCAvNPBbwAIID84~tplv-tiktokx-origin.image?dr=9636&x-expires=1785898800&x-signature=3GI9feYCGYIDxrnlaniE8pfVr7A%3D&t=4d5b0474&ps=13740610&shp=81f88b70&shcp=55bbe6a9&idc=useast8,counterfeit_evidence,https://www.tiktok.com/@itsryanwoo/video/7658485012190285076,,,,2026-08-15T14:46:20.034325+00:00
d3b33bf85bf3,BEAUTY_OF_JOSEON_BAMBOO_DARKSPOT_SERUM_NA18250104648,Beauty of Joseon,Bamboo Darkspot Serum,NA18250104648,https://lookaside.instagram.com/seo/google_widget/crawler/?media_id=3638523972158309456,,https://www.instagram.com/p/DJ-okkCvHQR/,www.instagram.com,instagram.com,,,,,,,,,,,rejected,,,,,,,,,failed,"not_an_image (content-type=text/html; charset=""utf-8"")",genuine,Beauty of Joseon Bamboo Darkspot Serum official,,,,2026-08-15T14:46:22.689251+00:00
58c846461a45,BEAUTY_OF_JOSEON_BAMBOO_DARKSPOT_SERUM_NA18250104648,Beauty of Joseon,Bamboo Darkspot Serum,NA18250104648,https://lookaside.instagram.com/seo/google_widget/crawler/?media_id=3638523972032602874,,https://www.instagram.com/p/DJ-okkCvHQR/,www.instagram.com,instagram.com,,,,,,,,,,,rejected,,,,,,,,,failed,"not_an_image (content-type=text/html; charset=""utf-8"")",genuine,Beauty of Joseon Bamboo Darkspot Serum official,,,,2026-08-15T14:46:24.856735+00:00
37bb74b68a43,BEAUTY_OF_JOSEON_BAMBOO_DARKSPOT_SERUM_NA18250104648,Beauty of Joseon,Bamboo Darkspot Serum,NA18250104648,https://www.tiktok.com/api/img/?itemId=7507525740775099666&location=0&aid=1988,,https://www.tiktok.com/@beautyofjoseon.id/video/7507525740775099666,www.tiktok.com,tiktok.com,,,,,,,,,,,rejected,,,,,,,,,failed,download_failed_after_3_retries: 403 Client Error: Forbidden for url: https://www.tiktok.com/api/img/?itemId=7507525740775099666&location=0&aid=1988,genuine,Beauty of Joseon Bamboo Darkspot Serum official,,,,2026-08-15T14:46:27.908903+00:00
92bf886e0402,BEAUTY_OF_JOSEON_BAMBOO_DARKSPOT_SERUM_NA18250104648,Beauty of Joseon,Bamboo Darkspot Serum,NA18250104648,https://lookaside.instagram.com/seo/google_widget/crawler/?media_id=3930093739049617079,,https://www.instagram.com/p/DJ-okkCvHQR/,www.instagram.com,instagram.com,,,,,,,,,,,rejected,,,,,,,,,failed,"not_an_image (content-type=text/html; charset=""utf-8"")",genuine,Beauty of Joseon Bamboo Darkspot Serum official,,,,2026-08-15T14:46:39.218562+00:00
27eef97fc70b,BEAUTY_OF_JOSEON_BAMBOO_DARKSPOT_SERUM_NA18250104648,Beauty of Joseon,Bamboo Darkspot Serum,NA18250104648,https://www.tiktok.com/api/img/?itemId=7572467860745014548&location=0&aid=1988,,https://www.tiktok.com/@bymauveine/video/7572467860745014548,www.tiktok.com,tiktok.com,,,,,,,,,,,rejected,,,,,,,,,failed,download_failed_after_3_retries: 403 Client Error: Forbidden for url: https://www.tiktok.com/api/img/?itemId=7572467860745014548&location=0&aid=1988,genuine,Beauty of Joseon Bamboo Darkspot Serum official website,,,,2026-08-15T14:46:43.211714+00:00
1c7f411868bc,FACERINNA_RETINOL_ANTI_AGING_SERUM_NA18252000312,FACERINNA,Retinol Anti Aging Serum,NA18252000312,https://lookaside.instagram.com/seo/google_widget/crawler/?media_id=3722656571190097508,,https://www.instagram.com/p/DOpiHCFj7kl/,www.instagram.com,instagram.com,,,,,,,,,,,rejected,,,,,,,,,failed,"not_an_image (content-type=text/html; charset=""utf-8"")",genuine,FACERINNA Retinol Anti Aging Serum official,,,,2026-08-15T14:45:15.232244+00:00
b1e83080a9c9,FACERINNA_RETINOL_ANTI_AGING_SERUM_NA18252000312,FACERINNA,Retinol Anti Aging Serum,NA18252000312,https://lookaside.instagram.com/seo/google_widget/crawler/?media_id=3722656570116371558,,https://www.instagram.com/p/DOpiHCFj7kl/,www.instagram.com,instagram.com,,,,,,,,,,,rejected,,,,,,,,,failed,"not_an_image (content-type=text/html; charset=""utf-8"")",genuine,FACERINNA Retinol Anti Aging Serum official,,,,2026-08-15T14:45:16.621514+00:00
906d90e4f2fb,FACERINNA_RETINOL_ANTI_AGING_SERUM_NA18252000312,FACERINNA,Retinol Anti Aging Serum,NA18252000312,https://incidecoder-content.storage.googleapis.com/83997964-79da-46db-b1c1-a3300ef226ee/products/facerinna-retinol-anti-aging-serum/facerinna-retinol-anti-aging-serum_front_photo_original.jpeg,SafeCart_Dataset\images\genuine_reference\FACERINNA_RETINOL_ANTI_AGING_SERUM_NA18252000312\906d90e4f2fb.jpg,https://incidecoder.com/products/facerinna-retinol-anti-aging-serum,incidecoder.com,incidecoder.com,,,,,,,,,,,rejected,,,,,,,b2047496084e3fd0f02b973c9684a1bb,,rejected,too_small (178x530),genuine,FACERINNA Retinol Anti Aging Serum official,178.0,530.0,16378.0,2026-08-15T14:45:18.580953+00:00
79541c0eb729,FACERINNA_RETINOL_ANTI_AGING_SERUM_NA18252000312,FACERINNA,Retinol Anti Aging Serum,NA18252000312,https://lookaside.fbsbx.com/lookaside/crawler/media/?media_id=1090391356584160,,https://www.facebook.com/BeletimeDangaBay/posts/-discover-visible-transformation-in-just-14-days-facerinnas-retinol-anti-aging-s/1090391483250814/,www.facebook.com,facebook.com,,,,,,,,,,,rejected,,,,,,,,,failed,"not_an_image (content-type=text/html; charset=""utf-8"")",genuine,FACERINNA Retinol Anti Aging Serum official website,,,,2026-08-15T14:45:21.880411+00:00
c4fba6a568a2,FACERINNA_RETINOL_ANTI_AGING_SERUM_NA18252000312,FACERINNA,Retinol Anti Aging Serum,NA18252000312,https://lookaside.fbsbx.com/lookaside/crawler/media/?media_id=1090391343250828,,https://www.facebook.com/BeletimeDangaBay/posts/-discover-visible-transformation-in-just-14-days-facerinnas-retinol-anti-aging-s/1090391483250814/,www.facebook.com,facebook.com,,,,,,,,,,,rejected,,,,,,,,,failed,"not_an_image (content-type=text/html; charset=""utf-8"")",genuine,FACERINNA Retinol Anti Aging Serum official website,,,,2026-08-15T14:45:22.251064+00:00
4add0abd98e6,FACERINNA_RETINOL_ANTI_AGING_SERUM_NA18252000312,FACERINNA,Retinol Anti Aging Serum,NA18252000312,https://www.tiktok.com/api/img/?itemId=7658485012190285076&location=0&aid=1988,,https://www.tiktok.com/@itsryanwoo/video/7658485012190285076,www.tiktok.com,tiktok.com,,,,,,"Just a quick PSA: I’ve seen fake versions of this product going ... Just a quick PSA: I've seen fake versions of this product going around, so always make sure you're getting it from the official store ...",,fake,MODERATE_EVIDENCE,3.0,rejected,,,,,,,,,failed,download_failed_after_3_retries: 403 Client Error: Forbidden for url: https://www.tiktok.com/api/img/?itemId=7658485012190285076&location=0&aid=1988,counterfeit_evidence,https://www.tiktok.com/@itsryanwoo/video/7658485012190285076,,,,2026-08-15T14:45:23.679543+00:00
fe9250936663,FACERINNA_RETINOL_ANTI_AGING_SERUM_NA18252000312,FACERINNA,Retinol Anti Aging Serum,NA18252000312,https://p19-common-sign.tiktokcdn-us.com/tos-alisg-p-0037/owaGBf80CiVuIYTLrD1wiA21IjIqAdxKQAjDBC~tplv-tiktokx-origin.image?dr=9636&x-expires=1785898800&x-signature=%2Fxxxjfum0Ui6CL6yzYb0SM8x1vs%3D&t=4d5b0474&ps=13740610&shp=81f88b70&shcp=55bbe6a9&idc=useast8,,https://www.tiktok.com/@itsryanwoo/video/7658485012190285076,www.tiktok.com,tiktok.com,,,,,,"Just a quick PSA: I’ve seen fake versions of this product going ... Just a quick PSA: I've seen fake versions of this product going around, so always make sure you're getting it from the official store ...",,fake,MODERATE_EVIDENCE,3.0,rejected,,,,,,,,,failed,download_failed_after_3_retries: 403 Client Error: Forbidden for url: https://p19-common-sign.tiktokcdn-us.com/tos-alisg-p-0037/owaGBf80CiVuIYTLrD1wiA21IjIqAdxKQAjDBC~tplv-tiktokx-origin.image?dr=9636&x-expires=1785898800&x-signature=%2Fxxxjfum0Ui6CL6yzYb0SM8x1vs%3D&t=4d5b0474&ps=13740610&shp=81f88b70&shcp=55bbe6a9&idc=useast8,counterfeit_evidence,https://www.tiktok.com/@itsryanwoo/video/7658485012190285076,,,,2026-08-15T14:45:33.225186+00:00
790437676d92,FACERINNA_RETINOL_ANTI_AGING_SERUM_NA18252000312,FACERINNA,Retinol Anti Aging Serum,NA18252000312,https://p16-common-sign.tiktokcdn-us.com/tos-alisg-p-0037/o8jRDEg8QsqGy5EuQBVU0cF5naYe3BfughA87u~tplv-tiktokx-origin.image?dr=9636&x-expires=1785898800&x-signature=zSQjjMObf20jqSQ2Uju%2FZWaY71s%3D&t=4d5b0474&ps=13740610&shp=81f88b70&shcp=55bbe6a9&idc=useast8,,https://www.tiktok.com/@itsryanwoo/video/7658485012190285076,www.tiktok.com,tiktok.com,,,,,,"Just a quick PSA: I’ve seen fake versions of this product going ... Just a quick PSA: I've seen fake versions of this product going around, so always make sure you're getting it from the official store ...",,fake,MODERATE_EVIDENCE,3.0,rejected,,,,,,,,,failed,download_failed_after_3_retries: 403 Client Error: Forbidden for url: https://p16-common-sign.tiktokcdn-us.com/tos-alisg-p-0037/o8jRDEg8QsqGy5EuQBVU0cF5naYe3BfughA87u~tplv-tiktokx-origin.image?dr=9636&x-expires=1785898800&x-signature=zSQjjMObf20jqSQ2Uju%2FZWaY71s%3D&t=4d5b0474&ps=13740610&shp=81f88b70&shcp=55bbe6a9&idc=useast8,counterfeit_evidence,https://www.tiktok.com/@itsryanwoo/video/7658485012190285076,,,,2026-08-15T14:45:43.986691+00:00
3d6253cd94e4,FACERINNA_RETINOL_ANTI_AGING_SERUM_NA18252000312,FACERINNA,Retinol Anti Aging Serum,NA18252000312,https://p19-common-sign.tiktokcdn-us.com/tos-alisg-p-0037/oYGv4QLQGMYaECRpAIe1AfFmkLey6TDIDJij38~tplv-tiktokx-origin.image?dr=9636&x-expires=1785898800&x-signature=HrwOTJuWbrJlrOasqryPOsNVFbc%3D&t=4d5b0474&ps=13740610&shp=81f88b70&shcp=55bbe6a9&idc=useast8,,https://www.tiktok.com/@itsryanwoo/video/7658485012190285076,www.tiktok.com,tiktok.com,,,,,,"Just a quick PSA: I’ve seen fake versions of this product going ... Just a quick PSA: I've seen fake versions of this product going around, so always make sure you're getting it from the official store ...",,fake,MODERATE_EVIDENCE,3.0,rejected,,,,,,,,,failed,download_failed_after_3_retries: 403 Client Error: Forbidden for url: https://p19-common-sign.tiktokcdn-us.com/tos-alisg-p-0037/oYGv4QLQGMYaECRpAIe1AfFmkLey6TDIDJij38~tplv-tiktokx-origin.image?dr=9636&x-expires=1785898800&x-signature=HrwOTJuWbrJlrOasqryPOsNVFbc%3D&t=4d5b0474&ps=13740610&shp=81f88b70&shcp=55bbe6a9&idc=useast8,counterfeit_evidence,https://www.tiktok.com/@itsryanwoo/video/7658485012190285076,,,,2026-08-15T14:45:53.913480+00:00
b487aa715426,FACERINNA_RETINOL_ANTI_AGING_SERUM_NA18252000312,FACERINNA,Retinol Anti Aging Serum,NA18252000312,https://p16-common-sign.tiktokcdn-us.com/tos-alisg-p-0037/oEER9HEA8AU0F9crEO6xfhgIDfATFBAvxCAqvQ~tplv-tiktokx-origin.image?dr=9636&x-expires=1785898800&x-signature=axf%2BT7mwlNYGmgefMPEx%2Bkw%2F3ak%3D&t=4d5b0474&ps=13740610&shp=81f88b70&shcp=55bbe6a9&idc=useast8,,https://www.tiktok.com/@itsryanwoo/video/7658485012190285076,www.tiktok.com,tiktok.com,,,,,,"Just a quick PSA: I’ve seen fake versions of this product going ... Just a quick PSA: I've seen fake versions of this product going around, so always make sure you're getting it from the official store ...",,fake,MODERATE_EVIDENCE,3.0,rejected,,,,,,,,,failed,download_failed_after_3_retries: 403 Client Error: Forbidden for url: https://p16-common-sign.tiktokcdn-us.com/tos-alisg-p-0037/oEER9HEA8AU0F9crEO6xfhgIDfATFBAvxCAqvQ~tplv-tiktokx-origin.image?dr=9636&x-expires=1785898800&x-signature=axf%2BT7mwlNYGmgefMPEx%2Bkw%2F3ak%3D&t=4d5b0474&ps=13740610&shp=81f88b70&shcp=55bbe6a9&idc=useast8,counterfeit_evidence,https://www.tiktok.com/@itsryanwoo/video/7658485012190285076,,,,2026-08-15T14:46:04.876270+00:00
b078e324c229,FACERINNA_RETINOL_ANTI_AGING_SERUM_NA18252000312,FACERINNA,Retinol Anti Aging Serum,NA18252000312,https://p19-common-sign.tiktokcdn-us.com/tos-alisg-p-0037/oUBPIqWB1YlEE3FRnlQEeQAcF0gfoCl6hYHQsD~tplv-tiktokx-origin.image?dr=9636&x-expires=1785898800&x-signature=yDkZFMaWWdwoysScm81TICIYvaA%3D&t=4d5b0474&ps=13740610&shp=81f88b70&shcp=55bbe6a9&idc=useast8,,https://www.tiktok.com/@itsryanwoo/video/7658485012190285076,www.tiktok.com,tiktok.com,,,,,,"Just a quick PSA: I’ve seen fake versions of this product going ... Just a quick PSA: I've seen fake versions of this product going around, so always make sure you're getting it from the official store ...",,fake,MODERATE_EVIDENCE,3.0,rejected,,,,,,,,,failed,download_failed_after_3_retries: 403 Client Error: Forbidden for url: https://p19-common-sign.tiktokcdn-us.com/tos-alisg-p-0037/oUBPIqWB1YlEE3FRnlQEeQAcF0gfoCl6hYHQsD~tplv-tiktokx-origin.image?dr=9636&x-expires=1785898800&x-signature=yDkZFMaWWdwoysScm81TICIYvaA%3D&t=4d5b0474&ps=13740610&shp=81f88b70&shcp=55bbe6a9&idc=useast8,counterfeit_evidence,https://www.tiktok.com/@itsryanwoo/video/7658485012190285076,,,,2026-08-15T14:46:14.133998+00:00
bb14080b611b,FACERINNA_RETINOL_ANTI_AGING_SERUM_NA18252000312,FACERINNA,Retinol Anti Aging Serum,NA18252000312,https://p19-common-sign.tiktokcdn-us.com/tos-alisg-p-0037/o4wUehfRAAAxAjW9AIFSYT4Dnf1SE8EEDIEBgQ~tplv-tiktokx-origin.image?dr=9636&x-expires=1785898800&x-signature=yr%2BmOd5bSqcpWcAM1g2XCG%2BMVjQ%3D&t=4d5b0474&ps=13740610&shp=81f88b70&shcp=55bbe6a9&idc=useast8,,https://www.tiktok.com/@itsryanwoo/video/7658485012190285076,www.tiktok.com,tiktok.com,,,,,,"Just a quick PSA: I’ve seen fake versions of this product going ... Just a quick PSA: I've seen fake versions of this product going around, so always make sure you're getting it from the official store ...",,fake,MODERATE_EVIDENCE,3.0,rejected,,,,,,,,,failed,download_failed_after_3_retries: 403 Client Error: Forbidden for url: https://p19-common-sign.tiktokcdn-us.com/tos-alisg-p-0037/o4wUehfRAAAxAjW9AIFSYT4Dnf1SE8EEDIEBgQ~tplv-tiktokx-origin.image?dr=9636&x-expires=1785898800&x-signature=yr%2BmOd5bSqcpWcAM1g2XCG%2BMVjQ%3D&t=4d5b0474&ps=13740610&shp=81f88b70&shcp=55bbe6a9&idc=useast8,counterfeit_evidence,https://www.tiktok.com/@itsryanwoo/video/7658485012190285076,,,,2026-08-15T14:46:24.897248+00:00
9c54f09db55b,FACERINNA_RETINOL_ANTI_AGING_SERUM_NA18252000312,FACERINNA,Retinol Anti Aging Serum,NA18252000312,https://p16-common-sign.tiktokcdn-us.com/tos-alisg-p-0037/o44qISQa1EOACAA3WBFizA1iIQBAmXACCwfCoU~tplv-tiktokx-origin.image?dr=9636&x-expires=1785898800&x-signature=kOOYEdhx%2FZ43%2FqoVVqa0RdI%2B5E0%3D&t=4d5b0474&ps=13740610&shp=81f88b70&shcp=55bbe6a9&idc=useast8,,https://www.tiktok.com/@itsryanwoo/video/7658485012190285076,www.tiktok.com,tiktok.com,,,,,,"Just a quick PSA: I’ve seen fake versions of this product going ... Just a quick PSA: I've seen fake versions of this product going around, so always make sure you're getting it from the official store ...",,fake,MODERATE_EVIDENCE,3.0,rejected,,,,,,,,,failed,download_failed_after_3_retries: 403 Client Error: Forbidden for url: https://p16-common-sign.tiktokcdn-us.com/tos-alisg-p-0037/o44qISQa1EOACAA3WBFizA1iIQBAmXACCwfCoU~tplv-tiktokx-origin.image?dr=9636&x-expires=1785898800&x-signature=kOOYEdhx%2FZ43%2FqoVVqa0RdI%2B5E0%3D&t=4d5b0474&ps=13740610&shp=81f88b70&shcp=55bbe6a9&idc=useast8,counterfeit_evidence,https://www.tiktok.com/@itsryanwoo/video/7658485012190285076,,,,2026-08-15T14:46:35.791961+00:00
b56c655f9dbb,FACERINNA_RETINOL_ANTI_AGING_SERUM_NA18252000312,FACERINNA,Retinol Anti Aging Serum,NA18252000312,https://p16-common-sign.tiktokcdn-us.com/tos-alisg-p-0037/oMlHEO7AYBA7QzAGAii8AI1AACVwlBABIPfwMi~tplv-tiktokx-origin.image?dr=9636&x-expires=1785898800&x-signature=DcBy06mZYaQ79qoFnpIIv0wwM4w%3D&t=4d5b0474&ps=13740610&shp=81f88b70&shcp=55bbe6a9&idc=useast8,,https://www.tiktok.com/@itsryanwoo/video/7658485012190285076,www.tiktok.com,tiktok.com,,,,,,"Just a quick PSA: I’ve seen fake versions of this product going ... Just a quick PSA: I've seen fake versions of this product going around, so always make sure you're getting it from the official store ...",,fake,MODERATE_EVIDENCE,3.0,rejected,,,,,,,,,failed,download_failed_after_3_retries: 403 Client Error: Forbidden for url: https://p16-common-sign.tiktokcdn-us.com/tos-alisg-p-0037/oMlHEO7AYBA7QzAGAii8AI1AACVwlBABIPfwMi~tplv-tiktokx-origin.image?dr=9636&x-expires=1785898800&x-signature=DcBy06mZYaQ79qoFnpIIv0wwM4w%3D&t=4d5b0474&ps=13740610&shp=81f88b70&shcp=55bbe6a9&idc=useast8,counterfeit_evidence,https://www.tiktok.com/@itsryanwoo/video/7658485012190285076,,,,2026-08-15T14:46:45.101664+00:00
b895cad48f5d,FACERINNA_RETINOL_ANTI_AGING_SERUM_NA18252000312,FACERINNA,Retinol Anti Aging Serum,NA18252000312,https://p16-common-sign.tiktokcdn-us.com/tos-alisg-p-0037/oABeoCuB1Ao8i2nii43sAAIhCAvNPBbwAIID84~tplv-tiktokx-origin.image?dr=9636&x-expires=1785898800&x-signature=3GI9feYCGYIDxrnlaniE8pfVr7A%3D&t=4d5b0474&ps=13740610&shp=81f88b70&shcp=55bbe6a9&idc=useast8,,https://www.tiktok.com/@itsryanwoo/video/7658485012190285076,www.tiktok.com,tiktok.com,,,,,,"Just a quick PSA: I’ve seen fake versions of this product going ... Just a quick PSA: I've seen fake versions of this product going around, so always make sure you're getting it from the official store ...",,fake,MODERATE_EVIDENCE,3.0,rejected,,,,,,,,,failed,download_failed_after_3_retries: 403 Client Error: Forbidden for url: https://p16-common-sign.tiktokcdn-us.com/tos-alisg-p-0037/oABeoCuB1Ao8i2nii43sAAIhCAvNPBbwAIID84~tplv-tiktokx-origin.image?dr=9636&x-expires=1785898800&x-signature=3GI9feYCGYIDxrnlaniE8pfVr7A%3D&t=4d5b0474&ps=13740610&shp=81f88b70&shcp=55bbe6a9&idc=useast8,counterfeit_evidence,https://www.tiktok.com/@itsryanwoo/video/7658485012190285076,,,,2026-08-15T14:46:54.343920+00:00
