image_id,product_id,brand,product_name,bpom_id,image_url,image_path,source_url,source_domain,marketplace,listing_url,listing_title,seller_name,review_url,review_rating,review_text,review_date,evidence_keyword,evidence_level,evidence_score,label,ocr_text,ocr_brand_score,ocr_product_name_score,ocr_size_match,ocr_bpom_id,bpom_match_status,md5_hash,phash,download_status,rejection_reason,source_type,search_query,width,height,file_size,downloaded_at
8ec7373305e4,DEAR_KLAIRS_FRESHLY_JUICED_VITAMIN_SKIN_PREP_PADS_NA26251200678,Dear Klairs,Freshly Juiced Vitamin Skin Prep Pads,NA26251200678,http://koreanskincare.com/cdn/shop/files/DearKlairs_FreshlyJuicedVitaminSkinPrepPads_Packshot.jpg?v=1763453633,SafeCart_Dataset\images\genuine_reference\DEAR_KLAIRS_FRESHLY_JUICED_VITAMIN_SKIN_PREP_PADS_NA26251200678\8ec7373305e4.jpg,https://koreanskincare.com/products/dear-klairs-freshly-juiced-vitamin-skin-prep-pads?srsltid=AfmBOoqehSnYQB8i_T7RlTIr5Wd-TSWis9Alwreb_HoeBSlvkX_F9L9R,koreanskincare.com,koreanskincare.com,,,,,,,,,,,genuine_reference,,0.0,0.0,False,,not_visible,ccf2520be9565c8772f7bf51bc20a8ba,bac5a53ac7e09827,success,,genuine,Dear Klairs Freshly Juiced Vitamin Skin Prep Pads official,800,800,40709,2026-08-15T14:27:30.338569+00:00
2a18f6c1bf92,DEAR_KLAIRS_FRESHLY_JUICED_VITAMIN_SKIN_PREP_PADS_NA26251200678,Dear Klairs,Freshly Juiced Vitamin Skin Prep Pads,NA26251200678,https://www.dodoskin.com/cdn/shop/files/dear_klairsFreshlyJuicedVitaminSkinPrepPads290ml80Pads-1.jpg?v=1746574539&width=1200,SafeCart_Dataset\images\genuine_reference\DEAR_KLAIRS_FRESHLY_JUICED_VITAMIN_SKIN_PREP_PADS_NA26251200678\2a18f6c1bf92.jpg,https://www.dodoskin.com/products/dear-klairs-freshly-juiced-vitamin-skin-prep-pads-290ml-80-pads?srsltid=AfmBOopJ5zVXOjzgv0mPbii2FLDMiTj5DUnbzJQxrWvboInNMzjsp4wC,www.dodoskin.com,dodoskin.com,,,,,,,,,,,genuine_reference,,0.0,0.0,False,,not_visible,e4cff25ebfe2a7f6b1dace92646678f0,e4949367cf9c3419,success,,genuine,Dear Klairs Freshly Juiced Vitamin Skin Prep Pads official,600,600,20871,2026-08-15T14:27:30.596918+00:00
7f832b3d4a07,DEAR_KLAIRS_FRESHLY_JUICED_VITAMIN_SKIN_PREP_PADS_NA26251200678,Dear Klairs,Freshly Juiced Vitamin Skin Prep Pads,NA26251200678,https://lewkin.com/cdn/shop/files/1_2.png?crop=center&height=580&v=1750838905&width=430,SafeCart_Dataset\images\genuine_reference\DEAR_KLAIRS_FRESHLY_JUICED_VITAMIN_SKIN_PREP_PADS_NA26251200678\7f832b3d4a07.jpg,https://lewkin.com/collections/dear-klairs/products/freshly-juiced-vitamin-skin-prep-pads-290ml-80ea?srsltid=AfmBOoobNV0sOw6PNvWlqO63ggHq7NwsOHpCBAunsQ6O465o2hj1lppY,lewkin.com,lewkin.com,,,,,,,,,,,genuine_reference,,0.0,0.0,False,,not_visible,b1b7fe1e262b7931ee034da3df902da1,e835bc6985ea9c8c,success,,genuine,Dear Klairs Freshly Juiced Vitamin Skin Prep Pads official,430,580,51476,2026-08-15T14:27:30.793917+00:00
0b295983caba,DEAR_KLAIRS_FRESHLY_JUICED_VITAMIN_SKIN_PREP_PADS_NA26251200678,Dear Klairs,Freshly Juiced Vitamin Skin Prep Pads,NA26251200678,https://www.skincupid.us/cdn/shop/files/Dear_Klairs_Freshly_Juiced_Vitamin_Skin_Prep_Pads_80_Pads_CONCEPT_SHOT.png?v=1760358633&width=800,SafeCart_Dataset\images\genuine_reference\DEAR_KLAIRS_FRESHLY_JUICED_VITAMIN_SKIN_PREP_PADS_NA26251200678\0b295983caba.jpg,https://www.skincupid.us/products/dear-klairs-freshly-juiced-vitamin-skin-prep-pads-80-pads,www.skincupid.us,skincupid.us,,,,,,,,,,,genuine_reference,,0.0,0.0,False,,not_visible,db8a08feadd56ec89349d77c66e96222,e59a9a4db6713924,success,,genuine,Dear Klairs Freshly Juiced Vitamin Skin Prep Pads official,600,600,24687,2026-08-15T14:27:31.024501+00:00
4fbffecbeefc,DEAR_KLAIRS_FRESHLY_JUICED_VITAMIN_SKIN_PREP_PADS_NA26251200678,Dear Klairs,Freshly Juiced Vitamin Skin Prep Pads,NA26251200678,https://glowid.com/cdn/shop/files/8809572895272-2.jpg?v=1747825755&width=2000,SafeCart_Dataset\images\genuine_reference\DEAR_KLAIRS_FRESHLY_JUICED_VITAMIN_SKIN_PREP_PADS_NA26251200678\4fbffecbeefc.jpg,https://glowid.com/products/freshly-juiced-vitamin-skin-prep-pads,glowid.com,glowid.com,,,,,,,,,,,genuine_reference,,0.0,0.0,False,,not_visible,a0ff6f6cf0e861a94f7766c2c970b212,d09bfb41ae56a4d0,success,,genuine,Dear Klairs Freshly Juiced Vitamin Skin Prep Pads official,2000,2000,219345,2026-08-15T14:27:31.227747+00:00
a5ac81f2445f,DEAR_KLAIRS_FRESHLY_JUICED_VITAMIN_SKIN_PREP_PADS_NA26251200678,Dear Klairs,Freshly Juiced Vitamin Skin Prep Pads,NA26251200678,https://www.skincupid.us/cdn/shop/files/Dear_Klairs_Freshly_Juiced_Vitamin_Skin_Prep_Pads_80_Pads_TEXTURE.png?v=1760358633,SafeCart_Dataset\images\genuine_reference\DEAR_KLAIRS_FRESHLY_JUICED_VITAMIN_SKIN_PREP_PADS_NA26251200678\a5ac81f2445f.jpg,https://www.skincupid.us/products/dear-klairs-freshly-juiced-vitamin-skin-prep-pads-80-pads,www.skincupid.us,skincupid.us,,,,,,,,,,,genuine_reference,,0.0,0.0,False,,not_visible,70f5d8bfc8141a860c1f23e4258bed6f,d435294b72a56756,success,,genuine,Dear Klairs Freshly Juiced Vitamin Skin Prep Pads official,600,600,35421,2026-08-15T14:27:31.649523+00:00
b6e36cba52f2,DEAR_KLAIRS_FRESHLY_JUICED_VITAMIN_SKIN_PREP_PADS_NA26251200678,Dear Klairs,Freshly Juiced Vitamin Skin Prep Pads,NA26251200678,https://glowid.com/cdn/shop/files/8809572895272-1.png?v=1747825755&width=1920,SafeCart_Dataset\images\genuine_reference\DEAR_KLAIRS_FRESHLY_JUICED_VITAMIN_SKIN_PREP_PADS_NA26251200678\b6e36cba52f2.jpg,https://glowid.com/products/freshly-juiced-vitamin-skin-prep-pads,glowid.com,glowid.com,,,,,,,,,,,genuine_reference,,0.0,0.0,False,,not_visible,0c93124eadf685d8cff4c85d540f03ff,956a6a91296e7a99,success,,genuine,Dear Klairs Freshly Juiced Vitamin Skin Prep Pads official,1920,1920,153817,2026-08-15T14:27:31.933140+00:00
97a018b5eb72,DEAR_KLAIRS_FRESHLY_JUICED_VITAMIN_SKIN_PREP_PADS_NA26251200678,Dear Klairs,Freshly Juiced Vitamin Skin Prep Pads,NA26251200678,https://www.klairscosmetics.com/wp-content/uploads/2025/08/%EB%B3%B8%EB%AC%B8-68ae76a657ec4-1024x469.jpg,SafeCart_Dataset\images\genuine_reference\DEAR_KLAIRS_FRESHLY_JUICED_VITAMIN_SKIN_PREP_PADS_NA26251200678\97a018b5eb72.jpg,https://www.klairscosmetics.com/news/freshly-juiced-vitamin-skin-prep-pads-genius-pad/,www.klairscosmetics.com,klairscosmetics.com,,,,,,,,,,,genuine_reference,,0.0,0.0,False,,not_visible,c8b8d2de8b3d3d16641430b4e22b59e4,d8e79c5426b58f42,success,,genuine,Dear Klairs Freshly Juiced Vitamin Skin Prep Pads official,1024,469,63671,2026-08-15T14:27:32.671239+00:00
4b27bb4da3e9,COSRX_AHA_BHA_CLARIFYING_TREATMENT_TONER_NA26221200804,COSRX,AHA/BHA Clarifying treatment toner,NA26221200804,https://www.cosrx.com/cdn/shop/files/ahabha-clarifying-treatment-toner-cosrx-official-1_1024x1024.jpg?v=1724835581,SafeCart_Dataset\images\genuine_reference\COSRX_AHA_BHA_CLARIFYING_TREATMENT_TONER_NA26221200804\4b27bb4da3e9.jpg,https://www.cosrx.com/products/aha-bha-clarifying-treatment-toner?srsltid=AfmBOop6HeYrOm3iqJNB365kMS8s7MtBP7tv_jr_MmGFMkWIIcZYJ4K3,www.cosrx.com,cosrx.com,,,,,,,,,,,genuine_reference,,0.0,0.0,False,,not_visible,17f683607f858e294f1cceeb1db823d1,b333cc8c99c9cc66,success,,genuine,COSRX AHA/BHA Clarifying treatment toner official,768,1024,36165,2026-08-15T14:27:29.989971+00:00
327144438f93,COSRX_AHA_BHA_CLARIFYING_TREATMENT_TONER_NA26221200804,COSRX,AHA/BHA Clarifying treatment toner,NA26221200804,https://media.ulta.com/i/ulta/2504908?w=500&h=500,SafeCart_Dataset\images\genuine_reference\COSRX_AHA_BHA_CLARIFYING_TREATMENT_TONER_NA26221200804\327144438f93.jpg,https://www.ulta.com/p/ahabha-clarifying-treatment-toner-xlsImpprod15641050?sku=2504908,www.ulta.com,ulta.com,,,,,,,,,,,genuine_reference,,0.0,0.0,False,,not_visible,932644d65e25630e04d13f44f8741073,996766cc338cc6cc,success,,genuine,COSRX AHA/BHA Clarifying treatment toner official,500,500,17933,2026-08-15T14:27:30.344568+00:00
88bed52d2fb8,COSRX_AHA_BHA_CLARIFYING_TREATMENT_TONER_NA26221200804,COSRX,AHA/BHA Clarifying treatment toner,NA26221200804,"https://cloudinary.images-iherb.com/image/upload/f_auto,q_auto:eco,c_fit,w_600,h_600/images/crx/crx47003/l/17.jpg",SafeCart_Dataset\images\genuine_reference\COSRX_AHA_BHA_CLARIFYING_TREATMENT_TONER_NA26221200804\88bed52d2fb8.jpg,https://www.iherb.com/pr/cosrx-aha-bha-clarifying-treatment-toner-5-07-fl-oz-150-ml/73953?srsltid=AfmBOoqmiedGYufGfWC31UXtcu6fPsROPSKehTdcUZlK0DM9jsKVo54h,www.iherb.com,iherb.com,,,,,,,,,,,genuine_reference,,0.0,0.0,False,,not_visible,2b2a4f9d1d0aeefba0b094a57e2d8569,ef3079467119169d,success,,genuine,COSRX AHA/BHA Clarifying treatment toner official,600,600,58579,2026-08-15T14:27:30.481916+00:00
63197d2dbbfc,COSRX_AHA_BHA_CLARIFYING_TREATMENT_TONER_NA26221200804,COSRX,AHA/BHA Clarifying treatment toner,NA26221200804,https://www.cosrx.com/cdn/shop/files/AHABHA_Toner_01B_2048x.webp?v=1780986536,SafeCart_Dataset\images\genuine_reference\COSRX_AHA_BHA_CLARIFYING_TREATMENT_TONER_NA26221200804\63197d2dbbfc.jpg,https://www.cosrx.com/products/aha-bha-clarifying-treatment-toner?srsltid=AfmBOooufQb6Ye3jUybQa7K1wxtLnx0sf5lTJmE5OOVfEs5-GmFWBOF8,www.cosrx.com,cosrx.com,,,,,,,,,,,genuine_reference,,0.0,0.0,False,,not_visible,70571715dfb6e944d27c6d52f44dcfc0,db4e12246d5b1a6d,success,,genuine,COSRX AHA/BHA Clarifying treatment toner official,800,1067,152075,2026-08-15T14:27:30.752918+00:00
91a415a23a0b,COSRX_AHA_BHA_CLARIFYING_TREATMENT_TONER_NA26221200804,COSRX,AHA/BHA Clarifying treatment toner,NA26221200804,https://d1flfk77wl2xk4.cloudfront.net/Assets/cosrx-ahabha-clarifying-treatment-toner-150ml/32/821/XXL_p0056482132.jpg,SafeCart_Dataset\images\genuine_reference\COSRX_AHA_BHA_CLARIFYING_TREATMENT_TONER_NA26221200804\91a415a23a0b.jpg,https://www.yesstyle.com/en/cosrx-aha-bha-clarifying-treatment-toner-150ml/info.html/pid.1052684721,www.yesstyle.com,yesstyle.com,,,,,,,,,,,genuine_reference,,0.0,0.0,False,,not_visible,9709bcafb8dc7624599351d1ef1ec945,e732ccc933998c8d,success,,genuine,COSRX AHA/BHA Clarifying treatment toner official,640,640,24882,2026-08-15T14:27:30.968229+00:00
7e021df433ea,COSRX_AHA_BHA_CLARIFYING_TREATMENT_TONER_NA26221200804,COSRX,AHA/BHA Clarifying treatment toner,NA26221200804,https://co.nice-cdn.com/upload/image/product/large/default/3321_a22397dd.1024x1024.png,SafeCart_Dataset\images\genuine_reference\COSRX_AHA_BHA_CLARIFYING_TREATMENT_TONER_NA26221200804\7e021df433ea.jpg,https://www.cosmeterie.com/cosrx/aha-bha-clarifying-treatment-toner,www.cosmeterie.com,cosmeterie.com,,,,,,,,,,,genuine_reference,,0.0,0.0,False,,not_visible,6533044c14482579efbfdfdec5d76df7,b366ce8c3399cc8c,success,,genuine,COSRX AHA/BHA Clarifying treatment toner official,1024,1024,47260,2026-08-15T14:27:31.082753+00:00
a364b94b4eec,COSRX_AHA_BHA_CLARIFYING_TREATMENT_TONER_NA26221200804,COSRX,AHA/BHA Clarifying treatment toner,NA26221200804,https://i.ebayimg.com/images/g/zlMAAOSwphlid8Pb/s-l1200.png,SafeCart_Dataset\images\genuine_reference\COSRX_AHA_BHA_CLARIFYING_TREATMENT_TONER_NA26221200804\a364b94b4eec.jpg,https://www.ebay.com/itm/125303430941,www.ebay.com,ebay.com,,,,,,,,,,,genuine_reference,,0.0,0.0,False,,not_visible,d98dee73852935e75ece9849e4ee87f9,b166c639ccccc9cc,success,,genuine,COSRX AHA/BHA Clarifying treatment toner official,1166,1200,72574,2026-08-15T14:27:31.379931+00:00
4a1f82ffdd9a,COSRX_AHA_BHA_CLARIFYING_TREATMENT_TONER_NA26221200804,COSRX,AHA/BHA Clarifying treatment toner,NA26221200804,https://www.caritesusa.com/cdn/shop/files/ahabha-clarifying-treatment-toner-cosrx-official-12.webp?v=1714068799&width=1445,SafeCart_Dataset\images\genuine_reference\COSRX_AHA_BHA_CLARIFYING_TREATMENT_TONER_NA26221200804\4a1f82ffdd9a.jpg,https://www.caritesusa.com/products/cosrx-aha-bha-clarifying-treatment-toner-150-ml-5-07-fl-oz?srsltid=AfmBOorm1KuTh-1oxrH28K6gcmRXrFlNc-9fdVU47IJvH4oND1jOsz43,www.caritesusa.com,caritesusa.com,,,,,,,,,,,genuine_reference,,0.0,0.0,False,,not_visible,08a2f43186b12f7964cb7ecd9bd7cde9,fe54e3491c989c4b,success,,genuine,COSRX AHA/BHA Clarifying treatment toner official,800,1067,81697,2026-08-15T14:27:31.718296+00:00
226bef544896,SUNGBOON_EDITOR_SUNGBOON_EDITOR_GREEN_TOMATO_PORE_LIFTING_AMPOULE_TONER_NA26251200757,Sungboon Editor,Sungboon Editor Green Tomato Pore Lifting Ampoule Toner,NA26251200757,https://holiholic.com/cdn/shop/files/SUNGBOONEDITOR_GreenTomatoPoreLiftingAmpouleToner350ml-Holiholic_eb50e8a1-43f3-4032-adec-c6f51345f9f3.jpg?v=1697685424,SafeCart_Dataset\images\genuine_reference\SUNGBOON_EDITOR_SUNGBOON_EDITOR_GREEN_TOMATO_PORE_LIFTING_AMPOULE_TONER_NA26251200757\226bef544896.jpg,https://holiholic.com/products/sungboon-editor-green-tomato-pore-lifting-ampoule-toner-350ml?srsltid=AfmBOorcIt5FdGayleA-3B8C7Qhx2LfWhdlbOiAZmPmHcy2y9-_b_BmI,holiholic.com,holiholic.com,,,,,,,,,,,genuine_reference,,0.0,0.0,False,,not_visible,1e39414ca4ab33c740ba30a9fce2efdd,e68b9bcc8c31cc33,success,,genuine,Sungboon Editor Sungboon Editor Green Tomato Pore Lifting Ampoule Toner official,600,600,19528,2026-08-15T14:27:30.346569+00:00
fd5d9ad8fb50,SUNGBOON_EDITOR_SUNGBOON_EDITOR_GREEN_TOMATO_PORE_LIFTING_AMPOULE_TONER_NA26251200757,Sungboon Editor,Sungboon Editor Green Tomato Pore Lifting Ampoule Toner,NA26251200757,https://www.shopmissa.com/cdn/shop/files/SungboonEditor_GreenTomatoToner_2_2048x.jpg?v=1752117052,SafeCart_Dataset\images\genuine_reference\SUNGBOON_EDITOR_SUNGBOON_EDITOR_GREEN_TOMATO_PORE_LIFTING_AMPOULE_TONER_NA26251200757\fd5d9ad8fb50.jpg,https://www.shopmissa.com/products/sungboon-editor-green-tomato-pore-lifting-ampoule-toner?srsltid=AfmBOoq6SkLPFRS31Mu8mBUlcYKXpMZRQk2XVABNFRfmMyL9X6-gg0iw,www.shopmissa.com,shopmissa.com,,,,,,,,,,,genuine_reference,,0.0,0.0,False,,not_visible,9bac9835ce85936132f018d0167434cd,99643683f65c493e,success,,genuine,Sungboon Editor Sungboon Editor Green Tomato Pore Lifting Ampoule Toner official,1000,1400,184791,2026-08-15T14:27:30.523918+00:00
34b09d2f8c22,SUNGBOON_EDITOR_SUNGBOON_EDITOR_GREEN_TOMATO_PORE_LIFTING_AMPOULE_TONER_NA26251200757,Sungboon Editor,Sungboon Editor Green Tomato Pore Lifting Ampoule Toner,NA26251200757,https://www.shopmissa.com/cdn/shop/files/SungboonEditor_GreenTomatoToner_e8914716-7315-46f9-9021-e37b96fb68b1_1000x.jpg?v=1752117052,SafeCart_Dataset\images\genuine_reference\SUNGBOON_EDITOR_SUNGBOON_EDITOR_GREEN_TOMATO_PORE_LIFTING_AMPOULE_TONER_NA26251200757\34b09d2f8c22.jpg,https://www.shopmissa.com/products/sungboon-editor-green-tomato-pore-lifting-ampoule-toner?srsltid=AfmBOorWyFTHxX4I4kQugE_SynwxWT8Hy19aGqG80QtbYJAP4wf52AAM,www.shopmissa.com,shopmissa.com,,,,,,,,,,,genuine_reference,,0.0,0.0,False,,not_visible,3dbc37360e1d470e9ce42eda4457a630,b44b7b84933cce38,success,,genuine,Sungboon Editor Sungboon Editor Green Tomato Pore Lifting Ampoule Toner official,1000,1400,76754,2026-08-15T14:27:30.814426+00:00
8e022df82e72,SUNGBOON_EDITOR_SUNGBOON_EDITOR_GREEN_TOMATO_PORE_LIFTING_AMPOULE_TONER_NA26251200757,Sungboon Editor,Sungboon Editor Green Tomato Pore Lifting Ampoule Toner,NA26251200757,https://sungbooneditor.com/cdn/shop/files/6_aa9d2235-8b25-43e8-9967-b40bfb2283c7.jpg?v=1775107575&width=1600,SafeCart_Dataset\images\genuine_reference\SUNGBOON_EDITOR_SUNGBOON_EDITOR_GREEN_TOMATO_PORE_LIFTING_AMPOULE_TONER_NA26251200757\8e022df82e72.jpg,https://sungbooneditor.com/products/sungboon-editor-green-tomato-pore-lifting-ampoule-30ml?srsltid=AfmBOorFvzdTBHEW7dQ91W05IX8u256F_cxraN_drjNS3_VH05IrtwKo,sungbooneditor.com,sungbooneditor.com,,,,,,,,,,,genuine_reference,,0.0,0.0,False,,not_visible,51a46a57ab10809dee559833aa9efe5e,dab56ab55a49c2c8,success,,genuine,Sungboon Editor Sungboon Editor Green Tomato Pore Lifting Ampoule Toner official,1600,2000,516744,2026-08-15T14:27:31.036499+00:00
6005a2025927,SUNGBOON_EDITOR_SUNGBOON_EDITOR_GREEN_TOMATO_PORE_LIFTING_AMPOULE_TONER_NA26251200757,Sungboon Editor,Sungboon Editor Green Tomato Pore Lifting Ampoule Toner,NA26251200757,http://songofskin.com/cdn/shop/files/CopyofREALSHOPIFYBACKGROUNDTEMPLET_85_fc6e2e7b-35f0-4c0f-84ad-2bde782c45c0.png?v=1782836303,SafeCart_Dataset\images\genuine_reference\SUNGBOON_EDITOR_SUNGBOON_EDITOR_GREEN_TOMATO_PORE_LIFTING_AMPOULE_TONER_NA26251200757\6005a2025927.jpg,https://songofskin.com/products/sungboon-editor-green-tomato-pore-lifting-ampoule-toner?srsltid=AfmBOooMx1VT9SaV8GAvveG4BES4rDGElh0DoUNwonOV1UdsxiaQcvH2,songofskin.com,songofskin.com,,,,,,,,,,,genuine_reference,,0.0,0.0,False,,not_visible,bd41a8fdb9ad55bca93afcf672b8b936,cc7133cecc31d964,success,,genuine,Sungboon Editor Sungboon Editor Green Tomato Pore Lifting Ampoule Toner official,1620,2880,135763,2026-08-15T14:27:31.448930+00:00
705f1aaa51c8,SUNGBOON_EDITOR_SUNGBOON_EDITOR_GREEN_TOMATO_PORE_LIFTING_AMPOULE_TONER_NA26251200757,Sungboon Editor,Sungboon Editor Green Tomato Pore Lifting Ampoule Toner,NA26251200757,"https://m.media-amazon.com/images/I/512RQ6lT8VL._AC_UF1000,1000_QL80_.jpg",SafeCart_Dataset\images\genuine_reference\SUNGBOON_EDITOR_SUNGBOON_EDITOR_GREEN_TOMATO_PORE_LIFTING_AMPOULE_TONER_NA26251200757\705f1aaa51c8.jpg,https://www.amazon.com/Hydrating-Sensitive-Minimizing-Tightening-Skincare/dp/B09BLH7VB7,www.amazon.com,amazon.com,,,,,,,,,,,genuine_reference,,0.0,0.0,False,,not_visible,134b4569293c01678943145aa893ad3c,a4d3f38ec01f33c8,success,,genuine,Sungboon Editor Sungboon Editor Green Tomato Pore Lifting Ampoule Toner official,805,1000,61710,2026-08-15T14:27:32.072160+00:00
a14154394538,SUNGBOON_EDITOR_SUNGBOON_EDITOR_GREEN_TOMATO_PORE_LIFTING_AMPOULE_TONER_NA26251200757,Sungboon Editor,Sungboon Editor Green Tomato Pore Lifting Ampoule Toner,NA26251200757,https://koreabe.com/cdn/shop/files/3_f4abe375-5172-42b0-a7c9-d841b02d00c9.webp?v=1776137370,SafeCart_Dataset\images\genuine_reference\SUNGBOON_EDITOR_SUNGBOON_EDITOR_GREEN_TOMATO_PORE_LIFTING_AMPOULE_TONER_NA26251200757\a14154394538.jpg,https://koreabe.com/products/sungboon-editor-green-tomato-pore-lifting-ampoule-toner-350ml?srsltid=AfmBOop769St8zGNNmIlU-6aU1Yy_eDNjDJKi5ds2DkdLjVkM2jaDNqr,koreabe.com,koreabe.com,,,,,,,,,,,genuine_reference,,0.0,0.0,False,,not_visible,baa839ce90bbc0db3b2c8232ad75428e,d61f59f2f050381d,success,,genuine,Sungboon Editor Sungboon Editor Green Tomato Pore Lifting Ampoule Toner official,1000,1333,104766,2026-08-15T14:27:32.248641+00:00
0b28ce57f1a5,SUNGBOON_EDITOR_SUNGBOON_EDITOR_GREEN_TOMATO_PORE_LIFTING_AMPOULE_TONER_NA26251200757,Sungboon Editor,Sungboon Editor Green Tomato Pore Lifting Ampoule Toner,NA26251200757,http://www.shoppalacebeauty.com/cdn/shop/files/19_c6de443f-08aa-4158-b936-41d18c70742e.jpg?v=1746742757,SafeCart_Dataset\images\genuine_reference\SUNGBOON_EDITOR_SUNGBOON_EDITOR_GREEN_TOMATO_PORE_LIFTING_AMPOULE_TONER_NA26251200757\0b28ce57f1a5.jpg,https://www.shoppalacebeauty.com/products/sungboon-editor-green-tomato-pore-lifting-ampoule-30ml-1-01fl-oz?srsltid=AfmBOor_rR1zL1ovG9KSNrPH5C9U2H1Wrf_95sf65AAD3m_-8Yt4lOAz,www.shoppalacebeauty.com,shoppalacebeauty.com,,,,,,,,,,,genuine_reference,,0.0,0.0,False,,not_visible,91b8c0f69d77a07355444e729e293a60,b6cbc92c3c73628c,success,,genuine,Sungboon Editor Sungboon Editor Green Tomato Pore Lifting Ampoule Toner official,480,736,23621,2026-08-15T14:27:32.677242+00:00
8473a961d20a,DEAR_KLAIRS_FRESHLY_JUICED_VITAMIN_ESSENCE_TONER_NA26251200677,Dear Klairs,Freshly Juiced Vitamin Essence Toner,NA26251200677,https://d1flfk77wl2xk4.cloudfront.net/Assets/dear-klairs-freshly-juiced-vitamin-essence-toner-180ml/52/956/XXL_p0216895652.jpg,SafeCart_Dataset\images\genuine_reference\DEAR_KLAIRS_FRESHLY_JUICED_VITAMIN_ESSENCE_TONER_NA26251200677\8473a961d20a.jpg,https://www.yesstyle.com/en/dear-klairs-freshly-juiced-vitamin-essence-toner-180ml/info.html/pid.1133578692,www.yesstyle.com,yesstyle.com,,,,,,,,,,,genuine_reference,,0.0,0.0,False,,not_visible,284fb2738bb3bd6b86d0562a4643b64d,e666998c9999996c,success,,genuine,Dear Klairs Freshly Juiced Vitamin Essence Toner official,640,640,27246,2026-08-15T14:28:12.695245+00:00
29b3283c42d6,DEAR_KLAIRS_FRESHLY_JUICED_VITAMIN_ESSENCE_TONER_NA26251200677,Dear Klairs,Freshly Juiced Vitamin Essence Toner,NA26251200677,http://sukoshi.com/cdn/shop/files/klairs-freshly-juiced-vitamin-essence-toner-cover_1024x1024.jpg?v=1749846582,SafeCart_Dataset\images\genuine_reference\DEAR_KLAIRS_FRESHLY_JUICED_VITAMIN_ESSENCE_TONER_NA26251200677\29b3283c42d6.jpg,https://sukoshi.com/products/klairs-freshly-juiced-vitamin-essence-toner?srsltid=AfmBOopy5QjqKEEb_yxGRPNnkFbVCn6VuvgRAQXocS42zivcaX8KssfP,sukoshi.com,sukoshi.com,,,,,,,,,,,genuine_reference,,0.0,0.0,False,,not_visible,90e9825c6c01532b0d46f50ce1d0438a,ec19b36689d99962,success,,genuine,Dear Klairs Freshly Juiced Vitamin Essence Toner official,800,1000,81428,2026-08-15T14:28:12.827426+00:00
cdd45977b4a5,DEAR_KLAIRS_FRESHLY_JUICED_VITAMIN_ESSENCE_TONER_NA26251200677,Dear Klairs,Freshly Juiced Vitamin Essence Toner,NA26251200677,https://dermapproved.com/images/products/klairs-freshly-juiced-vitamin-essence-toner.webp,SafeCart_Dataset\images\genuine_reference\DEAR_KLAIRS_FRESHLY_JUICED_VITAMIN_ESSENCE_TONER_NA26251200677\cdd45977b4a5.jpg,https://dermapproved.com/products/klairs-freshly-juiced-vitamin-essence-toner/,dermapproved.com,dermapproved.com,,,,,,,,,,,genuine_reference,,0.0,0.0,False,,not_visible,a1c673a3e7c0bea28aac33521e6f6cea,e666999999999964,success,near_duplicate_of:8473a961d20a,genuine,Dear Klairs Freshly Juiced Vitamin Essence Toner official,600,700,38144,2026-08-15T14:28:13.137746+00:00
fbd34e63ea34,DEAR_KLAIRS_FRESHLY_JUICED_VITAMIN_ESSENCE_TONER_NA26251200677,Dear Klairs,Freshly Juiced Vitamin Essence Toner,NA26251200677,https://d1flfk77wl2xk4.cloudfront.net/Assets/52/956/l_p0216895652.jpg,SafeCart_Dataset\images\genuine_reference\DEAR_KLAIRS_FRESHLY_JUICED_VITAMIN_ESSENCE_TONER_NA26251200677\fbd34e63ea34.jpg,https://www.yesstyle.com/en/dear-klairs-freshly-juiced-vitamin-essence-toner-180ml/info.html/pid.1133578692,www.yesstyle.com,yesstyle.com,,,,,,,,,,,genuine_reference,,0.0,0.0,False,,not_visible,3c3a0a927c248a8bc674c35eba5f6068,e62699cc9999996c,success,near_duplicate_of:8473a961d20a,genuine,Dear Klairs Freshly Juiced Vitamin Essence Toner official,320,320,7621,2026-08-15T14:28:14.400559+00:00
411561155556,DEAR_KLAIRS_FRESHLY_JUICED_VITAMIN_ESSENCE_TONER_NA26251200677,Dear Klairs,Freshly Juiced Vitamin Essence Toner,NA26251200677,https://dermapproved.com/images/products/dear-klairs-freshly-juiced-vitamin-essence-toner.webp,SafeCart_Dataset\images\genuine_reference\DEAR_KLAIRS_FRESHLY_JUICED_VITAMIN_ESSENCE_TONER_NA26251200677\411561155556.jpg,https://dermapproved.com/products/dear-klairs-freshly-juiced-vitamin-essence-toner/,dermapproved.com,dermapproved.com,,,,,,,,,,,genuine_reference,,0.0,0.0,False,,not_visible,f8f25082052236cdc00bbb2998ccd60b,b666c3a3cf8c9838,success,,genuine,Dear Klairs Freshly Juiced Vitamin Essence Toner official,1200,1200,88917,2026-08-15T14:28:14.486960+00:00
15e02da3f3e4,DEAR_KLAIRS_FRESHLY_JUICED_VITAMIN_ESSENCE_TONER_NA26251200677,Dear Klairs,Freshly Juiced Vitamin Essence Toner,NA26251200677,https://d1flfk77wl2xk4.cloudfront.net/Assets/dear-klairs-freshly-juiced-vitamin-essence-toner-mini-30ml/54/956/XXL_p0216895654.jpg,SafeCart_Dataset\images\genuine_reference\DEAR_KLAIRS_FRESHLY_JUICED_VITAMIN_ESSENCE_TONER_NA26251200677\15e02da3f3e4.jpg,https://www.yesstyle.com/en/dear-klairs-freshly-juiced-vitamin-essence-toner-mini-30ml/info.html/pid.1133578693,www.yesstyle.com,yesstyle.com,,,,,,,,,,,genuine_reference,,0.0,0.0,False,,not_visible,99303dc2d7a7ac953f393c9e69589d21,e69c993399666698,success,,genuine,Dear Klairs Freshly Juiced Vitamin Essence Toner official,640,640,17385,2026-08-15T14:28:16.057252+00:00
2a4024ded74b,DEAR_KLAIRS_FRESHLY_JUICED_VITAMIN_ESSENCE_TONER_NA26251200677,Dear Klairs,Freshly Juiced Vitamin Essence Toner,NA26251200677,https://www.dodoskin.com/cdn/shop/files/dear_klairsFreshlyJuicedVitaminEssenceToner180ml-5.jpg?v=1746576236&width=1200,SafeCart_Dataset\images\genuine_reference\DEAR_KLAIRS_FRESHLY_JUICED_VITAMIN_ESSENCE_TONER_NA26251200677\2a4024ded74b.jpg,https://www.dodoskin.com/products/dear-klairs-freshly-juiced-vitamin-essence-toner-180ml?srsltid=AfmBOopG8UVHvQ2l_gV4ym0t9u-p-fK_rIvecUqzcK7i292gGeomHs9X,www.dodoskin.com,dodoskin.com,,,,,,,,,,,genuine_reference,,0.0,0.0,False,,not_visible,7ad7a9a66140e12fc6d6c40eb5bf093b,f3999cc687c58ea0,success,,genuine,Dear Klairs Freshly Juiced Vitamin Essence Toner official,600,600,62236,2026-08-15T14:28:16.190837+00:00
aa6491c3d17a,DEAR_KLAIRS_FRESHLY_JUICED_VITAMIN_ESSENCE_TONER_NA26251200677,Dear Klairs,Freshly Juiced Vitamin Essence Toner,NA26251200677,https://sokoglam.com/cdn/shop/files/Soko-Glam-PDP-Freshly-Juiced-Vitamin-Essence-Toner_Box_MoCRA.png?v=1759885166&width=1445,SafeCart_Dataset\images\genuine_reference\DEAR_KLAIRS_FRESHLY_JUICED_VITAMIN_ESSENCE_TONER_NA26251200677\aa6491c3d17a.jpg,https://sokoglam.com/products/dear-klairs-freshly-juiced-vitamin-essence-toner?srsltid=AfmBOoosDC3ZuDrdbYK3UxXy7qtB-xI4XsLOnINiA6MFR3ETouQFnqvW,sokoglam.com,sokoglam.com,,,,,,,,,,,genuine_reference,,0.0,0.0,False,,not_visible,8d2e51655567ee2e6871fd55a7df630e,b1cece319bc431c6,success,,genuine,Dear Klairs Freshly Juiced Vitamin Essence Toner official,1400,1750,178481,2026-08-15T14:28:16.368527+00:00
71ec319240a3,ANUA_NIACINAMIDE_5_TXA_BRIGHTENING_PAD_NA26251900083,Anua,Niacinamide 5 TXA Brightening Pad,NA26251900083,https://media.ulta.com/i/ulta/2641334?w=800&h=800&fmt=auto,SafeCart_Dataset\images\genuine_reference\ANUA_NIACINAMIDE_5_TXA_BRIGHTENING_PAD_NA26251900083\71ec319240a3.jpg,https://www.ulta.com/p/niacinamide-5-txa-brightening-pad-pimprod2052160?sku=2641334,www.ulta.com,ulta.com,,,,,,,,,,,genuine_reference,,0.0,0.0,False,,not_visible,a4a383af939838cdfb476350cb36b266,c0d21b2d3f823f4e,success,,genuine,Anua Niacinamide 5 TXA Brightening Pad official,800,800,74693,2026-08-15T14:28:35.287322+00:00
0d315d7e6990,ANUA_NIACINAMIDE_5_TXA_BRIGHTENING_PAD_NA26251900083,Anua,Niacinamide 5 TXA Brightening Pad,NA26251900083,https://anua.com/cdn/shop/files/anua-us-toner-niacinamide-5-txa-brightening-pad-1239193731_2000x.jpg?v=1779176349,SafeCart_Dataset\images\genuine_reference\ANUA_NIACINAMIDE_5_TXA_BRIGHTENING_PAD_NA26251900083\0d315d7e6990.jpg,https://anua.com/products/niacinamide-5-txa-brightening-pad?srsltid=AfmBOop_mgN7uJRnHQPNnc63Dx-RUyjBASWVLnORq2kJJYYzFs6B275j,anua.com,anua.com,,,,,,,,,,,genuine_reference,,0.0,0.0,False,,not_visible,1c8b183dcbfc0816a22aa28a2c211106,e49b9364c965926d,success,,genuine,Anua Niacinamide 5 TXA Brightening Pad official,2000,2000,136635,2026-08-15T14:28:35.522976+00:00
86f3fa5a67dc,ANUA_NIACINAMIDE_5_TXA_BRIGHTENING_PAD_NA26251900083,Anua,Niacinamide 5 TXA Brightening Pad,NA26251900083,https://anua.com/cdn/shop/files/anua-us-toner-60-ea-niacinamide-5-txa-brightening-pad-1170826112.png?v=1760941908&width=2000,SafeCart_Dataset\images\genuine_reference\ANUA_NIACINAMIDE_5_TXA_BRIGHTENING_PAD_NA26251900083\86f3fa5a67dc.jpg,https://anua.com/products/niacinamide-5-txa-brightening-pad?srsltid=AfmBOorwfEddvFHI1AKJGDYxOHoR1F-jrxIN2ErPNVBUghMflvZ2P2Cf,anua.com,anua.com,,,,,,,,,,,genuine_reference,,0.0,0.0,False,,not_visible,c3356699097a51941188a955161b04f0,ed9a25269b64e4c3,success,,genuine,Anua Niacinamide 5 TXA Brightening Pad official,2000,2000,632647,2026-08-15T14:28:35.840303+00:00
d30d8dac56ff,ANUA_NIACINAMIDE_5_TXA_BRIGHTENING_PAD_NA26251900083,Anua,Niacinamide 5 TXA Brightening Pad,NA26251900083,https://anua.com/cdn/shop/files/anua-us-toner-60-ea-niacinamide-5-txa-brightening-pad-1170826116.png?v=1760941908&width=2000,SafeCart_Dataset\images\genuine_reference\ANUA_NIACINAMIDE_5_TXA_BRIGHTENING_PAD_NA26251900083\d30d8dac56ff.jpg,https://anua.com/products/niacinamide-5-txa-brightening-pad?srsltid=AfmBOoroHYGVgA4y2DgAJkWyu3M_Y9l97vAbYxMIJsf8KSekDQqo21Cf,anua.com,anua.com,,,,,,,,,,,genuine_reference,,0.0,0.0,False,,not_visible,32023b76defba6050fed1896604be787,e79c60f1d0cc8dc6,success,,genuine,Anua Niacinamide 5 TXA Brightening Pad official,2000,2000,398313,2026-08-15T14:28:36.511230+00:00
e23ea028a09d,ANUA_NIACINAMIDE_5_TXA_BRIGHTENING_PAD_NA26251900083,Anua,Niacinamide 5 TXA Brightening Pad,NA26251900083,https://anua.com/cdn/shop/files/anua-us-toner-60-ea-niacinamide-5-txa-brightening-pad-1170826115.png?v=1760941908&width=2000,SafeCart_Dataset\images\genuine_reference\ANUA_NIACINAMIDE_5_TXA_BRIGHTENING_PAD_NA26251900083\e23ea028a09d.jpg,https://anua.com/products/niacinamide-5-txa-brightening-pad?srsltid=AfmBOopL-xghiF0TAv_85Kfrum9ZktY0wDgzO7NePRQhlGpUsaAlf7tN,anua.com,anua.com,,,,,,,,,,,genuine_reference,,0.0,0.0,False,,not_visible,6792919f9060fcbd728592e6476fa468,ed9992c2926de16a,success,,genuine,Anua Niacinamide 5 TXA Brightening Pad official,2000,2000,419687,2026-08-15T14:28:37.491939+00:00
aadf7897cead,ANUA_NIACINAMIDE_5_TXA_BRIGHTENING_PAD_NA26251900083,Anua,Niacinamide 5 TXA Brightening Pad,NA26251900083,https://anua.com/cdn/shop/files/anua-us-toner-60-ea-niacinamide-5-txa-brightening-pad-1170826113.png?v=1760941908&width=2000,SafeCart_Dataset\images\genuine_reference\ANUA_NIACINAMIDE_5_TXA_BRIGHTENING_PAD_NA26251900083\aadf7897cead.jpg,https://anua.com/products/niacinamide-5-txa-brightening-pad?srsltid=AfmBOoqHZsj3DA3erMfZSM_r288f2_XA9VQ6NBH0GmwteGfOs6unq5Sp,anua.com,anua.com,,,,,,,,,,,genuine_reference,,0.0,0.0,False,,not_visible,998ef632d5b0ce4835c6cf61f413cab6,ee98b1b5965a4ac8,success,,genuine,Anua Niacinamide 5 TXA Brightening Pad official,2000,2000,741493,2026-08-15T14:28:38.275369+00:00
70d4eb87b78a,ANUA_NIACINAMIDE_5_TXA_BRIGHTENING_PAD_NA26251900083,Anua,Niacinamide 5 TXA Brightening Pad,NA26251900083,http://kbeautystore.com/cdn/shop/files/3_6bee2298-f871-4c42-ae7f-f07f88ec6750_webp.jpg?v=1748617198&width=1200,SafeCart_Dataset\images\genuine_reference\ANUA_NIACINAMIDE_5_TXA_BRIGHTENING_PAD_NA26251900083\70d4eb87b78a.jpg,https://kbeautystore.com/products/niacinamide-5-txa-brightening-pad,kbeautystore.com,kbeautystore.com,,,,,,,,,,,genuine_reference,,0.0,0.0,False,,not_visible,632fa7761de5a081c7b013828ffcce76,ea95f4854b92ba85,success,,genuine,Anua Niacinamide 5 TXA Brightening Pad official,622,759,65441,2026-08-15T14:28:39.106260+00:00
7c49b57b0d12,ANUA_NIACINAMIDE_5_TXA_BRIGHTENING_PAD_NA26251900083,Anua,Niacinamide 5 TXA Brightening Pad,NA26251900083,http://kbeautystore.com/cdn/shop/files/img_8712_jpeg.webp?v=1748617197&width=1200,SafeCart_Dataset\images\genuine_reference\ANUA_NIACINAMIDE_5_TXA_BRIGHTENING_PAD_NA26251900083\7c49b57b0d12.jpg,https://kbeautystore.com/products/niacinamide-5-txa-brightening-pad,kbeautystore.com,kbeautystore.com,,,,,,,,,,,genuine_reference,,0.0,0.0,False,,not_visible,c518a4efbad9f9e28d7550a8abc2f6c4,ec9bc32c56386965,success,,genuine,Anua Niacinamide 5 TXA Brightening Pad official,1200,1200,97343,2026-08-15T14:28:39.490690+00:00
f5da72e86b57,I_M_FROM_RICE_TONER_PAD_NA26251200291,I'm From,Rice Toner Pad,NA26251200291,https://www.dodoskin.com/cdn/shop/files/I_mfromRiceTonerPad140mlx60ea-3.jpg?v=1741246181&width=1200,SafeCart_Dataset\images\genuine_reference\I_M_FROM_RICE_TONER_PAD_NA26251200291\f5da72e86b57.jpg,https://www.dodoskin.com/products/im-from-rice-toner-pad-140ml?srsltid=AfmBOoqBgDgYRJ_4240Cmgii6YiBYHaOdmTBjyokEDsr7fDej73YOLf9,www.dodoskin.com,dodoskin.com,,,,,,,,,,,genuine_reference,,0.0,0.0,False,,not_visible,b0dc4d5d6317935334922bf7499000d4,f0c60f39cc63cc8e,success,,genuine,I'm From Rice Toner Pad official,1200,1200,89682,2026-08-15T14:28:10.804504+00:00
b125e7616a91,I_M_FROM_RICE_TONER_PAD_NA26251200291,I'm From,Rice Toner Pad,NA26251200291,https://www.dodoskin.com/cdn/shop/files/I_mfromRiceTonerPad140mlx60ea-7.jpg?v=1741246181&width=1200,SafeCart_Dataset\images\genuine_reference\I_M_FROM_RICE_TONER_PAD_NA26251200291\b125e7616a91.jpg,https://www.dodoskin.com/products/im-from-rice-toner-pad-140ml?srsltid=AfmBOoqSTSX-0CS2wA-bbxFE_jneiGght498ld32UyCtRU3DFVEJxeMH,www.dodoskin.com,dodoskin.com,,,,,,,,,,,genuine_reference,,0.0,0.0,False,,not_visible,f1d0b3ed1d0982819e5c6dcb1757010b,95b2d359ad162d89,success,,genuine,I'm From Rice Toner Pad official,1200,1200,138690,2026-08-15T14:28:11.041172+00:00
f1790bdbca02,I_M_FROM_RICE_TONER_PAD_NA26251200291,I'm From,Rice Toner Pad,NA26251200291,https://www.dodoskin.com/cdn/shop/files/I_mfromRiceTonerPad140mlx60ea-6.jpg?v=1741246181&width=1200,SafeCart_Dataset\images\genuine_reference\I_M_FROM_RICE_TONER_PAD_NA26251200291\f1790bdbca02.jpg,https://www.dodoskin.com/products/im-from-rice-toner-pad-140ml?srsltid=AfmBOoo41la605iI_Bpxq49Ss19RC-YVq85FkkUzRArWywXoxWmDPcls,www.dodoskin.com,dodoskin.com,,,,,,,,,,,genuine_reference,,0.0,0.0,False,,not_visible,1ac2789d0bc22f2a247813308e47253d,ee841b69c47ec4cc,success,,genuine,I'm From Rice Toner Pad official,1200,1200,124410,2026-08-15T14:28:11.309857+00:00
06605166f716,I_M_FROM_RICE_TONER_PAD_NA26251200291,I'm From,Rice Toner Pad,NA26251200291,http://kiokii.com/cdn/shop/files/im-from-rice-toner-pad-60-sheetsim-fromkiokii-and-901417.webp?v=1749298879,SafeCart_Dataset\images\genuine_reference\I_M_FROM_RICE_TONER_PAD_NA26251200291\06605166f716.jpg,https://kiokii.com/products/imfrom-rice-toner-pad-60-sheets?srsltid=AfmBOornp2uh6Xy-8HF5Cy9C1sYSf4hnAZ_hfN6CwFRtd6Zb1hs4xRAJ,kiokii.com,kiokii.com,,,,,,,,,,,genuine_reference,,0.0,0.0,False,,not_visible,c1d22b355268888666724b3a96d5f878,e590bb6df6489039,success,,genuine,I'm From Rice Toner Pad official,800,800,51071,2026-08-15T14:28:11.628061+00:00
fd07861fd972,I_M_FROM_RICE_TONER_PAD_NA26251200291,I'm From,Rice Toner Pad,NA26251200291,https://www.dodoskin.com/cdn/shop/files/I_mfromRiceTonerPad140mlx60ea-5.jpg?v=1741246181&width=1200,SafeCart_Dataset\images\genuine_reference\I_M_FROM_RICE_TONER_PAD_NA26251200291\fd07861fd972.jpg,https://www.dodoskin.com/products/im-from-rice-toner-pad-140ml?srsltid=AfmBOop8kQIRWtVCc22Q7wn_fhZZ6cRBOkM4HNBtoIMR8sj0Pa7Xqb01,www.dodoskin.com,dodoskin.com,,,,,,,,,,,genuine_reference,,0.0,0.0,False,,not_visible,2285486a323b3cf9b3684ee0288134c0,d52bae55d29a6225,success,,genuine,I'm From Rice Toner Pad official,1200,1200,138576,2026-08-15T14:28:12.100913+00:00
fbccf15525ef,I_M_FROM_RICE_TONER_PAD_NA26251200291,I'm From,Rice Toner Pad,NA26251200291,https://koreanskincare.com/cdn/shop/files/Korean-Skincare-Official_b3459bdc-9c71-449b-9f80-f35e3cbab3cb.jpg?v=1756709146,SafeCart_Dataset\images\genuine_reference\I_M_FROM_RICE_TONER_PAD_NA26251200291\fbccf15525ef.jpg,https://koreanskincare.com/products/im-from-rice-toner-pad?srsltid=AfmBOoru9i_3_lZEvdwbuQz-85S8WDKESeUqK4KZt_2ckvzQZT-_g6-Q,koreanskincare.com,koreanskincare.com,,,,,,,,,,,genuine_reference,,0.0,0.0,False,,not_visible,20c416f5f38cb8d604208a2215b6ac5d,c698f39272999333,success,,genuine,I'm From Rice Toner Pad official,800,800,42183,2026-08-15T14:28:12.576684+00:00
3c47c2a41c46,I_M_FROM_RICE_TONER_PAD_NA26251200291,I'm From,Rice Toner Pad,NA26251200291,https://static.ksisters.com/public/skus/l/d8969532b3debc14525fb0ed2a856b74_wtusr5tf_d2a9c6afcfdcd9.webp,SafeCart_Dataset\images\genuine_reference\I_M_FROM_RICE_TONER_PAD_NA26251200291\3c47c2a41c46.jpg,https://ksisters.gr/en/product/i-m-from-rice-toner-pad?srsltid=AfmBOoqTItqkt8OmPYeoiOMpsBWBij3gJ5JKTBY0mhfmtH6KDpySmdTm,ksisters.gr,ksisters.gr,,,,,,,,,,,genuine_reference,,0.0,0.0,False,,not_visible,82bfe9eb3424be5b1364ff855ccc0a1e,cfd2526d924ab26a,success,,genuine,I'm From Rice Toner Pad official,584,730,30525,2026-08-15T14:28:12.803412+00:00
eaf740131368,I_M_FROM_RICE_TONER_PAD_NA26251200291,I'm From,Rice Toner Pad,NA26251200291,https://www.mirai-skin.com/cdn/shop/files/product_images_1737447567.932901840535851_4033848141737648138_grande.jpg?v=1747682136,SafeCart_Dataset\images\genuine_reference\I_M_FROM_RICE_TONER_PAD_NA26251200291\eaf740131368.jpg,https://www.mirai-skin.com/products/im-from-rice-toner-pad-60ea?srsltid=AfmBOori2YM6Q7jiks_9c4xq8U5r_sOQ_WuKwfyN6uQZgpNdtbRBHrZr,www.mirai-skin.com,mirai-skin.com,,,,,,,,,,,genuine_reference,,0.0,0.0,False,,not_visible,9cd1f05bbce91778a09f95bcc70f310e,ec5a5a6c93a5b22c,success,,genuine,I'm From Rice Toner Pad official,510,510,17305,2026-08-15T14:28:13.098462+00:00
29c69b905d48,ANUA_PDRN_100_HYALURONIC_ACID_GLOW_PAD_NA26250100362,Anua,PDRN 100 Hyaluronic Acid Glow Pad,NA26250100362,http://koreanskincare.com/cdn/shop/files/Korean-Skincare-Official_a27f2652-400b-4427-9720-76b1c9ea6c79.jpg?v=1750945962,SafeCart_Dataset\images\genuine_reference\ANUA_PDRN_100_HYALURONIC_ACID_GLOW_PAD_NA26250100362\29c69b905d48.jpg,https://koreanskincare.com/products/anua-pdrn-100-hyaluronic-acid-glow-pad?srsltid=AfmBOooAGY7xWtzDc4G6C4h9vqQhlkgmvrHYx7vhecM_gjA9GdAshL2q,koreanskincare.com,koreanskincare.com,,,,,,,,,,,genuine_reference,,0.0,0.0,False,,not_visible,9ed1b4cec80235f117e0874c8df0ae53,ef909036cb69c06f,success,,genuine,Anua PDRN 100 Hyaluronic Acid Glow Pad official,800,800,51638,2026-08-15T14:28:45.396117+00:00
8839eef1012e,ANUA_PDRN_100_HYALURONIC_ACID_GLOW_PAD_NA26250100362,Anua,PDRN 100 Hyaluronic Acid Glow Pad,NA26250100362,https://anua.com/cdn/shop/files/anua-us-toner-60-ea-pdrn-100-hyaluronic-acid-glow-pad-1170826104.png?v=1757400043&width=2000,SafeCart_Dataset\images\genuine_reference\ANUA_PDRN_100_HYALURONIC_ACID_GLOW_PAD_NA26250100362\8839eef1012e.jpg,https://anua.com/products/pdrn-100-hyaluronic-acid-glow-pad?srsltid=AfmBOopwRallAR1nevGRnzugo6e1pPTBRETQyKSl973tfs6CazILeLhw,anua.com,anua.com,,,,,,,,,,,genuine_reference,,0.0,0.0,False,,not_visible,de3e3961a23e3662b83ea0aa8481a970,cbb99446b6e9944a,success,,genuine,Anua PDRN 100 Hyaluronic Acid Glow Pad official,2000,2000,492838,2026-08-15T14:28:45.700974+00:00
70514899e05c,ANUA_PDRN_100_HYALURONIC_ACID_GLOW_PAD_NA26250100362,Anua,PDRN 100 Hyaluronic Acid Glow Pad,NA26250100362,https://anua.com/cdn/shop/files/anua-us-toner-60-ea-pdrn-100-hyaluronic-acid-glow-pad-1170826109.png?v=1748644886&width=2000,SafeCart_Dataset\images\genuine_reference\ANUA_PDRN_100_HYALURONIC_ACID_GLOW_PAD_NA26250100362\70514899e05c.jpg,https://anua.com/products/pdrn-100-hyaluronic-acid-glow-pad?srsltid=AfmBOopr242c3giniYyo6F_X80o56d4UF88zqJDIUL5RTlymK6KtpQkV,anua.com,anua.com,,,,,,,,,,,genuine_reference,,0.0,0.0,False,,not_visible,cccf4c068ab15ba7015ef1231cde40ad,ef9694c5d2cb3a20,success,,genuine,Anua PDRN 100 Hyaluronic Acid Glow Pad official,2000,2000,576358,2026-08-15T14:28:46.228181+00:00
ab6d0a195ba3,ANUA_PDRN_100_HYALURONIC_ACID_GLOW_PAD_NA26250100362,Anua,PDRN 100 Hyaluronic Acid Glow Pad,NA26250100362,https://anua.com/cdn/shop/files/anua-us-toner-60-ea-pdrn-100-hyaluronic-acid-glow-pad-1170826106.png?v=1757400043&width=2000,SafeCart_Dataset\images\genuine_reference\ANUA_PDRN_100_HYALURONIC_ACID_GLOW_PAD_NA26250100362\ab6d0a195ba3.jpg,https://anua.com/products/pdrn-100-hyaluronic-acid-glow-pad?srsltid=AfmBOor3FL3qEXv3npUGAfVRFfH4C0uVis5N0oAm6oIm28FLOPQg4Bgo,anua.com,anua.com,,,,,,,,,,,genuine_reference,,0.0,0.0,False,,not_visible,9c10e9d58e54259acfa62f23424016f0,bca3f18e709d53c0,success,,genuine,Anua PDRN 100 Hyaluronic Acid Glow Pad official,2000,2000,622000,2026-08-15T14:28:46.876424+00:00
bd6b07cbae5f,ANUA_PDRN_100_HYALURONIC_ACID_GLOW_PAD_NA26250100362,Anua,PDRN 100 Hyaluronic Acid Glow Pad,NA26250100362,https://d2c3d01lcpw2ui.cloudfront.net/gl/data/item/1749609643/317593884201265b4da4b62bcc.jpg,SafeCart_Dataset\images\genuine_reference\ANUA_PDRN_100_HYALURONIC_ACID_GLOW_PAD_NA26250100362\bd6b07cbae5f.jpg,https://www.stylekorean.com/shop/anua-pdrn-100-hyaluronic-acid-glow-pad-60ea/1749609643?srsltid=AfmBOoonC2fIYnWrpyicy-SGQZf_86lxjAfbgDXBJog0g4hpZwn8XvrN,www.stylekorean.com,stylekorean.com,,,,,,,,,,,genuine_reference,,0.0,0.0,False,,not_visible,2404826282bac27683ae68ad787951c2,be722604e123e33f,success,,genuine,Anua PDRN 100 Hyaluronic Acid Glow Pad official,500,500,51999,2026-08-15T14:28:47.500405+00:00
4f759dbb3cc1,ANUA_PDRN_100_HYALURONIC_ACID_GLOW_PAD_NA26250100362,Anua,PDRN 100 Hyaluronic Acid Glow Pad,NA26250100362,https://koreanskincare.com/cdn/shop/files/9222_kopie.jpg?v=1752472750,SafeCart_Dataset\images\genuine_reference\ANUA_PDRN_100_HYALURONIC_ACID_GLOW_PAD_NA26250100362\4f759dbb3cc1.jpg,https://koreanskincare.com/products/anua-pdrn-100-hyaluronic-acid-glow-pad?srsltid=AfmBOoqP0mWQXO8yusDCPeliuR4fvibZ4XPfguVyEf4xvBbqfe9BrGKB,koreanskincare.com,koreanskincare.com,,,,,,,,,,,genuine_reference,,0.0,0.0,False,,not_visible,acf970093361962da5448b67d4f00dfa,bcc3c96c1738c933,success,,genuine,Anua PDRN 100 Hyaluronic Acid Glow Pad official,800,800,59296,2026-08-15T14:28:48.142421+00:00
29030a906a2f,ANUA_PDRN_100_HYALURONIC_ACID_GLOW_PAD_NA26250100362,Anua,PDRN 100 Hyaluronic Acid Glow Pad,NA26250100362,https://cafe24img.poxo.com/jolsejolse/web/product/extra/big/202507/18ef242f297f82223bb5ab275f4fd2af.jpg,SafeCart_Dataset\images\genuine_reference\ANUA_PDRN_100_HYALURONIC_ACID_GLOW_PAD_NA26250100362\29030a906a2f.jpg,https://m.jolse.com/product/anua-pdrn-100-hyaluronic-acid-glow-pad-180ml-60ea/89735/,m.jolse.com,m.jolse.com,,,,,,,,,,,genuine_reference,,0.0,0.0,False,,not_visible,369ebe4f2dc07992bea3b93b21352b9a,ea95659a8aaaac9a,success,,genuine,Anua PDRN 100 Hyaluronic Acid Glow Pad official,500,500,44890,2026-08-15T14:28:48.327137+00:00
b4c5249df235,ANUA_PDRN_100_HYALURONIC_ACID_GLOW_PAD_NA26250100362,Anua,PDRN 100 Hyaluronic Acid Glow Pad,NA26250100362,https://www.skincupid.us/cdn/shop/files/ANUA_PDRN_100_Hyaluronic_Acid_Glow_Pad_60_pads.png?v=1760352426,SafeCart_Dataset\images\genuine_reference\ANUA_PDRN_100_HYALURONIC_ACID_GLOW_PAD_NA26250100362\b4c5249df235.jpg,https://www.skincupid.us/products/anua-pdrn-100-hyaluronic-acid-glow-pad-60-pads,www.skincupid.us,skincupid.us,,,,,,,,,,,genuine_reference,,0.0,0.0,False,,not_visible,3a5e2c372417ee58bc6e0d8b380a00a1,e49b9b64c92c929e,success,,genuine,Anua PDRN 100 Hyaluronic Acid Glow Pad official,2000,2000,170707,2026-08-15T14:28:48.477271+00:00
63de4bb68f46,I_M_FROM_RICE_TONER_NA26251200644,I'm From,Rice Toner,NA26251200644,https://sentisenti.com/cdn/shop/files/I_m-From-Rice-Toner2-sentisenti.jpg?v=1749841397&width=1080,SafeCart_Dataset\images\genuine_reference\I_M_FROM_RICE_TONER_NA26251200644\63de4bb68f46.jpg,https://sentisenti.com/products/im-from-rice-toner?srsltid=AfmBOor8FIq4Ej1r5ofJIUtYylU8NI8qKXkmIGds_qpt4MdMg78dRPd8,sentisenti.com,sentisenti.com,,,,,,,,,,,genuine_reference,,0.0,0.0,False,,not_visible,cedfc6fdc6d95f9bdfcf88a4b3adf3e1,8e33f318a54c5aa7,success,,genuine,I'm From Rice Toner official,1080,1080,86555,2026-08-15T14:29:02.230018+00:00
62b9e349a17b,I_M_FROM_RICE_TONER_NA26251200644,I'm From,Rice Toner,NA26251200644,http://sukoshi.com/cdn/shop/files/i_m-from-rice-oner-150ml-renew-cover_1024x1024.webp?v=1785175490,SafeCart_Dataset\images\genuine_reference\I_M_FROM_RICE_TONER_NA26251200644\62b9e349a17b.jpg,https://sukoshi.com/products/im-from-rice-toner?srsltid=AfmBOoqL5HZeckX_gwvuabsOJ7fHmWFPo5Y69zK1feq-r0sfWrgK0Zew,sukoshi.com,sukoshi.com,,,,,,,,,,,genuine_reference,,0.0,0.0,False,,not_visible,5bc8102e02ec1778cc63203f551ec06c,e6a5d9598948b5aa,success,,genuine,I'm From Rice Toner official,800,1000,48800,2026-08-15T14:29:02.487550+00:00
0b765b58290f,I_M_FROM_RICE_TONER_NA26251200644,I'm From,Rice Toner,NA26251200644,https://gdx-assets.costco.com/adobe/assets/urn:aaid:aem:a241a533-382d-4b2c-960d-eeb836f897e8/as/4000335054-847__7.avif?width=727&height=727&fit=contain,SafeCart_Dataset\images\genuine_reference\I_M_FROM_RICE_TONER_NA26251200644\0b765b58290f.jpg,https://www.costco.com/p/-/im-from-rice-toner-676-fl-oz-2-pack/4000335054,www.costco.com,costco.com,,,,,,,,,,,genuine_reference,,0.0,0.0,False,,not_visible,311f8a5c5859d84e0763bddaa4556c6a,e6669b3099cc99c9,success,,genuine,I'm From Rice Toner official,727,727,42459,2026-08-15T14:29:02.774747+00:00
f22f4ba3978a,I_M_FROM_RICE_TONER_NA26251200644,I'm From,Rice Toner,NA26251200644,https://sentisenti.com/cdn/shop/files/I_m-From-Rice-Toner-repackage-30ml-sentisenti.jpg?v=1783954744&width=1080,SafeCart_Dataset\images\genuine_reference\I_M_FROM_RICE_TONER_NA26251200644\f22f4ba3978a.jpg,https://sentisenti.com/products/im-from-rice-toner?srsltid=AfmBOoqJS2MoDMzfhNl2HwTxQfvpVBob_8fiqEvLVYvTEhYRjzQaG8g4,sentisenti.com,sentisenti.com,,,,,,,,,,,genuine_reference,,0.0,0.0,False,,not_visible,651cdc2f55b19bf46b2756320fcf42b1,e6669b9999999988,success,,genuine,I'm From Rice Toner official,1080,1080,48723,2026-08-15T14:29:02.957741+00:00
53a7e4dde60d,I_M_FROM_RICE_TONER_NA26251200644,I'm From,Rice Toner,NA26251200644,https://sokoglam.com/cdn/shop/files/RiceToner4_edit_1_Resized.jpg?v=1759249658&width=1445,SafeCart_Dataset\images\genuine_reference\I_M_FROM_RICE_TONER_NA26251200644\53a7e4dde60d.jpg,https://sokoglam.com/products/im-from-rice-toner?srsltid=AfmBOoqj1r4HVSiX8MSTqV-s2l9a2BcgIFSSYBtYAquMDvmP4dyGg3ei,sokoglam.com,sokoglam.com,,,,,,,,,,,genuine_reference,,0.0,0.0,False,,not_visible,4a7762b197e4a0778d7684a8ce12e763,cc33b34c84c237db,success,,genuine,I'm From Rice Toner official,1400,1750,141802,2026-08-15T14:29:03.141674+00:00
60297aa1db27,I_M_FROM_RICE_TONER_NA26251200644,I'm From,Rice Toner,NA26251200644,http://sukoshi.com/cdn/shop/files/im-from-black-rice-toner-close_1024x1024.jpg?v=1749674817,SafeCart_Dataset\images\genuine_reference\I_M_FROM_RICE_TONER_NA26251200644\60297aa1db27.jpg,https://sukoshi.com/products/im-from-black-rice-toner?srsltid=AfmBOopt0odknVtorip7AZ50B6nEF_VkwHIsehuf7M3fiebqulnIfa5n,sukoshi.com,sukoshi.com,,,,,,,,,,,genuine_reference,,0.0,0.0,False,,not_visible,9d1b448b94dd720463d2367186943e0c,d62c19675963d91c,success,,genuine,I'm From Rice Toner official,800,1000,71526,2026-08-15T14:29:03.407894+00:00
f5e3bce224cb,I_M_FROM_RICE_TONER_NA26251200644,I'm From,Rice Toner,NA26251200644,https://i5.walmartimages.com/asr/0ae7c740-d6c2-4190-b3a3-eb6afe8a16ba.790e7d5c582b0117b07653702962c534.jpeg?odnHeight=768&odnWidth=768&odnBg=FFFFFF,SafeCart_Dataset\images\genuine_reference\I_M_FROM_RICE_TONER_NA26251200644\f5e3bce224cb.jpg,https://beta.walmart.com/ip/I-m-from-Rice-Toner-5-07-fl-oz-77-78-Rice-Extract-Glow-Essence-with-Niacinamide-Hydrating-for-Dry-Skin-Vegan-Alcohol-Free-K-Beauty-Toner/945570199,beta.walmart.com,beta.walmart.com,,,,,,,,,,,genuine_reference,,0.0,0.0,False,,not_visible,a100d7079a2073db9402c223b0aac84d,e3d5ad2b9449da84,success,,genuine,I'm From Rice Toner official,768,768,60299,2026-08-15T14:29:03.721376+00:00
bdf76077b8f7,I_M_FROM_RICE_TONER_NA26251200644,I'm From,Rice Toner,NA26251200644,https://sokoglam.com/cdn/shop/files/I_mFrom_RiceToner_lifestyle01_Resized.jpg?v=1759249709&width=1445,SafeCart_Dataset\images\genuine_reference\I_M_FROM_RICE_TONER_NA26251200644\bdf76077b8f7.jpg,https://sokoglam.com/products/im-from-rice-toner?srsltid=AfmBOooTkr7VQ3p3xIA2IHLwWUYeMbiQC9CmDRIp1ySXEHrT_c0vvFUM,sokoglam.com,sokoglam.com,,,,,,,,,,,genuine_reference,,0.0,0.0,False,,not_visible,c20924b307b1d29a4a4e9decddd686dd,ac37f32cd2ac44b2,success,,genuine,I'm From Rice Toner official,1400,1750,132110,2026-08-15T14:29:03.975002+00:00
08bbda74ded5,SKINTIFIC_AHA_BHA_PHA_EXFOLIATING_PADS_NA11251201488,Skintific,AHA BHA PHA Exfoliating Pads,NA11251201488,https://d1flfk77wl2xk4.cloudfront.net/Assets/skintific-aha-bha-pha-exfoliating-pads-130ml/50/757/XXL_p0222175750.jpg,SafeCart_Dataset\images\genuine_reference\SKINTIFIC_AHA_BHA_PHA_EXFOLIATING_PADS_NA11251201488\08bbda74ded5.jpg,https://www.yesstyle.com/en/skintific-aha-bha-pha-exfoliating-pads-130ml/info.html/pid.1136493069,www.yesstyle.com,yesstyle.com,,,,,,,,,,,genuine_reference,,0.0,0.0,False,,not_visible,468d4e945865a981901b6d63d5cbf3e0,e887c7789325872d,success,,genuine,Skintific AHA BHA PHA Exfoliating Pads official,640,640,30535,2026-08-15T14:28:56.837687+00:00
b59e0a92c22a,SKINTIFIC_AHA_BHA_PHA_EXFOLIATING_PADS_NA11251201488,Skintific,AHA BHA PHA Exfoliating Pads,NA11251201488,https://thaimegastore.com/cdn/shop/files/skintific-aha-bha-pha-exfoliating-pads_600x.png?v=1760105295,SafeCart_Dataset\images\genuine_reference\SKINTIFIC_AHA_BHA_PHA_EXFOLIATING_PADS_NA11251201488\b59e0a92c22a.jpg,https://thaimegastore.com/products/skintific-aha-bha-pha-exfoliating-pads,thaimegastore.com,thaimegastore.com,,,,,,,,,,,genuine_reference,,0.0,0.0,False,,not_visible,185dee8e439e53136a6a2c8fc9674891,ebc99436cbc96a84,success,,genuine,Skintific AHA BHA PHA Exfoliating Pads official,600,600,30662,2026-08-15T14:28:58.209250+00:00
9fbaafe1884f,SKINTIFIC_AHA_BHA_PHA_EXFOLIATING_PADS_NA11251201488,Skintific,AHA BHA PHA Exfoliating Pads,NA11251201488,https://cdn.shopify.com/s/files/1/0563/1701/8217/files/S-23.jpg?v=1763438389,SafeCart_Dataset\images\genuine_reference\SKINTIFIC_AHA_BHA_PHA_EXFOLIATING_PADS_NA11251201488\9fbaafe1884f.jpg,https://skintific.com/products/aha-bha-pha-pads-lactic-acid-serum-set,skintific.com,skintific.com,,,,,,,,,,,genuine_reference,,0.0,0.0,False,,not_visible,9f47b3647a9826349ce5370a35098651,fa83856d835b2574,success,,genuine,Skintific AHA BHA PHA Exfoliating Pads official,1600,1600,190356,2026-08-15T14:28:58.484079+00:00
c740f03cd2aa,SKINTIFIC_AHA_BHA_PHA_EXFOLIATING_PADS_NA11251201488,Skintific,AHA BHA PHA Exfoliating Pads,NA11251201488,https://skintific.com/cdn/shop/files/SKT-23_01-EN.jpg?v=1761725910&width=1500,SafeCart_Dataset\images\genuine_reference\SKINTIFIC_AHA_BHA_PHA_EXFOLIATING_PADS_NA11251201488\c740f03cd2aa.jpg,https://skintific.com/nl-nl/products/aha-bha-pha-exfoliating-pads?_pos=2&_fid=fc14301b3&_ss=c,skintific.com,skintific.com,,,,,,,,,,,genuine_reference,,0.0,0.0,False,,not_visible,8aeeff9baafe57a0d69cdcec792fd401,e59e61619e259867,success,,genuine,Skintific AHA BHA PHA Exfoliating Pads official,1500,1500,252338,2026-08-15T14:28:59.909115+00:00
35d94db2d02c,SKINTIFIC_AHA_BHA_PHA_EXFOLIATING_PADS_NA11251201488,Skintific,AHA BHA PHA Exfoliating Pads,NA11251201488,https://theonionstores.com/cdn/shop/files/2025080616413724684.jpg?v=1766711992&width=1946,SafeCart_Dataset\images\genuine_reference\SKINTIFIC_AHA_BHA_PHA_EXFOLIATING_PADS_NA11251201488\35d94db2d02c.jpg,https://theonionstores.com/products/skintific-aha-bha-pha-exfoliating-pads,theonionstores.com,theonionstores.com,,,,,,,,,,,genuine_reference,,0.0,0.0,False,,not_visible,9ea2556668b11686eb780da0caf2468b,f44b2e3887329c67,success,,genuine,Skintific AHA BHA PHA Exfoliating Pads official,1000,1000,98794,2026-08-15T14:29:00.407853+00:00
7ed969655a2c,SKINTIFIC_AHA_BHA_PHA_EXFOLIATING_PADS_NA11251201488,Skintific,AHA BHA PHA Exfoliating Pads,NA11251201488,https://storage.skinsort.com/05ow0znpioudh5nefkmanjf3u2dg,SafeCart_Dataset\images\genuine_reference\SKINTIFIC_AHA_BHA_PHA_EXFOLIATING_PADS_NA11251201488\7ed969655a2c.jpg,https://skinsort.com/products/skintific/aha-bha-pha-exfoliating-pads,skinsort.com,skinsort.com,,,,,,,,,,,genuine_reference,,0.0,0.0,False,,not_visible,d0039bafeef45f9223475a579dbc4ed0,e99a9664699a65c6,success,,genuine,Skintific AHA BHA PHA Exfoliating Pads official,880,880,43119,2026-08-15T14:29:00.721474+00:00
e902f5f9ee20,SKINTIFIC_AHA_BHA_PHA_EXFOLIATING_PADS_NA11251201488,Skintific,AHA BHA PHA Exfoliating Pads,NA11251201488,https://thaimegastore.com/cdn/shop/files/skintific-brightening-facial-pads_2000x.png?v=1760105295,SafeCart_Dataset\images\genuine_reference\SKINTIFIC_AHA_BHA_PHA_EXFOLIATING_PADS_NA11251201488\e902f5f9ee20.jpg,https://thaimegastore.com/products/skintific-aha-bha-pha-exfoliating-pads,thaimegastore.com,thaimegastore.com,,,,,,,,,,,genuine_reference,,0.0,0.0,False,,not_visible,04e8f0dff40a7265e29d916708376e5c,e66c6c09d9d99193,success,,genuine,Skintific AHA BHA PHA Exfoliating Pads official,1080,1080,169576,2026-08-15T14:29:00.912484+00:00
d7dcaeed1b95,SKINTIFIC_AHA_BHA_PHA_EXFOLIATING_PADS_NA11251201488,Skintific,AHA BHA PHA Exfoliating Pads,NA11251201488,https://us.skintific.com/cdn/shop/files/AHA_BHA_PHA_Exfoliating_Pads_1.jpg?v=1785923361&width=2200,SafeCart_Dataset\images\genuine_reference\SKINTIFIC_AHA_BHA_PHA_EXFOLIATING_PADS_NA11251201488\d7dcaeed1b95.jpg,https://us.skintific.com/products/aha-bha-pha-exfoliating-pads,us.skintific.com,us.skintific.com,,,,,,,,,,,genuine_reference,,0.0,0.0,False,,not_visible,ee8cc102815a128e3febf1fa9509a540,e79aa4619866d365,success,,genuine,Skintific AHA BHA PHA Exfoliating Pads official website,1200,900,106016,2026-08-15T14:29:03.846059+00:00
914c3e89188d,SKINTIFIC_AHA_BHA_PHA_EXFOLIATING_PADS_NA11251201488,Skintific,AHA BHA PHA Exfoliating Pads,NA11251201488,https://p16-common-sign.tiktokcdn-us.com/tos-alisg-p-0037/ocdR5DqB1AC7MdXiilVQTAI7CACifMbwuIITVq~tplv-tiktokx-dmt-logom:tos-alisg-i-0068/oEygTrgEuEAJiARqAGA9ICEifkEBoCBUMDfRYF.image?dr=9634&x-expires=1786831200&x-signature=q2gAxayfSCfYbfHPeUGxi%2BakyD8%3D&t=4d5b0474&ps=13740610&shp=81f88b70&shcp=55bbe6a9&idc=useast5,SafeCart_Dataset\images\reported_counterfeit_candidate\SKINTIFIC_AHA_BHA_PHA_EXFOLIATING_PADS_NA11251201488\914c3e89188d.jpg,https://www.tiktok.com/@kosteve_/video/7514631309264784647,www.tiktok.com,tiktok.com,,,,,,"Skintific Peeling Solution Palsu Jamuran?! ⚠️⚠️ Ini tipe ... ⚠️⚠️ Ini tipe pemalsu yang tidak ada malu-malunya , palsunya terlalu ketara dan ugal-ugalan. Tinggi kotak beda, warna Kotak beda, bagian ...",,palsu,MODERATE_EVIDENCE,3.0,reported_counterfeit_candidate,,0.0,0.0,False,,not_visible,46e534a069f1a37abe9e5a04ba4c8759,aa2940feb71580fe,success,,counterfeit_evidence,https://www.tiktok.com/@kosteve_/video/7514631309264784647,1080,1920,315124,2026-08-15T14:29:26.832398+00:00
14cc29e83f19,SULWHASOO_CONCENTRATED_GINSENG_REJUVENATING_WATER_NA26242000058,Sulwhasoo,Concentrated Ginseng Rejuvenating Water,NA26242000058,http://us.sulwhasoo.com/cdn/shop/files/Brand.com_1080x1080_NewCGRWater_01.Packshot.jpg?v=1736981375,SafeCart_Dataset\images\genuine_reference\SULWHASOO_CONCENTRATED_GINSENG_REJUVENATING_WATER_NA26242000058\14cc29e83f19.jpg,https://us.sulwhasoo.com/products/concentrated-ginseng-rejuvenating-water,us.sulwhasoo.com,us.sulwhasoo.com,,,,,,,,,,,genuine_reference,,0.0,0.0,False,,not_visible,e9508ccd46a235f390328a1d9f3c1453,e666999989996566,success,,genuine,Sulwhasoo Concentrated Ginseng Rejuvenating Water official,1080,1080,57534,2026-08-15T14:29:32.284780+00:00
14af64b3884f,SULWHASOO_CONCENTRATED_GINSENG_REJUVENATING_WATER_NA26242000058,Sulwhasoo,Concentrated Ginseng Rejuvenating Water,NA26242000058,https://us.sulwhasoo.com/cdn/shop/files/05.NewCGRWater_R2_Infographic_PackagingChangev2_Brand.com_1080px1_1ratio.jpg?v=1759289973,SafeCart_Dataset\images\genuine_reference\SULWHASOO_CONCENTRATED_GINSENG_REJUVENATING_WATER_NA26242000058\14af64b3884f.jpg,https://us.sulwhasoo.com/products/concentrated-ginseng-rejuvenating-water,us.sulwhasoo.com,us.sulwhasoo.com,,,,,,,,,,,genuine_reference,,0.0,0.0,False,,not_visible,5b29ea6248ff3a2f3a8974336fb8037d,d3e3ac9883c76c32,success,,genuine,Sulwhasoo Concentrated Ginseng Rejuvenating Water official,1080,1080,155281,2026-08-15T14:29:32.695677+00:00
57a624e57622,SULWHASOO_CONCENTRATED_GINSENG_REJUVENATING_WATER_NA26242000058,Sulwhasoo,Concentrated Ginseng Rejuvenating Water,NA26242000058,https://us.sulwhasoo.com/cdn/shop/files/Brand.com_1080x1080_NewCGRWater_04.Lifestyle.jpg?v=1759289973,SafeCart_Dataset\images\genuine_reference\SULWHASOO_CONCENTRATED_GINSENG_REJUVENATING_WATER_NA26242000058\57a624e57622.jpg,https://us.sulwhasoo.com/products/concentrated-ginseng-rejuvenating-water,us.sulwhasoo.com,us.sulwhasoo.com,,,,,,,,,,,genuine_reference,,0.0,0.0,False,,not_visible,b81d34efb4f8f7f6d243e111b36c8dca,f171466936b609d5,success,,genuine,Sulwhasoo Concentrated Ginseng Rejuvenating Water official,1080,1080,109569,2026-08-15T14:29:33.317858+00:00
f52706f6cea5,SULWHASOO_CONCENTRATED_GINSENG_REJUVENATING_WATER_NA26242000058,Sulwhasoo,Concentrated Ginseng Rejuvenating Water,NA26242000058,https://product-images.experro.app/s-hmhnh4h9/products/211981/images/193738/1__31435.1771257367.1280.1280.png?c=2,SafeCart_Dataset\images\genuine_reference\SULWHASOO_CONCENTRATED_GINSENG_REJUVENATING_WATER_NA26242000058\f52706f6cea5.jpg,https://sleekshop.com/products/sulwhasoo-concentrated-ginseng-rejuvenating-water-mini.html?srsltid=AfmBOoqyX7J9ehM6tG4qee8smE_SBnPiAxWrR7QW418fm49wvDspFP8i,sleekshop.com,sleekshop.com,,,,,,,,,,,genuine_reference,,0.0,0.0,False,,not_visible,061a5240be3557ac2078a7913c7738e4,d9c664cc649b329b,success,,genuine,Sulwhasoo Concentrated Ginseng Rejuvenating Water official,1024,1024,74947,2026-08-15T14:29:33.550458+00:00
198aa4c57c10,SULWHASOO_CONCENTRATED_GINSENG_REJUVENATING_WATER_NA26242000058,Sulwhasoo,Concentrated Ginseng Rejuvenating Water,NA26242000058,https://amc.apglobal.com/image/384224417642/image_kphpsm7eqd0hpc093rsb02ti36/-FJPG/concentrated_ginseng_rejuvenating_water_kv_pc_hken_241014.jpg,SafeCart_Dataset\images\genuine_reference\SULWHASOO_CONCENTRATED_GINSENG_REJUVENATING_WATER_NA26242000058\198aa4c57c10.jpg,https://hk.sulwhasoo.com/en_s/concentrated-ginseng-rejuvenating-water-150ml.html,hk.sulwhasoo.com,hk.sulwhasoo.com,,,,,,,,,,,genuine_reference,,0.0,0.0,False,,not_visible,6d6d0a9789cb48e6379548aa68f77379,cc0cb3b24eeb9c49,success,,genuine,Sulwhasoo Concentrated Ginseng Rejuvenating Water official,1100,1473,101471,2026-08-15T14:29:33.875910+00:00
94e3b856b7ec,SULWHASOO_CONCENTRATED_GINSENG_REJUVENATING_WATER_NA26242000058,Sulwhasoo,Concentrated Ginseng Rejuvenating Water,NA26242000058,http://us.sulwhasoo.com/cdn/shop/files/Brand.com_1080x1080_NewCGRWater_03.ProductMood.jpg?v=1759289973,SafeCart_Dataset\images\genuine_reference\SULWHASOO_CONCENTRATED_GINSENG_REJUVENATING_WATER_NA26242000058\94e3b856b7ec.jpg,https://us.sulwhasoo.com/products/concentrated-ginseng-rejuvenating-water,us.sulwhasoo.com,us.sulwhasoo.com,,,,,,,,,,,genuine_reference,,0.0,0.0,False,,not_visible,d97bbf98b1b0c4289b4a5939d088ef92,f0c79e386165369a,success,,genuine,Sulwhasoo Concentrated Ginseng Rejuvenating Water official,1080,1080,107424,2026-08-15T14:29:34.230662+00:00
678a129e442e,SULWHASOO_CONCENTRATED_GINSENG_REJUVENATING_WATER_NA26242000058,Sulwhasoo,Concentrated Ginseng Rejuvenating Water,NA26242000058,https://us.sulwhasoo.com/cdn/shop/files/Brand.com_1080x1080_NewCGRWater_R2_FormulaDifference_v2.jpg?v=1759289973,SafeCart_Dataset\images\genuine_reference\SULWHASOO_CONCENTRATED_GINSENG_REJUVENATING_WATER_NA26242000058\678a129e442e.jpg,https://us.sulwhasoo.com/products/concentrated-ginseng-rejuvenating-water,us.sulwhasoo.com,us.sulwhasoo.com,,,,,,,,,,,genuine_reference,,0.0,0.0,False,,not_visible,684c6f14ca806c126b5baa24b74ede87,c3b83cc398b8c3bc,success,,genuine,Sulwhasoo Concentrated Ginseng Rejuvenating Water official,1080,1080,160940,2026-08-15T14:29:34.688648+00:00
a480e542f962,SULWHASOO_CONCENTRATED_GINSENG_REJUVENATING_WATER_NA26242000058,Sulwhasoo,Concentrated Ginseng Rejuvenating Water,NA26242000058,https://i.ebayimg.com/images/g/XjcAAOSwrIlnMbUx/s-l1200.jpg,SafeCart_Dataset\images\genuine_reference\SULWHASOO_CONCENTRATED_GINSENG_REJUVENATING_WATER_NA26242000058\a480e542f962.jpg,https://www.ebay.com/itm/385125365407,www.ebay.com,ebay.com,,,,,,,,,,,genuine_reference,,0.0,0.0,False,,not_visible,07102e6905b2ea6fba43922b2215923d,e94ac2aba72da711,success,,genuine,Sulwhasoo Concentrated Ginseng Rejuvenating Water official,1000,1000,119309,2026-08-15T14:29:35.104155+00:00
c8bb01342578,COSRX_CENTELLA_WATER_ALCOHOL_FREE_TONER_NA26221200805,COSRX,Centella Water Alcohol Free Toner,NA26221200805,https://www.cosrx.com/cdn/shop/files/centella-water-alcohol-free-toner-cosrx-official-1_1024x1024.jpg?v=1724835527,SafeCart_Dataset\images\genuine_reference\COSRX_CENTELLA_WATER_ALCOHOL_FREE_TONER_NA26221200805\c8bb01342578.jpg,https://www.cosrx.com/products/centella-water-alcohol-free-toner?srsltid=AfmBOoomdS95a13D-c2_ECxwyJfNOLreLhFb7xBL8IRFTS0Q2zOUdOu-,www.cosrx.com,cosrx.com,,,,,,,,,,,genuine_reference,,0.0,0.0,False,,not_visible,6b5537ebafdc08cc24d485aabb89cfcf,b333cccc9999cc4c,success,,genuine,COSRX Centella Water Alcohol Free Toner official,768,1024,38793,2026-08-15T14:29:15.753215+00:00
9db47893ff64,COSRX_CENTELLA_WATER_ALCOHOL_FREE_TONER_NA26221200805,COSRX,Centella Water Alcohol Free Toner,NA26221200805,https://m.media-amazon.com/images/I/61DEehet2FL.jpg,SafeCart_Dataset\images\genuine_reference\COSRX_CENTELLA_WATER_ALCOHOL_FREE_TONER_NA26221200805\9db47893ff64.jpg,https://www.amazon.com/COSRX-Centella-Water-Alcohol-Free-Toner/dp/B00V4JQ7RG,www.amazon.com,amazon.com,,,,,,,,,,,genuine_reference,,0.0,0.0,False,,not_visible,7c5ba0274fbaa3e5239860750da6398b,b333cecc9988cccc,success,near_duplicate_of:c8bb01342578,genuine,COSRX Centella Water Alcohol Free Toner official,2560,2560,189127,2026-08-15T14:29:15.960640+00:00
86cbd49f203d,COSRX_CENTELLA_WATER_ALCOHOL_FREE_TONER_NA26221200805,COSRX,Centella Water Alcohol Free Toner,NA26221200805,http://www.dodoskin.com/cdn/shop/files/624fc6dc641b0f79eac2b20db97668c0_8eb44688-1a1f-4754-9ec8-6bcacf8cdbb9.jpg?v=1692835103,SafeCart_Dataset\images\genuine_reference\COSRX_CENTELLA_WATER_ALCOHOL_FREE_TONER_NA26221200805\86cbd49f203d.jpg,https://www.dodoskin.com/products/cosrx-centella-water-alcohol-free-toner-150ml?srsltid=AfmBOoo6X6yqjKyRvbgfbEeecKd-T24kRmt8AECObI-MrfQfdMmeYjQX,www.dodoskin.com,dodoskin.com,,,,,,,,,,,genuine_reference,,0.0,0.0,False,,not_visible,32f92eeacf6c5d1d6e314e938822f4a8,b333cccc9999cc4c,success,near_duplicate_of:c8bb01342578,genuine,COSRX Centella Water Alcohol Free Toner official,500,500,15084,2026-08-15T14:29:16.466403+00:00
6095b20dc9cc,COSRX_CENTELLA_WATER_ALCOHOL_FREE_TONER_NA26221200805,COSRX,Centella Water Alcohol Free Toner,NA26221200805,https://i.ebayimg.com/00/s/MTAzNlg3NzI=/z/~2EAAOSwxlxg-ykT/$_57.PNG?set_id=8800005007,SafeCart_Dataset\images\genuine_reference\COSRX_CENTELLA_WATER_ALCOHOL_FREE_TONER_NA26221200805\6095b20dc9cc.jpg,https://www.ebay.com/itm/124822959929,www.ebay.com,ebay.com,,,,,,,,,,,genuine_reference,,0.0,0.0,False,,not_visible,f773fc8f9d52561a1bf9f72baca91c0f,ea708185fdc30e6e,success,,genuine,COSRX Centella Water Alcohol Free Toner official,772,1036,116026,2026-08-15T14:29:16.715852+00:00
ddda7cbac796,COSRX_CENTELLA_WATER_ALCOHOL_FREE_TONER_NA26221200805,COSRX,Centella Water Alcohol Free Toner,NA26221200805,https://sokoglam.com/cdn/shop/products/Soko-Glam-PDP-COSRX-Centella-Water-Alcohol-Free-Toner-Product-Lifestyle.jpg?v=1755563011&width=1445,SafeCart_Dataset\images\genuine_reference\COSRX_CENTELLA_WATER_ALCOHOL_FREE_TONER_NA26221200805\ddda7cbac796.jpg,https://sokoglam.com/products/centella-water-alcohol-free-toner?srsltid=AfmBOorbM1Yiol4nBhfVJWxWnc7aS_He3xWe2_ggknH4OdCTmdZuArB3,sokoglam.com,sokoglam.com,,,,,,,,,,,genuine_reference,,0.0,0.0,False,,not_visible,44bba481bfb834af6a56e6cd3ce0242a,f333cc8899e62633,success,,genuine,COSRX Centella Water Alcohol Free Toner official,700,875,23639,2026-08-15T14:29:17.259225+00:00
f25c8dd76e57,COSRX_CENTELLA_WATER_ALCOHOL_FREE_TONER_NA26221200805,COSRX,Centella Water Alcohol Free Toner,NA26221200805,https://sentisenti.com/cdn/shop/files/Cosrx-Centella-Water-Alcohol-Free-Toner-1-senti-senti.webp?v=1750453866&width=920,SafeCart_Dataset\images\genuine_reference\COSRX_CENTELLA_WATER_ALCOHOL_FREE_TONER_NA26221200805\f25c8dd76e57.jpg,https://sentisenti.com/products/cosrx-centella-water-alcohol-free-toner?srsltid=AfmBOor9Nb8u6Gw1Ip3KkUEi2156ixjMfYpYi8yzn9F96WmrPQG8g1P1,sentisenti.com,sentisenti.com,,,,,,,,,,,genuine_reference,,0.0,0.0,False,,not_visible,2e6b6cfb98dc4d670bec7f7b8f0a5e40,b17de4c43b000bdf,success,,genuine,COSRX Centella Water Alcohol Free Toner official,920,920,98019,2026-08-15T14:29:17.586641+00:00
2a99f176a084,COSRX_CENTELLA_WATER_ALCOHOL_FREE_TONER_NA26221200805,COSRX,Centella Water Alcohol Free Toner,NA26221200805,https://d1flfk77wl2xk4.cloudfront.net/Assets/cosrx-centella-water-alcohol-free-toner-150ml/16/821/XXL_p0056482116.jpg,SafeCart_Dataset\images\genuine_reference\COSRX_CENTELLA_WATER_ALCOHOL_FREE_TONER_NA26221200805\2a99f176a084.jpg,https://www.yesstyle.com/en/cosrx-centella-water-alcohol-free-toner/info.html/pid.1052684718,www.yesstyle.com,yesstyle.com,,,,,,,,,,,genuine_reference,,0.0,0.0,False,,not_visible,3a354db30182e62befaeb3670b39a2bd,a7b28e993199cc9c,success,,genuine,COSRX Centella Water Alcohol Free Toner official,640,640,29077,2026-08-15T14:29:17.837557+00:00
c256b1a8af25,COSRX_CENTELLA_WATER_ALCOHOL_FREE_TONER_NA26221200805,COSRX,Centella Water Alcohol Free Toner,NA26221200805,https://i.ebayimg.com/images/g/HBMAAOSwTSVZmtVb/s-l1200.jpg,SafeCart_Dataset\images\genuine_reference\COSRX_CENTELLA_WATER_ALCOHOL_FREE_TONER_NA26221200805\c256b1a8af25.jpg,https://www.ebay.com/itm/162640029879,www.ebay.com,ebay.com,,,,,,,,,,,genuine_reference,,0.0,0.0,False,,not_visible,1a872baee0036f2dd8f92a8affbee82c,e567cc18939998c7,success,,genuine,COSRX Centella Water Alcohol Free Toner official,1000,1000,96317,2026-08-15T14:29:17.974655+00:00
f0691ece1173,GLAD2GLOW_PERFECT_VITA_C_BRIGHT_GLOW_TONER_NA11251200672,Glad2Glow,Perfect Vita C Bright Glow Toner,NA11251200672,https://incidecoder-content.storage.googleapis.com/f37f19d6-11ee-4735-bf3f-43423b482884/products/glad2glow-perfect-vita-c-bright-glow-toner/glad2glow-perfect-vita-c-bright-glow-toner_front_photo_original.jpeg,SafeCart_Dataset\images\genuine_reference\GLAD2GLOW_PERFECT_VITA_C_BRIGHT_GLOW_TONER_NA11251200672\f0691ece1173.jpg,https://incidecoder.com/products/glad2glow-perfect-vita-c-bright-glow-toner,incidecoder.com,incidecoder.com,,,,,,,,,,,genuine_reference,,0.0,0.0,False,,not_visible,c27db6031232c55cc22b51bff73f74af,ef6de4c196929213,success,,genuine,Glad2Glow Perfect Vita C Bright Glow Toner official,392,800,58710,2026-08-15T14:29:23.746584+00:00
a823fca8a9be,GLAD2GLOW_PERFECT_VITA_C_BRIGHT_GLOW_TONER_NA11251200672,Glad2Glow,Perfect Vita C Bright Glow Toner,NA11251200672,https://down-my.img.susercontent.com/file/my-11134208-7rasi-m96zit45b9wlb5,SafeCart_Dataset\images\genuine_reference\GLAD2GLOW_PERFECT_VITA_C_BRIGHT_GLOW_TONER_NA11251200672\a823fca8a9be.jpg,https://www.ebay.com/itm/146716083845,www.ebay.com,ebay.com,,,,,,,,,,,genuine_reference,,0.0,0.0,False,,not_visible,f28f678ba5c184a076a13411384c4da6,eca7196da2945d89,success,,genuine,Glad2Glow Perfect Vita C Bright Glow Toner official,1200,1200,327692,2026-08-15T14:29:26.250703+00:00
61d84ce776ce,GLAD2GLOW_PERFECT_VITA_C_BRIGHT_GLOW_TONER_NA11251200672,Glad2Glow,Perfect Vita C Bright Glow Toner,NA11251200672,https://guardian.com.sg/media/catalog/product/6/3/636963-1.jpg?auto=webp&format=pjpg&width=640&height=800&fit=cover,SafeCart_Dataset\images\genuine_reference\GLAD2GLOW_PERFECT_VITA_C_BRIGHT_GLOW_TONER_NA11251200672\61d84ce776ce.jpg,https://guardian.com.sg/glad2glow-vita-c-bright-glow-t-636963.html,guardian.com.sg,guardian.com.sg,,,,,,,,,,,genuine_reference,,0.0,0.0,False,,not_visible,586c0bf7c5fcf57607726f1d8ffcc78c,e6c6999999398c66,success,,genuine,Glad2Glow Perfect Vita C Bright Glow Toner official,800,800,32744,2026-08-15T14:29:26.587660+00:00
a87f76d45610,GLAD2GLOW_PERFECT_VITA_C_BRIGHT_GLOW_TONER_NA11251200672,Glad2Glow,Perfect Vita C Bright Glow Toner,NA11251200672,https://www.static-src.com/wcsstore/Indraprastha/images/catalog/full/catalog-image/103/MTA-182294833/glad2glow_glad2glow-perfect_vita_c_bright_glow_toner-80ml_full29_lcbczhee.jpg,SafeCart_Dataset\images\genuine_reference\GLAD2GLOW_PERFECT_VITA_C_BRIGHT_GLOW_TONER_NA11251200672\a87f76d45610.jpg,https://www.blibli.com/p/glad2glow-perfect-vita-c-bright-glow-toner-80ml/ps--GLO-70051-00077,www.blibli.com,blibli.com,,,,,,,,,,,genuine_reference,,0.0,0.0,False,,not_visible,2a015978052f92e26a434174f1453a11,ab99632d88ff6284,success,,genuine,Glad2Glow Perfect Vita C Bright Glow Toner official,800,800,118580,2026-08-15T14:29:28.185367+00:00
66be4437d0f4,GLAD2GLOW_PERFECT_VITA_C_BRIGHT_GLOW_TONER_NA11251200672,Glad2Glow,Perfect Vita C Bright Glow Toner,NA11251200672,https://www.venusbeauty.com.sg/pub/media/catalog/product/cache/a1b74babc97cee9523e2953898c28435/4/8/4897144700257_1_.jpg,SafeCart_Dataset\images\genuine_reference\GLAD2GLOW_PERFECT_VITA_C_BRIGHT_GLOW_TONER_NA11251200672\66be4437d0f4.jpg,https://www.venusbeauty.com.sg/glad2glow-perfect-vita-c-bright-glow-toner-80ml.html,www.venusbeauty.com.sg,venusbeauty.com.sg,,,,,,,,,,,genuine_reference,,0.0,0.0,False,,not_visible,39a63478aa1e79ab808d8788efb822e6,a6cec06c1f39c173,success,,genuine,Glad2Glow Perfect Vita C Bright Glow Toner official,700,700,44990,2026-08-15T14:29:28.461744+00:00
1d9b587c9c7a,GLAD2GLOW_PERFECT_VITA_C_BRIGHT_GLOW_TONER_NA11251200672,Glad2Glow,Perfect Vita C Bright Glow Toner,NA11251200672,https://down-my.img.susercontent.com/file/my-11134207-820li-mhrkd78kj477db,SafeCart_Dataset\images\genuine_reference\GLAD2GLOW_PERFECT_VITA_C_BRIGHT_GLOW_TONER_NA11251200672\1d9b587c9c7a.jpg,https://shopee.com.my/Glad2Glow-Perfect-Vita-C-BRIGHT-GLOW-TONER-Brightens-and-Even-Out-Skin-tone-Brightening-Hydrating-skin-80ml-i.822280677.29535594997,shopee.com.my,shopee.com.my,,,,,,,,,,,genuine_reference,,0.0,0.0,False,,not_visible,8d0b0b4c960eff6e7e0711e28239e13d,f3c28929624bd9b9,success,,genuine,Glad2Glow Perfect Vita C Bright Glow Toner official,1024,1024,262837,2026-08-15T14:29:28.653621+00:00
1335625bce01,GLAD2GLOW_PERFECT_VITA_C_BRIGHT_GLOW_TONER_NA11251200672,Glad2Glow,Perfect Vita C Bright Glow Toner,NA11251200672,https://www.venusbeauty.com.sg/pub/media/catalog/product/cache/a1b74babc97cee9523e2953898c28435/4/8/4897144700257_2_.jpg,SafeCart_Dataset\images\genuine_reference\GLAD2GLOW_PERFECT_VITA_C_BRIGHT_GLOW_TONER_NA11251200672\1335625bce01.jpg,https://www.venusbeauty.com.sg/glad2glow-perfect-vita-c-bright-glow-toner-80ml.html,www.venusbeauty.com.sg,venusbeauty.com.sg,,,,,,,,,,,genuine_reference,,0.0,0.0,False,,not_visible,a811f105a010124a36e319bfc4e64ff0,a666c1d91f99c159,success,,genuine,Glad2Glow Perfect Vita C Bright Glow Toner official,700,700,53938,2026-08-15T14:29:39.731409+00:00
ae14d8ad485f,GLAD2GLOW_PERFECT_VITA_C_BRIGHT_GLOW_TONER_NA11251200672,Glad2Glow,Perfect Vita C Bright Glow Toner,NA11251200672,https://down-my.img.susercontent.com/file/my-11134207-820l9-mhrkd78j0c1x93,SafeCart_Dataset\images\genuine_reference\GLAD2GLOW_PERFECT_VITA_C_BRIGHT_GLOW_TONER_NA11251200672\ae14d8ad485f.jpg,https://shopee.com.my/Glad2Glow-Perfect-Vita-C-BRIGHT-GLOW-TONER-Brightens-and-Even-Out-Skin-tone-Brightening-Hydrating-skin-80ml-i.822280677.29535594997,shopee.com.my,shopee.com.my,,,,,,,,,,,genuine_reference,,0.0,0.0,False,,not_visible,181347c93083f606b65d2e3981338435,ab91633d88ff6290,success,near_duplicate_of:a87f76d45610,genuine,Glad2Glow Perfect Vita C Bright Glow Toner official website,1024,1024,202779,2026-08-15T14:29:51.265959+00:00
b33d4d321ab4,SKINTIFIC_377_DARK_SPOT_ESSENCE_TONER_NA11251200643,Skintific,377 Dark Spot Essence Toner,NA11251200643,https://d1flfk77wl2xk4.cloudfront.net/Assets/skintific-377-dark-spot-essence-toner-80ml/89/755/XL_p0222175589.jpg,SafeCart_Dataset\images\genuine_reference\SKINTIFIC_377_DARK_SPOT_ESSENCE_TONER_NA11251200643\b33d4d321ab4.jpg,https://www.yesstyle.com/en/skintific-377-dark-spot-essence-toner-80ml/info.html/pid.1136489185,www.yesstyle.com,yesstyle.com,,,,,,,,,,,genuine_reference,,0.0,0.0,False,,not_visible,36c6e6497bc22b76c88d44bba798914f,e564989b9ac99965,success,,genuine,Skintific 377 Dark Spot Essence Toner official,500,500,16176,2026-08-15T14:30:11.453663+00:00
4b1531f5006c,SKINTIFIC_377_DARK_SPOT_ESSENCE_TONER_NA11251200643,Skintific,377 Dark Spot Essence Toner,NA11251200643,https://skintific.com/cdn/shop/files/SKT152-377_-EN-1.jpg?v=1774596357&width=1200,SafeCart_Dataset\images\genuine_reference\SKINTIFIC_377_DARK_SPOT_ESSENCE_TONER_NA11251200643\4b1531f5006c.jpg,https://skintific.com/es-cl/products/symwhite377-dark-spot-essence-brightening-toner,skintific.com,skintific.com,,,,,,,,,,,genuine_reference,,0.0,0.0,False,,not_visible,5925016057120365530808a0ae626858,b823c7b47938acc6,success,,genuine,Skintific 377 Dark Spot Essence Toner official,1200,1200,155914,2026-08-15T14:30:11.593946+00:00
028f9b438afd,SKINTIFIC_377_DARK_SPOT_ESSENCE_TONER_NA11251200643,Skintific,377 Dark Spot Essence Toner,NA11251200643,https://simplyu.store/wp-content/uploads/2026/03/SKINTIFIC-377-Dark-Spot-Essence-Toner-80ml-5.png,SafeCart_Dataset\images\genuine_reference\SKINTIFIC_377_DARK_SPOT_ESSENCE_TONER_NA11251200643\028f9b438afd.jpg,https://simplyu.store/product/skintific-377-dark-spot-essence-toner-80ml/,simplyu.store,simplyu.store,,,,,,,,,,,genuine_reference,,0.0,0.0,False,,not_visible,f7f625b26835baa7aa62b669f70303ac,9f0fcf370121e0f8,success,,genuine,Skintific 377 Dark Spot Essence Toner official,856,858,82985,2026-08-15T14:30:11.863859+00:00
9b6f081f0daf,SKINTIFIC_377_DARK_SPOT_ESSENCE_TONER_NA11251200643,Skintific,377 Dark Spot Essence Toner,NA11251200643,https://p16-oec-sg.ibyteimg.com/tos-alisg-i-aphluv4xwc-sg/7ece81d136f24c809ef997205dce36f5~tplv-aphluv4xwc-resize-jpeg:1200:0.image,SafeCart_Dataset\images\genuine_reference\SKINTIFIC_377_DARK_SPOT_ESSENCE_TONER_NA11251200643\9b6f081f0daf.jpg,https://www.tokopedia.com/skintificid/skintific-377-dark-spot-essence-toner-80ml-fades-sun-acne-age-marks-bintik-matahari-bekas-jerawat-flek-penuaan-memulihkan-kulit-cerah-lembut-rata-restores-clarity-smoothness-evenness-1731416575820662350?utm_source=google&utm_medium=organic&utm_campaign=pdp,www.tokopedia.com,tokopedia.com,,,,,,,,,,,genuine_reference,,0.0,0.0,False,,not_visible,abcb44ca1837ec60858f75cb919528f1,be3c3871f1c2c383,success,,genuine,Skintific 377 Dark Spot Essence Toner official,1200,1200,211785,2026-08-15T14:30:13.680779+00:00
9524d59a847f,SKINTIFIC_377_DARK_SPOT_ESSENCE_TONER_NA11251200643,Skintific,377 Dark Spot Essence Toner,NA11251200643,https://down-id.img.susercontent.com/file/id-11134201-7rbk7-m9ifyhwul6hd73,SafeCart_Dataset\images\genuine_reference\SKINTIFIC_377_DARK_SPOT_ESSENCE_TONER_NA11251200643\9524d59a847f.jpg,https://shopee.co.id/Skintific-377-Dark-Spot-Essence-Toner-80ml-i.30736001.42400155405,shopee.co.id,shopee.co.id,,,,,,,,,,,genuine_reference,,0.0,0.0,False,,not_visible,7da2689dfd506f2d28310bc6c6e185d5,9cbc42a667c221df,success,,genuine,Skintific 377 Dark Spot Essence Toner official,800,800,71142,2026-08-15T14:30:13.886164+00:00
8e2510d57684,SKINTIFIC_377_DARK_SPOT_ESSENCE_TONER_NA11251200643,Skintific,377 Dark Spot Essence Toner,NA11251200643,"https://m.media-amazon.com/images/I/61iSK9TfX4L.jpg_BO30,255,255,255_UF750,750_SR1910,1000,0,C_QL100_.jpg",SafeCart_Dataset\images\genuine_reference\SKINTIFIC_377_DARK_SPOT_ESSENCE_TONER_NA11251200643\8e2510d57684.jpg,https://www.amazon.com/SKINTIFIC-Brightening-Optical-Scattering-Technology/dp/B0FH97NCTC,www.amazon.com,amazon.com,,,,,,,,,,,genuine_reference,,0.0,0.0,False,,not_visible,3d4312b2985874a9538665fd20c4d8e6,e666999999cc8c66,success,,genuine,Skintific 377 Dark Spot Essence Toner official,1910,1000,78469,2026-08-15T14:30:14.036914+00:00
d469e7b15228,SKINTIFIC_377_DARK_SPOT_ESSENCE_TONER_NA11251200643,Skintific,377 Dark Spot Essence Toner,NA11251200643,https://s2.konvy.com/static/team/2025/0708/2025070816320961379.jpg,SafeCart_Dataset\images\genuine_reference\SKINTIFIC_377_DARK_SPOT_ESSENCE_TONER_NA11251200643\d469e7b15228.jpg,https://www.konvy.com/m/skintific/skintific-377-dark-spot-essence-toner-80ml-116512.html?srsltid=AfmBOoov0K8y1ayFo2TjEdAJkrPjpbycnt8c6cTEWgu3yoL-IzOM8aa6,www.konvy.com,konvy.com,,,,,,,,,,,genuine_reference,,0.0,0.0,False,,not_visible,a591121799121df2d9186e5a4d3911fd,e6ce98319999cc33,success,,genuine,Skintific 377 Dark Spot Essence Toner official,1000,1000,61484,2026-08-15T14:30:14.267857+00:00
901e23cbf040,SKINTIFIC_377_DARK_SPOT_ESSENCE_TONER_NA11251200643,Skintific,377 Dark Spot Essence Toner,NA11251200643,https://jp.skintific.com/cdn/shop/files/SKINTIFIC-152_152.jpg?v=1776422115&width=1600,SafeCart_Dataset\images\genuine_reference\SKINTIFIC_377_DARK_SPOT_ESSENCE_TONER_NA11251200643\901e23cbf040.jpg,https://jp.skintific.com/en/products/symwhite377-dark-spot-essence-brightening-toner,jp.skintific.com,jp.skintific.com,,,,,,,,,,,genuine_reference,,0.0,0.0,False,,not_visible,4954a874f17002ec2a7542109a367c16,fb2bfb948c948486,success,,genuine,Skintific 377 Dark Spot Essence Toner official,1600,1600,180721,2026-08-15T14:30:14.492575+00:00
1e8c98d60010,BIODANCE_CERA_NOL_GEL_TONER_PADS_NA262412000784,Biodance,CERA-NOL GEL TONER PADS,NA262412000784,https://biodance.com/cdn/shop/files/ceranoltonerpad3_1.jpg?v=1754549686&width=1280,SafeCart_Dataset\images\genuine_reference\BIODANCE_CERA_NOL_GEL_TONER_PADS_NA262412000784\1e8c98d60010.jpg,https://biodance.com/products/cera-nol-gel-toner-pad-60ea?srsltid=AfmBOopypDLEn2R_3PckquYslMlD_VmSLsUDNmnxg5bmPye-FQm5CEVC,biodance.com,biodance.com,,,,,,,,,,,genuine_reference,,0.0,0.0,False,,not_visible,311c6691511836e03973d54796129de0,ad975a6689ac3474,success,,genuine,Biodance CERA-NOL GEL TONER PADS official,1280,1280,142612,2026-08-15T14:30:35.302880+00:00
d6dba9bf5ea7,BIODANCE_CERA_NOL_GEL_TONER_PADS_NA262412000784,Biodance,CERA-NOL GEL TONER PADS,NA262412000784,http://biodance.com/cdn/shop/files/ceranoltonerpad2.jpg?v=1748601355,SafeCart_Dataset\images\genuine_reference\BIODANCE_CERA_NOL_GEL_TONER_PADS_NA262412000784\d6dba9bf5ea7.jpg,https://biodance.com/products/cera-nol-gel-toner-pad-60ea?srsltid=AfmBOoqaJhsWt5AmK8ANI49apq97lQAkWO60LBpJhEylAkVBKMbjXiw9,biodance.com,biodance.com,,,,,,,,,,,genuine_reference,,0.0,0.0,False,,not_visible,ef3c82850f7add91b948801c39b6191f,eafa1210e7cf3270,success,,genuine,Biodance CERA-NOL GEL TONER PADS official,1280,1280,476635,2026-08-15T14:30:35.722336+00:00
b9d1dd386f27,BIODANCE_CERA_NOL_GEL_TONER_PADS_NA262412000784,Biodance,CERA-NOL GEL TONER PADS,NA262412000784,http://biodance.com/cdn/shop/files/ceranoltonerpad1.jpg?v=1748601355,SafeCart_Dataset\images\genuine_reference\BIODANCE_CERA_NOL_GEL_TONER_PADS_NA262412000784\b9d1dd386f27.jpg,https://biodance.com/products/cera-nol-gel-toner-pad-60ea?srsltid=AfmBOoqw5QkaIG570RjxZMXmuuRVbTu4U_MrSu5o5IHHFPn0VXytqR29,biodance.com,biodance.com,,,,,,,,,,,genuine_reference,,0.0,0.0,False,,not_visible,03c33d70d6f9cb7e8139a2e82581d67d,f28e4d3226d3d8cc,success,,genuine,Biodance CERA-NOL GEL TONER PADS official,1280,1280,190040,2026-08-15T14:30:36.301506+00:00
82e95eb2e7ad,BIODANCE_CERA_NOL_GEL_TONER_PADS_NA262412000784,Biodance,CERA-NOL GEL TONER PADS,NA262412000784,http://biodance.com/cdn/shop/files/Cera-nolGelTonerPads_HeroImage.jpg?v=1748489735,SafeCart_Dataset\images\genuine_reference\BIODANCE_CERA_NOL_GEL_TONER_PADS_NA262412000784\82e95eb2e7ad.jpg,https://biodance.com/products/cera-nol-gel-toner-pad-60ea?srsltid=AfmBOooWCX94HeG4wiZFDQzqvGPGkLYPvPY8Qm3WMY84ywvhMuBpQxTU,biodance.com,biodance.com,,,,,,,,,,,genuine_reference,,0.0,0.0,False,,not_visible,7d83b1b763ff0b6c10e88eff45c96b81,ed9a926536926d92,success,,genuine,Biodance CERA-NOL GEL TONER PADS official,1600,1600,114452,2026-08-15T14:30:36.764916+00:00
f217c2fa5807,BIODANCE_CERA_NOL_GEL_TONER_PADS_NA262412000784,Biodance,CERA-NOL GEL TONER PADS,NA262412000784,https://biodance.com/cdn/shop/files/ceranoltonerpad4.jpg?v=1754549686&width=1280,SafeCart_Dataset\images\genuine_reference\BIODANCE_CERA_NOL_GEL_TONER_PADS_NA262412000784\f217c2fa5807.jpg,https://biodance.com/products/cera-nol-gel-toner-pad-60ea?srsltid=AfmBOorgnWr_wI6tPLrcx9Pez-wMoUqCFvRWNeqPGshDR_xL893us-38,biodance.com,biodance.com,,,,,,,,,,,genuine_reference,,0.0,0.0,False,,not_visible,8d990ecaca7cf5d94f4415b80f741364,cba5d4d2329ab54a,success,,genuine,Biodance CERA-NOL GEL TONER PADS official,1280,1280,175163,2026-08-15T14:30:37.095355+00:00
9728fb28e3e4,BIODANCE_CERA_NOL_GEL_TONER_PADS_NA262412000784,Biodance,CERA-NOL GEL TONER PADS,NA262412000784,https://biodance.com/cdn/shop/files/ceranoltonerpad8.jpg?v=1754549686&width=1280,SafeCart_Dataset\images\genuine_reference\BIODANCE_CERA_NOL_GEL_TONER_PADS_NA262412000784\9728fb28e3e4.jpg,https://biodance.com/products/cera-nol-gel-toner-pad-60ea?srsltid=AfmBOophXE7h6gIjp_oZEHQe-26OE5CNslzqcC1q_tAh-WaaF2j8inz9,biodance.com,biodance.com,,,,,,,,,,,genuine_reference,,0.0,0.0,False,,not_visible,76306d5789124602e7f0926b6371173e,cab59a6746a94ac5,success,,genuine,Biodance CERA-NOL GEL TONER PADS official,1280,1280,166158,2026-08-15T14:30:37.364466+00:00
76bda5c930ae,BIODANCE_CERA_NOL_GEL_TONER_PADS_NA262412000784,Biodance,CERA-NOL GEL TONER PADS,NA262412000784,https://biodance.com/cdn/shop/files/Ceranoltonerpads_2.jpg?v=1754549686&width=1280,SafeCart_Dataset\images\genuine_reference\BIODANCE_CERA_NOL_GEL_TONER_PADS_NA262412000784\76bda5c930ae.jpg,https://biodance.com/products/cera-nol-gel-toner-pad-60ea?srsltid=AfmBOoqdiNEMr7-LMCPspXmRA4b2GJ3AzlTdOCl0BAneIKF-Ei_G5dNn,biodance.com,biodance.com,,,,,,,,,,,genuine_reference,,0.0,0.0,False,,not_visible,5695af0bf858e4d7cfb9e56d4fcddb21,bec53bd0b1cc70c1,success,,genuine,Biodance CERA-NOL GEL TONER PADS official,1280,1280,187071,2026-08-15T14:30:37.719333+00:00
939381577ef7,BIODANCE_CERA_NOL_GEL_TONER_PADS_NA262412000784,Biodance,CERA-NOL GEL TONER PADS,NA262412000784,https://i.ebayimg.com/images/g/wAQAAOSwFm9nM9w6/s-l400.jpg,SafeCart_Dataset\images\genuine_reference\BIODANCE_CERA_NOL_GEL_TONER_PADS_NA262412000784\939381577ef7.jpg,https://www.ebay.com/itm/126646662890,www.ebay.com,ebay.com,,,,,,,,,,,genuine_reference,,0.0,0.0,False,,not_visible,18b21220690de1ae5784caac566bbaac,ea96956a97b19825,success,,genuine,Biodance CERA-NOL GEL TONER PADS official,400,400,16683,2026-08-15T14:30:38.053675+00:00
face3e648fe7,BIODANCE_COLLAGEN_GEL_TONER_PADS_NA26251200029,Biodance,COLLAGEN GEL TONER PADS,NA26251200029,https://biodance.com/cdn/shop/files/Collagentonerpads_3.jpg?v=1754549473&width=1280,SafeCart_Dataset\images\genuine_reference\BIODANCE_COLLAGEN_GEL_TONER_PADS_NA26251200029\face3e648fe7.jpg,https://biodance.com/products/biodance-collagen-gel-toner-pad-60ea-1?srsltid=AfmBOornSAUomR8jzzlkMKGORMBquN1LMlvANhEw34AvFBd3cMyTQ0yk,biodance.com,biodance.com,,,,,,,,,,,genuine_reference,,0.0,0.0,False,,not_visible,9bbdab5c4c8635edfcacdad619423c90,bae5855e683dc492,success,,genuine,Biodance COLLAGEN GEL TONER PADS official,1280,1280,338618,2026-08-15T14:31:10.324161+00:00
b5c8526a18ed,BIODANCE_COLLAGEN_GEL_TONER_PADS_NA26251200029,Biodance,COLLAGEN GEL TONER PADS,NA26251200029,https://biodance.com/cdn/shop/files/collagentonerpad1.jpg?v=1748601235&width=1280,SafeCart_Dataset\images\genuine_reference\BIODANCE_COLLAGEN_GEL_TONER_PADS_NA26251200029\b5c8526a18ed.jpg,https://biodance.com/products/biodance-collagen-gel-toner-pad-60ea-1?srsltid=AfmBOopuuRe6cK83jN3lX1b8b3Jd1MuRn0d1wihPHrWbCkm-35QadsGc,biodance.com,biodance.com,,,,,,,,,,,genuine_reference,,0.0,0.0,False,,not_visible,12181b3ff85af86725e15d1dc7305f7e,d1ae6d30b28dcce4,success,,genuine,Biodance COLLAGEN GEL TONER PADS official,1280,1280,241862,2026-08-15T14:31:10.689283+00:00
6a7838d16815,BIODANCE_COLLAGEN_GEL_TONER_PADS_NA26251200029,Biodance,COLLAGEN GEL TONER PADS,NA26251200029,http://biodance.com/cdn/shop/files/CollagenGelTonerPads_HeroImage.jpg?v=1748489706,SafeCart_Dataset\images\genuine_reference\BIODANCE_COLLAGEN_GEL_TONER_PADS_NA26251200029\6a7838d16815.jpg,https://biodance.com/products/biodance-collagen-gel-toner-pad-60ea-1?srsltid=AfmBOopQQfElFGzvK6mVXe8UGOFxK5LZfa67akXQ3JfT_OaaLGUKz19G,biodance.com,biodance.com,,,,,,,,,,,genuine_reference,,0.0,0.0,False,,not_visible,007095750dfd936f6daac6777a9995c2,eddb922c32926999,success,,genuine,Biodance COLLAGEN GEL TONER PADS official,1600,1600,107867,2026-08-15T14:31:10.988850+00:00
d6085e051be8,BIODANCE_COLLAGEN_GEL_TONER_PADS_NA26251200029,Biodance,COLLAGEN GEL TONER PADS,NA26251200029,https://biodance.com/cdn/shop/files/collagentonerpad5.jpg?v=1754549489&width=1280,SafeCart_Dataset\images\genuine_reference\BIODANCE_COLLAGEN_GEL_TONER_PADS_NA26251200029\d6085e051be8.jpg,https://biodance.com/products/biodance-collagen-gel-toner-pad-60ea-1?srsltid=AfmBOopBBNPwMIEfw2BJP4C2imKTO4SIRdjzDFA5HLfdZkHUP4w8ST_r,biodance.com,biodance.com,,,,,,,,,,,genuine_reference,,0.0,0.0,False,,not_visible,b15b9793895fce631ed572db127536bc,f8734761783cce42,success,,genuine,Biodance COLLAGEN GEL TONER PADS official,1280,1280,306429,2026-08-15T14:31:11.311114+00:00
e3678a6f256c,BIODANCE_COLLAGEN_GEL_TONER_PADS_NA26251200029,Biodance,COLLAGEN GEL TONER PADS,NA26251200029,http://biodance.com/cdn/shop/files/collagentonerpad2.jpg?v=1748601235,SafeCart_Dataset\images\genuine_reference\BIODANCE_COLLAGEN_GEL_TONER_PADS_NA26251200029\e3678a6f256c.jpg,https://biodance.com/products/biodance-collagen-gel-toner-pad-60ea-1?srsltid=AfmBOopJ-L9OYRixU_FBVp44JTlCTlU1N6MIx85q8DmLVnKVjA3U99ya,biodance.com,biodance.com,,,,,,,,,,,genuine_reference,,0.0,0.0,False,,not_visible,b819334e6711a092dc8097c958477fca,89fe1f1c0f990969,success,,genuine,Biodance COLLAGEN GEL TONER PADS official,1280,1280,293581,2026-08-15T14:31:11.615220+00:00
c85c998960c0,BIODANCE_COLLAGEN_GEL_TONER_PADS_NA26251200029,Biodance,COLLAGEN GEL TONER PADS,NA26251200029,https://biodance.com/cdn/shop/files/collagentonerpad8.jpg?v=1754549489&width=1280,SafeCart_Dataset\images\genuine_reference\BIODANCE_COLLAGEN_GEL_TONER_PADS_NA26251200029\c85c998960c0.jpg,https://biodance.com/products/biodance-collagen-gel-toner-pad-60ea-1?srsltid=AfmBOopG5CWr0ua5nZWTXyDDvJXvN-MbKtzSHHue5CPIHqCwzaZIp8C-,biodance.com,biodance.com,,,,,,,,,,,genuine_reference,,0.0,0.0,False,,not_visible,111fc29192a134aa8bd50b778e356264,eb9d51eaa622c8d2,success,,genuine,Biodance COLLAGEN GEL TONER PADS official,1280,1280,206455,2026-08-15T14:31:12.080428+00:00
0a6100fa9c39,BIODANCE_COLLAGEN_GEL_TONER_PADS_NA26251200029,Biodance,COLLAGEN GEL TONER PADS,NA26251200029,https://biodance.com/cdn/shop/files/collagentonerpad7.jpg?v=1754549489&width=1280,SafeCart_Dataset\images\genuine_reference\BIODANCE_COLLAGEN_GEL_TONER_PADS_NA26251200029\0a6100fa9c39.jpg,https://biodance.com/products/biodance-collagen-gel-toner-pad-60ea-1?srsltid=AfmBOorEkNxLhkYW23CvTT1UG2RfFEUK8N0so4mq9X9s7OBN0ngbhb0H,biodance.com,biodance.com,,,,,,,,,,,genuine_reference,,0.0,0.0,False,,not_visible,657b174037cc246e9392bdd2d9722f67,e8e0b73c684bc61e,success,,genuine,Biodance COLLAGEN GEL TONER PADS official,1280,1280,136598,2026-08-15T14:31:12.354601+00:00
f33cf440bf8f,BIODANCE_COLLAGEN_GEL_TONER_PADS_NA26251200029,Biodance,COLLAGEN GEL TONER PADS,NA26251200029,http://sukoshi.com/cdn/shop/files/Biodance-Collagen-TonerPad-2_1024x1024.jpg?v=1727145259,SafeCart_Dataset\images\genuine_reference\BIODANCE_COLLAGEN_GEL_TONER_PADS_NA26251200029\f33cf440bf8f.jpg,https://sukoshi.com/products/biodance-collagen-gel-toner-pad?srsltid=AfmBOoqiAywDakCb2s6mQkPn5ldqxOXMp4G12q6c00xz7szL4qMK2H09,sukoshi.com,sukoshi.com,,,,,,,,,,,genuine_reference,,0.0,0.0,False,,not_visible,e89e9058309a716c839ba5b507db6ba0,ead2795a5254435b,success,,genuine,Biodance COLLAGEN GEL TONER PADS official,800,1000,70716,2026-08-15T14:31:12.601750+00:00
96acee2fa599,HAYEJIN_BLESSING_OF_SPROUT_RADIANCE_TONER_NA26221200313,Hayejin,Blessing Of Sprout Radiance Toner,NA26221200313,https://www.gosupps.com/media/catalog/product/6/1/61i8XIb29TL.jpg,SafeCart_Dataset\images\genuine_reference\HAYEJIN_BLESSING_OF_SPROUT_RADIANCE_TONER_NA26221200313\96acee2fa599.jpg,https://www.gosupps.com/hayejin-blessing-of-sprout-radiance-toner-korean-skin-care-toner-for-face-w-radiance-capsules-hydrating-toner-for-dry-sensitive-skin-glow-brightening-toner-pack-of-1-4-06-fl-oz.html,www.gosupps.com,gosupps.com,,,,,,,,,,,genuine_reference,,0.0,0.0,False,,not_visible,01787da598b0e715ecab0dace2ecfff6,e3b34d96cc1cc82e,success,,genuine,Hayejin Blessing Of Sprout Radiance Toner official,1707,2560,174990,2026-08-15T14:31:41.801677+00:00
83a8aca18ff6,HAYEJIN_BLESSING_OF_SPROUT_RADIANCE_TONER_NA26221200313,Hayejin,Blessing Of Sprout Radiance Toner,NA26221200313,https://www.gosupps.com/media/catalog/product/cache/25/image/1500x/040ec09b1e35df139433887a97daa66f/7/1/71Ew2pCkIlL._SL1500_.jpg,SafeCart_Dataset\images\genuine_reference\HAYEJIN_BLESSING_OF_SPROUT_RADIANCE_TONER_NA26221200313\83a8aca18ff6.jpg,https://www.gosupps.com/hayejin-blessing-of-sprout-radiance-toner-korean-skin-care-toner-for-face-w-radiance-capsules-hydrating-toner-for-dry-sensitive-skin-glow-brightening-toner-pack-of-1-4-06-fl-oz.html,www.gosupps.com,gosupps.com,,,,,,,,,,,genuine_reference,,0.0,0.0,False,,not_visible,7fd7dee8d3b2607dd10e03270a8ee6c7,be5aa895c365d264,success,,genuine,Hayejin Blessing Of Sprout Radiance Toner official,1500,1500,149137,2026-08-15T14:31:42.707043+00:00
a5307cc05d89,HAYEJIN_BLESSING_OF_SPROUT_RADIANCE_TONER_NA26221200313,Hayejin,Blessing Of Sprout Radiance Toner,NA26221200313,https://i.ebayimg.com/images/g/hGMAAOSwr~9cRrye/s-l1200.jpg,SafeCart_Dataset\images\genuine_reference\HAYEJIN_BLESSING_OF_SPROUT_RADIANCE_TONER_NA26221200313\a5307cc05d89.jpg,https://www.ebay.com/itm/233104715911,www.ebay.com,ebay.com,,,,,,,,,,,genuine_reference,,0.0,0.0,False,,not_visible,e5b4402e143bef2127020822722c50dd,b3338ccccccccc33,success,,genuine,Hayejin Blessing Of Sprout Radiance Toner official,600,600,14205,2026-08-15T14:31:43.089878+00:00
a599354bef47,HAYEJIN_BLESSING_OF_SPROUT_RADIANCE_TONER_NA26221200313,Hayejin,Blessing Of Sprout Radiance Toner,NA26221200313,https://i.ebayimg.com/images/g/or4AAeSwIS9pFBdQ/s-l400.jpg,SafeCart_Dataset\images\genuine_reference\HAYEJIN_BLESSING_OF_SPROUT_RADIANCE_TONER_NA26221200313\a599354bef47.jpg,https://www.ebay.com/itm/135637957469,www.ebay.com,ebay.com,,,,,,,,,,,genuine_reference,,0.0,0.0,False,,not_visible,691f3ce667fab0e5e0b84a0801ffc58e,d2b505da4ccc2d2f,success,,genuine,Hayejin Blessing Of Sprout Radiance Toner official,400,400,25652,2026-08-15T14:31:43.348226+00:00
a80e994391a5,HAYEJIN_BLESSING_OF_SPROUT_RADIANCE_TONER_NA26221200313,Hayejin,Blessing Of Sprout Radiance Toner,NA26221200313,https://d1lfny8x5iw72k.cloudfront.net/storage/images/products/hayejin-blessing-of-sprout-radiance-toner-15ml-1342.webp,SafeCart_Dataset\images\genuine_reference\HAYEJIN_BLESSING_OF_SPROUT_RADIANCE_TONER_NA26221200313\a80e994391a5.jpg,https://wholesale.q-depot.com/product/hayejin-blessing-of-sprout-radiance-toner-15ml,wholesale.q-depot.com,wholesale.q-depot.com,,,,,,,,,,,genuine_reference,,0.0,0.0,False,,not_visible,b66fcfd730520fed80364fb0c838528f,b18ece999931cc33,success,,genuine,Hayejin Blessing Of Sprout Radiance Toner official,736,856,25089,2026-08-15T14:31:43.515243+00:00
ae7883100a04,HAYEJIN_BLESSING_OF_SPROUT_RADIANCE_TONER_NA26221200313,Hayejin,Blessing Of Sprout Radiance Toner,NA26221200313,https://cafe24img.poxo.com/jolsejolse/web/product/big/202412/2bc09f3d0faa8fcb7a3cc2d0b77491d4.jpg,SafeCart_Dataset\images\genuine_reference\HAYEJIN_BLESSING_OF_SPROUT_RADIANCE_TONER_NA26221200313\ae7883100a04.jpg,https://jolse.com/product/hayejin-blessing-of-sprout-radiance-toner-120ml/82554/?srsltid=AfmBOoohtl5jScIYXfKvoGkBgFV7u3BBWtz_Y0MfoMGYzEPENmP7oq8n,jolse.com,jolse.com,,,,,,,,,,,genuine_reference,,0.0,0.0,False,,not_visible,0de15f6d72745e4ede492a5505d1ddd4,c6723981c5e93cb6,success,,genuine,Hayejin Blessing Of Sprout Radiance Toner official,500,500,21363,2026-08-15T14:31:43.691442+00:00
3d946598db1c,HAYEJIN_BLESSING_OF_SPROUT_RADIANCE_TONER_NA26221200313,Hayejin,Blessing Of Sprout Radiance Toner,NA26221200313,https://i.ebayimg.com/images/g/hGMAAOSwr~9cRrye/s-l400.jpg,SafeCart_Dataset\images\genuine_reference\HAYEJIN_BLESSING_OF_SPROUT_RADIANCE_TONER_NA26221200313\3d946598db1c.jpg,https://www.ebay.com/itm/233104715911,www.ebay.com,ebay.com,,,,,,,,,,,genuine_reference,,0.0,0.0,False,,not_visible,019bc1b073bb8397aa9dc5294562b172,b3338ccccccccc33,success,near_duplicate_of:a5307cc05d89,genuine,Hayejin Blessing Of Sprout Radiance Toner official,400,400,6604,2026-08-15T14:31:43.924018+00:00
b7fe92553369,HAYEJIN_BLESSING_OF_SPROUT_RADIANCE_TONER_NA26221200313,Hayejin,Blessing Of Sprout Radiance Toner,NA26221200313,https://hayejineurope.com/wp-content/uploads/2022/12/BS018G01-683x1024.png,SafeCart_Dataset\images\genuine_reference\HAYEJIN_BLESSING_OF_SPROUT_RADIANCE_TONER_NA26221200313\b7fe92553369.jpg,https://hayejineurope.com/product/hayejin-blessing-of-sprout-radiance-toner/,hayejineurope.com,hayejineurope.com,,,,,,,,,,,genuine_reference,,0.0,0.0,False,,not_visible,85b2d90f28f4fc0989268385bef44753,9b31746664ce64ce,success,,genuine,Hayejin Blessing Of Sprout Radiance Toner official,683,1024,48090,2026-08-15T14:31:44.068107+00:00
5edc46ba4a62,FACERINNA_SALICYLIC_ACID_ACNE_TONER_NA18250107096,FACERINNA,Salicylic Acid Acne Toner,NA18250107096,https://medias.watsons.co.th/publishing/WTCTH-327848-side-zoom.jpg?version=1779737726,SafeCart_Dataset\images\genuine_reference\FACERINNA_SALICYLIC_ACID_ACNE_TONER_NA18250107096\5edc46ba4a62.jpg,https://www.watsons.co.th/en/facerinna-facerinna-salicylic-acne-toner-100-ml./p/BP_327848?srsltid=AfmBOopt4Y590_UXXSZXciFDT9CsI-NPNXIHZrwiIqi22stud8x3upw0,www.watsons.co.th,watsons.co.th,,,,,,,,,,,genuine_reference,,0.0,0.0,False,,not_visible,c2f885c57da6536ab118a3a0a14f118e,e6999bcc99243366,success,,genuine,FACERINNA Salicylic Acid Acne Toner official,880,880,49193,2026-08-15T14:30:05.141822+00:00
388e201315c1,FACERINNA_SALICYLIC_ACID_ACNE_TONER_NA18250107096,FACERINNA,Salicylic Acid Acne Toner,NA18250107096,https://medias.watsons.co.th/publishing/WTCTH-327848-front-5U2vKExZ-zoom.png?version=1784884755,SafeCart_Dataset\images\genuine_reference\FACERINNA_SALICYLIC_ACID_ACNE_TONER_NA18250107096\388e201315c1.jpg,https://www.watsons.co.th/en/facerinna-facerinna-salicylic-acne-toner-100-ml./p/BP_327848?srsltid=AfmBOoqA0yC562P7bqvHmf23q4LuuKi9vu5oSbZSFr5ryi4tUZ0xnBkl,www.watsons.co.th,watsons.co.th,,,,,,,,,,,genuine_reference,,0.0,0.0,False,,not_visible,983452b06e680b157918eeeb3d3fb68f,e6e0599be419a473,success,,genuine,FACERINNA Salicylic Acid Acne Toner official,1000,1000,143862,2026-08-15T14:30:07.444864+00:00
6c618b0c073a,FACERINNA_SALICYLIC_ACID_ACNE_TONER_NA18250107096,FACERINNA,Salicylic Acid Acne Toner,NA18250107096,https://facerinna.com/cdn/shop/files/02-EN_88ce6617-e815-410f-b731-62d3d28d887e.jpg?v=1777528027&width=533,SafeCart_Dataset\images\genuine_reference\FACERINNA_SALICYLIC_ACID_ACNE_TONER_NA18250107096\6c618b0c073a.jpg,https://facerinna.com/collections/all,facerinna.com,facerinna.com,,,,,,,,,,,genuine_reference,,0.0,0.0,False,,not_visible,50b6431f7bd3b9aa6f4546b52ae9ae86,b6e6f881c4e44e4e,success,,genuine,FACERINNA Salicylic Acid Acne Toner official,533,533,51005,2026-08-15T14:30:07.861691+00:00
41bd52e15af2,FACERINNA_SALICYLIC_ACID_ACNE_TONER_NA18250107096,FACERINNA,Salicylic Acid Acne Toner,NA18250107096,https://guardian.com.my/media/wysiwyg/121127506_4.jpg?auto=webp&format=pjpg&quality=85,SafeCart_Dataset\images\genuine_reference\FACERINNA_SALICYLIC_ACID_ACNE_TONER_NA18250107096\41bd52e15af2.jpg,https://guardian.com.my/fr-sa-acne-toner-100ml-121127506.html?srsltid=AfmBOopsI8cWLRtgwD9LAykiAN-Xrd32M1vQoAsYay5mJB3MndDQcmeO,guardian.com.my,guardian.com.my,,,,,,,,,,,genuine_reference,,0.0,0.0,False,,not_visible,d5e7cfd5a9da9604e50184056ba450ee,eb9594599462a56b,success,,genuine,FACERINNA Salicylic Acid Acne Toner official,750,1500,132426,2026-08-15T14:30:08.107669+00:00
bb2def7f2b60,FACERINNA_SALICYLIC_ACID_ACNE_TONER_NA18250107096,FACERINNA,Salicylic Acid Acne Toner,NA18250107096,https://i.ebayimg.com/images/g/RR8AAOSwUHNnW0gI/s-l500.jpg,SafeCart_Dataset\images\genuine_reference\FACERINNA_SALICYLIC_ACID_ACNE_TONER_NA18250107096\bb2def7f2b60.jpg,https://www.ebay.com/itm/187635549610,www.ebay.com,ebay.com,,,,,,,,,,,genuine_reference,,0.0,0.0,False,,not_visible,352c9e81200293a6511c7c727c6775ab,bcc7c394c379c231,success,,genuine,FACERINNA Salicylic Acid Acne Toner official,391,500,21243,2026-08-15T14:30:19.129713+00:00
d8a5f56b750d,FACERINNA_SALICYLIC_ACID_ACNE_TONER_NA18250107096,FACERINNA,Salicylic Acid Acne Toner,NA18250107096,https://guardian.com.my/media/wysiwyg/121127506_1.jpg?auto=webp&format=pjpg&quality=85,SafeCart_Dataset\images\genuine_reference\FACERINNA_SALICYLIC_ACID_ACNE_TONER_NA18250107096\d8a5f56b750d.jpg,https://guardian.com.my/fr-sa-acne-toner-100ml-121127506.html?srsltid=AfmBOopaH4lVB5scOa5w2ESvuNvh_ArwQHaywhhXDv1JKhjxm6z0yxXl,guardian.com.my,guardian.com.my,,,,,,,,,,,genuine_reference,,0.0,0.0,False,,not_visible,44f4146274a48e74132588aefc82927a,a18e9a30e767b4c9,success,,genuine,FACERINNA Salicylic Acid Acne Toner official,750,1500,144006,2026-08-15T14:30:19.326904+00:00
cd5638cc078c,FACERINNA_SALICYLIC_ACID_ACNE_TONER_NA18250107096,FACERINNA,Salicylic Acid Acne Toner,NA18250107096,https://facerinna.com/cdn/shop/files/20260506-_-Shopify-_-720x900-1.jpg?v=1778152446&width=750,SafeCart_Dataset\images\genuine_reference\FACERINNA_SALICYLIC_ACID_ACNE_TONER_NA18250107096\cd5638cc078c.jpg,https://facerinna.com/,facerinna.com,facerinna.com,,,,,,,,,,,genuine_reference,,0.0,0.0,False,,not_visible,328def01867de8e2b2f63326e1f07376,f209c67ea9d234ca,success,,genuine,FACERINNA Salicylic Acid Acne Toner official,720,900,102856,2026-08-15T14:30:19.531527+00:00
87bd9d128a1e,FACERINNA_SALICYLIC_ACID_ACNE_TONER_NA18250107096,FACERINNA,Salicylic Acid Acne Toner,NA18250107096,https://facerinna.com/cdn/shop/files/07-EN_9634c661-6427-4681-a569-f4b12c422f74.jpg?v=1777530014&width=533,SafeCart_Dataset\images\genuine_reference\FACERINNA_SALICYLIC_ACID_ACNE_TONER_NA18250107096\87bd9d128a1e.jpg,https://facerinna.com/,facerinna.com,facerinna.com,,,,,,,,,,,genuine_reference,,0.0,0.0,False,,not_visible,baf08921526efe08216be9d2602ae721,9f3abcf0e080c3c7,success,,genuine,FACERINNA Salicylic Acid Acne Toner official website,533,533,51959,2026-08-15T14:30:39.646221+00:00
aff4ae2916cd,FACERINNA_CERAMIDE_B5_BALANCING_TONER_NA18250107683,FACERINNA,Ceramide B5 Balancing Toner,NA18250107683,https://facerinna.com/cdn/shop/files/260611-_-FSS003001_d3b07eb6-dbaa-49e2-8f79-f5d27cba63f8.jpg?v=1781146111&width=533,SafeCart_Dataset\images\genuine_reference\FACERINNA_CERAMIDE_B5_BALANCING_TONER_NA18250107683\aff4ae2916cd.jpg,https://facerinna.com/collections/all,facerinna.com,facerinna.com,,,,,,,,,,,genuine_reference,,0.0,0.0,False,,not_visible,93c2f798ba64c7ce00d7efcc32ffd107,e699996599669926,success,,genuine,FACERINNA Ceramide B5 Balancing Toner official,533,533,19799,2026-08-15T14:30:07.230131+00:00
061ae7b7c1f0,FACERINNA_CERAMIDE_B5_BALANCING_TONER_NA18250107683,FACERINNA,Ceramide B5 Balancing Toner,NA18250107683,https://p16-oec-sg.ibyteimg.com/tos-alisg-i-aphluv4xwc-sg/img/VqbcmM/2025/7/3/3a2ea08c-166e-4d33-b384-f307e670f525.jpg~tplv-aphluv4xwc-resize-jpeg:700:0.jpg,SafeCart_Dataset\images\genuine_reference\FACERINNA_CERAMIDE_B5_BALANCING_TONER_NA18250107683\061ae7b7c1f0.jpg,https://www.tokopedia.com/watsons-indonesia-official-store/facerinna-ceramide-b5-balancing-toner-100ml-1731838860929434905?utm_source=google&utm_medium=organic&utm_campaign=pdp,www.tokopedia.com,tokopedia.com,,,,,,,,,,,genuine_reference,,0.0,0.0,False,,not_visible,7ef45ad030153d57abc8e789567e9ff6,e6ad5be40dd22153,success,,genuine,FACERINNA Ceramide B5 Balancing Toner official,700,700,53402,2026-08-15T14:30:37.647544+00:00
150825d871f7,FACERINNA_CERAMIDE_B5_BALANCING_TONER_NA18250107683,FACERINNA,Ceramide B5 Balancing Toner,NA18250107683,https://down-my.img.susercontent.com/file/my-11134207-820l4-mr71dfiwh2ps79,SafeCart_Dataset\images\genuine_reference\FACERINNA_CERAMIDE_B5_BALANCING_TONER_NA18250107683\150825d871f7.jpg,https://shopee.com.my/FACERINNA-Ceramide-B5-Balancing-Toner-Soothing-Calming-Toner-Barrier-Repair-Essence-After-Sun-Hydrating-Sensitive-Skin-i.1473495725.40856703119,shopee.com.my,shopee.com.my,,,,,,,,,,,genuine_reference,,0.0,0.0,False,,not_visible,bf2d88750886f600cd21f6aad1db8de2,e6999923b127da26,success,,genuine,FACERINNA Ceramide B5 Balancing Toner official,1024,1024,121847,2026-08-15T14:30:37.829222+00:00
7934a2d8a5c8,FACERINNA_CERAMIDE_B5_BALANCING_TONER_NA18250107683,FACERINNA,Ceramide B5 Balancing Toner,NA18250107683,https://down-my.img.susercontent.com/file/sg-11134201-8258t-mgfiq8ibu9sb9a,SafeCart_Dataset\images\genuine_reference\FACERINNA_CERAMIDE_B5_BALANCING_TONER_NA18250107683\7934a2d8a5c8.jpg,https://shopee.com.my/Facerinna-Ceramide-B5-Balancing-Toner-100Ml-i.135870504.42772486509,shopee.com.my,shopee.com.my,,,,,,,,,,,genuine_reference,,0.0,0.0,False,,not_visible,6a849443be93d3b0fa8707cd3691e28b,b78d8d330d370e8c,success,,genuine,FACERINNA Ceramide B5 Balancing Toner official,750,750,32963,2026-08-15T14:30:47.459596+00:00
0cb916828669,FACERINNA_CERAMIDE_B5_BALANCING_TONER_NA18250107683,FACERINNA,Ceramide B5 Balancing Toner,NA18250107683,https://p16-oec-sg.ibyteimg.com/tos-alisg-i-aphluv4xwc-sg/3859377d5e444259be03f7992c3bcc55~tplv-aphluv4xwc-resize-webp:800:800.webp?dr=15592&t=555f072d&ps=933b5bde&shp=8dbd94bf&shcp=e1be8f53&idc=my2&from=2378011839,SafeCart_Dataset\images\genuine_reference\FACERINNA_CERAMIDE_B5_BALANCING_TONER_NA18250107683\0cb916828669.jpg,https://shop.tiktok.com/my/pdp/toner-ceramide-b5-balancing-untuk-kulit-sensitif-lembut-bersih/1732627202276099823,shop.tiktok.com,shop.tiktok.com,,,,,,,,,,,genuine_reference,,0.0,0.0,False,,not_visible,e2108719b0ce724c26f8343b1c2eec02,e9caf3b492364d82,success,,genuine,FACERINNA Ceramide B5 Balancing Toner official,800,800,96151,2026-08-15T14:30:47.842081+00:00
a0264d7fea72,FACERINNA_CERAMIDE_B5_BALANCING_TONER_NA18250107683,FACERINNA,Ceramide B5 Balancing Toner,NA18250107683,https://facerinna.com/cdn/shop/files/preview_images/8283fd06903940288bc424b359865fa0.thumbnail.0000000000_700x.jpg?v=1778743789,SafeCart_Dataset\images\genuine_reference\FACERINNA_CERAMIDE_B5_BALANCING_TONER_NA18250107683\a0264d7fea72.jpg,https://facerinna.com/,facerinna.com,facerinna.com,,,,,,,,,,,genuine_reference,,0.0,0.0,False,,not_visible,feb81ebd79f56271d1881bc5c35174b9,83169644ad9d55b7,success,,genuine,FACERINNA Ceramide B5 Balancing Toner official website,700,1244,83952,2026-08-15T14:30:50.149939+00:00
57a805ec920b,FACERINNA_CERAMIDE_B5_BALANCING_TONER_NA18250107683,FACERINNA,Ceramide B5 Balancing Toner,NA18250107683,https://facerinna.com/cdn/shop/files/02-EN_0977582d-e4cd-4a3f-9434-84934a65e01e.jpg?v=1777530916&width=533,SafeCart_Dataset\images\genuine_reference\FACERINNA_CERAMIDE_B5_BALANCING_TONER_NA18250107683\57a805ec920b.jpg,https://facerinna.com/,facerinna.com,facerinna.com,,,,,,,,,,,genuine_reference,,0.0,0.0,False,,not_visible,5d4be540832e87e14fcde47defd2904c,bb19ecccc2c1e1c3,success,,genuine,FACERINNA Ceramide B5 Balancing Toner official website,533,533,51208,2026-08-15T14:30:59.719207+00:00
52b40b3d5543,FACERINNA_CERAMIDE_B5_BALANCING_TONER_NA18250107683,FACERINNA,Ceramide B5 Balancing Toner,NA18250107683,https://medias.watsons.co.th/publishing/WTCTH-327865-front-zgUfGhf8-zoom.png?version=1784884755,SafeCart_Dataset\images\genuine_reference\FACERINNA_CERAMIDE_B5_BALANCING_TONER_NA18250107683\52b40b3d5543.jpg,https://www.watsons.co.th/en/facerinna-facerinna-ceramide-b5-balancing-toner-100-ml./p/BP_327865?srsltid=AfmBOooFsaf6yY-vIKm7neGw7cxKp_Y2P3obrgWxnf0aL8mlPmC9VMyI,www.watsons.co.th,watsons.co.th,,,,,,,,,,,genuine_reference,,0.0,0.0,False,,not_visible,2c5c2541e0d2e9c01cba101dd7f9af2e,b7e04d99e419a563,success,,genuine,FACERINNA Ceramide B5 Balancing Toner official website,1000,1000,140492,2026-08-15T14:30:59.922186+00:00
b96ee9c670ff,DR_G_BRIGHTENING_VITA_PEELING_PAD_NA26220200245,Dr.G,Brightening Vita Peeling Pad,NA26220200245,"https://m.media-amazon.com/images/I/51WceMJ5RRL._AC_UF1000,1000_QL80_.jpg",SafeCart_Dataset\images\genuine_reference\DR_G_BRIGHTENING_VITA_PEELING_PAD_NA26220200245\b96ee9c670ff.jpg,https://www.amazon.com/Dr-G-Brightening-Peeling-Pads/dp/B0FS11SGRT,www.amazon.com,amazon.com,,,,,,,,,,,genuine_reference,,0.0,0.0,False,,not_visible,bf661f376ab0e8b955e051318bfd73e4,ef903a94946f906e,success,,genuine,Dr.G Brightening Vita Peeling Pad official,1000,999,81315,2026-08-15T14:32:56.171888+00:00
501e16cd45eb,DR_G_BRIGHTENING_VITA_PEELING_PAD_NA26220200245,Dr.G,Brightening Vita Peeling Pad,NA26220200245,"https://m.media-amazon.com/images/I/51WceMJ5RRL.jpg_BO30,255,255,255_UF750,750_SR1910,1000,0,C_QL100_.jpg",SafeCart_Dataset\images\genuine_reference\DR_G_BRIGHTENING_VITA_PEELING_PAD_NA26220200245\501e16cd45eb.jpg,https://www.amazon.com/Dr-G-Brightening-Peeling-Pads/dp/B0FS11SGRT,www.amazon.com,amazon.com,,,,,,,,,,,genuine_reference,,0.0,0.0,False,,not_visible,137989f8553175fd7e507d89d77a1e60,e6999932cc666699,success,,genuine,Dr.G Brightening Vita Peeling Pad official,1910,1000,80779,2026-08-15T14:32:56.634594+00:00
2b7a157da502,DR_G_BRIGHTENING_VITA_PEELING_PAD_NA26220200245,Dr.G,Brightening Vita Peeling Pad,NA26220200245,https://soonsubeauty.com/cdn/shop/files/ad9eba59-3f56-11eb-b987-246e963a49a8_01.jpg?v=1761660808,SafeCart_Dataset\images\genuine_reference\DR_G_BRIGHTENING_VITA_PEELING_PAD_NA26220200245\2b7a157da502.jpg,https://soonsubeauty.com/products/dr-g-brightening-vita-peeling-pad-70ea?srsltid=AfmBOordZ16nroByunVRCfhGKHnZFCFDyaXjiDKBwvbT7Su32PjiBqZY,soonsubeauty.com,soonsubeauty.com,,,,,,,,,,,genuine_reference,,0.0,0.0,False,,not_visible,1110177f60c97f8cb8d57056ead13ac1,e76594969a9299c9,success,,genuine,Dr.G Brightening Vita Peeling Pad official,640,800,42958,2026-08-15T14:32:56.907812+00:00
cde737c109c4,DR_G_BRIGHTENING_VITA_PEELING_PAD_NA26220200245,Dr.G,Brightening Vita Peeling Pad,NA26220200245,https://soonsubeauty.com/cdn/shop/files/57080336476173845_1880544797.jpg?v=1761660808,SafeCart_Dataset\images\genuine_reference\DR_G_BRIGHTENING_VITA_PEELING_PAD_NA26220200245\cde737c109c4.jpg,https://soonsubeauty.com/products/dr-g-brightening-vita-peeling-pad-70ea?srsltid=AfmBOooH1DjCuflBqafCAZXTc7kgaNQ4E0BJ3o7w1TRc-FsRKbRP0pQG,soonsubeauty.com,soonsubeauty.com,,,,,,,,,,,genuine_reference,,0.0,0.0,False,,not_visible,aaf0f83ee343232cc495ab79a6047aec,e49b9364cb96219b,success,,genuine,Dr.G Brightening Vita Peeling Pad official,1000,1000,71833,2026-08-15T14:32:57.087258+00:00
2ae071ea8d3a,DR_G_BRIGHTENING_VITA_PEELING_PAD_NA26220200245,Dr.G,Brightening Vita Peeling Pad,NA26220200245,https://dermapproved.com/images/products/drg-brightening-vita-peeling-pads.webp,SafeCart_Dataset\images\genuine_reference\DR_G_BRIGHTENING_VITA_PEELING_PAD_NA26220200245\2ae071ea8d3a.jpg,https://dermapproved.com/products/drg-brightening-vita-peeling-pads/,dermapproved.com,dermapproved.com,,,,,,,,,,,genuine_reference,,0.0,0.0,False,,not_visible,96a7680f6f5f9a4831020c26de9e9401,e996866993646d93,success,,genuine,Dr.G Brightening Vita Peeling Pad official,640,640,23541,2026-08-15T14:32:57.345412+00:00
eeae26aad806,DR_G_BRIGHTENING_VITA_PEELING_PAD_NA26220200245,Dr.G,Brightening Vita Peeling Pad,NA26220200245,"https://m.media-amazon.com/images/I/61bCTY61N0L._AC_UF1000,1000_QL80_.jpg",SafeCart_Dataset\images\genuine_reference\DR_G_BRIGHTENING_VITA_PEELING_PAD_NA26220200245\eeae26aad806.jpg,https://www.amazon.com/Dr-G-Brightening-Peeling-Pads/dp/B0FS11SGRT,www.amazon.com,amazon.com,,,,,,,,,,,genuine_reference,,0.0,0.0,False,,not_visible,313cfa4409c8fbf39d509f1a78c8cb1f,ebb5bd63c48cc290,success,,genuine,Dr.G Brightening Vita Peeling Pad official,1000,1000,120333,2026-08-15T14:32:58.335023+00:00
69e00ddd72c0,DR_G_BRIGHTENING_VITA_PEELING_PAD_NA26220200245,Dr.G,Brightening Vita Peeling Pad,NA26220200245,https://i.ebayimg.com/images/g/WxwAAOSw~~1klaCA/s-l1200.jpg,SafeCart_Dataset\images\genuine_reference\DR_G_BRIGHTENING_VITA_PEELING_PAD_NA26220200245\69e00ddd72c0.jpg,https://www.ebay.com/itm/155627738775,www.ebay.com,ebay.com,,,,,,,,,,,genuine_reference,,0.0,0.0,False,,not_visible,82aba5adac1feb9f730b264797e3dede,ee46953f93914a62,success,,genuine,Dr.G Brightening Vita Peeling Pad official,1100,1100,79297,2026-08-15T14:32:58.530942+00:00
07998791e6fc,DR_G_BRIGHTENING_VITA_PEELING_PAD_NA26220200245,Dr.G,Brightening Vita Peeling Pad,NA26220200245,"https://m.media-amazon.com/images/I/61ZNB3nrOHL._AC_UF350,350_QL80_.jpg",SafeCart_Dataset\images\genuine_reference\DR_G_BRIGHTENING_VITA_PEELING_PAD_NA26220200245\07998791e6fc.jpg,https://www.amazon.com/Dr-G-Brightening-Peeling-Pads/dp/B0FS11SGRT,www.amazon.com,amazon.com,,,,,,,,,,,genuine_reference,,0.0,0.0,False,,not_visible,f7bca813baa252286b0d56a6e1095a0b,eb953d4a9148d1ec,success,,genuine,Dr.G Brightening Vita Peeling Pad official,350,350,22707,2026-08-15T14:32:59.050560+00:00
3216eddb03a5,ROUND_LAB_PINE_CALMING_CICA_TONER_NA26231200708,Round Lab,Pine Calming Cica Toner,NA26231200708,https://m.media-amazon.com/images/I/61YqzMZvbOL.jpg,SafeCart_Dataset\images\genuine_reference\ROUND_LAB_PINE_CALMING_CICA_TONER_NA26231200708\3216eddb03a5.jpg,https://www.amazon.com/ROUND-LAB-sensitive-rejuvenate-madecasocide/dp/B0DJ4J8661,www.amazon.com,amazon.com,,,,,,,,,,,genuine_reference,,0.0,0.0,False,,not_visible,bbff9165fd690d82d4cb4bff2f6031f0,e68bb3669a62c989,success,,genuine,Round Lab Pine Calming Cica Toner official,1500,1500,124715,2026-08-15T14:32:01.697611+00:00
0d8230e98a88,ROUND_LAB_PINE_CALMING_CICA_TONER_NA26231200708,Round Lab,Pine Calming Cica Toner,NA26231200708,https://roundlab.com/cdn/shop/files/pine-calming-cica-toner-round-lab-1.jpg?v=1775522081&width=1946,SafeCart_Dataset\images\genuine_reference\ROUND_LAB_PINE_CALMING_CICA_TONER_NA26231200708\0d8230e98a88.jpg,https://roundlab.com/products/pine-calming-cica-toner?srsltid=AfmBOop8Ie-dvzazas_ctIMJcTES2-RzLTMiF-bE7-u76Buvd1llXswR,roundlab.com,roundlab.com,,,,,,,,,,,genuine_reference,,0.0,0.0,False,,not_visible,cb8f4808e14328fe55bee8fdbadde27a,e59a3332cc49ccd9,success,,genuine,Round Lab Pine Calming Cica Toner official,512,512,46288,2026-08-15T14:32:01.947019+00:00
63f51d90a8b1,ROUND_LAB_PINE_CALMING_CICA_TONER_NA26231200708,Round Lab,Pine Calming Cica Toner,NA26231200708,https://d1flfk77wl2xk4.cloudfront.net/Assets/round-lab-pine-calming-cica-toner-250ml/82/948/XXL_p0198194882.jpg,SafeCart_Dataset\images\genuine_reference\ROUND_LAB_PINE_CALMING_CICA_TONER_NA26231200708\63f51d90a8b1.jpg,https://www.yesstyle.com/en/round-lab-pine-calming-cica-toner-250ml/info.html/pid.1123980103,www.yesstyle.com,yesstyle.com,,,,,,,,,,,genuine_reference,,0.0,0.0,False,,not_visible,5755c2eac60c6e1f4fe175f5bf31e6a8,e69b33669831cc99,success,,genuine,Round Lab Pine Calming Cica Toner official,640,640,20524,2026-08-15T14:32:02.105764+00:00
c09d87e10316,ROUND_LAB_PINE_CALMING_CICA_TONER_NA26231200708,Round Lab,Pine Calming Cica Toner,NA26231200708,https://www.dodoskin.com/cdn/shop/files/ROUNDLABForMenPineCalmingCicaToner200ml-3.jpg?v=1722275068&width=1200,SafeCart_Dataset\images\genuine_reference\ROUND_LAB_PINE_CALMING_CICA_TONER_NA26231200708\c09d87e10316.jpg,https://www.dodoskin.com/products/round-lab-for-men-pine-calming-cica-toner-200ml?srsltid=AfmBOorLDjGmyr0XlFDxJuWvkQrCXgeI0LE17H4j-p-5gvMrUa_vhLRd,www.dodoskin.com,dodoskin.com,,,,,,,,,,,genuine_reference,,0.0,0.0,False,,not_visible,98067ac225d6c09706a63d5936ac588e,f252c2629d8dad8d,success,,genuine,Round Lab Pine Calming Cica Toner official,1200,1200,208609,2026-08-15T14:32:02.247451+00:00
33dc19623eac,ROUND_LAB_PINE_CALMING_CICA_TONER_NA26231200708,Round Lab,Pine Calming Cica Toner,NA26231200708,"https://m.media-amazon.com/images/I/615gADZA7XL._AC_UF1000,1000_QL80_.jpg",SafeCart_Dataset\images\genuine_reference\ROUND_LAB_PINE_CALMING_CICA_TONER_NA26231200708\33dc19623eac.jpg,https://www.amazon.com/ROUND-LAB-sensitive-rejuvenate-madecasocide/dp/B0DJ4J8661,www.amazon.com,amazon.com,,,,,,,,,,,genuine_reference,,0.0,0.0,False,,not_visible,5ddf908301e6cf49126dbfa82d2f66f8,afd260699f66f090,success,,genuine,Round Lab Pine Calming Cica Toner official,1000,1000,126164,2026-08-15T14:32:02.605918+00:00
30f10286d64b,ROUND_LAB_PINE_CALMING_CICA_TONER_NA26231200708,Round Lab,Pine Calming Cica Toner,NA26231200708,https://dermapproved.com/images/products/round-lab-pine-calming-cica-toner.webp,SafeCart_Dataset\images\genuine_reference\ROUND_LAB_PINE_CALMING_CICA_TONER_NA26231200708\30f10286d64b.jpg,https://dermapproved.com/products/round-lab-pine-calming-cica-toner/,dermapproved.com,dermapproved.com,,,,,,,,,,,genuine_reference,,0.0,0.0,False,,not_visible,0c53246559b267058ed17c63ee2a6591,f994254bb01de2d9,success,,genuine,Round Lab Pine Calming Cica Toner official,512,512,38608,2026-08-15T14:32:02.804656+00:00
26d123b780bf,ROUND_LAB_PINE_CALMING_CICA_TONER_NA26231200708,Round Lab,Pine Calming Cica Toner,NA26231200708,https://roundlab.com/cdn/shop/files/pine-calming-cica-toner-round-lab-5.jpg?v=1772849751&width=360,SafeCart_Dataset\images\genuine_reference\ROUND_LAB_PINE_CALMING_CICA_TONER_NA26231200708\26d123b780bf.jpg,https://roundlab.com/products/pine-calming-cica-toner?srsltid=AfmBOopUdXT1yq30gH1QMWZHArxG9HR8Z2IGW3yQeLDIwYD3MbzXPyCP,roundlab.com,roundlab.com,,,,,,,,,,,genuine_reference,,0.0,0.0,False,,not_visible,b5aa56dd4cb52722bcc6bcc7779287aa,f6999866c3713a1c,success,,genuine,Round Lab Pine Calming Cica Toner official,360,360,22523,2026-08-15T14:32:04.101729+00:00
4a6b10b5cd5d,ROUND_LAB_PINE_CALMING_CICA_TONER_NA26231200708,Round Lab,Pine Calming Cica Toner,NA26231200708,https://www.dodoskin.com/cdn/shop/files/r51.jpg?v=1714618227&width=1200,SafeCart_Dataset\images\genuine_reference\ROUND_LAB_PINE_CALMING_CICA_TONER_NA26231200708\4a6b10b5cd5d.jpg,https://www.dodoskin.com/products/round-lab-pine-calming-cica-toner-250ml?srsltid=AfmBOopybm4IctNYAfpRpYrmQjnodFIhVCfvgfivBreRLQagil43r5xp,www.dodoskin.com,dodoskin.com,,,,,,,,,,,genuine_reference,,0.0,0.0,False,,not_visible,6f4a8c851e344c66b2cee32f7b76bc13,b8e839a1cac687ad,success,,genuine,Round Lab Pine Calming Cica Toner official,1024,1024,114653,2026-08-15T14:32:04.270372+00:00
e1759378c115,LANBENA_BOOST_RADIANCE_HYDRATING_FACIAL_TONER_NA11231201159,LANBENA,Boost Radiance & Hydrating Facial Toner,NA11231201159,https://m.media-amazon.com/images/I/61KnUG8kMPL.jpg,SafeCart_Dataset\images\genuine_reference\LANBENA_BOOST_RADIANCE_HYDRATING_FACIAL_TONER_NA11231201159\e1759378c115.jpg,https://www.amazon.com/LANBENA-Brightens-Hydrating-Hyaluronic-Non-Alcoholic/dp/B0CS62JFND,www.amazon.com,amazon.com,,,,,,,,,,,genuine_reference,,0.0,0.0,False,,not_visible,5f24bda4143ca847d60dddf5e93f06c1,e16666986d99338e,success,,genuine,LANBENA Boost Radiance & Hydrating Facial Toner official,1600,1600,159205,2026-08-15T14:32:39.455808+00:00
9734600ef4b1,LANBENA_BOOST_RADIANCE_HYDRATING_FACIAL_TONER_NA11231201159,LANBENA,Boost Radiance & Hydrating Facial Toner,NA11231201159,"https://m.media-amazon.com/images/I/61KnUG8kMPL.jpg_BO30,255,255,255_UF750,750_SR1910,1000,0,C_QL100_.jpg",SafeCart_Dataset\images\genuine_reference\LANBENA_BOOST_RADIANCE_HYDRATING_FACIAL_TONER_NA11231201159\9734600ef4b1.jpg,https://www.amazon.com/LANBENA-Brightens-Hydrating-Hyaluronic-Non-Alcoholic/dp/B0CS62JFND,www.amazon.com,amazon.com,,,,,,,,,,,genuine_reference,,0.0,0.0,False,,not_visible,423416cb268de8d7bed04a1ac0bce141,b366cc9999cc9932,success,,genuine,LANBENA Boost Radiance & Hydrating Facial Toner official,1910,1000,78993,2026-08-15T14:32:39.768068+00:00
ecbd8072d4b2,LANBENA_BOOST_RADIANCE_HYDRATING_FACIAL_TONER_NA11231201159,LANBENA,Boost Radiance & Hydrating Facial Toner,NA11231201159,"https://m.media-amazon.com/images/I/61KnUG8kMPL._AC_UF1000,1000_QL80_.jpg",SafeCart_Dataset\images\genuine_reference\LANBENA_BOOST_RADIANCE_HYDRATING_FACIAL_TONER_NA11231201159\ecbd8072d4b2.jpg,https://www.amazon.com/LANBENA-Brightens-Hydrating-Hyaluronic-Non-Alcoholic/dp/B0CS62JFND,www.amazon.com,amazon.com,,,,,,,,,,,genuine_reference,,0.0,0.0,False,,not_visible,6bca4825c73445c61610c8d25c938ca9,ba7a7a8055853ee1,success,,genuine,LANBENA Boost Radiance & Hydrating Facial Toner official,384,1000,66664,2026-08-15T14:32:39.975711+00:00
aa923f2ad2c6,LANBENA_BOOST_RADIANCE_HYDRATING_FACIAL_TONER_NA11231201159,LANBENA,Boost Radiance & Hydrating Facial Toner,NA11231201159,"https://m.media-amazon.com/images/S/aplus-media-library-service-media/2a702ca8-7125-4c08-a33b-296e3b8e30be.__CR0,0,1464,600_PT0_SX1464_V1___.png",SafeCart_Dataset\images\genuine_reference\LANBENA_BOOST_RADIANCE_HYDRATING_FACIAL_TONER_NA11231201159\aa923f2ad2c6.jpg,https://www.gosupps.com/lanbena-brightening-toner-facial-toner-with-vitamin-c-for-even-tone-hydrating-toner-for-face-alcohol-free-boost-radiance-calming-skin-refreshing-fragrance-free-skincare-for-face.html,www.gosupps.com,gosupps.com,,,,,,,,,,,genuine_reference,,0.0,0.0,False,,not_visible,9e88314d97c4467a3bbda97d05195010,8cfc19c39bc30ec3,success,,genuine,LANBENA Boost Radiance & Hydrating Facial Toner official,1464,600,145086,2026-08-15T14:32:58.870438+00:00
7fc0b7e17adf,LANBENA_BOOST_RADIANCE_HYDRATING_FACIAL_TONER_NA11231201159,LANBENA,Boost Radiance & Hydrating Facial Toner,NA11231201159,https://m.media-amazon.com/images/I/51V0bwmipPL.jpg,SafeCart_Dataset\images\genuine_reference\LANBENA_BOOST_RADIANCE_HYDRATING_FACIAL_TONER_NA11231201159\7fc0b7e17adf.jpg,https://www.amazon.com/LANBENA-Brightens-Hydrating-Hyaluronic-Non-Alcoholic/dp/B0CS62JFND,www.amazon.com,amazon.com,,,,,,,,,,,genuine_reference,,0.0,0.0,False,,not_visible,05aaf6e6fc84506da47eefa6406e0124,b171cecece03f032,success,,genuine,LANBENA Boost Radiance & Hydrating Facial Toner official,800,800,81483,2026-08-15T14:32:59.678140+00:00
3d76f94a4dbb,LANBENA_BOOST_RADIANCE_HYDRATING_FACIAL_TONER_NA11231201159,LANBENA,Boost Radiance & Hydrating Facial Toner,NA11231201159,https://m.media-amazon.com/images/I/51lpnQhejLL.jpg,SafeCart_Dataset\images\genuine_reference\LANBENA_BOOST_RADIANCE_HYDRATING_FACIAL_TONER_NA11231201159\3d76f94a4dbb.jpg,https://www.amazon.com/LANBENA-Brightens-Hydrating-Hyaluronic-Non-Alcoholic/dp/B0CS62JFND,www.amazon.com,amazon.com,,,,,,,,,,,genuine_reference,,0.0,0.0,False,,not_visible,4817573cc2c945b87889351df8102610,ec89c9d68eb2c0b5,success,,genuine,LANBENA Boost Radiance & Hydrating Facial Toner official,800,800,98994,2026-08-15T14:32:59.877112+00:00
9d4f4a0cc582,LANBENA_BOOST_RADIANCE_HYDRATING_FACIAL_TONER_NA11231201159,LANBENA,Boost Radiance & Hydrating Facial Toner,NA11231201159,https://m.media-amazon.com/images/I/61QBO1ZD8QL.jpg,SafeCart_Dataset\images\genuine_reference\LANBENA_BOOST_RADIANCE_HYDRATING_FACIAL_TONER_NA11231201159\9d4f4a0cc582.jpg,https://www.amazon.com/LANBENA-Brightens-Hydrating-Hyaluronic-Non-Alcoholic/dp/B0CS62JFND,www.amazon.com,amazon.com,,,,,,,,,,,genuine_reference,,0.0,0.0,False,,not_visible,c6bb92cbb3f41045c95e3b50c2b2ef17,deaba19595d2d2c0,success,,genuine,LANBENA Boost Radiance & Hydrating Facial Toner official,800,800,114267,2026-08-15T14:33:09.425595+00:00
b730ceb0b2f7,LANBENA_BOOST_RADIANCE_HYDRATING_FACIAL_TONER_NA11231201159,LANBENA,Boost Radiance & Hydrating Facial Toner,NA11231201159,https://www.gosupps.com/media/catalog/product/5/1/51S88mSIflL.jpg,SafeCart_Dataset\images\genuine_reference\LANBENA_BOOST_RADIANCE_HYDRATING_FACIAL_TONER_NA11231201159\b730ceb0b2f7.jpg,https://www.gosupps.com/lanbena-brightening-toner-facial-toner-with-vitamin-c-for-even-tone-hydrating-toner-for-face-alcohol-free-boost-radiance-calming-skin-refreshing-fragrance-free-skincare-for-face.html,www.gosupps.com,gosupps.com,,,,,,,,,,,genuine_reference,,0.0,0.0,False,,not_visible,0c7c1d434379ccb63ffd59ec208b050b,e32627da9e8835c9,success,,genuine,LANBENA Boost Radiance & Hydrating Facial Toner official website,800,800,58511,2026-08-15T14:33:11.362298+00:00
da602a7389f4,MEDIHEAL_WATERMIDE_MOISTURE_PAD_NA26240100017,Mediheal,Watermide Moisture Pad,NA26240100017,https://media.ulta.com/i/ulta/2626999?w=500&h=500,SafeCart_Dataset\images\genuine_reference\MEDIHEAL_WATERMIDE_MOISTURE_PAD_NA26240100017\da602a7389f4.jpg,https://www.ulta.com/p/watermide-moisture-pad-pimprod2045861?sku=2626999,www.ulta.com,ulta.com,,,,,,,,,,,genuine_reference,,0.0,0.0,False,,not_visible,a8b2dd6f2d72d1255f345a6b1b561389,c0973f6a2f682f30,success,,genuine,Mediheal Watermide Moisture Pad official,500,500,38480,2026-08-15T14:33:26.485544+00:00
9abfd56eb3b4,MEDIHEAL_WATERMIDE_MOISTURE_PAD_NA26240100017,Mediheal,Watermide Moisture Pad,NA26240100017,https://mediheal.com/cdn/shop/files/51Fok4w9h6L._SL1200.jpg?v=1762929194&width=1946,SafeCart_Dataset\images\genuine_reference\MEDIHEAL_WATERMIDE_MOISTURE_PAD_NA26240100017\9abfd56eb3b4.jpg,https://mediheal.com/products/watermide-moisture-pad?srsltid=AfmBOop3q8SFofopaV_81pwWwbUt3-E4bVXYeC-ECFY7zLqQSWQoCS2t,mediheal.com,mediheal.com,,,,,,,,,,,genuine_reference,,0.0,0.0,False,,not_visible,829976fc292239e67069361bdfb01b74,e996c26b3c84cd6c,success,,genuine,Mediheal Watermide Moisture Pad official,1112,1112,98412,2026-08-15T14:33:26.875179+00:00
45297d4eb970,MEDIHEAL_WATERMIDE_MOISTURE_PAD_NA26240100017,Mediheal,Watermide Moisture Pad,NA26240100017,https://mediheal.com/cdn/shop/files/61ACJ2rN8oL._SL1200.jpg?v=1762929216&width=1946,SafeCart_Dataset\images\genuine_reference\MEDIHEAL_WATERMIDE_MOISTURE_PAD_NA26240100017\45297d4eb970.jpg,https://mediheal.com/products/watermide-moisture-pad?srsltid=AfmBOool30kD7Dh86YOcRZIYhAehveFY5fkboYxiZWQ_jgFmbiOHpHwn,mediheal.com,mediheal.com,,,,,,,,,,,genuine_reference,,0.0,0.0,False,,not_visible,fc5b82bcb027eedf35cbfc7d080bd7b5,ea9d42439d8ce2ea,success,,genuine,Mediheal Watermide Moisture Pad official,1200,1200,160618,2026-08-15T14:33:27.237329+00:00
44e6557d815f,MEDIHEAL_WATERMIDE_MOISTURE_PAD_NA26240100017,Mediheal,Watermide Moisture Pad,NA26240100017,https://media.ulta.com/i/ulta/2626999_alt01?w=800&h=800&fmt=auto,SafeCart_Dataset\images\genuine_reference\MEDIHEAL_WATERMIDE_MOISTURE_PAD_NA26240100017\44e6557d815f.jpg,https://www.ulta.com/p/watermide-moisture-pad-pimprod2045861?sku=2626999,www.ulta.com,ulta.com,,,,,,,,,,,genuine_reference,,0.0,0.0,False,,not_visible,7df50b1cc506dbdcb7f6b0ea522d3848,e48e995b64225fe4,success,,genuine,Mediheal Watermide Moisture Pad official,800,800,71381,2026-08-15T14:33:27.501050+00:00
ee4d0f698599,MEDIHEAL_WATERMIDE_MOISTURE_PAD_NA26240100017,Mediheal,Watermide Moisture Pad,NA26240100017,https://kbeautystore.com/cdn/shop/files/IMG_6362.webp?v=1714388794&width=1080,SafeCart_Dataset\images\genuine_reference\MEDIHEAL_WATERMIDE_MOISTURE_PAD_NA26240100017\ee4d0f698599.jpg,https://kbeautystore.com/products/watermide-moisture-pad,kbeautystore.com,kbeautystore.com,,,,,,,,,,,genuine_reference,,0.0,0.0,False,,not_visible,f0e65a67156ebc61cab09bdb6a24ecd4,e58adb949e53a168,success,,genuine,Mediheal Watermide Moisture Pad official,1080,1350,97328,2026-08-15T14:33:27.636037+00:00
05488ff9d7bb,MEDIHEAL_WATERMIDE_MOISTURE_PAD_NA26240100017,Mediheal,Watermide Moisture Pad,NA26240100017,https://media.ulta.com/i/ulta/2626999_alt03?w=800&h=800&fmt=auto,SafeCart_Dataset\images\genuine_reference\MEDIHEAL_WATERMIDE_MOISTURE_PAD_NA26240100017\05488ff9d7bb.jpg,https://www.ulta.com/p/watermide-moisture-pad-pimprod2045861?sku=2626999,www.ulta.com,ulta.com,,,,,,,,,,,genuine_reference,,0.0,0.0,False,,not_visible,ced8eab7d6c0bb49495393103c068193,faa17a875e878191,success,,genuine,Mediheal Watermide Moisture Pad official,800,800,71577,2026-08-15T14:33:27.927073+00:00
431dc42b7170,MEDIHEAL_WATERMIDE_MOISTURE_PAD_NA26240100017,Mediheal,Watermide Moisture Pad,NA26240100017,http://sukoshi.com/cdn/shop/files/mediheal-watermide-moisture-pad-texture_1024x1024.jpg?v=1715708049,SafeCart_Dataset\images\genuine_reference\MEDIHEAL_WATERMIDE_MOISTURE_PAD_NA26240100017\431dc42b7170.jpg,https://sukoshi.com/products/mediheal-watermide-moisture-pad-100-pads?srsltid=AfmBOorRzKfVqLcHzjczXiejTzECteNdBN44bPtMNd2iIFDm3GNvZa4x,sukoshi.com,sukoshi.com,,,,,,,,,,,genuine_reference,,0.0,0.0,False,,not_visible,2de022166d38c5441eddf2f049cf926b,ecc9932c8d726cc6,success,,genuine,Mediheal Watermide Moisture Pad official,800,1000,66529,2026-08-15T14:33:28.133521+00:00
ffaf7e944dea,MEDIHEAL_WATERMIDE_MOISTURE_PAD_NA26240100017,Mediheal,Watermide Moisture Pad,NA26240100017,https://media.ulta.com/i/ulta/2626999_alt02?w=800&h=800&fmt=auto,SafeCart_Dataset\images\genuine_reference\MEDIHEAL_WATERMIDE_MOISTURE_PAD_NA26240100017\ffaf7e944dea.jpg,https://www.ulta.com/p/watermide-moisture-pad-pimprod2045861?sku=2626999,www.ulta.com,ulta.com,,,,,,,,,,,genuine_reference,,0.0,0.0,False,,not_visible,676b643ec086a9bd49459060cee6f437,fd888097ce4c7c8b,success,,genuine,Mediheal Watermide Moisture Pad official,800,800,100558,2026-08-15T14:33:28.791149+00:00
d8ecbaa27228,MEDIHEAL_WATERMIDE_MOISTURE_PAD_NA26240100017,Mediheal,Watermide Moisture Pad,NA26240100017,https://p19-common-sign.tiktokcdn-us.com/tos-no1a-p-0037-no/oUAZAfIPDFCpFA1ELdEubnEInCkII9zgfsR7iA~tplv-tiktokx-origin.image?dr=9636&x-expires=1786928400&x-signature=UwLaDPXc1TBQq0bRZa6VYyWSBIE%3D&t=4d5b0474&ps=13740610&shp=81f88b70&shcp=55bbe6a9&idc=useast5,SafeCart_Dataset\images\reported_counterfeit_candidate\MEDIHEAL_WATERMIDE_MOISTURE_PAD_NA26240100017\d8ecbaa27228.jpg,https://www.tiktok.com/@ugcbylarina/video/7505694682710609159,www.tiktok.com,tiktok.com,,,,,,ALERT ON FAKE MEDIHEAL TONER PADS! Discover the difference between fake and real Mediheal Toner Pads and protect your skin from potential harm. Find out more! #fakevsreal # ...,,fake,MODERATE_EVIDENCE,3.0,reported_counterfeit_candidate,,0.0,0.0,False,,not_visible,6e4d90422e3a1fd268b19c84f754fe4a,fab84aab6158b1e1,success,,counterfeit_evidence,https://www.tiktok.com/@ugcbylarina/video/7505694682710609159,1048,1518,192139,2026-08-15T14:33:29.404437+00:00
23c7a4ea2df8,MEDIHEAL_COLLAGEN_AMPOULE_PAD_NA26242000002,Mediheal,Collagen Ampoule Pad,NA26242000002,https://media.ulta.com/i/ulta/2626994?w=500&h=500,SafeCart_Dataset\images\genuine_reference\MEDIHEAL_COLLAGEN_AMPOULE_PAD_NA26242000002\23c7a4ea2df8.jpg,https://www.ulta.com/p/collagen-ampoule-pad-pimprod2045857?sku=2626994,www.ulta.com,ulta.com,,,,,,,,,,,genuine_reference,,0.0,0.0,False,,not_visible,076b441f3a1266e9a61d77c24814f919,c0973f6a3f682f20,success,,genuine,Mediheal Collagen Ampoule Pad official,500,500,32584,2026-08-15T14:33:31.140771+00:00
6afeb2da45f4,MEDIHEAL_COLLAGEN_AMPOULE_PAD_NA26242000002,Mediheal,Collagen Ampoule Pad,NA26242000002,https://mediheal.com/cdn/shop/files/61g9fpT7eML._AC_SL1200.jpg?v=1762926399&width=1946,SafeCart_Dataset\images\genuine_reference\MEDIHEAL_COLLAGEN_AMPOULE_PAD_NA26242000002\6afeb2da45f4.jpg,https://mediheal.com/products/collagen-ampoule-pad?srsltid=AfmBOoppihoBIESrGgDtX4cKmarLpnda0B19EYKPONOXOvOPSDlLV38Z,mediheal.com,mediheal.com,,,,,,,,,,,genuine_reference,,0.0,0.0,False,,not_visible,7e8527be57cd379c055466948a8e6d38,f29f8462de62c48d,success,,genuine,Mediheal Collagen Ampoule Pad official,1200,1200,133761,2026-08-15T14:33:31.303823+00:00
f8c3322c6801,MEDIHEAL_COLLAGEN_AMPOULE_PAD_NA26242000002,Mediheal,Collagen Ampoule Pad,NA26242000002,https://mediheal.com/cdn/shop/files/Collagen_best.png?crop=center&height=398&v=1786342746&width=316,SafeCart_Dataset\images\genuine_reference\MEDIHEAL_COLLAGEN_AMPOULE_PAD_NA26242000002\f8c3322c6801.jpg,https://mediheal.com/products/collagen-ampoule-pad?srsltid=AfmBOooeUJMqCMgmg3LjMtosqVh8dDY1xXOAE9DG9HLtEZqCVgtSuLSD,mediheal.com,mediheal.com,,,,,,,,,,,genuine_reference,,0.0,0.0,False,,not_visible,e6aadd1e955a8e9745c9a58146d5f7b5,ea94946a9e6c9d85,success,,genuine,Mediheal Collagen Ampoule Pad official,316,398,11625,2026-08-15T14:33:33.665148+00:00
d6f3486b5c75,MEDIHEAL_COLLAGEN_AMPOULE_PAD_NA26242000002,Mediheal,Collagen Ampoule Pad,NA26242000002,https://media.ulta.com/i/ulta/2626994_alt02?w=800&h=800&fmt=auto,SafeCart_Dataset\images\genuine_reference\MEDIHEAL_COLLAGEN_AMPOULE_PAD_NA26242000002\d6f3486b5c75.jpg,https://www.ulta.com/p/collagen-ampoule-pad-pimprod2045857?sku=2626994,www.ulta.com,ulta.com,,,,,,,,,,,genuine_reference,,0.0,0.0,False,,not_visible,a78f1fb5baa1148d70e2da47a19dd364,fb88c84cfc86a0db,success,,genuine,Mediheal Collagen Ampoule Pad official,800,800,88296,2026-08-15T14:33:33.949016+00:00
a21f34ca73a4,MEDIHEAL_COLLAGEN_AMPOULE_PAD_NA26242000002,Mediheal,Collagen Ampoule Pad,NA26242000002,https://www.digisousa.com/cdn/shop/files/CollagenAmpoulePad1.webp?v=1780069613,SafeCart_Dataset\images\genuine_reference\MEDIHEAL_COLLAGEN_AMPOULE_PAD_NA26242000002\a21f34ca73a4.jpg,https://www.digisousa.com/products/mediheal-collagen-ampoule-pad?srsltid=AfmBOoqtzmd1fdUPNr3e5r23fTe5S6UOgs2cf4_DBczRlWngQoZQq6ir,www.digisousa.com,digisousa.com,,,,,,,,,,,genuine_reference,,0.0,0.0,False,,not_visible,63b3a1bd3a81d72644147b4066d0cf13,aff00ce13e0de196,success,,genuine,Mediheal Collagen Ampoule Pad official,1199,1200,210181,2026-08-15T14:33:34.132676+00:00
b0d898679f2c,MEDIHEAL_COLLAGEN_AMPOULE_PAD_NA26242000002,Mediheal,Collagen Ampoule Pad,NA26242000002,https://ohlolly.com/cdn/shop/files/Mediheal_CollagenAmpoulePad_1.jpg?v=1758836847&width=1080,SafeCart_Dataset\images\genuine_reference\MEDIHEAL_COLLAGEN_AMPOULE_PAD_NA26242000002\b0d898679f2c.jpg,https://ohlolly.com/products/mediheal-collagen-ampoule-pad?srsltid=AfmBOorizVG3O9Le3SZosWchdz8geQS4TZswAoayjDpXlMBs3a6tz_CK,ohlolly.com,ohlolly.com,,,,,,,,,,,genuine_reference,,0.0,0.0,False,,not_visible,78e50d9d0d3e25e44eed44af524f2e9b,e596db0c9cd3a44a,success,,genuine,Mediheal Collagen Ampoule Pad official,1080,1350,89682,2026-08-15T14:33:34.422595+00:00
95b1aa709826,MEDIHEAL_COLLAGEN_AMPOULE_PAD_NA26242000002,Mediheal,Collagen Ampoule Pad,NA26242000002,https://mediheal.com/cdn/shop/files/61mEsZmnSVL._AC_SL1200.jpg?v=1762926399&width=1946,SafeCart_Dataset\images\genuine_reference\MEDIHEAL_COLLAGEN_AMPOULE_PAD_NA26242000002\95b1aa709826.jpg,https://mediheal.com/products/collagen-ampoule-pad?srsltid=AfmBOoo0maHpgHM-dhcxQPD6IPOIyF0wcalrJGxp2gPJE5StEzRIi5IU,mediheal.com,mediheal.com,,,,,,,,,,,genuine_reference,,0.0,0.0,False,,not_visible,8cf31cab8a219a71e6fd113373923fed,ea95956a950dc2e6,success,,genuine,Mediheal Collagen Ampoule Pad official,1200,1200,120668,2026-08-15T14:33:34.644373+00:00
dd8127a730ab,MEDIHEAL_COLLAGEN_AMPOULE_PAD_NA26242000002,Mediheal,Collagen Ampoule Pad,NA26242000002,https://fearrington.com/cdn/shop/files/c9423e5d1c204b4d794a67ae3b56f520_5000x.jpg?v=1744079536,SafeCart_Dataset\images\genuine_reference\MEDIHEAL_COLLAGEN_AMPOULE_PAD_NA26242000002\dd8127a730ab.jpg,https://fearrington.com/products/mediheal-collagen-ampoule-pad-100pc?srsltid=AfmBOorZRd-ljjPwPdXu_1q9Kv3xkMDGJyZhqpkkoq5qkuLjNY_CmUh8,fearrington.com,fearrington.com,,,,,,,,,,,genuine_reference,,0.0,0.0,False,,not_visible,7885fbba9b889e92bf4f62d74c87559d,bdc3662dd03cd234,success,,genuine,Mediheal Collagen Ampoule Pad official,870,870,50063,2026-08-15T14:33:34.887705+00:00
26ee407faf41,MEDIHEAL_COLLAGEN_AMPOULE_PAD_NA26242000002,Mediheal,Collagen Ampoule Pad,NA26242000002,https://p19-common-sign.tiktokcdn-us.com/tos-no1a-p-0037-no/oUAZAfIPDFCpFA1ELdEubnEInCkII9zgfsR7iA~tplv-tiktokx-origin.image?dr=9636&x-expires=1786928400&x-signature=UwLaDPXc1TBQq0bRZa6VYyWSBIE%3D&t=4d5b0474&ps=13740610&shp=81f88b70&shcp=55bbe6a9&idc=useast5,SafeCart_Dataset\images\reported_counterfeit_candidate\MEDIHEAL_COLLAGEN_AMPOULE_PAD_NA26242000002\26ee407faf41.jpg,https://www.tiktok.com/@ugcbylarina/video/7505694682710609159,www.tiktok.com,tiktok.com,,,,,,ALERT ON FAKE MEDIHEAL TONER PADS! ALERT ON FAKE MEDIHEAL TONER PADS! Discover the difference between fake and real Mediheal Toner Pads and protect your skin from potential harm.,,fake,MODERATE_EVIDENCE,3.0,reported_counterfeit_candidate,,0.0,0.0,False,,not_visible,6e4d90422e3a1fd268b19c84f754fe4a,,success,duplicate_of:d8ecbaa27228,counterfeit_evidence,https://www.tiktok.com/@ugcbylarina/video/7505694682710609159,1048,1518,192139,2026-08-15T14:33:35.512208+00:00
e28ff5b72356,ALL_NATURAL_HOUTTUYNIA_CORDATA_COTTON_TONER_PAD_NA26221200918,All Natural,Houttuynia Cordata Cotton Toner Pad,NA26221200918,https://m.media-amazon.com/images/I/6140JuddPAL.jpg,SafeCart_Dataset\images\genuine_reference\ALL_NATURAL_HOUTTUYNIA_CORDATA_COTTON_TONER_PAD_NA26221200918\e28ff5b72356.jpg,https://www.amazon.com/AllNatural-ClearSkin-Heartleaf-Houttuynia-Hydration/dp/B0BQR4PHNG,www.amazon.com,amazon.com,,,,,,,,,,,genuine_reference,,0.0,0.0,False,,not_visible,e7939ed0eeb0070152656497a950d1bb,e43f939a93646433,success,,genuine,All Natural Houttuynia Cordata Cotton Toner Pad official,2560,2560,232675,2026-08-15T14:33:15.854901+00:00
ff3fcba2283d,ALL_NATURAL_HOUTTUYNIA_CORDATA_COTTON_TONER_PAD_NA26221200918,All Natural,Houttuynia Cordata Cotton Toner Pad,NA26221200918,"https://m.media-amazon.com/images/I/71sOMlBXSDL._AC_UF1000,1000_QL80_.jpg",SafeCart_Dataset\images\genuine_reference\ALL_NATURAL_HOUTTUYNIA_CORDATA_COTTON_TONER_PAD_NA26221200918\ff3fcba2283d.jpg,https://www.amazon.com/AllNatural-ClearSkin-Heartleaf-Houttuynia-Hydration/dp/B0BQR4PHNG,www.amazon.com,amazon.com,,,,,,,,,,,genuine_reference,,0.0,0.0,False,,not_visible,02e7c5c33705272f308a28cb347fad82,bd3dc2c219395666,success,,genuine,All Natural Houttuynia Cordata Cotton Toner Pad official,1000,1000,103891,2026-08-15T14:33:16.259029+00:00
b838f81e49f9,ALL_NATURAL_HOUTTUYNIA_CORDATA_COTTON_TONER_PAD_NA26221200918,All Natural,Houttuynia Cordata Cotton Toner Pad,NA26221200918,https://m.media-amazon.com/images/I/81A+LCFpldL.jpg,SafeCart_Dataset\images\genuine_reference\ALL_NATURAL_HOUTTUYNIA_CORDATA_COTTON_TONER_PAD_NA26221200918\b838f81e49f9.jpg,https://www.amazon.com/AllNatural-ClearSkin-Heartleaf-Houttuynia-Hydration/dp/B0BQR4PHNG,www.amazon.com,amazon.com,,,,,,,,,,,genuine_reference,,0.0,0.0,False,,not_visible,3f8ce2b88bd7da76332ab2e44bc6d8f2,df071927cbf07e00,success,,genuine,All Natural Houttuynia Cordata Cotton Toner Pad official,2560,2560,425199,2026-08-15T14:33:16.500007+00:00
77c9164c8d5e,ALL_NATURAL_HOUTTUYNIA_CORDATA_COTTON_TONER_PAD_NA26221200918,All Natural,Houttuynia Cordata Cotton Toner Pad,NA26221200918,https://cdn.yamibuy.net/item/c16c881fa3fc73f1e1025f92c8bbae22_640x360.webp,SafeCart_Dataset\images\genuine_reference\ALL_NATURAL_HOUTTUYNIA_CORDATA_COTTON_TONER_PAD_NA26221200918\77c9164c8d5e.jpg,https://m.yami.com/us/en/p/all-natural-houttuynia-cordata-cotton-toner-pad-120ml/1022199861,m.yami.com,m.yami.com,,,,,,,,,,,genuine_reference,,0.0,0.0,False,,not_visible,300168e561e3349c79b07c617f5b818e,ce66319939996666,success,,genuine,All Natural Houttuynia Cordata Cotton Toner Pad official,640,360,18184,2026-08-15T14:33:17.071905+00:00
ae7dc6e45695,ALL_NATURAL_HOUTTUYNIA_CORDATA_COTTON_TONER_PAD_NA26221200918,All Natural,Houttuynia Cordata Cotton Toner Pad,NA26221200918,https://skin-seoul.com/wp-content/uploads/2025/10/thu_7445294468_1-2.webp,SafeCart_Dataset\images\genuine_reference\ALL_NATURAL_HOUTTUYNIA_CORDATA_COTTON_TONER_PAD_NA26221200918\ae7dc6e45695.jpg,https://skin-seoul.com/product/allnatural-houttuynia-cordata-cotton-toner-pad-110ml/?srsltid=AfmBOorPae-9FtE9YEiNr5b0wQPyiUdwIRQhl80j3a4WVwPLWCvpTCu3,skin-seoul.com,skin-seoul.com,,,,,,,,,,,genuine_reference,,0.0,0.0,False,,not_visible,8fa105630575d68e20a069fccc5045e5,eb6b6bcc9c949484,success,,genuine,All Natural Houttuynia Cordata Cotton Toner Pad official,492,492,38871,2026-08-15T14:33:17.252301+00:00
5d16efee59fa,ALL_NATURAL_HOUTTUYNIA_CORDATA_COTTON_TONER_PAD_NA26221200918,All Natural,Houttuynia Cordata Cotton Toner Pad,NA26221200918,https://beautyboxkorea.com/web/upload/NNEditor/20210427/ALL%20NATURAL%20Houttuynia%20Cordata%20Cotton%20Toner%20Pad%20120ml%20(60ea)_p2_shop2_184909.jpg,SafeCart_Dataset\images\genuine_reference\ALL_NATURAL_HOUTTUYNIA_CORDATA_COTTON_TONER_PAD_NA26221200918\5d16efee59fa.jpg,https://beautyboxkorea.com/product/all-natural-houttuynia-cordata-cotton-toner-pad-120ml-60ea/47070/?srsltid=AfmBOoq_kK6tTmYobHOlT2dGbHGfLn7QlVgNsyleHesPJ7UnA3YiTNj2,beautyboxkorea.com,beautyboxkorea.com,,,,,,,,,,,genuine_reference,,0.0,0.0,False,,not_visible,c8e6ec16d66a014b5883d6548b17e45a,bb923078d04f1f87,success,,genuine,All Natural Houttuynia Cordata Cotton Toner Pad official,780,780,80913,2026-08-15T14:33:17.434297+00:00
155198fb7512,ALL_NATURAL_HOUTTUYNIA_CORDATA_COTTON_TONER_PAD_NA26221200918,All Natural,Houttuynia Cordata Cotton Toner Pad,NA26221200918,https://i.ebayimg.com/images/g/ZTEAAOSwHTlfv7D-/s-l400.jpg,SafeCart_Dataset\images\genuine_reference\ALL_NATURAL_HOUTTUYNIA_CORDATA_COTTON_TONER_PAD_NA26221200918\155198fb7512.jpg,https://www.ebay.com/itm/174903051079,www.ebay.com,ebay.com,,,,,,,,,,,genuine_reference,,0.0,0.0,False,,not_visible,1ffaf94fceb661eab53b0046b61473e1,b2b8cc07fd7032c9,success,,genuine,All Natural Houttuynia Cordata Cotton Toner Pad official,400,309,14183,2026-08-15T14:33:20.684038+00:00
4fcc4ed25548,ALL_NATURAL_HOUTTUYNIA_CORDATA_COTTON_TONER_PAD_NA26221200918,All Natural,Houttuynia Cordata Cotton Toner Pad,NA26221200918,https://cdn-image.oliveyoung.com/prdtImg/1187/d664900a-3bc5-4d41-82f3-a9e491c5f093.jpg,SafeCart_Dataset\images\genuine_reference\ALL_NATURAL_HOUTTUYNIA_CORDATA_COTTON_TONER_PAD_NA26221200918\4fcc4ed25548.jpg,https://global.oliveyoung.com/product/detail?prdtNo=GA240322544&srsltid=AfmBOorVgQwQNHUAgWviktdyNOeY1bgQpRcxWWotbtAkHm4BtymUk8S2,global.oliveyoung.com,global.oliveyoung.com,,,,,,,,,,,genuine_reference,,0.0,0.0,False,,not_visible,712ca9f7feee3f5cc243b605e8207619,87daf007896c8df1,success,,genuine,All Natural Houttuynia Cordata Cotton Toner Pad official,1000,1000,164737,2026-08-15T14:33:21.036792+00:00
3ba23030ed31,ALL_NATURAL_HOUTTUYNIA_CORDATA_COTTON_TONER_PAD_NA26221200918,All Natural,Houttuynia Cordata Cotton Toner Pad,NA26221200918,https://i.ebayimg.com/images/g/CQkAAOSwnF1fv7D9/s-l400.jpg,SafeCart_Dataset\images\reported_counterfeit_candidate\ALL_NATURAL_HOUTTUYNIA_CORDATA_COTTON_TONER_PAD_NA26221200918\3ba23030ed31.jpg,https://www.ebay.com/itm/174903051079,www.ebay.com,ebay.com,,,,,,"NATURAL] Houttuynia Cordata Cotton Toner Pad 60sheets I was very skeptical and almost convinced its a fake one. I was pleasantly surprised how fast it arrived,",,fake,MODERATE_EVIDENCE,3.0,reported_counterfeit_candidate,,0.0,0.0,False,,not_visible,d86274ef76885b38e87f04b3f5b46148,e4649b9a9b9b6464,success,,counterfeit_evidence,https://www.ebay.com/itm/174903051079,400,335,9397,2026-08-15T14:33:27.206528+00:00
567b37fd5f6a,HALE_OVERNIGHT_GLOW_EXFOLIATING_MOUSSE_SOLUTION_NA18240113812,Hale,Overnight Glow Exfoliating Mousse Solution,NA18240113812,https://storage.skinsort.com/ztvq44ainkxsij53p5zum44jucod,SafeCart_Dataset\images\genuine_reference\HALE_OVERNIGHT_GLOW_EXFOLIATING_MOUSSE_SOLUTION_NA18240113812\567b37fd5f6a.jpg,https://skinsort.com/products/hale/overnight-glow-exfoliating-mousse-solution,skinsort.com,skinsort.com,,,,,,,,,,,genuine_reference,,0.0,0.0,False,,not_visible,ae0e23dc9fae011fc69db2be265e8378,b398ce63cc669964,success,,genuine,Hale Overnight Glow Exfoliating Mousse Solution official,500,500,18773,2026-08-15T14:33:16.810894+00:00
d734ac5e0468,HALE_OVERNIGHT_GLOW_EXFOLIATING_MOUSSE_SOLUTION_NA18240113812,Hale,Overnight Glow Exfoliating Mousse Solution,NA18240113812,https://hale.id/cdn/shop/files/HALE_Cover_OG_3c2ef7b4-0558-4799-8d4c-c2848aa9d161_600x.jpg?v=1772636991,SafeCart_Dataset\images\genuine_reference\HALE_OVERNIGHT_GLOW_EXFOLIATING_MOUSSE_SOLUTION_NA18240113812\d734ac5e0468.jpg,https://hale.id/collections/exfoliation?srsltid=AfmBOoqf0zd5FZWm3emIrigR-07vvRiqFbWtuHi73Gg-Fyr9FoJgLF8s,hale.id,hale.id,,,,,,,,,,,genuine_reference,,0.0,0.0,False,,not_visible,44a61b634f7ec1e90c2d1eefb13281d8,eef112ae059a6de0,success,,genuine,Hale Overnight Glow Exfoliating Mousse Solution official,600,600,81506,2026-08-15T14:33:16.991892+00:00
aaa7687f9fb4,HALE_OVERNIGHT_GLOW_EXFOLIATING_MOUSSE_SOLUTION_NA18240113812,Hale,Overnight Glow Exfoliating Mousse Solution,NA18240113812,https://hale.id/cdn/shop/files/HALE_Cover_OG-FREE_19e8e0b6-2717-49b8-9100-787b8f7f0149.jpg?v=1782301194&width=800,SafeCart_Dataset\images\genuine_reference\HALE_OVERNIGHT_GLOW_EXFOLIATING_MOUSSE_SOLUTION_NA18240113812\aaa7687f9fb4.jpg,https://hale.id/id/collections/exfoliation?srsltid=AfmBOooL4zyGsKYxEiUMvUz08xkadBEXwTQquqf4gP-moAMfu-IiIVol,hale.id,hale.id,,,,,,,,,,,genuine_reference,,0.0,0.0,False,,not_visible,2565aac79fe1ecca76e9ae195e667ba0,9fe0409f509d6be1,success,,genuine,Hale Overnight Glow Exfoliating Mousse Solution official,800,801,119939,2026-08-15T14:33:18.623057+00:00
4e4f7a9b2bd2,HALE_OVERNIGHT_GLOW_EXFOLIATING_MOUSSE_SOLUTION_NA18240113812,Hale,Overnight Glow Exfoliating Mousse Solution,NA18240113812,https://www.static-src.com/wcsstore/Indraprastha/images/catalog/full/catalog-image/MTA-181033872/hale_hale_overnight_glow_exfoliating_mousse_solution_45_ml_-_toner_eksfoliasi_wajah_full02_fl5cni73.jpg,SafeCart_Dataset\images\genuine_reference\HALE_OVERNIGHT_GLOW_EXFOLIATING_MOUSSE_SOLUTION_NA18240113812\4e4f7a9b2bd2.jpg,https://www.blibli.com/p/hale-overnight-glow-exfoliating-mousse-solution-45-ml-toner-eksfoliasi-wajah/ps--VIN-60032-02816,www.blibli.com,blibli.com,,,,,,,,,,,genuine_reference,,0.0,0.0,False,,not_visible,2fd43b6daeb86c53def9396ea2c7f1df,b0cbc738ce669949,success,,genuine,Hale Overnight Glow Exfoliating Mousse Solution official,800,800,39521,2026-08-15T14:33:20.220460+00:00
906f8b589a6d,HALE_OVERNIGHT_GLOW_EXFOLIATING_MOUSSE_SOLUTION_NA18240113812,Hale,Overnight Glow Exfoliating Mousse Solution,NA18240113812,http://hale.id/cdn/shop/collections/HALE_Reborn_50gr_Application-_2.jpg?v=1768353773,SafeCart_Dataset\images\genuine_reference\HALE_OVERNIGHT_GLOW_EXFOLIATING_MOUSSE_SOLUTION_NA18240113812\906f8b589a6d.jpg,https://hale.id/collections/exfoliation?srsltid=AfmBOoqGG5XjwbRYJE91QhdABnDIDwH32g_UKqSvQypczFYQYY00LywV,hale.id,hale.id,,,,,,,,,,,genuine_reference,,0.0,0.0,False,,not_visible,833e8fadddfffd511e0e2a9df13dff21,9613a7bca9c158b3,success,,genuine,Hale Overnight Glow Exfoliating Mousse Solution official,1200,1500,247740,2026-08-15T14:33:27.592377+00:00
78b3e712f358,HALE_OVERNIGHT_GLOW_EXFOLIATING_MOUSSE_SOLUTION_NA18240113812,Hale,Overnight Glow Exfoliating Mousse Solution,NA18240113812,https://down-id.img.susercontent.com/file/id-11134207-7rbk6-m77lcy1xiza679,SafeCart_Dataset\images\genuine_reference\HALE_OVERNIGHT_GLOW_EXFOLIATING_MOUSSE_SOLUTION_NA18240113812\78b3e712f358.jpg,https://shopee.co.id/THINK-HALE-Overnight-Glow-Exfoliating-Mousse-Solution-5-AHA-2-BHA-PHA-45ml-Toner-Eksfoliasi-Menghaluskan-Tekstur-Mencerahkan-i.205814683.29676811502,shopee.co.id,shopee.co.id,,,,,,,,,,,genuine_reference,,0.0,0.0,False,,not_visible,fb0f48cf55c8eb0b1e626f7b5df0ac7b,ed9269b6e085d24d,success,,genuine,Hale Overnight Glow Exfoliating Mousse Solution official,1024,1024,127213,2026-08-15T14:33:28.177944+00:00
72d22df94f0e,HALE_OVERNIGHT_GLOW_EXFOLIATING_MOUSSE_SOLUTION_NA18240113812,Hale,Overnight Glow Exfoliating Mousse Solution,NA18240113812,https://storage.skinsort.com/fg02ncg00fpvlpxdzkes52gcqymj,SafeCart_Dataset\images\genuine_reference\HALE_OVERNIGHT_GLOW_EXFOLIATING_MOUSSE_SOLUTION_NA18240113812\72d22df94f0e.jpg,https://skinsort.com/products/hale,skinsort.com,skinsort.com,,,,,,,,,,,genuine_reference,,0.0,0.0,False,,not_visible,d0a9e674c059cad2b7cf160578d8b0d0,b398ce63cc669964,success,near_duplicate_of:567b37fd5f6a,genuine,Hale Overnight Glow Exfoliating Mousse Solution official website,600,600,24574,2026-08-15T14:33:31.665265+00:00
a3f844ee36a6,HALE_OVERNIGHT_GLOW_EXFOLIATING_MOUSSE_SOLUTION_NA18240113812,Hale,Overnight Glow Exfoliating Mousse Solution,NA18240113812,https://down-id.img.susercontent.com/file/id-11134207-7rbk1-m70zdlm9m2y444,SafeCart_Dataset\images\genuine_reference\HALE_OVERNIGHT_GLOW_EXFOLIATING_MOUSSE_SOLUTION_NA18240113812\a3f844ee36a6.jpg,https://shopee.co.id/HALE-OVERNIGHT-GLOW-EXFOLIATING-MOUSSE-SOLUTION-45-ML-Toner-Eksfoliasi-Wajah-i.50972887.26376796581,shopee.co.id,shopee.co.id,,,,,,,,,,,genuine_reference,,0.0,0.0,False,,not_visible,842f99c43ace1b2b63bca1e051aac35f,da46a47ce730ccb2,success,,genuine,Hale Overnight Glow Exfoliating Mousse Solution official website,1000,1000,130387,2026-08-15T14:33:31.838778+00:00
64ebd7888882,ANUA_PEACH_77_NIACIN_ESSENCE_TONER_NA26241200669,Anua,Peach 77% Niacin Essence Toner,NA26241200669,"https://m.media-amazon.com/images/I/4187Bl+IC+L._AC_UF1000,1000_QL80_.jpg",SafeCart_Dataset\images\genuine_reference\ANUA_PEACH_77_NIACIN_ESSENCE_TONER_NA26241200669\64ebd7888882.jpg,https://www.amazon.com/Essence-Brightening-Niacinamide-Panthenol-Ceramides/dp/B0CNYSWTQJ,www.amazon.com,amazon.com,,,,,,,,,,,genuine_reference,,0.0,0.0,False,,not_visible,f8b7e2c5da410d48756a273af4ae6fb3,e6939159d46e728c,success,,genuine,Anua Peach 77% Niacin Essence Toner official,763,1000,47149,2026-08-15T14:33:37.269504+00:00
23b9fc0a91fd,ANUA_PEACH_77_NIACIN_ESSENCE_TONER_NA26241200669,Anua,Peach 77% Niacin Essence Toner,NA26241200669,https://anua.com/cdn/shop/files/anua-us-toner-250ml-peach-77-niacin-essence-toner-1161173331.jpg?v=1772001720&width=1000,SafeCart_Dataset\images\genuine_reference\ANUA_PEACH_77_NIACIN_ESSENCE_TONER_NA26241200669\23b9fc0a91fd.jpg,https://anua.com/products/peach-77-niacin-essence-toner-1?srsltid=AfmBOoq5IT4xZ5PoRkgyJX-cpBoBokJu6s0atodKCpU7gCUPz3vyu3pR,anua.com,anua.com,,,,,,,,,,,genuine_reference,,0.0,0.0,False,,not_visible,c9faaef496625f10fcaf56deda7d1f2b,dfa01f50a91fe01e,success,,genuine,Anua Peach 77% Niacin Essence Toner official,1000,1000,113018,2026-08-15T14:33:37.428661+00:00
30817c9f0218,ANUA_PEACH_77_NIACIN_ESSENCE_TONER_NA26241200669,Anua,Peach 77% Niacin Essence Toner,NA26241200669,https://d1flfk77wl2xk4.cloudfront.net/Assets/42/060/XXL_p0200506042.jpg,SafeCart_Dataset\images\genuine_reference\ANUA_PEACH_77_NIACIN_ESSENCE_TONER_NA26241200669\30817c9f0218.jpg,https://www.yesstyle.com/en/anua-peach-77-niacin-essence-toner-250ml/info.html/pid.1133093773,www.yesstyle.com,yesstyle.com,,,,,,,,,,,genuine_reference,,0.0,0.0,False,,not_visible,82f1e389db4962784e891a3a41b216fe,e6999923996633cc,success,,genuine,Anua Peach 77% Niacin Essence Toner official,640,640,18797,2026-08-15T14:33:37.644937+00:00
bd50001e82a7,ANUA_PEACH_77_NIACIN_ESSENCE_TONER_NA26241200669,Anua,Peach 77% Niacin Essence Toner,NA26241200669,https://media.ulta.com/i/ulta/2634267_alt03?w=800&h=800&fmt=auto,SafeCart_Dataset\images\genuine_reference\ANUA_PEACH_77_NIACIN_ESSENCE_TONER_NA26241200669\bd50001e82a7.jpg,https://www.ulta.com/p/peach-77-niacin-essence-toner-pimprod2048933?sku=2634267,www.ulta.com,ulta.com,,,,,,,,,,,genuine_reference,,0.0,0.0,False,,not_visible,954311cc4eca23ed4e3bf43c465faef7,9a35645ae195cdcc,success,,genuine,Anua Peach 77% Niacin Essence Toner official,800,800,100102,2026-08-15T14:33:38.000405+00:00
46cbbaea8908,ANUA_PEACH_77_NIACIN_ESSENCE_TONER_NA26241200669,Anua,Peach 77% Niacin Essence Toner,NA26241200669,"https://m.media-amazon.com/images/I/51wYvp4Ee8L._AC_UF1000,1000_QL80_.jpg",SafeCart_Dataset\images\genuine_reference\ANUA_PEACH_77_NIACIN_ESSENCE_TONER_NA26241200669\46cbbaea8908.jpg,https://www.amazon.com/Essence-Brightening-Niacinamide-Panthenol-Ceramides/dp/B0CNYSWTQJ,www.amazon.com,amazon.com,,,,,,,,,,,genuine_reference,,0.0,0.0,False,,not_visible,16764b41d5b67194bbfec592eeb54193,de21291dda959335,success,,genuine,Anua Peach 77% Niacin Essence Toner official,913,1000,104423,2026-08-15T14:33:38.133990+00:00
f40271a4dc95,ANUA_PEACH_77_NIACIN_ESSENCE_TONER_NA26241200669,Anua,Peach 77% Niacin Essence Toner,NA26241200669,https://wooltariusa.com/cdn/shop/files/bh260611a_t01.jpg?v=1781161821&width=1000,SafeCart_Dataset\images\genuine_reference\ANUA_PEACH_77_NIACIN_ESSENCE_TONER_NA26241200669\f40271a4dc95.jpg,https://wooltariusa.com/en/products/anua-peach-77-niacin-essence-toner-250ml?srsltid=AfmBOoqQp_O-WrVxbTQ2ZG6uZkOTNwt54wBku4NjeCZ3qvHSjzdvGbuK,wooltariusa.com,wooltariusa.com,,,,,,,,,,,genuine_reference,,0.0,0.0,False,,not_visible,70d9b2971cfe96fa1fd3043f71f7abf1,e98697914f623467,success,,genuine,Anua Peach 77% Niacin Essence Toner official,800,800,73033,2026-08-15T14:33:38.434044+00:00
5af0bdb85fcb,ANUA_PEACH_77_NIACIN_ESSENCE_TONER_NA26241200669,Anua,Peach 77% Niacin Essence Toner,NA26241200669,https://anua.com/cdn/shop/files/anua-us-toner-250ml-peach-77-niacin-essence-toner-1161173330.jpg?v=1772001720&width=1000,SafeCart_Dataset\images\genuine_reference\ANUA_PEACH_77_NIACIN_ESSENCE_TONER_NA26241200669\5af0bdb85fcb.jpg,https://anua.com/products/peach-77-niacin-essence-toner-1?srsltid=AfmBOorIzkB2GzhK9Xc_8rDilJHv1vDxoplQtne_CpullTV3ugtbr_NZ,anua.com,anua.com,,,,,,,,,,,genuine_reference,,0.0,0.0,False,,not_visible,56def3f0251da27d963485e0441d2fd9,d5aaaa2dca55c1d4,success,,genuine,Anua Peach 77% Niacin Essence Toner official,1000,1000,192725,2026-08-15T14:33:38.697833+00:00
a8fc07d8232a,ANUA_PEACH_77_NIACIN_ESSENCE_TONER_NA26241200669,Anua,Peach 77% Niacin Essence Toner,NA26241200669,https://olivekollection.com/cdn/shop/files/anuapeach77toneresence_2048x.png?v=1706647102,SafeCart_Dataset\images\genuine_reference\ANUA_PEACH_77_NIACIN_ESSENCE_TONER_NA26241200669\a8fc07d8232a.jpg,https://olivekollection.com/products/anua-peach-77-niacin-essence-toner?srsltid=AfmBOorXjVErK-0046MQhr07UyAaZH88-7O63a1LOPB7G28-S7rd3dt0,olivekollection.com,olivekollection.com,,,,,,,,,,,genuine_reference,,0.0,0.0,False,,not_visible,61e7effd5b2cdfb949f252dd3132b5e1,ae3be20cd9b58cd0,success,,genuine,Anua Peach 77% Niacin Essence Toner official,954,1594,122619,2026-08-15T14:33:38.925251+00:00
8cd71727bde7,PYUNKANG_YUL_ESSENCE_TONER_PAD_NA26241200166,Pyunkang Yul,Essence Toner Pad,NA26241200166,https://m.media-amazon.com/images/I/714-fNWaduL.jpg,SafeCart_Dataset\images\genuine_reference\PYUNKANG_YUL_ESSENCE_TONER_PAD_NA26241200166\8cd71727bde7.jpg,https://www.amazon.com/PYUNKANG-Astragalus-Houttuynia-Moisturizes-4-73fl-oz/dp/B0CQ8DWSH8,www.amazon.com,amazon.com,,,,,,,,,,,genuine_reference,,0.0,0.0,False,,not_visible,f69db30c41409f67f5e6d291c1879b2c,ea9594c23d3ae5c2,success,,genuine,Pyunkang Yul Essence Toner Pad official,1600,1600,246832,2026-08-15T14:33:39.733095+00:00
f0f0e0274fec,PYUNKANG_YUL_ESSENCE_TONER_PAD_NA26241200166,Pyunkang Yul,Essence Toner Pad,NA26241200166,https://dermapproved.com/images/products/pyunkang-yul-essence-toner-pad.webp,SafeCart_Dataset\images\genuine_reference\PYUNKANG_YUL_ESSENCE_TONER_PAD_NA26241200166\f0f0e0274fec.jpg,https://dermapproved.com/products/pyunkang-yul-essence-toner-pad/,dermapproved.com,dermapproved.com,,,,,,,,,,,genuine_reference,,0.0,0.0,False,,not_visible,34e143e4f2f42a5c6fdac6ba87f1789a,ea95d02fc3b03cc3,success,,genuine,Pyunkang Yul Essence Toner Pad official,628,730,47445,2026-08-15T14:33:40.026101+00:00
0feffb31a20e,PYUNKANG_YUL_ESSENCE_TONER_PAD_NA26241200166,Pyunkang Yul,Essence Toner Pad,NA26241200166,https://nudieglow.com/cdn/shop/files/Pyunkang-Yul-Essence-Toner-Pad---Nudie-Glow-Australia_800x.jpg?v=1709490767,SafeCart_Dataset\images\genuine_reference\PYUNKANG_YUL_ESSENCE_TONER_PAD_NA26241200166\0feffb31a20e.jpg,https://nudieglow.com/products/pyunkang-yul-essence-toner-pad?srsltid=AfmBOoqA7nuYbTndBrQpzjVcLc4zIGFJPGhTtmMSGNO2XBOsq_-Fc3kp,nudieglow.com,nudieglow.com,,,,,,,,,,,genuine_reference,,0.0,0.0,False,,not_visible,032fcead3792b4c314d1bf78103c8582,bcc2c33ff0892768,success,,genuine,Pyunkang Yul Essence Toner Pad official,800,800,50364,2026-08-15T14:33:41.705696+00:00
2f22bbf635bc,PYUNKANG_YUL_ESSENCE_TONER_PAD_NA26241200166,Pyunkang Yul,Essence Toner Pad,NA26241200166,https://sentisenti.com/cdn/shop/files/Pyunkang-Yul-Essence-Toner-Pad2-sentisenti.jpg?v=1717691022&width=1000,SafeCart_Dataset\images\genuine_reference\PYUNKANG_YUL_ESSENCE_TONER_PAD_NA26241200166\2f22bbf635bc.jpg,https://sentisenti.com/products/pyunkang-yul-essence-toner-pad?srsltid=AfmBOoovGK2yoG0_JxkjIBfTqklgaZHKOaysZEM2MWRn9fGTspGdwXLx,sentisenti.com,sentisenti.com,,,,,,,,,,,genuine_reference,,0.0,0.0,False,,not_visible,2344a294b20e0100a76f190b45054265,e5ba9b4da4628ac9,success,,genuine,Pyunkang Yul Essence Toner Pad official,1000,1000,108960,2026-08-15T14:33:41.900369+00:00
74d189cb2af9,PYUNKANG_YUL_ESSENCE_TONER_PAD_NA26241200166,Pyunkang Yul,Essence Toner Pad,NA26241200166,https://us-i.makeupstore.com/d/dp/dp44b6ahsiiy.jpg,SafeCart_Dataset\images\genuine_reference\PYUNKANG_YUL_ESSENCE_TONER_PAD_NA26241200166\74d189cb2af9.jpg,https://makeupstore.com/product/773232/,makeupstore.com,makeupstore.com,,,,,,,,,,,genuine_reference,,0.0,0.0,False,,not_visible,7c7bb7efc3944d62d615c8f219620a82,9b333ab5b2b32a14,success,,genuine,Pyunkang Yul Essence Toner Pad official,2000,994,298682,2026-08-15T14:33:42.141158+00:00
e746f205ac0a,PYUNKANG_YUL_ESSENCE_TONER_PAD_NA26241200166,Pyunkang Yul,Essence Toner Pad,NA26241200166,https://i5.walmartimages.com/seo/Pyunkang-Yul-Essence-Toner-Pad-70-Pc-Pads_236230cb-dd5e-4a2f-a288-592b1e32f08c.2444dd57a3a106843c70b5052e20e807.jpeg,SafeCart_Dataset\images\genuine_reference\PYUNKANG_YUL_ESSENCE_TONER_PAD_NA26241200166\e746f205ac0a.jpg,https://www.walmart.com/ip/Pyunkang-Yul-Essence-Toner-Pad-70-Pc-Pads/16570063264,www.walmart.com,walmart.com,,,,,,,,,,,genuine_reference,,0.0,0.0,False,,not_visible,cad717bf0d40903d5af26a179154f4a7,bb46c4b14c4a3bb5,success,,genuine,Pyunkang Yul Essence Toner Pad official,2000,2000,304650,2026-08-15T14:33:43.858615+00:00
e137bea9c1f5,PYUNKANG_YUL_ESSENCE_TONER_PAD_NA26241200166,Pyunkang Yul,Essence Toner Pad,NA26241200166,https://kbeautydropzone.com/cdn/shop/files/pyunkang-yul-skincare-essence-toner-pad-39553040974045.jpg?v=1747303955&width=1200,SafeCart_Dataset\images\genuine_reference\PYUNKANG_YUL_ESSENCE_TONER_PAD_NA26241200166\e137bea9c1f5.jpg,https://kbeautydropzone.com/products/pyunkang-yul-essence-toner-pad?srsltid=AfmBOoqRZlxGJBCeDAtUC6wC8qLlhXgl2pXDfXUcWKtSaj4B5-GiQZ7R,kbeautydropzone.com,kbeautydropzone.com,,,,,,,,,,,genuine_reference,,0.0,0.0,False,,not_visible,cb1b8f7dfa64f91058d2caffa31166d9,bef8e184076a9e98,success,,genuine,Pyunkang Yul Essence Toner Pad official,500,500,38354,2026-08-15T14:33:44.679887+00:00
007590c15ba5,PYUNKANG_YUL_ESSENCE_TONER_PAD_NA26241200166,Pyunkang Yul,Essence Toner Pad,NA26241200166,"https://m.media-amazon.com/images/I/714-fNWaduL.jpg_BO30,255,255,255_UF750,750_SR1910,1000,0,C_QL100_.jpg",SafeCart_Dataset\images\genuine_reference\PYUNKANG_YUL_ESSENCE_TONER_PAD_NA26241200166\007590c15ba5.jpg,https://www.amazon.com/PYUNKANG-Astragalus-Houttuynia-Moisturizes-4-73fl-oz/dp/B0CQ8DWSH8,www.amazon.com,amazon.com,,,,,,,,,,,genuine_reference,,0.0,0.0,False,,not_visible,a170c67356366052cdfe6fe9dcca02cd,e69999cc3333cc8c,success,,genuine,Pyunkang Yul Essence Toner Pad official,1910,1000,113869,2026-08-15T14:33:44.875640+00:00
0e70297bd732,PYUNKANG_YUL_ESSENCE_TONER_PAD_NA26241200166,Pyunkang Yul,Essence Toner Pad,NA26241200166,https://p16-common-sign.tiktokcdn-us.com/tos-alisg-p-0037/o8DLEXFvAqc7jIqvBADAIwb8RkpgXCBEA1EffM~tplv-photomode-video-share-card:630:630:20.jpeg?dr=9616&refresh_token=6c644ed9&x-expires=1818165600&x-signature=3mpCO%2BO%2FBfVZ%2BUQPc4ubN0ap5GI%3D&t=4d5b0474&ps=13740610&shp=55bbe6a9&shcp=f07906a3&idc=useast8&ftpl=1,SafeCart_Dataset\images\reported_counterfeit_candidate\PYUNKANG_YUL_ESSENCE_TONER_PAD_NA26241200166\0e70297bd732.jpg,https://www.tiktok.com/@kosteve_/video/7597392485110893831,www.tiktok.com,tiktok.com,,,,,,"Kesimpulan Produk Palsu PyunkangYul yang Perlu Diketahui Kesimpulan PunkangYul Palsu Ini perbedaan kesimpulan PyunkangYul palsu, perbedaanya sangat banyak sticker sampai isian semua berbeda.",,produk palsu; palsu,MODERATE_EVIDENCE,3.0,reported_counterfeit_candidate,,0.0,0.0,False,,not_visible,acc6defa4fe0b4a40452fdcde50fce2b,94b93d833369da38,success,,counterfeit_evidence,https://www.tiktok.com/@kosteve_/video/7597392485110893831,630,630,67853,2026-08-15T14:33:45.848603+00:00
74e2116ebf25,MEDIHEAL_RETINOL_COLLAGEN_LIFTING_PAD_NA26242000012,Mediheal,Retinol Collagen Lifting Pad,NA26242000012,https://media.ulta.com/i/ulta/2626997?w=500&h=500,SafeCart_Dataset\images\genuine_reference\MEDIHEAL_RETINOL_COLLAGEN_LIFTING_PAD_NA26242000012\74e2116ebf25.jpg,https://www.ulta.com/p/retinol-collagen-lifting-pad-pimprod2045860?sku=2626997,www.ulta.com,ulta.com,,,,,,,,,,,genuine_reference,,0.0,0.0,False,,not_visible,18ebb4f7ad11c794e31b80032dd5ad33,80c74f7d3e287f80,success,,genuine,Mediheal Retinol Collagen Lifting Pad official,500,500,42991,2026-08-15T14:33:58.675425+00:00
f1a8d313e13b,MEDIHEAL_RETINOL_COLLAGEN_LIFTING_PAD_NA26242000012,Mediheal,Retinol Collagen Lifting Pad,NA26242000012,https://media.ulta.com/i/ulta/2626997_alt01?w=800&h=800&fmt=auto,SafeCart_Dataset\images\genuine_reference\MEDIHEAL_RETINOL_COLLAGEN_LIFTING_PAD_NA26242000012\f1a8d313e13b.jpg,https://www.ulta.com/p/retinol-collagen-lifting-pad-pimprod2045860?sku=2626997,www.ulta.com,ulta.com,,,,,,,,,,,genuine_reference,,0.0,0.0,False,,not_visible,390c63fc448f78483271eb27a490e244,c19a386c78a437e7,success,,genuine,Mediheal Retinol Collagen Lifting Pad official,800,800,92071,2026-08-15T14:33:58.980599+00:00
166c3cad8af8,MEDIHEAL_RETINOL_COLLAGEN_LIFTING_PAD_NA26242000012,Mediheal,Retinol Collagen Lifting Pad,NA26242000012,https://media.ulta.com/i/ulta/2626997_alt05?w=800&h=800&fmt=auto,SafeCart_Dataset\images\genuine_reference\MEDIHEAL_RETINOL_COLLAGEN_LIFTING_PAD_NA26242000012\166c3cad8af8.jpg,https://www.ulta.com/p/retinol-collagen-lifting-pad-pimprod2045860?sku=2626997,www.ulta.com,ulta.com,,,,,,,,,,,genuine_reference,,0.0,0.0,False,,not_visible,9105ac68aca856580c80396d9394a959,b333a4ccc636b178,success,,genuine,Mediheal Retinol Collagen Lifting Pad official,800,800,89384,2026-08-15T14:33:59.254101+00:00
3a5995cc24af,MEDIHEAL_RETINOL_COLLAGEN_LIFTING_PAD_NA26242000012,Mediheal,Retinol Collagen Lifting Pad,NA26242000012,"https://m.media-amazon.com/images/I/61QiZHmdgML._AC_UF1000,1000_QL80_.jpg",SafeCart_Dataset\images\genuine_reference\MEDIHEAL_RETINOL_COLLAGEN_LIFTING_PAD_NA26242000012\3a5995cc24af.jpg,https://www.amazon.com/MEDIHEAL-Toner-Pad-Retinol-Collagen/dp/B0CMCL6F7Z,www.amazon.com,amazon.com,,,,,,,,,,,genuine_reference,,0.0,0.0,False,,not_visible,6d59c5a3e2d15b05bebe053e0093ebd8,ea8585c17a6a6bc9,success,,genuine,Mediheal Retinol Collagen Lifting Pad official,956,1000,94500,2026-08-15T14:33:59.392100+00:00
d4f0cb40821e,MEDIHEAL_RETINOL_COLLAGEN_LIFTING_PAD_NA26242000012,Mediheal,Retinol Collagen Lifting Pad,NA26242000012,http://ohlolly.com/cdn/shop/files/Mediheal_Retinol_Collagen_Lifting_Pad.jpg?v=1758835599&width=1024,SafeCart_Dataset\images\genuine_reference\MEDIHEAL_RETINOL_COLLAGEN_LIFTING_PAD_NA26242000012\d4f0cb40821e.jpg,https://ohlolly.com/products/mediheal-retinol-collagen-lifting-pad?srsltid=AfmBOoqt4o_JJTkDeSI4NrmMdSrD70ZrQH2WbkugXcFgehplN3wIXmw7,ohlolly.com,ohlolly.com,,,,,,,,,,,genuine_reference,,0.0,0.0,False,,not_visible,d8a91cbda9009495765dee3b0a3e76cd,e992966d6d9a6892,success,,genuine,Mediheal Retinol Collagen Lifting Pad official,1024,1280,77471,2026-08-15T14:33:59.576971+00:00
d5e12a982d23,MEDIHEAL_RETINOL_COLLAGEN_LIFTING_PAD_NA26242000012,Mediheal,Retinol Collagen Lifting Pad,NA26242000012,https://media.ulta.com/i/ulta/2626997_alt04?w=800&h=800&fmt=auto,SafeCart_Dataset\images\genuine_reference\MEDIHEAL_RETINOL_COLLAGEN_LIFTING_PAD_NA26242000012\d5e12a982d23.jpg,https://www.ulta.com/p/retinol-collagen-lifting-pad-pimprod2045860?sku=2626997,www.ulta.com,ulta.com,,,,,,,,,,,genuine_reference,,0.0,0.0,False,,not_visible,9bb6d4ea3dd449adcdfb46cd9bfb6dc7,83fc0f035f3f8b20,success,,genuine,Mediheal Retinol Collagen Lifting Pad official,800,800,92310,2026-08-15T14:34:00.516486+00:00
21c49056f9f8,MEDIHEAL_RETINOL_COLLAGEN_LIFTING_PAD_NA26242000012,Mediheal,Retinol Collagen Lifting Pad,NA26242000012,https://cdn.shopify.com/s/files/1/0151/0064/1344/files/53_9f3b4375-dfd9-472d-b534-97643f85b509_250x@2x.jpg?v=1703809975,SafeCart_Dataset\images\genuine_reference\MEDIHEAL_RETINOL_COLLAGEN_LIFTING_PAD_NA26242000012\21c49056f9f8.jpg,https://www.shoppalacebeauty.com/products/mediheal-retinol-collagen-lifting-pad-100pcs?srsltid=AfmBOoolfwOW4JXfZLQQM8hmBypT1zNKxokr9OnDdgLxkzO-uImex1u0,www.shoppalacebeauty.com,shoppalacebeauty.com,,,,,,,,,,,genuine_reference,,0.0,0.0,False,,not_visible,fff606fb0bd1a6fbe34fbcdaf2b54b63,e19e9e61929ce1ca,success,,genuine,Mediheal Retinol Collagen Lifting Pad official,480,736,60873,2026-08-15T14:34:00.793946+00:00
28108fba24a6,MEDIHEAL_RETINOL_COLLAGEN_LIFTING_PAD_NA26242000012,Mediheal,Retinol Collagen Lifting Pad,NA26242000012,"https://cloudinary.images-iherb.com/image/upload/f_auto,q_auto:eco/images/mhl/mhl74058/y/17.jpg",SafeCart_Dataset\images\genuine_reference\MEDIHEAL_RETINOL_COLLAGEN_LIFTING_PAD_NA26242000012\28108fba24a6.jpg,https://ug.iherb.com/pr/mediheal-retinol-collagen-lifting-pad-100-pads/142621,ug.iherb.com,ug.iherb.com,,,,,,,,,,,genuine_reference,,0.0,0.0,False,,not_visible,55ef99ffa8e9725ad34933368d8aee91,a9ccf633d20ddc30,success,,genuine,Mediheal Retinol Collagen Lifting Pad official,800,800,136449,2026-08-15T14:34:01.098912+00:00
bce89f293834,MEDIHEAL_RETINOL_COLLAGEN_LIFTING_PAD_NA26242000012,Mediheal,Retinol Collagen Lifting Pad,NA26242000012,https://p19-common-sign.tiktokcdn-us.com/tos-no1a-p-0037-no/oUAZAfIPDFCpFA1ELdEubnEInCkII9zgfsR7iA~tplv-tiktokx-origin.image?dr=9636&x-expires=1786928400&x-signature=UwLaDPXc1TBQq0bRZa6VYyWSBIE%3D&t=4d5b0474&ps=13740610&shp=81f88b70&shcp=55bbe6a9&idc=useast5,SafeCart_Dataset\images\reported_counterfeit_candidate\MEDIHEAL_RETINOL_COLLAGEN_LIFTING_PAD_NA26242000012\bce89f293834.jpg,https://www.tiktok.com/@ugcbylarina/video/7505694682710609159,www.tiktok.com,tiktok.com,,,,,,ALERT ON FAKE MEDIHEAL TONER PADS! ALERT ON FAKE MEDIHEAL TONER PADS! Discover the difference between fake and real Mediheal Toner Pads and protect your skin from potential harm.,,fake,MODERATE_EVIDENCE,3.0,reported_counterfeit_candidate,,0.0,0.0,False,,not_visible,6e4d90422e3a1fd268b19c84f754fe4a,,success,duplicate_of:d8ecbaa27228,counterfeit_evidence,https://www.tiktok.com/@ugcbylarina/video/7505694682710609159,1048,1518,192139,2026-08-15T14:34:07.262668+00:00
1101be41ad2c,BEAUTY_OF_JOSEON_GLOW_REPLENISHING_RICE_MILK_NA26241200554,Beauty of Joseon,Glow Replenishing Rice Milk,NA26241200554,https://beautyofjoseon.com/cdn/shop/files/glow-replenshing-rice-milk-5.webp?crop=center&height=3000&v=1769660233&width=3000,SafeCart_Dataset\images\genuine_reference\BEAUTY_OF_JOSEON_GLOW_REPLENISHING_RICE_MILK_NA26241200554\1101be41ad2c.jpg,https://beautyofjoseon.com/products/glow-replenishing-rice-milk?srsltid=AfmBOoohFpQB_yFkDS7mTfrk-EYBrEgACLyr9sZk9VKeIsqzOEK2ywc4,beautyofjoseon.com,beautyofjoseon.com,,,,,,,,,,,genuine_reference,,0.0,0.0,False,,not_visible,cdea54882035ec9dff513b0a8c4a7ece,e59a92969229877b,success,,genuine,Beauty of Joseon Glow Replenishing Rice Milk official,3000,3000,502045,2026-08-15T14:33:44.961007+00:00
338291ed5b05,BEAUTY_OF_JOSEON_GLOW_REPLENISHING_RICE_MILK_NA26241200554,Beauty of Joseon,Glow Replenishing Rice Milk,NA26241200554,https://www.sephora.com/productimages/sku/s2896207-main-zoom.jpg?imwidth=315,SafeCart_Dataset\images\genuine_reference\BEAUTY_OF_JOSEON_GLOW_REPLENISHING_RICE_MILK_NA26241200554\338291ed5b05.jpg,https://www.sephora.com/product/glow-replenshing-rice-milk-exclusive-150ml-P517636,www.sephora.com,sephora.com,,,,,,,,,,,genuine_reference,,0.0,0.0,False,,not_visible,0c616014bdb85fe9e86a725d0d745e34,b3cca58cc6d89b31,success,,genuine,Beauty of Joseon Glow Replenishing Rice Milk official,350,350,8829,2026-08-15T14:33:45.690901+00:00
59edeb0e2b9a,BEAUTY_OF_JOSEON_GLOW_REPLENISHING_RICE_MILK_NA26241200554,Beauty of Joseon,Glow Replenishing Rice Milk,NA26241200554,https://kiyoko.com/cdn/shop/files/RiceMilkThumb_0003_LayerComp4.jpg?v=1719928141&width=2000,SafeCart_Dataset\images\genuine_reference\BEAUTY_OF_JOSEON_GLOW_REPLENISHING_RICE_MILK_NA26241200554\59edeb0e2b9a.jpg,https://kiyoko.com/products/beauty-of-joseon-glow-replenishing-rice-milk-150ml,kiyoko.com,kiyoko.com,,,,,,,,,,,genuine_reference,,0.0,0.0,False,,not_visible,d3b8e87dcc82ed9c9887816cb50222c0,e659194ba325d966,success,,genuine,Beauty of Joseon Glow Replenishing Rice Milk official,2000,2000,211466,2026-08-15T14:33:46.206044+00:00
af23dd687583,BEAUTY_OF_JOSEON_GLOW_REPLENISHING_RICE_MILK_NA26241200554,Beauty of Joseon,Glow Replenishing Rice Milk,NA26241200554,http://beautyofjoseon.com/cdn/shop/files/Glow-Charging-Rice-Duo_Beauty-of-Joseon_45041085-52105654698356.jpg?v=1762679631,SafeCart_Dataset\images\genuine_reference\BEAUTY_OF_JOSEON_GLOW_REPLENISHING_RICE_MILK_NA26241200554\af23dd687583.jpg,https://beautyofjoseon.com/products/glow-charging-rice-duo?srsltid=AfmBOoqIt48d-cYIsZh4E24dyJdRdaU8kSMqMptbXzGh-gkxOx9RasyQ,beautyofjoseon.com,beautyofjoseon.com,,,,,,,,,,,genuine_reference,,0.0,0.0,False,,not_visible,1a04adb16e7807074f536809c5e5b056,f992ce6c925b6c24,success,,genuine,Beauty of Joseon Glow Replenishing Rice Milk official,2000,2000,163016,2026-08-15T14:33:47.042952+00:00
38fafc934262,BEAUTY_OF_JOSEON_GLOW_REPLENISHING_RICE_MILK_NA26241200554,Beauty of Joseon,Glow Replenishing Rice Milk,NA26241200554,http://sukoshi.com/cdn/shop/files/beauty-of-joseon-glow-replenishing-rice-milk-cover_1024x1024.png?v=1727461209,SafeCart_Dataset\images\genuine_reference\BEAUTY_OF_JOSEON_GLOW_REPLENISHING_RICE_MILK_NA26241200554\38fafc934262.jpg,https://sukoshi.com/products/beauty-of-joseon-glow-replenishing-rice-milk?srsltid=AfmBOooY4n-g-bHqYtn0EmkCsSF2VpIGCjD1TaZ01we5joUQtskTg5vE,sukoshi.com,sukoshi.com,,,,,,,,,,,genuine_reference,,0.0,0.0,False,,not_visible,ba1af8a05af7a7ffcaa7f6cc4339b8ec,c253135ee6f66268,success,,genuine,Beauty of Joseon Glow Replenishing Rice Milk official,800,1000,119094,2026-08-15T14:33:47.526869+00:00
33edd6ac8df8,BEAUTY_OF_JOSEON_GLOW_REPLENISHING_RICE_MILK_NA26241200554,Beauty of Joseon,Glow Replenishing Rice Milk,NA26241200554,http://sentisenti.com/cdn/shop/files/Beauty-of-Joseon-Glow-Replenishing-Rice-Milk-sentisenti.png?v=1762460965&width=2048,SafeCart_Dataset\images\genuine_reference\BEAUTY_OF_JOSEON_GLOW_REPLENISHING_RICE_MILK_NA26241200554\33edd6ac8df8.jpg,https://sentisenti.com/products/beauty-of-joseon-glow-replenishing-rice-milk?srsltid=AfmBOoq1IS3X1L7sPTv5Qg4nZKNgQki5MxFcP4H-tcmfa9uoFahDrigm,sentisenti.com,sentisenti.com,,,,,,,,,,,genuine_reference,,0.0,0.0,False,,not_visible,4bd7251f248d58969aa7423c4025b7ab,99646699669b3333,success,,genuine,Beauty of Joseon Glow Replenishing Rice Milk official,1000,1000,38694,2026-08-15T14:33:47.974035+00:00
43ddb33a32ac,BEAUTY_OF_JOSEON_GLOW_REPLENISHING_RICE_MILK_NA26241200554,Beauty of Joseon,Glow Replenishing Rice Milk,NA26241200554,https://beautyofjoseon.com/cdn/shop/files/Untitled_design_-_2025-05-29T111310.463.png?v=1748484934&width=1800,SafeCart_Dataset\images\genuine_reference\BEAUTY_OF_JOSEON_GLOW_REPLENISHING_RICE_MILK_NA26241200554\43ddb33a32ac.jpg,https://beautyofjoseon.com/products/glow-replenishing-rice-milk?srsltid=AfmBOorsocD0LAvs4ldkUp-TAVstKbA2tKSgHyQQHErVJzcFQ76kPhAg,beautyofjoseon.com,beautyofjoseon.com,,,,,,,,,,,genuine_reference,,0.0,0.0,False,,not_visible,dcde2e6257afafad9494aa2a357dd10a,fb8e85f06a0f90f0,success,,genuine,Beauty of Joseon Glow Replenishing Rice Milk official,1800,1800,150451,2026-08-15T14:33:48.271916+00:00
ca2ceb8d81c7,BEAUTY_OF_JOSEON_GLOW_REPLENISHING_RICE_MILK_NA26241200554,Beauty of Joseon,Glow Replenishing Rice Milk,NA26241200554,https://ohlolly.com/cdn/shop/files/BeautyofJoseon_GlowReplenishingRiceMilk_10.jpg?v=1758147816&width=1080,SafeCart_Dataset\images\genuine_reference\BEAUTY_OF_JOSEON_GLOW_REPLENISHING_RICE_MILK_NA26241200554\ca2ceb8d81c7.jpg,https://ohlolly.com/products/beauty-of-joseon-glow-replenishing-rice-milk?srsltid=AfmBOoqoMfOxJl59smQfwU54qKzTdRiL-82gUCvVGB5sSiBI40TpnMo5,ohlolly.com,ohlolly.com,,,,,,,,,,,genuine_reference,,0.0,0.0,False,,not_visible,1765ac6924271f6ccac3c3340b8af57b,a7f59cc86326a50d,success,,genuine,Beauty of Joseon Glow Replenishing Rice Milk official,1080,1350,94398,2026-08-15T14:33:48.858947+00:00
7be20d98148b,ANUA_RICE_70_GLOW_MILKY_TONER_NA26241200628,Anua,Rice 70 Glow Milky Toner,NA26241200628,https://media.ulta.com/i/ulta/2634193?w=800&h=800&fmt=auto,SafeCart_Dataset\images\genuine_reference\ANUA_RICE_70_GLOW_MILKY_TONER_NA26241200628\7be20d98148b.jpg,https://www.ulta.com/p/rice-70-glow-milky-toner-pimprod2048932?sku=2634193,www.ulta.com,ulta.com,,,,,,,,,,,genuine_reference,,0.0,0.0,False,,not_visible,988340e02f5e1074d1bcdaeb3a6d455e,cc39316532e633ce,success,,genuine,Anua Rice 70 Glow Milky Toner official,800,800,40084,2026-08-15T14:34:17.716681+00:00
21af2614bddc,ANUA_RICE_70_GLOW_MILKY_TONER_NA26241200628,Anua,Rice 70 Glow Milky Toner,NA26241200628,https://media-dynamic.okendo.io/images/e8c19539-12a0-44b1-a296-7cf4fb962169/97d559a9-2420-4793-9520-41e907b44a13.jpg?d=3200x3200,SafeCart_Dataset\images\genuine_reference\ANUA_RICE_70_GLOW_MILKY_TONER_NA26241200628\21af2614bddc.jpg,https://anua.com/products/rice-70-glow-milky-toner?srsltid=AfmBOoqA-eJYFu5lyUxEpW6OAJUzSZcZAKctx4zv-yG0bfCqV1OFmQWT,anua.com,anua.com,,,,,,,,,,,genuine_reference,,0.0,0.0,False,,not_visible,03bd9b07905c61935f3443f4e44faea0,93b3f913ac1c9668,success,,genuine,Anua Rice 70 Glow Milky Toner official,1500,2000,500337,2026-08-15T14:34:17.914032+00:00
b36f9376e9ca,ANUA_RICE_70_GLOW_MILKY_TONER_NA26241200628,Anua,Rice 70 Glow Milky Toner,NA26241200628,https://anua.com/cdn/shop/files/anua-us-toner-250ml-rice-70-glow-milky-toner-1161173169.jpg?v=1746611135&width=1080,SafeCart_Dataset\images\genuine_reference\ANUA_RICE_70_GLOW_MILKY_TONER_NA26241200628\b36f9376e9ca.jpg,https://anua.com/products/rice-70-glow-milky-toner?srsltid=AfmBOoozjTyEicp1K84_zPIxklNTREVEXPyGjeLF54ajCikxn13tCHxX,anua.com,anua.com,,,,,,,,,,,genuine_reference,,0.0,0.0,False,,not_visible,6574e378003e8239d023573db05a8cdc,cb2fb5e0f0c8ca86,success,,genuine,Anua Rice 70 Glow Milky Toner official,1080,1080,116628,2026-08-15T14:34:18.345282+00:00
f4095308ffed,ANUA_RICE_70_GLOW_MILKY_TONER_NA26241200628,Anua,Rice 70 Glow Milky Toner,NA26241200628,https://anua.com/cdn/shop/files/anua-us-toner-250ml-rice-70-glow-milky-toner-1161173164.jpg?v=1757400180&width=1080,SafeCart_Dataset\images\genuine_reference\ANUA_RICE_70_GLOW_MILKY_TONER_NA26241200628\f4095308ffed.jpg,https://anua.com/products/rice-70-glow-milky-toner?srsltid=AfmBOorH4jjA_Gq194eyh8avjjpsZG5IkeYp0VMoML8UUlxLhqogD9cw,anua.com,anua.com,,,,,,,,,,,genuine_reference,,0.0,0.0,False,,not_visible,779fdebae944a6ecfd1c0623fe8da79f,db995253856a9a6a,success,,genuine,Anua Rice 70 Glow Milky Toner official,1080,1080,121451,2026-08-15T14:34:18.583704+00:00
fa3243fa029c,ANUA_RICE_70_GLOW_MILKY_TONER_NA26241200628,Anua,Rice 70 Glow Milky Toner,NA26241200628,https://product-images.experro.app/s-hmhnh4h9/product_images/attribute_rule_images/312122_source_1749250547.png?width=341,SafeCart_Dataset\images\genuine_reference\ANUA_RICE_70_GLOW_MILKY_TONER_NA26241200628\fa3243fa029c.jpg,https://sleekshop.com/products/anua-rice-70-glow-milky-toner.html?srsltid=AfmBOorG9jpo7Jose6QyMNvRSRO9vrIQU5asKlnHS4ny5pzmiw-59og3,sleekshop.com,sleekshop.com,,,,,,,,,,,genuine_reference,,0.0,0.0,False,,not_visible,e74b5de7b3ac91c2939a7375dcbd4aba,c01f1f1e6f6139d0,success,,genuine,Anua Rice 70 Glow Milky Toner official,341,855,38313,2026-08-15T14:34:18.817332+00:00
eca804aafaa3,ANUA_RICE_70_GLOW_MILKY_TONER_NA26241200628,Anua,Rice 70 Glow Milky Toner,NA26241200628,https://www.shopmissa.com/cdn/shop/files/Anua_Rice-Toner-1_11bc0902-ec2d-43d2-83bd-67337af88f22_1024x1024.jpg?v=1750881338,SafeCart_Dataset\images\genuine_reference\ANUA_RICE_70_GLOW_MILKY_TONER_NA26241200628\eca804aafaa3.jpg,https://www.shopmissa.com/products/anua-rice-70-glow-milky-toner?srsltid=AfmBOopCGLHZSpaicKnkVZ4B5j9L5RNNIWA07bovGolVcC4bu0UC6ML1,www.shopmissa.com,shopmissa.com,,,,,,,,,,,genuine_reference,,0.0,0.0,False,,not_visible,735431303b5ff9f011286288ef497992,a61b5967a96493c9,success,,genuine,Anua Rice 70 Glow Milky Toner official,731,1024,46222,2026-08-15T14:34:19.002544+00:00
4e01f2263fb7,ANUA_RICE_70_GLOW_MILKY_TONER_NA26241200628,Anua,Rice 70 Glow Milky Toner,NA26241200628,http://sukoshi.com/cdn/shop/files/anua-rice-70-toner-cover_1024x1024.jpg?v=1733519169,SafeCart_Dataset\images\genuine_reference\ANUA_RICE_70_GLOW_MILKY_TONER_NA26241200628\4e01f2263fb7.jpg,https://sukoshi.com/products/anua-rice-70-glowy-milky-toner?srsltid=AfmBOorD-vFez5-2H3oO1a0uhaYNwwHDWJ0ed_d_dx5mHJquyI5GBMS4,sukoshi.com,sukoshi.com,,,,,,,,,,,genuine_reference,,0.0,0.0,False,,not_visible,34c60c65e2d0ab17bc73b2f5b0724e28,e2786ba7b584869a,success,,genuine,Anua Rice 70 Glow Milky Toner official,800,1000,123259,2026-08-15T14:34:19.654326+00:00
0be6b5c71a00,ANUA_RICE_70_GLOW_MILKY_TONER_NA26241200628,Anua,Rice 70 Glow Milky Toner,NA26241200628,https://smkoreabeauty.com/cdn/shop/files/f97335fc8e75aecb9bde4c5dbeebac11.png?v=1751001093&width=1946,SafeCart_Dataset\images\genuine_reference\ANUA_RICE_70_GLOW_MILKY_TONER_NA26241200628\0be6b5c71a00.jpg,https://smkoreabeauty.com/products/anua-rice-70-glow-milky-toner-250ml-8-45-fl-oz-%EC%95%84%EB%88%84%EC%95%84-%EB%9D%BC%EC%9D%B4%EC%8A%A4-70-%EA%B8%80%EB%A1%9C%EC%9A%B0-%EB%B0%80%ED%82%A4-%ED%86%A0%EB%84%88-250ml-8-45-fl-oz?srsltid=AfmBOoqNlLeRLbeeheXSoYuxqttnTxyqbBi0eUkvJ49EDH3IXJfc4I4b,smkoreabeauty.com,smkoreabeauty.com,,,,,,,,,,,genuine_reference,,0.0,0.0,False,,not_visible,4865bf1629da85844f82c09533f30ad0,e671596648ce9ce4,success,,genuine,Anua Rice 70 Glow Milky Toner official,1000,1220,131393,2026-08-15T14:34:19.978376+00:00
6d9c12c38aae,BIYU_OIL_CONTROL_CLEANSER_PH_BALANCED_NA18211202530,Biyu,Oil Control Cleanser pH Balanced,NA18211202530,https://thekingdomshop.com/cdn/shop/files/biyu-Oil-Control-cleanser-ph-balanced-15ml-watermark-2048x2048.jpg?v=1727856021&width=2048,SafeCart_Dataset\images\genuine_reference\BIYU_OIL_CONTROL_CLEANSER_PH_BALANCED_NA18211202530\6d9c12c38aae.jpg,https://thekingdomshop.com/products/biyu-oil-control-cleanser-ph-balanced-15ml?srsltid=AfmBOoqiWDdynvw36-z_vk6gPtffVsQKTFQufhdP1b2goU0g8g-0sqkp,thekingdomshop.com,thekingdomshop.com,,,,,,,,,,,genuine_reference,,0.0,0.0,False,,not_visible,b22ad694200703083674527df4d33a3a,e6c9339c3696c962,success,,genuine,Biyu Oil Control Cleanser pH Balanced official,2048,2048,172845,2026-08-15T14:34:25.591980+00:00
9489819913d6,BIYU_OIL_CONTROL_CLEANSER_PH_BALANCED_NA18211202530,Biyu,Oil Control Cleanser pH Balanced,NA18211202530,https://images.soco.id/c29f8574-f4f9-4526-849b-b45babcc2d58-.jpg,SafeCart_Dataset\images\genuine_reference\BIYU_OIL_CONTROL_CLEANSER_PH_BALANCED_NA18211202530\9489819913d6.jpg,https://review.soco.id/product/default/85506-oil-control-cleanser,review.soco.id,review.soco.id,,,,,,,,,,,genuine_reference,,0.0,0.0,False,,not_visible,fd818fc8fa74caddec2071eda9a0cfd3,e7199ccccc663331,success,,genuine,Biyu Oil Control Cleanser pH Balanced official,800,800,42926,2026-08-15T14:34:25.992700+00:00
dc1af0d2dfdd,BIYU_OIL_CONTROL_CLEANSER_PH_BALANCED_NA18211202530,Biyu,Oil Control Cleanser pH Balanced,NA18211202530,"https://www.sociolla.com/cdn-cgi/image/w=500,format=auto,dpr=1.45/https://images.soco.id/08e71334-509d-4aed-9ba3-d1d23cb0aace-.jpg",SafeCart_Dataset\images\genuine_reference\BIYU_OIL_CONTROL_CLEANSER_PH_BALANCED_NA18211202530\dc1af0d2dfdd.jpg,https://www.sociolla.com/face-wash/82312-oil-control-cleanser-ph-balance-value-set,www.sociolla.com,sociolla.com,,,,,,,,,,,genuine_reference,,0.0,0.0,False,,not_visible,efe43b082bd34ca4372d99a3828d840c,f9d22cd32cd3832c,success,,genuine,Biyu Oil Control Cleanser pH Balanced official,725,725,51675,2026-08-15T14:34:26.233610+00:00
d8ab37bc859e,BIYU_OIL_CONTROL_CLEANSER_PH_BALANCED_NA18211202530,Biyu,Oil Control Cleanser pH Balanced,NA18211202530,https://incidecoder-content.storage.googleapis.com/7cc2a295-33c4-4cbe-b60a-4fe367b09f93/products/biyu-oil-control-cleanser/biyu-oil-control-cleanser_front_photo_original.jpeg,SafeCart_Dataset\images\genuine_reference\BIYU_OIL_CONTROL_CLEANSER_PH_BALANCED_NA18211202530\d8ab37bc859e.jpg,https://incidecoder.com/products/biyu-oil-control-cleanser,incidecoder.com,incidecoder.com,,,,,,,,,,,genuine_reference,,0.0,0.0,False,,not_visible,cc4f9af4cebaf82f2239ff038697b2e2,bc5bc365c33134b4,success,,genuine,Biyu Oil Control Cleanser pH Balanced official,300,779,30281,2026-08-15T14:34:26.843754+00:00
6ba17f7da779,BIYU_OIL_CONTROL_CLEANSER_PH_BALANCED_NA18211202530,Biyu,Oil Control Cleanser pH Balanced,NA18211202530,https://www.static-src.com/wcsstore/Indraprastha/images/catalog/full//catalog-image/91/MTA-115309006/biyu_biyu-oil-control-cleanser-80ml_full01.jpg,SafeCart_Dataset\images\genuine_reference\BIYU_OIL_CONTROL_CLEANSER_PH_BALANCED_NA18211202530\6ba17f7da779.jpg,https://www.blibli.com/p/biyu-oil-control-cleanser-80ml/ps--REP-70280-00237,www.blibli.com,blibli.com,,,,,,,,,,,genuine_reference,,0.0,0.0,False,,not_visible,60985dea0d39937430c5ea07984cdde1,a78f0d8709a679f0,success,,genuine,Biyu Oil Control Cleanser pH Balanced official,800,800,36734,2026-08-15T14:34:27.444837+00:00
e6229fb68c4a,BIYU_OIL_CONTROL_CLEANSER_PH_BALANCED_NA18211202530,Biyu,Oil Control Cleanser pH Balanced,NA18211202530,"https://www.sociolla.com/cdn-cgi/image/w=500,format=auto,dpr=1.45/https://images.soco.id/edd284d2-528d-4117-acba-02f5159c3f74-.jpg",SafeCart_Dataset\images\genuine_reference\BIYU_OIL_CONTROL_CLEANSER_PH_BALANCED_NA18211202530\e6229fb68c4a.jpg,https://www.sociolla.com/face-wash/57164-oil-control-cleanser,www.sociolla.com,sociolla.com,,,,,,,,,,,genuine_reference,,0.0,0.0,False,,not_visible,71d468c1956663ddd203f888ee3f69fb,b9c639c639c5c629,success,,genuine,Biyu Oil Control Cleanser pH Balanced official,725,725,43282,2026-08-15T14:34:27.820576+00:00
18a1466987d5,BIYU_OIL_CONTROL_CLEANSER_PH_BALANCED_NA18211202530,Biyu,Oil Control Cleanser pH Balanced,NA18211202530,https://static.desty.app/desty-wholesale/10223/4bc08219450e82fee789853d0997557c.png,SafeCart_Dataset\images\genuine_reference\BIYU_OIL_CONTROL_CLEANSER_PH_BALANCED_NA18211202530\18a1466987d5.jpg,https://wholesale.desty.app/biyuskin/22733274106007552,wholesale.desty.app,wholesale.desty.app,,,,,,,,,,,genuine_reference,,0.0,0.0,False,,not_visible,4637b43408a738cba45780404b81e571,e699cc6693659964,success,,genuine,Biyu Oil Control Cleanser pH Balanced official,2100,3150,212721,2026-08-15T14:34:28.298119+00:00
f20deb1923a5,BIYU_OIL_CONTROL_CLEANSER_PH_BALANCED_NA18211202530,Biyu,Oil Control Cleanser pH Balanced,NA18211202530,https://images.soco.id/16d01a39-1541-44ce-b044-716838f88770-.jpg,SafeCart_Dataset\images\genuine_reference\BIYU_OIL_CONTROL_CLEANSER_PH_BALANCED_NA18211202530\f20deb1923a5.jpg,https://www.sociolla.com/face-wash/57164-oil-control-cleanser,www.sociolla.com,sociolla.com,,,,,,,,,,,genuine_reference,,0.0,0.0,False,,not_visible,34f35dede439d18d31e01041e33c670a,e8b76718936c9163,success,,genuine,Biyu Oil Control Cleanser pH Balanced official,800,800,56086,2026-08-15T14:34:29.239941+00:00
b7f09a01614b,BEAUTY_OF_JOSEON_GREEN_PLUM_REFRESHING_TONER_AHA_BHA_NA26241200303,Beauty of Joseon,Green Plum Refreshing Toner: AHA + BHA,NA26241200303,https://beautyofjoseon.com/cdn/shop/files/green-plum-refreshing-toner-aha-bha-4.webp?v=1770279221,SafeCart_Dataset\images\genuine_reference\BEAUTY_OF_JOSEON_GREEN_PLUM_REFRESHING_TONER_AHA_BHA_NA26241200303\b7f09a01614b.jpg,https://beautyofjoseon.com/products/green-plum-refreshing-toner-aha-bha?srsltid=AfmBOoolXaAvTYHBkgSgYVoARviToTFCovjaIGgoBV3MUbGV8yotFppT,beautyofjoseon.com,beautyofjoseon.com,,,,,,,,,,,genuine_reference,,0.0,0.0,False,,not_visible,65f24509924cc50cba11003b495e6d65,ed93f0b4921614ed,success,,genuine,Beauty of Joseon Green Plum Refreshing Toner: AHA + BHA official,3000,3000,582624,2026-08-15T14:33:51.744360+00:00
2aab7b76f41f,BEAUTY_OF_JOSEON_GREEN_PLUM_REFRESHING_TONER_AHA_BHA_NA26241200303,Beauty of Joseon,Green Plum Refreshing Toner: AHA + BHA,NA26241200303,"https://m.media-amazon.com/images/I/517XzmM0ShL._AC_UF1000,1000_QL80_.jpg",SafeCart_Dataset\images\genuine_reference\BEAUTY_OF_JOSEON_GREEN_PLUM_REFRESHING_TONER_AHA_BHA_NA26241200303\2aab7b76f41f.jpg,https://www.amazon.com/Beauty-Joseon-Refreshing-Moisturizer-Exfoliating/dp/B0DJDC71XL,www.amazon.com,amazon.com,,,,,,,,,,,genuine_reference,,0.0,0.0,False,,not_visible,8f42c57ceda72a3448f2c46c003ede15,e49baa8b93cd868c,success,,genuine,Beauty of Joseon Green Plum Refreshing Toner: AHA + BHA official,790,1000,49095,2026-08-15T14:33:52.403005+00:00
72a45c2febfa,BEAUTY_OF_JOSEON_GREEN_PLUM_REFRESHING_TONER_AHA_BHA_NA26241200303,Beauty of Joseon,Green Plum Refreshing Toner: AHA + BHA,NA26241200303,https://beautyofjoseon.com/cdn/shop/files/green-plum-refreshing-toner-aha-bha-3.webp?crop=center&height=3000&v=1770279283&width=3000,SafeCart_Dataset\images\genuine_reference\BEAUTY_OF_JOSEON_GREEN_PLUM_REFRESHING_TONER_AHA_BHA_NA26241200303\72a45c2febfa.jpg,https://beautyofjoseon.com/products/green-plum-refreshing-toner-aha-bha?srsltid=AfmBOoogYUOpswqq7aVAhyhrg6p7YT5_nwOYUa42sQjqe4uRn_5DkKtl,beautyofjoseon.com,beautyofjoseon.com,,,,,,,,,,,genuine_reference,,0.0,0.0,False,,not_visible,f46ccca4d923bfcefa9ba654c85cde3d,fba15e2847b0c11f,success,,genuine,Beauty of Joseon Green Plum Refreshing Toner: AHA + BHA official,3000,3000,729326,2026-08-15T14:33:52.646050+00:00
007d738473bd,BEAUTY_OF_JOSEON_GREEN_PLUM_REFRESHING_TONER_AHA_BHA_NA26241200303,Beauty of Joseon,Green Plum Refreshing Toner: AHA + BHA,NA26241200303,https://beautyofjoseon.com/cdn/shop/files/green-plum-refreshing-toner-aha-bha-5.webp?v=1770279101,SafeCart_Dataset\images\genuine_reference\BEAUTY_OF_JOSEON_GREEN_PLUM_REFRESHING_TONER_AHA_BHA_NA26241200303\007d738473bd.jpg,https://beautyofjoseon.com/products/green-plum-refreshing-toner-aha-bha?srsltid=AfmBOoqGA2RjLIVmKOr5L6ayBu5uNtrTw81I4unf3_0K6kA7X46jZakE,beautyofjoseon.com,beautyofjoseon.com,,,,,,,,,,,genuine_reference,,0.0,0.0,False,,not_visible,6b82b1186210e9a70f2803560d79b2bb,d59521aba575ca26,success,,genuine,Beauty of Joseon Green Plum Refreshing Toner: AHA + BHA official,3000,3000,759132,2026-08-15T14:33:53.315990+00:00
9b03ef3bfc68,BEAUTY_OF_JOSEON_GREEN_PLUM_REFRESHING_TONER_AHA_BHA_NA26241200303,Beauty of Joseon,Green Plum Refreshing Toner: AHA + BHA,NA26241200303,http://koreanskincare.com/cdn/shop/files/800_1d1a12e0-19d9-43c2-8619-958533502dac.jpg?v=1685457801,SafeCart_Dataset\images\genuine_reference\BEAUTY_OF_JOSEON_GREEN_PLUM_REFRESHING_TONER_AHA_BHA_NA26241200303\9b03ef3bfc68.jpg,https://koreanskincare.com/products/beauty-of-joseon-green-plum-refreshing-toner?srsltid=AfmBOoq2BkPXcUUMJAj0_5u7IbhEOlByubq5SJQ8-aKHc772EIxXCVqc,koreanskincare.com,koreanskincare.com,,,,,,,,,,,genuine_reference,,0.0,0.0,False,,not_visible,3682ce37b7458bca5745ff51feb53c2b,b3c6cc8c66999939,success,,genuine,Beauty of Joseon Green Plum Refreshing Toner: AHA + BHA official,800,800,32817,2026-08-15T14:33:53.955157+00:00
5e518f80b7fb,BEAUTY_OF_JOSEON_GREEN_PLUM_REFRESHING_TONER_AHA_BHA_NA26241200303,Beauty of Joseon,Green Plum Refreshing Toner: AHA + BHA,NA26241200303,https://cdn.shopify.com/s/files/1/0558/4135/7989/files/11_8750af02-e99f-4eff-8d37-8888e30fc878.png?v=1749371270,SafeCart_Dataset\images\genuine_reference\BEAUTY_OF_JOSEON_GREEN_PLUM_REFRESHING_TONER_AHA_BHA_NA26241200303\5e518f80b7fb.jpg,https://beautyofjoseon.com/products/green-plum-refreshing-toner-aha-bha?srsltid=AfmBOophCtN4elASce3By20pge1suBPaQ7MJ1R_12ZrlNDvbL_8bgWyT,beautyofjoseon.com,beautyofjoseon.com,,,,,,,,,,,genuine_reference,,0.0,0.0,False,,not_visible,11b8d281bfcadd6980f32ce2270c586f,869dd973070d383b,success,,genuine,Beauty of Joseon Green Plum Refreshing Toner: AHA + BHA official,3000,3000,675204,2026-08-15T14:33:54.248389+00:00
f4d54e1feb98,BEAUTY_OF_JOSEON_GREEN_PLUM_REFRESHING_TONER_AHA_BHA_NA26241200303,Beauty of Joseon,Green Plum Refreshing Toner: AHA + BHA,NA26241200303,"https://m.media-amazon.com/images/I/715vN-rHEHL._AC_UF1000,1000_QL80_.jpg",SafeCart_Dataset\images\genuine_reference\BEAUTY_OF_JOSEON_GREEN_PLUM_REFRESHING_TONER_AHA_BHA_NA26241200303\f4d54e1feb98.jpg,https://www.amazon.com/Beauty-Joseon-Refreshing-Moisturizer-Exfoliating/dp/B0DJDC71XL,www.amazon.com,amazon.com,,,,,,,,,,,genuine_reference,,0.0,0.0,False,,not_visible,8eaf1c6dfac88079cdcb3ce80c9ece48,eb9a9084c4e5e5ea,success,,genuine,Beauty of Joseon Green Plum Refreshing Toner: AHA + BHA official,1000,1000,99728,2026-08-15T14:33:55.422612+00:00
56ab0f1dfc89,BEAUTY_OF_JOSEON_GREEN_PLUM_REFRESHING_TONER_AHA_BHA_NA26241200303,Beauty of Joseon,Green Plum Refreshing Toner: AHA + BHA,NA26241200303,https://beautyofjoseon.com/cdn/shop/files/green-plum-refreshing-toner-aha-bha-1-front_grande.webp?v=1770279162,SafeCart_Dataset\images\genuine_reference\BEAUTY_OF_JOSEON_GREEN_PLUM_REFRESHING_TONER_AHA_BHA_NA26241200303\56ab0f1dfc89.jpg,https://beautyofjoseon.com/products/green-plum-refreshing-toner-aha-bha?srsltid=AfmBOoo3IRVP_FP27ybEI6KXhYg6iK0-pKMVv0B3vtfncNxaYRmyeZGL,beautyofjoseon.com,beautyofjoseon.com,,,,,,,,,,,genuine_reference,,0.0,0.0,False,,not_visible,27744947b4adfc5f4890bd0f8136d436,f3ccccc99c319962,success,,genuine,Beauty of Joseon Green Plum Refreshing Toner: AHA + BHA official,600,600,20458,2026-08-15T14:33:55.615154+00:00
79e8656445de,BIYU_PURE_GENTLE_CLEANSER_PH_BALANCED_NA18211202524,Biyu,Pure Gentle Cleanser pH Balanced,NA18211202524,https://storage.skinsort.com/td4ue68gcsen28a4vq0nl9f3yxka,SafeCart_Dataset\images\genuine_reference\BIYU_PURE_GENTLE_CLEANSER_PH_BALANCED_NA18211202524\79e8656445de.jpg,https://skinsort.com/products/biyu/pure-gentle-cleanser,skinsort.com,skinsort.com,,,,,,,,,,,genuine_reference,,0.0,0.0,False,,not_visible,001ab8735ca4e8d4a3f0e6064325e1dc,e6cd333299329933,success,,genuine,Biyu Pure Gentle Cleanser pH Balanced official,500,500,13586,2026-08-15T14:34:38.860900+00:00
daa005af9434,BIYU_PURE_GENTLE_CLEANSER_PH_BALANCED_NA18211202524,Biyu,Pure Gentle Cleanser pH Balanced,NA18211202524,https://www.static-src.com/wcsstore/Indraprastha/images/catalog/full//99/MTA-13490747/biyu_biyu_pure_gentle_cleanser_80ml_full01_gscv8jct.jpg,SafeCart_Dataset\images\genuine_reference\BIYU_PURE_GENTLE_CLEANSER_PH_BALANCED_NA18211202524\daa005af9434.jpg,https://www.blibli.com/p/biyu-pure-gentle-cleanser-80ml/ps--GLM-60048-00441,www.blibli.com,blibli.com,,,,,,,,,,,genuine_reference,,0.0,0.0,False,,not_visible,dbc810da664a4a34a9d1e484369eec16,b331cccecc333398,success,,genuine,Biyu Pure Gentle Cleanser pH Balanced official,800,800,26999,2026-08-15T14:34:39.761505+00:00
61ad0c0b74cf,BIYU_PURE_GENTLE_CLEANSER_PH_BALANCED_NA18211202524,Biyu,Pure Gentle Cleanser pH Balanced,NA18211202524,https://down-id.img.susercontent.com/file/id-11134207-7rbk8-m6i1nh7exmic12,SafeCart_Dataset\images\genuine_reference\BIYU_PURE_GENTLE_CLEANSER_PH_BALANCED_NA18211202524\61ad0c0b74cf.jpg,https://shopee.co.id/Biyu-Pure-Gentle-Cleanser-pH-Balanced-(15-ml-100-ml)-i.7503182.22507597123,shopee.co.id,shopee.co.id,,,,,,,,,,,genuine_reference,,0.0,0.0,False,,not_visible,d7be3ca28f4b005c93ea7d63b92c30c9,bfe01496609f609f,success,,genuine,Biyu Pure Gentle Cleanser pH Balanced official,1024,1024,113267,2026-08-15T14:34:40.036595+00:00
fc8023a6a833,BIYU_PURE_GENTLE_CLEANSER_PH_BALANCED_NA18211202524,Biyu,Pure Gentle Cleanser pH Balanced,NA18211202524,"https://www.sociolla.com/cdn-cgi/image/w=500,format=auto,dpr=1.45/https://images.soco.id/1b5c86ab-7736-4014-b4e0-11170f42458d-.jpg",SafeCart_Dataset\images\genuine_reference\BIYU_PURE_GENTLE_CLEANSER_PH_BALANCED_NA18211202524\fc8023a6a833.jpg,https://www.sociolla.com/skin-care-set/80280-daily-essential-bundle-oily-skin,www.sociolla.com,sociolla.com,,,,,,,,,,,genuine_reference,,0.0,0.0,False,,not_visible,3d583ea2ce954712c1c21265e7503a0d,b9c639c639c6c629,success,,genuine,Biyu Pure Gentle Cleanser pH Balanced official,725,725,47055,2026-08-15T14:34:40.380340+00:00
ffad092c8fe9,BIYU_PURE_GENTLE_CLEANSER_PH_BALANCED_NA18211202524,Biyu,Pure Gentle Cleanser pH Balanced,NA18211202524,https://nihonmart.id/pub/media/catalog/product/cache/8a3fa81d90974d9a7299f2eff309979f/p/u/pure_gentle_cleanser-min.png,SafeCart_Dataset\images\genuine_reference\BIYU_PURE_GENTLE_CLEANSER_PH_BALANCED_NA18211202524\ffad092c8fe9.jpg,https://nihonmart.id/biyu-pure-gentle-cleanser-80ml?srsltid=AfmBOor6aXQTPTLaLRNp2FJ3Mw0ey4mujNjR0y6p8EVONb40uyW_KZak,nihonmart.id,nihonmart.id,,,,,,,,,,,genuine_reference,,0.0,0.0,False,,not_visible,0db8c6869cc2420b83e14c02990a2fef,e69999cc8cc63393,success,,genuine,Biyu Pure Gentle Cleanser pH Balanced official,600,600,24457,2026-08-15T14:34:40.977346+00:00
002bf36d9171,BIYU_PURE_GENTLE_CLEANSER_PH_BALANCED_NA18211202524,Biyu,Pure Gentle Cleanser pH Balanced,NA18211202524,https://down-id.img.susercontent.com/file/sg-11134201-824i0-me8enaimtwjldc,SafeCart_Dataset\images\genuine_reference\BIYU_PURE_GENTLE_CLEANSER_PH_BALANCED_NA18211202524\002bf36d9171.jpg,https://shopee.co.id/BIYU-Gentle-Gel-Cleanser-Kulit-Sensitif-Sabun-Cuci-Muka-Low-pH-Facial-Wash-Anti-Acne-i.164501749.12230966771,shopee.co.id,shopee.co.id,,,,,,,,,,,genuine_reference,,0.0,0.0,False,,not_visible,ae027f415b78c871d640bcb009207170,dea158ad60af52e1,success,,genuine,Biyu Pure Gentle Cleanser pH Balanced official,1024,1024,118209,2026-08-15T14:34:41.226907+00:00
3c7a9b3d5964,BIYU_PURE_GENTLE_CLEANSER_PH_BALANCED_NA18211202524,Biyu,Pure Gentle Cleanser pH Balanced,NA18211202524,https://images.soco.id/c91e53b6-ad82-41e8-98be-c515654b73d2-1712515452.8563251.png,SafeCart_Dataset\images\genuine_reference\BIYU_PURE_GENTLE_CLEANSER_PH_BALANCED_NA18211202524\3c7a9b3d5964.jpg,https://review.soco.id/product/face-wash/79532-pure-gentle-cleanser-ph-balanced,review.soco.id,review.soco.id,,,,,,,,,,,genuine_reference,,0.0,0.0,False,,not_visible,e043797fe5fd7338b92a360379719411,8a3b3dc3c23d291e,success,,genuine,Biyu Pure Gentle Cleanser pH Balanced official,4032,3024,2243675,2026-08-15T14:34:41.611383+00:00
f421eeb674d5,BIYU_PURE_GENTLE_CLEANSER_PH_BALANCED_NA18211202524,Biyu,Pure Gentle Cleanser pH Balanced,NA18211202524,https://www.static-src.com/wcsstore/Indraprastha/images/catalog/full/catalog-image/MTA-159966010/biyu_biyu_pure_gentle_cleanser_-_toner_niacinamide_-anti_jerawat-anti_bruntusan-_full01_ud87tjek.jpg,SafeCart_Dataset\images\genuine_reference\BIYU_PURE_GENTLE_CLEANSER_PH_BALANCED_NA18211202524\f421eeb674d5.jpg,https://www.blibli.com/p/biyu-pure-gentle-cleanser-toner-niacinamide-anti-jerawat-anti-bruntusan/ps--BIS-60125-00088,www.blibli.com,blibli.com,,,,,,,,,,,genuine_reference,,0.0,0.0,False,,not_visible,a494fcaaf8af1b17b980f2201eb70172,da788587e559389a,success,,genuine,Biyu Pure Gentle Cleanser pH Balanced official,800,800,95226,2026-08-15T14:34:42.703021+00:00
7cd36750f544,GEMISTRY_2IN1_DOUBLE_CLEANSER_MICELLAR_GEL_FACE_WASH_NA18241210632,Gemistry,2in1 Double Cleanser Micellar Gel + Face Wash,NA18241210632,https://incidecoder-content.storage.googleapis.com/174c7366-d7bc-4ea2-a93e-3d1bf74f9a71/products/gemistry-2in1-double-cleanser-micellar-gel-face-wash/gemistry-2in1-double-cleanser-micellar-gel-face-wash_front_photo_original.jpeg,SafeCart_Dataset\images\genuine_reference\GEMISTRY_2IN1_DOUBLE_CLEANSER_MICELLAR_GEL_FACE_WASH_NA18241210632\7cd36750f544.jpg,https://incidecoder.com/products/gemistry-2in1-double-cleanser-micellar-gel-face-wash,incidecoder.com,incidecoder.com,,,,,,,,,,,genuine_reference,,0.0,0.0,False,,not_visible,cac7b5f6ba2a5b5a99fe645ced41335f,aec49393383cd953,success,,genuine,Gemistry 2in1 Double Cleanser Micellar Gel + Face Wash official,314,800,23978,2026-08-15T14:35:03.292898+00:00
e0c6a9bfbe17,GEMISTRY_2IN1_DOUBLE_CLEANSER_MICELLAR_GEL_FACE_WASH_NA18241210632,Gemistry,2in1 Double Cleanser Micellar Gel + Face Wash,NA18241210632,"https://www.sociolla.com/cdn-cgi/image/w=500,format=auto,dpr=1.45/https://images.soco.id/62bf6247-e941-46e8-96f0-893693247cba-image-1-1782906477354",SafeCart_Dataset\images\genuine_reference\GEMISTRY_2IN1_DOUBLE_CLEANSER_MICELLAR_GEL_FACE_WASH_NA18241210632\e0c6a9bfbe17.jpg,https://www.sociolla.com/face-wash/84048-2in1-double-cleanser-micellar-gel-face-wash,www.sociolla.com,sociolla.com,,,,,,,,,,,genuine_reference,,0.0,0.0,False,,not_visible,b0771ff4a0bfcd67e641f2e09420e8c6,eccf33992499649a,success,,genuine,Gemistry 2in1 Double Cleanser Micellar Gel + Face Wash official,725,725,70570,2026-08-15T14:35:06.294276+00:00
9a4034b8ead8,GEMISTRY_2IN1_DOUBLE_CLEANSER_MICELLAR_GEL_FACE_WASH_NA18241210632,Gemistry,2in1 Double Cleanser Micellar Gel + Face Wash,NA18241210632,https://down-id.img.susercontent.com/file/id-11134207-7ra0j-mbyxayviy1ix34,SafeCart_Dataset\images\genuine_reference\GEMISTRY_2IN1_DOUBLE_CLEANSER_MICELLAR_GEL_FACE_WASH_NA18241210632\9a4034b8ead8.jpg,https://shopee.co.id/Gemistry-2in1-Double-Cleanser-Micellar-Gel-Face-Wash-Size-175ml-i.224957239.40600119816,shopee.co.id,shopee.co.id,,,,,,,,,,,genuine_reference,,0.0,0.0,False,,not_visible,73f71b02a2a519ae7477356ca22b7da3,fd83325d82d6853c,success,,genuine,Gemistry 2in1 Double Cleanser Micellar Gel + Face Wash official,1024,1024,111290,2026-08-15T14:35:07.463926+00:00
954a8ff97ffc,GEMISTRY_2IN1_DOUBLE_CLEANSER_MICELLAR_GEL_FACE_WASH_NA18241210632,Gemistry,2in1 Double Cleanser Micellar Gel + Face Wash,NA18241210632,https://p16-oec-sg.ibyteimg.com/tos-alisg-i-aphluv4xwc-sg/64fcf1e387884b3e94cfce511269d0c2~tplv-aphluv4xwc-resize-webp:800:800.webp?dr=15592&t=555f072d&ps=933b5bde&shp=8dbd94bf&shcp=e1be8f53&idc=my&from=2378011839,SafeCart_Dataset\images\genuine_reference\GEMISTRY_2IN1_DOUBLE_CLEANSER_MICELLAR_GEL_FACE_WASH_NA18241210632\954a8ff97ffc.jpg,https://shop-id.tokopedia.com/pdp/gemistry-2in1-double-cleanser-micellar-gel-face-wash/1734246061109183717,shop-id.tokopedia.com,shop-id.tokopedia.com,,,,,,,,,,,genuine_reference,,0.0,0.0,False,,not_visible,16fde7a505f5f878d98d629069d5ece3,aee29be135996426,success,,genuine,Gemistry 2in1 Double Cleanser Micellar Gel + Face Wash official,800,800,101296,2026-08-15T14:35:07.776884+00:00
392e4a126749,GEMISTRY_2IN1_DOUBLE_CLEANSER_MICELLAR_GEL_FACE_WASH_NA18241210632,Gemistry,2in1 Double Cleanser Micellar Gel + Face Wash,NA18241210632,"https://www.sociolla.com/cdn-cgi/image/w=500,format=auto,dpr=1.45/https://images.soco.id/12fda13f-86fd-4cda-9614-ff095885de5e-image-1-1782906489018",SafeCart_Dataset\images\genuine_reference\GEMISTRY_2IN1_DOUBLE_CLEANSER_MICELLAR_GEL_FACE_WASH_NA18241210632\392e4a126749.jpg,https://www.sociolla.com/face-wash/84048-2in1-double-cleanser-micellar-gel-face-wash,www.sociolla.com,sociolla.com,,,,,,,,,,,genuine_reference,,0.0,0.0,False,,not_visible,b3c8d045eb7104903c331799d3406bc9,be34e1e3c23d8499,success,,genuine,Gemistry 2in1 Double Cleanser Micellar Gel + Face Wash official,725,725,88741,2026-08-15T14:35:08.151176+00:00
d20d97ed4aee,GEMISTRY_2IN1_DOUBLE_CLEANSER_MICELLAR_GEL_FACE_WASH_NA18241210632,Gemistry,2in1 Double Cleanser Micellar Gel + Face Wash,NA18241210632,"https://www.sociolla.com/cdn-cgi/image/w=500,format=auto,dpr=1.45/https://images.soco.id/7f5f4d18-6b08-4325-8be8-922afe27a3c3-image-0-1749799974586",SafeCart_Dataset\images\genuine_reference\GEMISTRY_2IN1_DOUBLE_CLEANSER_MICELLAR_GEL_FACE_WASH_NA18241210632\d20d97ed4aee.jpg,https://www.sociolla.com/product/84048-2in1-double-cleanser-micellar-gel-face-wash,www.sociolla.com,sociolla.com,,,,,,,,,,,genuine_reference,,0.0,0.0,False,,not_visible,a968ab3c7f5cf4f53e64cd2097efdcb4,b9c6964d29926d69,success,,genuine,Gemistry 2in1 Double Cleanser Micellar Gel + Face Wash official website,725,725,42739,2026-08-15T14:35:12.787568+00:00
6796410c9a86,GEMISTRY_2IN1_DOUBLE_CLEANSER_MICELLAR_GEL_FACE_WASH_NA18241210632,Gemistry,2in1 Double Cleanser Micellar Gel + Face Wash,NA18241210632,https://p16-oec-sg.ibyteimg.com/tos-alisg-i-aphluv4xwc-sg/2fab110f7418419291921232dd79b319~tplv-aphluv4xwc-resize-webp:800:800.webp?dr=15592&t=555f072d&ps=933b5bde&shp=8dbd94bf&shcp=e1be8f53&idc=my&from=2378011839,SafeCart_Dataset\images\genuine_reference\GEMISTRY_2IN1_DOUBLE_CLEANSER_MICELLAR_GEL_FACE_WASH_NA18241210632\6796410c9a86.jpg,https://shop-id.tokopedia.com/pdp/gemistry-2in1-double-cleanser-micellar-gel-face-wash/1734246061109183717,shop-id.tokopedia.com,shop-id.tokopedia.com,,,,,,,,,,,genuine_reference,,0.0,0.0,False,,not_visible,c9573004ced9eb227e93000dde98f902,e566129173999b99,success,,genuine,Gemistry 2in1 Double Cleanser Micellar Gel + Face Wash official website,800,800,121398,2026-08-15T14:35:14.389727+00:00
89c8f9cefe3b,GEMISTRY_2IN1_DOUBLE_CLEANSER_MICELLAR_GEL_FACE_WASH_NA18241210632,Gemistry,2in1 Double Cleanser Micellar Gel + Face Wash,NA18241210632,"https://www.sociolla.com/cdn-cgi/image/w=500,format=auto,dpr=1.45/https://images.soco.id/03c034b6-a887-4e5d-96f7-029dba210f0a-image-4-1782906489019",SafeCart_Dataset\images\genuine_reference\GEMISTRY_2IN1_DOUBLE_CLEANSER_MICELLAR_GEL_FACE_WASH_NA18241210632\89c8f9cefe3b.jpg,https://www.sociolla.com/face-wash/84048-2in1-double-cleanser-micellar-gel-face-wash,www.sociolla.com,sociolla.com,,,,,,,,,,,genuine_reference,,0.0,0.0,False,,not_visible,7958b37a615d9ffef9c559deb1259b7b,ea4346aeab6e6461,success,,genuine,Gemistry 2in1 Double Cleanser Micellar Gel + Face Wash Sociolla authorized retailer,725,725,104478,2026-08-15T14:35:16.124336+00:00
fc6792ac991a,SUNGBOON_EDITOR_SUNGBOON_EDITOR_GREEN_TOMATO_DEEP_PORE_CLEAN_ENZYME_POWDER_WASH_NA26251200751,Sungboon Editor,Sungboon Editor Green Tomato Deep Pore Clean Enzyme Powder Wash,NA26251200751,https://m.media-amazon.com/images/I/51czANP2-4L.jpg,SafeCart_Dataset\images\genuine_reference\SUNGBOON_EDITOR_SUNGBOON_EDITOR_GREEN_TOMATO_DEEP_PORE_CLEAN_ENZYME_POWDER_WASH_NA26251200751\fc6792ac991a.jpg,https://www.amazon.com/SUNGBOON-EDITOR-exfoliating-blackheads-blemishes/dp/B0CJC3Y39K,www.amazon.com,amazon.com,,,,,,,,,,,genuine_reference,,0.0,0.0,False,,not_visible,0309f25b2bdd7b8afa063eebe0e0b4c7,e9b496b5954aa54a,success,,genuine,Sungboon Editor Sungboon Editor Green Tomato Deep Pore Clean Enzyme Powder Wash official,1000,1000,64271,2026-08-15T14:35:19.970349+00:00
44417470f242,SUNGBOON_EDITOR_SUNGBOON_EDITOR_GREEN_TOMATO_DEEP_PORE_CLEAN_ENZYME_POWDER_WASH_NA26251200751,Sungboon Editor,Sungboon Editor Green Tomato Deep Pore Clean Enzyme Powder Wash,NA26251200751,https://k-beautyroutine.com/cdn/shop/files/1748749611990_4e6d7a268e5e46a48b497e3811c69d9a.png?v=1753778177&width=1280,SafeCart_Dataset\images\genuine_reference\SUNGBOON_EDITOR_SUNGBOON_EDITOR_GREEN_TOMATO_DEEP_PORE_CLEAN_ENZYME_POWDER_WASH_NA26251200751\44417470f242.jpg,https://k-beautyroutine.com/products/sungboon-editor-green-tomato-deep-pore-clean-enzyme-powder-wash-50g?srsltid=AfmBOoqUfx8rnExLCXBmxmP8ZW6wa47haQAGF6vnX7YDqcYbH_jzCoGq,k-beautyroutine.com,k-beautyroutine.com,,,,,,,,,,,genuine_reference,,0.0,0.0,False,,not_visible,310c1a08611da2fd5199eaab013b19b6,e6944b9d996a946a,success,,genuine,Sungboon Editor Sungboon Editor Green Tomato Deep Pore Clean Enzyme Powder Wash official,1280,1280,71275,2026-08-15T14:35:20.213755+00:00
18438ffa417c,SUNGBOON_EDITOR_SUNGBOON_EDITOR_GREEN_TOMATO_DEEP_PORE_CLEAN_ENZYME_POWDER_WASH_NA26251200751,Sungboon Editor,Sungboon Editor Green Tomato Deep Pore Clean Enzyme Powder Wash,NA26251200751,https://www.clinikally.com/cdn/shop/files/SungboonEditorGreenTomatoDeepPoreCleanEnzymePowderWash50gm1.jpg?v=1770290431&width=1000,SafeCart_Dataset\images\genuine_reference\SUNGBOON_EDITOR_SUNGBOON_EDITOR_GREEN_TOMATO_DEEP_PORE_CLEAN_ENZYME_POWDER_WASH_NA26251200751\18438ffa417c.jpg,https://www.clinikally.com/products/sungboon-editor-green-tomato-deep-pore-clean-enzyme-powder-wash?srsltid=AfmBOoqacPJBm_tlZZeBw7IFkIMJ7Ugc0xKb8AQli-vEpxdLnNQr268H,www.clinikally.com,clinikally.com,,,,,,,,,,,genuine_reference,,0.0,0.0,False,,not_visible,84187cf232180630e2e5a52e8d5b55a3,e69999ec89329966,success,,genuine,Sungboon Editor Sungboon Editor Green Tomato Deep Pore Clean Enzyme Powder Wash official,1000,750,41639,2026-08-15T14:35:20.600462+00:00
20e07a1035d6,SUNGBOON_EDITOR_SUNGBOON_EDITOR_GREEN_TOMATO_DEEP_PORE_CLEAN_ENZYME_POWDER_WASH_NA26251200751,Sungboon Editor,Sungboon Editor Green Tomato Deep Pore Clean Enzyme Powder Wash,NA26251200751,https://cdn.beymen.com/mnresize/505/704/productimages/nzubgle4_MP_e75ddc95-6490-4097-887f-18b2b3648f61_65527735470061886712499354420_600.jpg,SafeCart_Dataset\images\genuine_reference\SUNGBOON_EDITOR_SUNGBOON_EDITOR_GREEN_TOMATO_DEEP_PORE_CLEAN_ENZYME_POWDER_WASH_NA26251200751\20e07a1035d6.jpg,https://www.beymenbeautystudio.com/en/p_sungboon-editor-green-tomato-deep-pore-clean-enzyme-cleansing-face-mask-50-gr_2072305,www.beymenbeautystudio.com,beymenbeautystudio.com,,,,,,,,,,,genuine_reference,,0.0,0.0,False,,not_visible,ff5713eaf056bca9dec81197c959b237,e49b9b6483669933,success,,genuine,Sungboon Editor Sungboon Editor Green Tomato Deep Pore Clean Enzyme Powder Wash official,505,703,17609,2026-08-15T14:35:20.994384+00:00
3b36440194a0,SUNGBOON_EDITOR_SUNGBOON_EDITOR_GREEN_TOMATO_DEEP_PORE_CLEAN_ENZYME_POWDER_WASH_NA26251200751,Sungboon Editor,Sungboon Editor Green Tomato Deep Pore Clean Enzyme Powder Wash,NA26251200751,https://m.media-amazon.com/images/I/61JGUajkpPL.jpg,SafeCart_Dataset\images\genuine_reference\SUNGBOON_EDITOR_SUNGBOON_EDITOR_GREEN_TOMATO_DEEP_PORE_CLEAN_ENZYME_POWDER_WASH_NA26251200751\3b36440194a0.jpg,https://www.amazon.com/SUNGBOON-EDITOR-exfoliating-blackheads-blemishes/dp/B0CJC3Y39K,www.amazon.com,amazon.com,,,,,,,,,,,genuine_reference,,0.0,0.0,False,,not_visible,35d0e2abdc757a7cefeed4daee70581c,94694a3b31ef8d91,success,,genuine,Sungboon Editor Sungboon Editor Green Tomato Deep Pore Clean Enzyme Powder Wash official,1000,1000,112690,2026-08-15T14:35:21.204107+00:00
3fd50b83a14d,SUNGBOON_EDITOR_SUNGBOON_EDITOR_GREEN_TOMATO_DEEP_PORE_CLEAN_ENZYME_POWDER_WASH_NA26251200751,Sungboon Editor,Sungboon Editor Green Tomato Deep Pore Clean Enzyme Powder Wash,NA26251200751,https://d2c3d01lcpw2ui.cloudfront.net/gl/data/editor/2412/956191fdf41d027e1acd442bfa89e757_1733107218_0375.jpg,SafeCart_Dataset\images\genuine_reference\SUNGBOON_EDITOR_SUNGBOON_EDITOR_GREEN_TOMATO_DEEP_PORE_CLEAN_ENZYME_POWDER_WASH_NA26251200751\3fd50b83a14d.jpg,https://www.stylekorean.com/shop/sungboon-editor-green-tomato-deep-pore-clean-enzyme-powder-wash-50g/1733107136/?srsltid=AfmBOopeckdZyVuCh_VD37P9WF4ndo56atYtWT9pW5K9RuqnoAGG1Je_,www.stylekorean.com,stylekorean.com,,,,,,,,,,,genuine_reference,,0.0,0.0,False,,not_visible,6ba3f906819c67bfa02cb0f0922c832f,809ef62d0972c99f,success,,genuine,Sungboon Editor Sungboon Editor Green Tomato Deep Pore Clean Enzyme Powder Wash official,742,736,89309,2026-08-15T14:35:21.425877+00:00
0d92f231e87b,SUNGBOON_EDITOR_SUNGBOON_EDITOR_GREEN_TOMATO_DEEP_PORE_CLEAN_ENZYME_POWDER_WASH_NA26251200751,Sungboon Editor,Sungboon Editor Green Tomato Deep Pore Clean Enzyme Powder Wash,NA26251200751,https://d1flfk77wl2xk4.cloudfront.net/Assets/77/798/XXL_p0197179877.jpg,SafeCart_Dataset\images\genuine_reference\SUNGBOON_EDITOR_SUNGBOON_EDITOR_GREEN_TOMATO_DEEP_PORE_CLEAN_ENZYME_POWDER_WASH_NA26251200751\0d92f231e87b.jpg,https://www.yesstyle.com/en/sungboon-editor-green-tomato-deep-pore-clean-enzyme-powder-wash-travel/info.html/pid.1123444008,www.yesstyle.com,yesstyle.com,,,,,,,,,,,genuine_reference,,0.0,0.0,False,,not_visible,50a6f9d91f0ee3db644fa6e629b8feb8,fac7659091c5c738,success,,genuine,Sungboon Editor Sungboon Editor Green Tomato Deep Pore Clean Enzyme Powder Wash official,640,640,26530,2026-08-15T14:35:21.626884+00:00
57b849e3fbc2,SUNGBOON_EDITOR_SUNGBOON_EDITOR_GREEN_TOMATO_DEEP_PORE_CLEAN_ENZYME_POWDER_WASH_NA26251200751,Sungboon Editor,Sungboon Editor Green Tomato Deep Pore Clean Enzyme Powder Wash,NA26251200751,https://media.ktown4u.com/products/origin/detail/2024/06/04/M7Fg7d.jpg,SafeCart_Dataset\images\genuine_reference\SUNGBOON_EDITOR_SUNGBOON_EDITOR_GREEN_TOMATO_DEEP_PORE_CLEAN_ENZYME_POWDER_WASH_NA26251200751\57b849e3fbc2.jpg,https://www.ktown4u.com/iteminfo?eve_no=44487461&goods_no=116083&grp_no=44487465,www.ktown4u.com,ktown4u.com,,,,,,,,,,,genuine_reference,,0.0,0.0,False,,not_visible,6564919b615396c2000189afd802a8ad,c817f74a656d122d,success,,genuine,Sungboon Editor Sungboon Editor Green Tomato Deep Pore Clean Enzyme Powder Wash official,1000,1440,274237,2026-08-15T14:35:21.788872+00:00
ec42e87e7ad9,DEAR_KLAIRS_FRESHLY_JUICED_VITAMIN_MASK_CLEANSER_NA26251200595,Dear Klairs,Freshly Juiced Vitamin Mask Cleanser,NA26251200595,"https://d1f6um9xlu8jl4.cloudfront.net/Dear,%20Klairs/Dear_Klairs_Freshly_Juiced_Vitamin_Mask_Cleanser_150ml_T2.jpg",SafeCart_Dataset\images\genuine_reference\DEAR_KLAIRS_FRESHLY_JUICED_VITAMIN_MASK_CLEANSER_NA26251200595\ec42e87e7ad9.jpg,https://www.ebay.com/itm/135801602649,www.ebay.com,ebay.com,,,,,,,,,,,genuine_reference,,0.0,0.0,False,,not_visible,63c498b9cd8098a595bacf00a4b1374d,e68999869933cc9b,success,,genuine,Dear Klairs Freshly Juiced Vitamin Mask Cleanser official,500,500,14989,2026-08-15T14:34:57.686881+00:00
a3afa966f275,DEAR_KLAIRS_FRESHLY_JUICED_VITAMIN_MASK_CLEANSER_NA26251200595,Dear Klairs,Freshly Juiced Vitamin Mask Cleanser,NA26251200595,https://www.skincupid.us/cdn/shop/files/Dear_Klairs_Freshly_Juiced_Vitamin_Mask_Cleanser_150ml_Skin_Cupid_TEXTURE.jpg?v=1760358228&width=800,SafeCart_Dataset\images\genuine_reference\DEAR_KLAIRS_FRESHLY_JUICED_VITAMIN_MASK_CLEANSER_NA26251200595\a3afa966f275.jpg,https://www.skincupid.us/products/dear-klairs-freshly-juiced-vitamin-mask-cleanser-150ml,www.skincupid.us,skincupid.us,,,,,,,,,,,genuine_reference,,0.0,0.0,False,,not_visible,85d2f8b79c34ea5e479efbb23263532f,ee9dd14a0f271c16,success,,genuine,Dear Klairs Freshly Juiced Vitamin Mask Cleanser official,800,800,62994,2026-08-15T14:34:57.842801+00:00
18dcbb44697e,DEAR_KLAIRS_FRESHLY_JUICED_VITAMIN_MASK_CLEANSER_NA26251200595,Dear Klairs,Freshly Juiced Vitamin Mask Cleanser,NA26251200595,https://m.media-amazon.com/images/I/71NJsssgFML.jpg,SafeCart_Dataset\images\genuine_reference\DEAR_KLAIRS_FRESHLY_JUICED_VITAMIN_MASK_CLEANSER_NA26251200595\18dcbb44697e.jpg,https://www.amazon.com/DearKlairs-Cleanser-Glutathione-Tangerine-Niacinamide/dp/B0F2M7YWR1,www.amazon.com,amazon.com,,,,,,,,,,,genuine_reference,,0.0,0.0,False,,not_visible,c221eaf72a5afea004d862803be05e6a,ee9cd14a0f271c96,success,near_duplicate_of:a3afa966f275,genuine,Dear Klairs Freshly Juiced Vitamin Mask Cleanser official,2000,2000,253311,2026-08-15T14:34:58.119595+00:00
d247be477b58,DEAR_KLAIRS_FRESHLY_JUICED_VITAMIN_MASK_CLEANSER_NA26251200595,Dear Klairs,Freshly Juiced Vitamin Mask Cleanser,NA26251200595,https://www.skincupid.us/cdn/shop/files/Dear_Klairs_Freshly_Juiced_Vitamin_Mask_Cleanser_150ml_Skin_Cupid_MODEL.jpg?v=1760358217&width=800,SafeCart_Dataset\images\genuine_reference\DEAR_KLAIRS_FRESHLY_JUICED_VITAMIN_MASK_CLEANSER_NA26251200595\d247be477b58.jpg,https://www.skincupid.us/products/dear-klairs-freshly-juiced-vitamin-mask-cleanser-150ml,www.skincupid.us,skincupid.us,,,,,,,,,,,genuine_reference,,0.0,0.0,False,,not_visible,40db10b2c9c4cb024ae16294e7e71d0f,ebed052d94b43c32,success,,genuine,Dear Klairs Freshly Juiced Vitamin Mask Cleanser official,600,600,67535,2026-08-15T14:34:58.487650+00:00
ef8608e05429,DEAR_KLAIRS_FRESHLY_JUICED_VITAMIN_MASK_CLEANSER_NA26251200595,Dear Klairs,Freshly Juiced Vitamin Mask Cleanser,NA26251200595,https://koreanskincare.com/cdn/shop/files/DearKlairs_FreshlyJuicedVitaminMaskCleanser_Photo5.jpg?v=1763473926,SafeCart_Dataset\images\genuine_reference\DEAR_KLAIRS_FRESHLY_JUICED_VITAMIN_MASK_CLEANSER_NA26251200595\ef8608e05429.jpg,https://koreanskincare.com/products/dear-klairs-freshly-juiced-vitamin-mask-cleanser?srsltid=AfmBOorE3fO_FfimmFajQrTMniWLvMWzze94O4L39SMkPpakK1D-a2EW,koreanskincare.com,koreanskincare.com,,,,,,,,,,,genuine_reference,,0.0,0.0,False,,not_visible,c487dacec12998172779005ac1d63c09,f89797cac66c8138,success,,genuine,Dear Klairs Freshly Juiced Vitamin Mask Cleanser official,800,800,80725,2026-08-15T14:34:58.682402+00:00
2d30a4ded255,DEAR_KLAIRS_FRESHLY_JUICED_VITAMIN_MASK_CLEANSER_NA26251200595,Dear Klairs,Freshly Juiced Vitamin Mask Cleanser,NA26251200595,https://lewkin.com/cdn/shop/files/10_4cf67a84-b21f-4870-bae9-763ab86dd435.png?crop=center&height=580&v=1750839087&width=430,SafeCart_Dataset\images\genuine_reference\DEAR_KLAIRS_FRESHLY_JUICED_VITAMIN_MASK_CLEANSER_NA26251200595\2d30a4ded255.jpg,https://lewkin.com/products/freshly-juiced-vitamin-mask-cleanser-20ml?srsltid=AfmBOorxzIcCN1Ae3pJFniPOu_pYWsJSKRp8r14TmlYAb0yREyFZI55r,lewkin.com,lewkin.com,,,,,,,,,,,genuine_reference,,0.0,0.0,False,,not_visible,67768ee6c215bf148bc2a9017a270324,ee6eb9312465616c,success,,genuine,Dear Klairs Freshly Juiced Vitamin Mask Cleanser official,430,580,59536,2026-08-15T14:34:58.901941+00:00
348e553e698a,DEAR_KLAIRS_FRESHLY_JUICED_VITAMIN_MASK_CLEANSER_NA26251200595,Dear Klairs,Freshly Juiced Vitamin Mask Cleanser,NA26251200595,http://www.cupidrop.com/cdn/shop/files/freshly-juiced-vitamin-mask-cleanser-hero.webp?v=1771625211,SafeCart_Dataset\images\genuine_reference\DEAR_KLAIRS_FRESHLY_JUICED_VITAMIN_MASK_CLEANSER_NA26251200595\348e553e698a.jpg,https://www.cupidrop.com/products/freshly-juiced-vitamin-mask-cleanser?srsltid=AfmBOori9j9Ee69j_aJ813_oWV__xqbDf9L116CxtY83a15UwlPsBjx4,www.cupidrop.com,cupidrop.com,,,,,,,,,,,genuine_reference,,0.0,0.0,False,,not_visible,9fffaaa43e871a07677fb0fb71a16be5,ccc3337c33347634,success,,genuine,Dear Klairs Freshly Juiced Vitamin Mask Cleanser official,4000,4000,499781,2026-08-15T14:34:59.294064+00:00
0c2082be3fc7,DEAR_KLAIRS_FRESHLY_JUICED_VITAMIN_MASK_CLEANSER_NA26251200595,Dear Klairs,Freshly Juiced Vitamin Mask Cleanser,NA26251200595,"https://m.media-amazon.com/images/I/71NJsssgFML.jpg_BO30,255,255,255_UF750,750_SR1910,1000,0,C_QL100_.jpg",SafeCart_Dataset\images\genuine_reference\DEAR_KLAIRS_FRESHLY_JUICED_VITAMIN_MASK_CLEANSER_NA26251200595\0c2082be3fc7.jpg,https://www.amazon.com/DearKlairs-Cleanser-Glutathione-Tangerine-Niacinamide/dp/B0F2M7YWR1,www.amazon.com,amazon.com,,,,,,,,,,,genuine_reference,,0.0,0.0,False,,not_visible,d9a858e1523859b9352677a0d8a74f07,e699996430b3c3cd,success,,genuine,Dear Klairs Freshly Juiced Vitamin Mask Cleanser official,1910,1000,87361,2026-08-15T14:35:01.179893+00:00
ff256bdd5dc4,KLAVUU_KLAVUU_PHYTONCIDE_MILD_CLEANSING_FOAM_NA26251200384,Klavuu,Klavuu Phytoncide Mild Cleansing Foam,NA26251200384,https://d1f6um9xlu8jl4.cloudfront.net/KLAVUU/KLAVUU_PHYTONCIDE_MILD_CLEANSING_FOAM_150ml_T.png,SafeCart_Dataset\images\genuine_reference\KLAVUU_KLAVUU_PHYTONCIDE_MILD_CLEANSING_FOAM_NA26251200384\ff256bdd5dc4.jpg,https://jolse.com/product/klavuu-phytoncide-mild-cleansing-foam-150ml/75855/?srsltid=AfmBOoqyWP2s6K875ho7gJbwQTUwGDZpQK6pmm_OieVp9jJxce3TetsR,jolse.com,jolse.com,,,,,,,,,,,genuine_reference,,0.0,0.0,False,,not_visible,e088e70b4e9522b007453c86a9ccaa6a,e699339899969966,success,,genuine,Klavuu Klavuu Phytoncide Mild Cleansing Foam official,500,500,13987,2026-08-15T14:35:23.924380+00:00
caeaa8fb502b,KLAVUU_KLAVUU_PHYTONCIDE_MILD_CLEANSING_FOAM_NA26251200384,Klavuu,Klavuu Phytoncide Mild Cleansing Foam,NA26251200384,https://shop.delivered.co.kr/cdn/shop/files/A00000017894808ko.jpg?v=1710754059&width=3840,SafeCart_Dataset\images\genuine_reference\KLAVUU_KLAVUU_PHYTONCIDE_MILD_CLEANSING_FOAM_NA26251200384\caeaa8fb502b.jpg,https://shop.delivered.co.kr/products/klavuu-phytoncide-mild-cleansing-foam-150ml?srsltid=AfmBOopAb8csSat8nPnYy0QY5nLm9wo0hbpr3LyJyFt_Iwfj8IfnafcT,shop.delivered.co.kr,shop.delivered.co.kr,,,,,,,,,,,genuine_reference,,0.0,0.0,False,,not_visible,8f5a78a8db9015fb74c485a179d2e07b,a698c966993ecc33,success,,genuine,Klavuu Klavuu Phytoncide Mild Cleansing Foam official,550,550,16402,2026-08-15T14:35:24.779976+00:00
7de72cc89af9,KLAVUU_KLAVUU_PHYTONCIDE_MILD_CLEANSING_FOAM_NA26251200384,Klavuu,Klavuu Phytoncide Mild Cleansing Foam,NA26251200384,"https://m.media-amazon.com/images/I/71TUiL2aTGL._AC_UF1000,1000_QL80_.jpg",SafeCart_Dataset\images\genuine_reference\KLAVUU_KLAVUU_PHYTONCIDE_MILD_CLEANSING_FOAM_NA26251200384\7de72cc89af9.jpg,https://www.amazon.com/KLAVUU-PHYTONCIDE-MILD-CLEANSING-FOAM/dp/B0B42DSX4Q,www.amazon.com,amazon.com,,,,,,,,,,,genuine_reference,,0.0,0.0,False,,not_visible,b2193c46c87e8472c4a1ba5a4dc577cf,9a3563ca1f4ae11e,success,,genuine,Klavuu Klavuu Phytoncide Mild Cleansing Foam official,1000,1000,94968,2026-08-15T14:35:26.041463+00:00
b603c21243e1,KLAVUU_KLAVUU_PHYTONCIDE_MILD_CLEANSING_FOAM_NA26251200384,Klavuu,Klavuu Phytoncide Mild Cleansing Foam,NA26251200384,https://m.media-amazon.com/images/I/713X+d3OT8L.jpg,SafeCart_Dataset\images\genuine_reference\KLAVUU_KLAVUU_PHYTONCIDE_MILD_CLEANSING_FOAM_NA26251200384\b603c21243e1.jpg,https://www.amazon.com/KLAVUU-PHYTONCIDE-MILD-CLEANSING-FOAM/dp/B0B42DSX4Q,www.amazon.com,amazon.com,,,,,,,,,,,genuine_reference,,0.0,0.0,False,,not_visible,42df375b7303c5c5752b0386b578bfcf,ed9297699a42b54a,success,,genuine,Klavuu Klavuu Phytoncide Mild Cleansing Foam official,2560,2560,387640,2026-08-15T14:35:26.284471+00:00
0ebf990b9cc1,KLAVUU_KLAVUU_PHYTONCIDE_MILD_CLEANSING_FOAM_NA26251200384,Klavuu,Klavuu Phytoncide Mild Cleansing Foam,NA26251200384,http://shop.delivered.co.kr/cdn/shop/files/A00000017894805ko.jpg?v=1710754059,SafeCart_Dataset\images\genuine_reference\KLAVUU_KLAVUU_PHYTONCIDE_MILD_CLEANSING_FOAM_NA26251200384\0ebf990b9cc1.jpg,https://shop.delivered.co.kr/products/klavuu-phytoncide-mild-cleansing-foam-150ml?srsltid=AfmBOoqDGnIpKDMt9ma5ygrcb2dRUn9dJjdl2P_92QM2B4yh2HHKOrfa,shop.delivered.co.kr,shop.delivered.co.kr,,,,,,,,,,,genuine_reference,,0.0,0.0,False,,not_visible,5aad8ce0616591da9828ed9d0ff1fc52,da4c1966723527b3,success,,genuine,Klavuu Klavuu Phytoncide Mild Cleansing Foam official,550,550,28564,2026-08-15T14:35:26.812295+00:00
cac9725868fb,KLAVUU_KLAVUU_PHYTONCIDE_MILD_CLEANSING_FOAM_NA26251200384,Klavuu,Klavuu Phytoncide Mild Cleansing Foam,NA26251200384,"https://m.media-amazon.com/images/I/713X+d3OT8L.jpg_BO30,255,255,255_UF750,750_SR1910,1000,0,C_QL100_.jpg",SafeCart_Dataset\images\genuine_reference\KLAVUU_KLAVUU_PHYTONCIDE_MILD_CLEANSING_FOAM_NA26251200384\cac9725868fb.jpg,https://www.amazon.com/KLAVUU-PHYTONCIDE-MILD-CLEANSING-FOAM/dp/B0B42DSX4Q,www.amazon.com,amazon.com,,,,,,,,,,,genuine_reference,,0.0,0.0,False,,not_visible,64b1ee1882fa7a9e4bf9759dc86fbc30,e699996699c92693,success,,genuine,Klavuu Klavuu Phytoncide Mild Cleansing Foam official,1910,1000,99411,2026-08-15T14:35:27.084265+00:00
c09862677e7c,KLAVUU_KLAVUU_PHYTONCIDE_MILD_CLEANSING_FOAM_NA26251200384,Klavuu,Klavuu Phytoncide Mild Cleansing Foam,NA26251200384,https://beautyboxkorea.com/web/upload/NNEditor/20211201/KLAVUU-Phytoncide-Mild-Cleansing-Foam-150ml-1.jpg,SafeCart_Dataset\images\genuine_reference\KLAVUU_KLAVUU_PHYTONCIDE_MILD_CLEANSING_FOAM_NA26251200384\c09862677e7c.jpg,https://beautyboxkorea.com/product/klavuu-phytoncide-mild-cleansing-foam-150ml/50923/?srsltid=AfmBOoo2YipxihttSDr7J-zF6YsJokAkGIDrxem_KgkLnXJKgj3P_Nzw,beautyboxkorea.com,beautyboxkorea.com,,,,,,,,,,,genuine_reference,,0.0,0.0,False,,not_visible,65a80ac0a3d8e15cad4fdbc1623d93ce,e69999669922ce33,success,,genuine,Klavuu Klavuu Phytoncide Mild Cleansing Foam official,780,780,28962,2026-08-15T14:35:27.427561+00:00
7d054ee6469f,KLAVUU_KLAVUU_PHYTONCIDE_MILD_CLEANSING_FOAM_NA26251200384,Klavuu,Klavuu Phytoncide Mild Cleansing Foam,NA26251200384,https://m.media-amazon.com/images/I/71AfTxyyTAL.jpg,SafeCart_Dataset\images\genuine_reference\KLAVUU_KLAVUU_PHYTONCIDE_MILD_CLEANSING_FOAM_NA26251200384\7d054ee6469f.jpg,https://www.amazon.com/KLAVUU-PHYTONCIDE-MILD-CLEANSING-FOAM/dp/B0B42DSX4Q,www.amazon.com,amazon.com,,,,,,,,,,,genuine_reference,,0.0,0.0,False,,not_visible,61e6d09df18da487b61c2422f88ee9f5,e642193fd869666c,success,,genuine,Klavuu Klavuu Phytoncide Mild Cleansing Foam official,2560,2560,362621,2026-08-15T14:35:28.623586+00:00
8b2a10d3b891,SUNGBOON_EDITOR_SUNGBOON_EDITOR_GREEN_TOMATO_PORE_LIFTING_AMPOULE_MASK_NA26250200355,Sungboon Editor,Sungboon Editor Green Tomato Pore Lifting Ampoule Mask,NA26250200355,https://sentisenti.com/cdn/shop/files/Sungboon-Editor-Green-Tomato-Pore-Lifting-Ampoule-Mask-sentisenti.webp?v=1756346462&width=952,SafeCart_Dataset\images\genuine_reference\SUNGBOON_EDITOR_SUNGBOON_EDITOR_GREEN_TOMATO_PORE_LIFTING_AMPOULE_MASK_NA26250200355\8b2a10d3b891.jpg,https://sentisenti.com/products/sungboon-editor-green-tomato-pore-lifting-ampoule-mask?srsltid=AfmBOopOwSk8Q11xHTXtK9E5SHY5oWU3xuWoJ-oU6itBlPqkjUO9VW6e,sentisenti.com,sentisenti.com,,,,,,,,,,,genuine_reference,,0.0,0.0,False,,not_visible,868ef32fa98bf143c30cdcd7201440c3,f5e28f0ff00f6051,success,,genuine,Sungboon Editor Sungboon Editor Green Tomato Pore Lifting Ampoule Mask official,952,952,58359,2026-08-15T14:34:47.548082+00:00
231545c3859d,SUNGBOON_EDITOR_SUNGBOON_EDITOR_GREEN_TOMATO_PORE_LIFTING_AMPOULE_MASK_NA26250200355,Sungboon Editor,Sungboon Editor Green Tomato Pore Lifting Ampoule Mask,NA26250200355,https://luxiface.com/cdn/shop/files/sungboon-editor-green-tomato-pore-lifting-ampoule-mask-23g_720x.png?v=1708783762,SafeCart_Dataset\images\genuine_reference\SUNGBOON_EDITOR_SUNGBOON_EDITOR_GREEN_TOMATO_PORE_LIFTING_AMPOULE_MASK_NA26250200355\231545c3859d.jpg,https://luxiface.com/products/sungboon-editor-green-tomato-pore-lifting-ampoule-mask-23g?srsltid=AfmBOooHUp0XkcCbrj0aumbtU90OM_rqZwWG9zrFXrS3OgBF5cPkdtUN,luxiface.com,luxiface.com,,,,,,,,,,,genuine_reference,,0.0,0.0,False,,not_visible,be27ea0be609467c8aac6273c6793e99,966c396c30cf92cb,success,,genuine,Sungboon Editor Sungboon Editor Green Tomato Pore Lifting Ampoule Mask official,720,720,34719,2026-08-15T14:34:50.079998+00:00
90fb1eaa0f50,SUNGBOON_EDITOR_SUNGBOON_EDITOR_GREEN_TOMATO_PORE_LIFTING_AMPOULE_MASK_NA26250200355,Sungboon Editor,Sungboon Editor Green Tomato Pore Lifting Ampoule Mask,NA26250200355,https://kiokii.com/cdn/shop/files/sungboon-editor-green-tomato-nmn-pore-lifting-ampoule-mask-1pcsungboonkiokii-and-2387436.webp?v=1773448271&width=800,SafeCart_Dataset\images\genuine_reference\SUNGBOON_EDITOR_SUNGBOON_EDITOR_GREEN_TOMATO_PORE_LIFTING_AMPOULE_MASK_NA26250200355\90fb1eaa0f50.jpg,https://kiokii.com/products/sungboon-editor-green-tomato-nmn-pore-lifting-ampoule-mask-1pc?srsltid=AfmBOoreOiHry5hzPZzA07aVZEumzFpY2wij-AjMwdnES32h1OvNheiB,kiokii.com,kiokii.com,,,,,,,,,,,genuine_reference,,0.0,0.0,False,,not_visible,1d84588739915ae50253bc5e6f22db06,9ee01ae3207ef11e,success,,genuine,Sungboon Editor Sungboon Editor Green Tomato Pore Lifting Ampoule Mask official,800,800,64450,2026-08-15T14:34:50.368937+00:00
cf03620f82a8,SUNGBOON_EDITOR_SUNGBOON_EDITOR_GREEN_TOMATO_PORE_LIFTING_AMPOULE_MASK_NA26250200355,Sungboon Editor,Sungboon Editor Green Tomato Pore Lifting Ampoule Mask,NA26250200355,http://www.dodoskin.com/cdn/shop/files/SUNGBOONEDITORGreenTomatoPoreLiftingAmpouleMask23g-1_c3a6715d-6a79-4858-8de7-5ba018843a4b.jpg?v=1748225291,SafeCart_Dataset\images\genuine_reference\SUNGBOON_EDITOR_SUNGBOON_EDITOR_GREEN_TOMATO_PORE_LIFTING_AMPOULE_MASK_NA26250200355\cf03620f82a8.jpg,https://www.dodoskin.com/products/sungboon-editor-green-tomato-pore-lifting-ampoule-mask-23g?srsltid=AfmBOoquqsQVp9XkgQHdBJowaY8tWv1PnoMCWDy2YXYsODGx_gJltSl6,www.dodoskin.com,dodoskin.com,,,,,,,,,,,genuine_reference,,0.0,0.0,False,,not_visible,4f2813af235f84c88bb1cae972fc93a3,e996c93c96699649,success,,genuine,Sungboon Editor Sungboon Editor Green Tomato Pore Lifting Ampoule Mask official,850,850,40468,2026-08-15T14:34:50.670524+00:00
0c5b48f31d82,SUNGBOON_EDITOR_SUNGBOON_EDITOR_GREEN_TOMATO_PORE_LIFTING_AMPOULE_MASK_NA26250200355,Sungboon Editor,Sungboon Editor Green Tomato Pore Lifting Ampoule Mask,NA26250200355,http://kiokii.com/cdn/shop/files/sungboon-editor-green-tomato-nmn-pore-lifting-ampoule-mask-1pcsungboonkiokii-and-6046654.jpg?v=1773448270,SafeCart_Dataset\images\genuine_reference\SUNGBOON_EDITOR_SUNGBOON_EDITOR_GREEN_TOMATO_PORE_LIFTING_AMPOULE_MASK_NA26250200355\0c5b48f31d82.jpg,https://kiokii.com/products/sungboon-editor-green-tomato-nmn-pore-lifting-ampoule-mask-1pc?srsltid=AfmBOor8KNJlxRUhcJNASQxbVBQ1EXblb9yVZiA33IT1ovNjEsDRCsQb,kiokii.com,kiokii.com,,,,,,,,,,,genuine_reference,,0.0,0.0,False,,not_visible,4dab356a43fd7ee9f6d93bb185a956d1,f994c7619e784833,success,,genuine,Sungboon Editor Sungboon Editor Green Tomato Pore Lifting Ampoule Mask official,900,900,65282,2026-08-15T14:34:51.380446+00:00
7137fe70859f,SUNGBOON_EDITOR_SUNGBOON_EDITOR_GREEN_TOMATO_PORE_LIFTING_AMPOULE_MASK_NA26250200355,Sungboon Editor,Sungboon Editor Green Tomato Pore Lifting Ampoule Mask,NA26250200355,https://m.media-amazon.com/images/I/61fmsLnqfgL.jpg,SafeCart_Dataset\images\genuine_reference\SUNGBOON_EDITOR_SUNGBOON_EDITOR_GREEN_TOMATO_PORE_LIFTING_AMPOULE_MASK_NA26250200355\7137fe70859f.jpg,https://www.amazon.com/Hydrating-Sensitive-Minimizing-Tightening-Skincare/dp/B09BLH7VB7,www.amazon.com,amazon.com,,,,,,,,,,,genuine_reference,,0.0,0.0,False,,not_visible,6142f397f4c6207dd40c7d68857c0d1a,eab7659696c89449,success,,genuine,Sungboon Editor Sungboon Editor Green Tomato Pore Lifting Ampoule Mask official,1080,1080,195083,2026-08-15T14:34:51.671114+00:00
a02b00457dd6,SUNGBOON_EDITOR_SUNGBOON_EDITOR_GREEN_TOMATO_PORE_LIFTING_AMPOULE_MASK_NA26250200355,Sungboon Editor,Sungboon Editor Green Tomato Pore Lifting Ampoule Mask,NA26250200355,https://nudieglow.com/cdn/shop/files/Sungboon-Editor-Green-Tomato-Pore-Lifting-Ampoule-Mask---Nudie-Glow-Australia_800x.jpg?v=1727166368,SafeCart_Dataset\images\genuine_reference\SUNGBOON_EDITOR_SUNGBOON_EDITOR_GREEN_TOMATO_PORE_LIFTING_AMPOULE_MASK_NA26250200355\a02b00457dd6.jpg,https://nudieglow.com/products/sungboon-editor-green-tomato-pore-lifting-ampoule-mask?srsltid=AfmBOooBUlNHJMz6eOdrZMdw3B_azgtGJP7nzlYmhbdCYditsWICxPN-,nudieglow.com,nudieglow.com,,,,,,,,,,,genuine_reference,,0.0,0.0,False,,not_visible,8253d33c58933ae5a3e8c27df9b08fe2,ff88f1c2cc334c31,success,,genuine,Sungboon Editor Sungboon Editor Green Tomato Pore Lifting Ampoule Mask official,800,800,76675,2026-08-15T14:34:51.861440+00:00
b8afa306fb4a,SUNGBOON_EDITOR_SUNGBOON_EDITOR_GREEN_TOMATO_PORE_LIFTING_AMPOULE_MASK_NA26250200355,Sungboon Editor,Sungboon Editor Green Tomato Pore Lifting Ampoule Mask,NA26250200355,https://olivekollection.com/cdn/shop/files/Sungboon_Editor_Green_Tomato_Pore_Lifting_Ampoule_Mask_2048x.jpg?v=1765920424,SafeCart_Dataset\images\genuine_reference\SUNGBOON_EDITOR_SUNGBOON_EDITOR_GREEN_TOMATO_PORE_LIFTING_AMPOULE_MASK_NA26250200355\b8afa306fb4a.jpg,https://olivekollection.com/products/sungboon-editor-green-tomato-pore-lifting-ampoule-mask-1ea?srsltid=AfmBOooduGSWZJ0xUKGM4yi-PGnCO_M74w_m1isGMVHi-VPYkQyc4m8u,olivekollection.com,olivekollection.com,,,,,,,,,,,genuine_reference,,0.0,0.0,False,,not_visible,1d88a6503edcff03882d88dfa85be032,bf9936c1c0cbc5c8,success,,genuine,Sungboon Editor Sungboon Editor Green Tomato Pore Lifting Ampoule Mask official,1000,1000,78144,2026-08-15T14:34:52.085865+00:00
b71b4d19e7e0,BIO_BEAUTY_LAB_CAPSIBRIGHT_ELIXIR_BUBBLING_MASK_CLEANSER_NA18241210658,Bio Beauty Lab,Capsibright Elixir Bubbling Mask Cleanser,NA18241210658,https://down-id.img.susercontent.com/file/id-11134207-7ra0m-md1hpe0azzqt31,SafeCart_Dataset\images\genuine_reference\BIO_BEAUTY_LAB_CAPSIBRIGHT_ELIXIR_BUBBLING_MASK_CLEANSER_NA18241210658\b71b4d19e7e0.jpg,https://shopee.co.id/-NEW-Bio-Beauty-Lab-Capsibright-Elixir-Bubbling-Mask-Cleanser-Deep-Clean-Premium-Masker-Busa-Wajah-Cerah-Anti-Aging-Meredakan-kemerahan-Calming-Redness-untuk-kulit-kusam-i.127156054.40759408735,shopee.co.id,shopee.co.id,,,,,,,,,,,genuine_reference,,0.0,0.0,False,,not_visible,7ecaf3a9bf4b6f870a3e87eed9edf35a,f441275f30cf43aa,success,,genuine,Bio Beauty Lab Capsibright Elixir Bubbling Mask Cleanser official,1024,1024,150009,2026-08-15T14:35:33.065983+00:00
d34b5f06f07d,BIO_BEAUTY_LAB_CAPSIBRIGHT_ELIXIR_BUBBLING_MASK_CLEANSER_NA18241210658,Bio Beauty Lab,Capsibright Elixir Bubbling Mask Cleanser,NA18241210658,https://down-id.img.susercontent.com/file/id-11134207-822wg-mne1wfoolwjq3e,SafeCart_Dataset\images\genuine_reference\BIO_BEAUTY_LAB_CAPSIBRIGHT_ELIXIR_BUBBLING_MASK_CLEANSER_NA18241210658\d34b5f06f07d.jpg,https://shopee.co.id/-BIO-BEAUTY-LAB-x-SILCOT-Bio-Beauty-Lab-Daily-Cleanse-Set-Capsibright-Elixir-Bubbling-Mask-Cleanser-2-Pcs-Free-Silcot-Premium-Facial-Tissue-40-Sheets-Deep-Clean-Premium-Masker-Busa-Wajah-Cerah-Anti-Aging-Meredakan-Kemerahan-i.127156054.49559373263,shopee.co.id,shopee.co.id,,,,,,,,,,,genuine_reference,,0.0,0.0,False,,not_visible,38b4d05382e3bb763ca7f691d84b49ba,e964966d69929669,success,,genuine,Bio Beauty Lab Capsibright Elixir Bubbling Mask Cleanser official,1024,1024,135349,2026-08-15T14:35:34.861078+00:00
8d9db42b4164,BIO_BEAUTY_LAB_CAPSIBRIGHT_ELIXIR_BUBBLING_MASK_CLEANSER_NA18241210658,Bio Beauty Lab,Capsibright Elixir Bubbling Mask Cleanser,NA18241210658,https://down-id.img.susercontent.com/file/id-11134207-81ztp-mdyrft7vn5s759,SafeCart_Dataset\images\genuine_reference\BIO_BEAUTY_LAB_CAPSIBRIGHT_ELIXIR_BUBBLING_MASK_CLEANSER_NA18241210658\8d9db42b4164.jpg,https://shopee.co.id/Bio-Beauty-Lab-Capsibright-Elixir-Bubbling-Mask-Cleanser-75ml-Masker-Wajah-Busa-Cleanser-Bekku-i.272872559.43215531139,shopee.co.id,shopee.co.id,,,,,,,,,,,genuine_reference,,0.0,0.0,False,,not_visible,c16ca23efafb2809abf6d558b97d6f0c,c4023fc0375db55d,success,,genuine,Bio Beauty Lab Capsibright Elixir Bubbling Mask Cleanser official website,1024,1024,128437,2026-08-15T14:35:48.339430+00:00
6de5477c03fc,BIO_BEAUTY_LAB_CAPSIBRIGHT_ELIXIR_BUBBLING_MASK_CLEANSER_NA18241210658,Bio Beauty Lab,Capsibright Elixir Bubbling Mask Cleanser,NA18241210658,https://s3.ap-southeast-1.amazonaws.com/assets.femaledaily.com/remastering-data/production/product/product-1766043916382-49f1b480-b524-4dd6-83cc-30c9cd341fdd.png,SafeCart_Dataset\images\reported_counterfeit_candidate\BIO_BEAUTY_LAB_CAPSIBRIGHT_ELIXIR_BUBBLING_MASK_CLEANSER_NA18241210658\6de5477c03fc.jpg,https://reviews.femaledaily.com/products/cleanser/facial-wash/bio-beauty-lab/capsibright-elixir-bubbling-mask-cleanser,reviews.femaledaily.com,reviews.femaledaily.com,,,,,,Bio Beauty Lab Capsibright Elixir Bubbling Mask Cleanser Capsibright Elixir Bubbling Mask Cleanser · Description · MEMBER'S REVIEW#FakeFree and Authentic. Fake or paid reviews and violating accounts can be deleted / ...,,fake,MODERATE_EVIDENCE,3.0,reported_counterfeit_candidate,,0.0,0.0,False,,not_visible,ae474e7e63fcde4e5f3c66bb31ff05e3,b33199cccc66ccc6,success,,counterfeit_evidence,https://reviews.femaledaily.com/products/cleanser/facial-wash/bio-beauty-lab/capsibright-elixir-bubbling-mask-cleanser,900,899,47631,2026-08-15T14:35:53.564014+00:00
a2092a63bd30,KAHF_BRIGHT_REVITALIZING_AMINO_GEL_FACE_WASH_NA18251202219,Kahf,Bright Revitalizing Amino Gel Face Wash,NA18251202219,https://kahf-bucket-prod.s3.ap-southeast-3.amazonaws.com/1309/FW-AMINO-GEL-BR-FRONT-(1)-1.png,SafeCart_Dataset\images\genuine_reference\KAHF_BRIGHT_REVITALIZING_AMINO_GEL_FACE_WASH_NA18251202219\a2092a63bd30.jpg,https://www.kahfeveryday.com/en/product/kahf-bright-revitalizing-aminogel-face-wash/,www.kahfeveryday.com,kahfeveryday.com,,,,,,,,,,,genuine_reference,,0.0,0.0,False,,not_visible,5ab767a828682def46b67d2ffaab2225,9e8664793171ccce,success,,genuine,Kahf Bright Revitalizing Amino Gel Face Wash official,667,1000,56270,2026-08-15T14:35:38.622057+00:00
eb1015fd27c3,KAHF_BRIGHT_REVITALIZING_AMINO_GEL_FACE_WASH_NA18251202219,Kahf,Bright Revitalizing Amino Gel Face Wash,NA18251202219,https://www.kahfeveryday.com/_next/image/?url=https%3A%2F%2Fkahf-bucket-prod.s3.ap-southeast-3.amazonaws.com%2F1310%2F_Aminogel_2.png&w=3840&q=75,SafeCart_Dataset\images\genuine_reference\KAHF_BRIGHT_REVITALIZING_AMINO_GEL_FACE_WASH_NA18251202219\eb1015fd27c3.jpg,https://www.kahfeveryday.com/en/product/kahf-bright-revitalizing-aminogel-face-wash/,www.kahfeveryday.com,kahfeveryday.com,,,,,,,,,,,genuine_reference,,0.0,0.0,False,,not_visible,42c11bf7e9e581eee2109b5b26e9f102,e5d99ace98676188,success,,genuine,Kahf Bright Revitalizing Amino Gel Face Wash official,800,1000,97352,2026-08-15T14:35:38.912976+00:00
79a2104632a4,KAHF_BRIGHT_REVITALIZING_AMINO_GEL_FACE_WASH_NA18251202219,Kahf,Bright Revitalizing Amino Gel Face Wash,NA18251202219,https://storage.skinsort.com/w6wvfsi7b9j03kccn0n7q2sne0ds,SafeCart_Dataset\images\genuine_reference\KAHF_BRIGHT_REVITALIZING_AMINO_GEL_FACE_WASH_NA18251202219\79a2104632a4.jpg,https://skinsort.com/products/kahf/bright-revitalizing-amino-gel-face-wash,skinsort.com,skinsort.com,,,,,,,,,,,genuine_reference,,0.0,0.0,False,,not_visible,f2e2303849b915ada170945038094c53,e66d9892996699cc,success,,genuine,Kahf Bright Revitalizing Amino Gel Face Wash official,500,500,16111,2026-08-15T14:35:48.858067+00:00
0746299f8334,KAHF_BRIGHT_REVITALIZING_AMINO_GEL_FACE_WASH_NA18251202219,Kahf,Bright Revitalizing Amino Gel Face Wash,NA18251202219,https://down-id.img.susercontent.com/file/sg-11134201-820o4-mngkvi27zs3lb1,SafeCart_Dataset\images\genuine_reference\KAHF_BRIGHT_REVITALIZING_AMINO_GEL_FACE_WASH_NA18251202219\0746299f8334.jpg,https://shopee.co.id/Kahf-Bright-Revitalizing-Amino-Gel-Face-Wash-i.323233231.42205316508,shopee.co.id,shopee.co.id,,,,,,,,,,,genuine_reference,,0.0,0.0,False,,not_visible,e7c966c8e21171275761d8f90e458cf7,e1821d974a2f463f,success,,genuine,Kahf Bright Revitalizing Amino Gel Face Wash official,1024,1024,102468,2026-08-15T14:35:54.065526+00:00
3eed5de6655c,KAHF_BRIGHT_REVITALIZING_AMINO_GEL_FACE_WASH_NA18251202219,Kahf,Bright Revitalizing Amino Gel Face Wash,NA18251202219,https://storage.skinsort.com/ov2gcb52qlb6tpbknel5mb73bqvy,SafeCart_Dataset\images\genuine_reference\KAHF_BRIGHT_REVITALIZING_AMINO_GEL_FACE_WASH_NA18251202219\3eed5de6655c.jpg,https://skinsort.com/products/kahf/bright-revitalizing-amino-gel-face-wash,skinsort.com,skinsort.com,,,,,,,,,,,genuine_reference,,0.0,0.0,False,,not_visible,a55f3561f3ec87a7eb9dede31913a8cc,e6cc99339833cccc,success,,genuine,Kahf Bright Revitalizing Amino Gel Face Wash official website,500,500,16106,2026-08-15T14:36:08.068078+00:00
433ba16f9245,KAHF_BRIGHT_REVITALIZING_AMINO_GEL_FACE_WASH_NA18251202219,Kahf,Bright Revitalizing Amino Gel Face Wash,NA18251202219,https://p16-oec-sg.ibyteimg.com/tos-alisg-i-aphluv4xwc-sg/0637f2a0cb234cff964ef1b75e9e784a~tplv-aphluv4xwc-crop-webp:800:800.webp?dr=15592&t=555f072d&ps=933b5bde&shp=8dbd94bf&shcp=e1be8f53&idc=my2&from=2378011839,SafeCart_Dataset\images\genuine_reference\KAHF_BRIGHT_REVITALIZING_AMINO_GEL_FACE_WASH_NA18251202219\433ba16f9245.jpg,https://shop-id.tokopedia.com/pdp/kahf-bright-revitalizing-amino-gel-face-wash-100ml-kulit-cerah-segar/1732543030428534421,shop-id.tokopedia.com,shop-id.tokopedia.com,,,,,,,,,,,genuine_reference,,0.0,0.0,False,,not_visible,075c15f05faeb7f5f2cff55620bc6661,b4c99ed3608c65d9,success,,genuine,Kahf Bright Revitalizing Amino Gel Face Wash official website,800,800,68188,2026-08-15T14:36:08.563856+00:00
7f7e2e81e387,KAHF_BRIGHT_REVITALIZING_AMINO_GEL_FACE_WASH_NA18251202219,Kahf,Bright Revitalizing Amino Gel Face Wash,NA18251202219,https://www.kahfeveryday.com/_next/image/?url=https%3A%2F%2Fkahf-bucket-prod.s3.ap-southeast-3.amazonaws.com%2F1308%2F_FW_3-(2).png&w=3840&q=75,SafeCart_Dataset\images\genuine_reference\KAHF_BRIGHT_REVITALIZING_AMINO_GEL_FACE_WASH_NA18251202219\7f7e2e81e387.jpg,https://www.kahfeveryday.com/en/product/kahf-bright-revitalizing-aminogel-face-wash/,www.kahfeveryday.com,kahfeveryday.com,,,,,,,,,,,genuine_reference,,0.0,0.0,False,,not_visible,40000579c8aa2c77700db2a61d445a68,897d16522dbcd28b,success,,genuine,Kahf Bright Revitalizing Amino Gel Face Wash official website,800,1000,111168,2026-08-15T14:36:10.028941+00:00
ae7e371675e9,KAHF_BRIGHT_REVITALIZING_AMINO_GEL_FACE_WASH_NA18251202219,Kahf,Bright Revitalizing Amino Gel Face Wash,NA18251202219,https://down-id.img.susercontent.com/file/sg-11134201-825au-mqyagwl1qkn892,SafeCart_Dataset\images\genuine_reference\KAHF_BRIGHT_REVITALIZING_AMINO_GEL_FACE_WASH_NA18251202219\ae7e371675e9.jpg,https://shopee.co.id/Kahf-Bright-Revitalizing-Amino-Gel-Face-Wash-i.323233231.42205316508,shopee.co.id,shopee.co.id,,,,,,,,,,,genuine_reference,,0.0,0.0,False,,not_visible,09ac9f0aeaac24e7d3686f4e98ebf0d1,b9cfa3c3c6b0c0e2,success,,genuine,Kahf Bright Revitalizing Amino Gel Face Wash official website,1024,1024,214746,2026-08-15T14:36:10.231977+00:00
f95b3550fe09,LANBENA_RETINOL_REJUVENATING_CLEANSER_NA11251201509,LANBENA,Retinol Rejuvenating Cleanser,NA11251201509,http://lanbena.com/cdn/shop/files/d390a39d0aa19db48faafa096cefab51_5e4a6ce2-c282-4a78-83a4-630a40d40904.webp?v=1750232507,SafeCart_Dataset\images\genuine_reference\LANBENA_RETINOL_REJUVENATING_CLEANSER_NA11251201509\f95b3550fe09.jpg,https://lanbena.com/es/products/retinol-rejuvenating-cleanser,lanbena.com,lanbena.com,,,,,,,,,,,genuine_reference,,0.0,0.0,False,,not_visible,78d5ebac472d935803b05ced9aeb8961,e666999999996626,success,,genuine,LANBENA Retinol Rejuvenating Cleanser official,1000,1000,34426,2026-08-15T14:36:13.334789+00:00
afb577edfc5d,LANBENA_RETINOL_REJUVENATING_CLEANSER_NA11251201509,LANBENA,Retinol Rejuvenating Cleanser,NA11251201509,https://img.lazcdn.com/g/p/0874f5f4f592e013199c1babf09b3159.jpg_720x720q80.jpg,SafeCart_Dataset\images\genuine_reference\LANBENA_RETINOL_REJUVENATING_CLEANSER_NA11251201509\afb577edfc5d.jpg,https://www.lazada.co.id/products/lanbena-retinol-rejuvenating-cleanser-100g-i18868001544.html,www.lazada.co.id,lazada.co.id,,,,,,,,,,,genuine_reference,,0.0,0.0,False,,not_visible,ce1042e11f5b8e27e451ab3c6ef180e5,e6a5599919d229d6,success,,genuine,LANBENA Retinol Rejuvenating Cleanser official,720,720,57050,2026-08-15T14:36:13.758795+00:00
3c84e2806077,LANBENA_RETINOL_REJUVENATING_CLEANSER_NA11251201509,LANBENA,Retinol Rejuvenating Cleanser,NA11251201509,https://down-th.img.susercontent.com/file/cn-11134207-7ras8-mdbfc2mlc1nt09,SafeCart_Dataset\images\genuine_reference\LANBENA_RETINOL_REJUVENATING_CLEANSER_NA11251201509\3c84e2806077.jpg,https://shopee.co.th/LANBENA-Retinol-Rejuvenating-Cleanser-100g-%E0%B8%84%E0%B8%A5%E0%B8%B5%E0%B8%99%E0%B9%80%E0%B8%8B%E0%B8%AD%E0%B8%A3%E0%B9%8C%E0%B9%80%E0%B8%A3%E0%B8%95%E0%B8%B4%E0%B8%99%E0%B8%AD%E0%B8%A5-%E0%B8%A5%E0%B8%94%E0%B8%AA%E0%B8%B4%E0%B8%A7-%E0%B8%A5%E0%B8%94%E0%B8%A3%E0%B8%B4%E0%B9%89%E0%B8%A7%E0%B8%A3%E0%B8%AD%E0%B8%A2-%E0%B8%97%E0%B8%B3%E0%B8%84%E0%B8%A7%E0%B8%B2%E0%B8%A1%E0%B8%AA%E0%B8%B0%E0%B8%AD%E0%B8%B2%E0%B8%94%E0%B8%A5%E0%B9%89%E0%B8%B3%E0%B8%A5%E0%B8%B6%E0%B8%81-%E0%B8%AA%E0%B8%9A%E0%B8%B9%E0%B9%88%E0%B8%A5%E0%B9%89%E0%B8%B2%E0%B8%87%E0%B8%AB%E0%B8%99%E0%B9%89%E0%B8%B2-%E0%B8%AA%E0%B8%81%E0%B8%B4%E0%B8%99%E0%B9%81%E0%B8%84%E0%B8%A3%E0%B9%8C-i.86465195.43456023449,shopee.co.th,shopee.co.th,,,,,,,,,,,genuine_reference,,0.0,0.0,False,,not_visible,0d98f3f2f4da55b225890b6831ef68fe,b847c6d191b1e738,success,,genuine,LANBENA Retinol Rejuvenating Cleanser official,1024,1024,202637,2026-08-15T14:36:14.997009+00:00
6c1de234de8e,LANBENA_RETINOL_REJUVENATING_CLEANSER_NA11251201509,LANBENA,Retinol Rejuvenating Cleanser,NA11251201509,https://down-th.img.susercontent.com/file/th-11134207-81ztl-mf6qd55h7sax82,SafeCart_Dataset\images\genuine_reference\LANBENA_RETINOL_REJUVENATING_CLEANSER_NA11251201509\6c1de234de8e.jpg,https://shopee.co.th/LANBENA-Retinol-Revitalizing-Cleanser-%E0%B8%81%E0%B8%A3%E0%B8%94%E0%B8%AD%E0%B8%B0%E0%B8%A1%E0%B8%B4%E0%B9%82%E0%B8%99%E0%B8%AA%E0%B8%B2%E0%B8%A1%E0%B8%8A%E0%B8%99%E0%B8%B4%E0%B8%94-%E0%B8%81%E0%B8%B2%E0%B8%A3%E0%B8%84%E0%B8%A7%E0%B8%9A%E0%B8%84%E0%B8%B8%E0%B8%A1%E0%B8%84%E0%B8%A7%E0%B8%B2%E0%B8%A1%E0%B8%A1%E0%B8%B1%E0%B8%99%E0%B9%81%E0%B8%9A%E0%B8%9A%E0%B8%94%E0%B8%B9%E0%B8%AD%E0%B8%B1%E0%B8%A5%E0%B8%84%E0%B8%AD%E0%B8%A3%E0%B9%8C-%E0%B9%82%E0%B8%9F%E0%B8%A1%E0%B8%A5%E0%B9%89%E0%B8%B2%E0%B8%87%E0%B8%AB%E0%B8%99%E0%B9%89%E0%B8%B2-Facial-cleanser-i.254223897.41672121563,shopee.co.th,shopee.co.th,,,,,,,,,,,genuine_reference,,0.0,0.0,False,,not_visible,59e613a57638498ae28876635b1794d9,e6e69999d909d229,success,,genuine,LANBENA Retinol Rejuvenating Cleanser official,1024,1024,138491,2026-08-15T14:36:15.596861+00:00
ed4addc53294,LANBENA_RETINOL_REJUVENATING_CLEANSER_NA11251201509,LANBENA,Retinol Rejuvenating Cleanser,NA11251201509,https://lanbena.com/cdn/shop/files/1_b588f543-8e58-4d6f-8e33-0494f98040e1.webp?v=1751008244&width=821,SafeCart_Dataset\images\genuine_reference\LANBENA_RETINOL_REJUVENATING_CLEANSER_NA11251201509\ed4addc53294.jpg,https://lanbena.com/pt-eu,lanbena.com,lanbena.com,,,,,,,,,,,genuine_reference,,0.0,0.0,False,,not_visible,79d00d8fa40443064ab8dffee93e1b7e,803a4ff14cc6f17c,success,,genuine,LANBENA Retinol Rejuvenating Cleanser official,821,1200,95120,2026-08-15T14:36:15.963336+00:00
af0dd2d40a9c,LANBENA_RETINOL_REJUVENATING_CLEANSER_NA11251201509,LANBENA,Retinol Rejuvenating Cleanser,NA11251201509,https://down-my.img.susercontent.com/file/my-11134201-820la-mogoq21k32m805,SafeCart_Dataset\images\genuine_reference\LANBENA_RETINOL_REJUVENATING_CLEANSER_NA11251201509\af0dd2d40a9c.jpg,https://shopee.com.my/LANBENA-Retinol-Rejuvenating-Cleanser-100g-Anti-Aging-Brightening-Moisturizing-Deep-Cleansing-Facial-Cleanser-i.573439184.40861615751,shopee.com.my,shopee.com.my,,,,,,,,,,,genuine_reference,,0.0,0.0,False,,not_visible,1a9e22f3254a77ccc45efaba23e1655b,bce763c0739029d9,success,,genuine,LANBENA Retinol Rejuvenating Cleanser official,1024,1024,231263,2026-08-15T14:36:16.180690+00:00
117ce90a4a84,LANBENA_RETINOL_REJUVENATING_CLEANSER_NA11251201509,LANBENA,Retinol Rejuvenating Cleanser,NA11251201509,https://id-test-11.slatic.net/p/8acb288d474202598bb20d9bc5d096ff.png,SafeCart_Dataset\images\genuine_reference\LANBENA_RETINOL_REJUVENATING_CLEANSER_NA11251201509\117ce90a4a84.jpg,https://www.lazada.co.id/products/lanbena-retinol-rejuvenating-cleanser-i8699468795.html,www.lazada.co.id,lazada.co.id,,,,,,,,,,,genuine_reference,,0.0,0.0,False,,not_visible,8acb288d474202598bb20d9bc5d096ff,e6e6199919ec2669,success,,genuine,LANBENA Retinol Rejuvenating Cleanser official,800,800,70128,2026-08-15T14:36:16.406117+00:00
1fca59fea933,LANBENA_RETINOL_REJUVENATING_CLEANSER_NA11251201509,LANBENA,Retinol Rejuvenating Cleanser,NA11251201509,https://lanbena.com/cdn/shop/files/1_9fe16cae-daaa-4a7a-a3c5-b9ef4c88e853.webp?v=1754990581&width=1920,SafeCart_Dataset\images\genuine_reference\LANBENA_RETINOL_REJUVENATING_CLEANSER_NA11251201509\1fca59fea933.jpg,https://lanbena.com/,lanbena.com,lanbena.com,,,,,,,,,,,genuine_reference,,0.0,0.0,False,,not_visible,b9104e81dd8e71744e152478e63233ec,e49c93738c6556ac,success,,genuine,LANBENA Retinol Rejuvenating Cleanser official website,1920,900,180740,2026-08-15T14:36:18.617125+00:00
653cab7ac764,LANBENA_RETINOL_REJUVENATING_CLEANSER_NA11251201509,LANBENA,Retinol Rejuvenating Cleanser,NA11251201509,https://p19-common-sign.tiktokcdn-us.com/tos-alisg-p-0037/oABzEMivAWKNZGo9AABAII30I6zwZBCCAriCf2~tplv-tiktokx-origin.image?dr=9636&x-expires=1786860000&x-signature=MOXMBqqhuBmx75cyKRUZJe1EWo4%3D&t=4d5b0474&ps=13740610&shp=81f88b70&shcp=55bbe6a9&idc=useast8,SafeCart_Dataset\images\reported_counterfeit_candidate\LANBENA_RETINOL_REJUVENATING_CLEANSER_NA11251201509\653cab7ac764.jpg,https://www.tiktok.com/@lanbena.beauty/video/7516920607355833618,www.tiktok.com,tiktok.com,,,,,,Waspada Produk Lanbena Palsu Untuk Skincare Waspada! Banyak produk Lanbena palsu beredar Jangan sampai kulit jadi korban cuma karena pengen murah! #retinol #retinolskincare #eyepatch ...,,palsu,MODERATE_EVIDENCE,3.0,reported_counterfeit_candidate,,0.0,0.0,False,,not_visible,5d49f00e5608b997329f7cdaeebd395a,974fe82d09bd2c2c,success,,counterfeit_evidence,https://www.tiktok.com/@lanbena.beauty/video/7516920607355833618,1200,1719,182611,2026-08-15T14:36:29.676613+00:00
73af66b19497,KAHF_ACNE_RELIEF_AMINO_GEL_FACE_WASH_NA18251202492,Kahf,Acne Relief Amino Gel Face Wash,NA18251202492,https://kahf-bucket-prod.s3.ap-southeast-3.amazonaws.com/1306/FW-AMINO-GEL-AC-FRONT-(1)-1.png,SafeCart_Dataset\images\genuine_reference\KAHF_ACNE_RELIEF_AMINO_GEL_FACE_WASH_NA18251202492\73af66b19497.jpg,https://www.kahfeveryday.com/en/product/kahf-acne-care-aminogel-face-wash/,www.kahfeveryday.com,kahfeveryday.com,,,,,,,,,,,genuine_reference,,0.0,0.0,False,,not_visible,2a454f3eb80b22a4c1cb3e3ceac7081a,9ec764193171ccce,success,,genuine,Kahf Acne Relief Amino Gel Face Wash official,667,1000,54657,2026-08-15T14:35:31.817844+00:00
eca9dff20a2d,KAHF_ACNE_RELIEF_AMINO_GEL_FACE_WASH_NA18251202492,Kahf,Acne Relief Amino Gel Face Wash,NA18251202492,https://p16-oec-va.ibyteimg.com/tos-maliva-i-o3syd03w52-us/636c3773c8894934b3404433c7a72179~tplv-o3syd03w52-crop-webp:1080:1080.webp?dr=15592&t=555f072d&ps=933b5bde&shp=8dbd94bf&shcp=e1be8f53&idc=my2&from=2378011839,SafeCart_Dataset\images\genuine_reference\KAHF_ACNE_RELIEF_AMINO_GEL_FACE_WASH_NA18251202492\eca9dff20a2d.jpg,https://shop-id.tokopedia.com/pdp/kahf-acne-relief-amino-gel-face-wash-100ml-hadiah-eksklusif/1732081522253792504,shop-id.tokopedia.com,shop-id.tokopedia.com,,,,,,,,,,,genuine_reference,,0.0,0.0,False,,not_visible,e2adc08ae1492b84bd0ffb19c83fca51,b4cb9ec3608c65d9,success,,genuine,Kahf Acne Relief Amino Gel Face Wash official,1080,1080,119266,2026-08-15T14:35:33.062998+00:00
42f1fca02ae2,KAHF_ACNE_RELIEF_AMINO_GEL_FACE_WASH_NA18251202492,Kahf,Acne Relief Amino Gel Face Wash,NA18251202492,https://www.kahfeveryday.com/_next/image/?url=https%3A%2F%2Fkahf-bucket-prod.s3.ap-southeast-3.amazonaws.com%2F1307%2F_Aminogel_1.png&w=3840&q=75,SafeCart_Dataset\images\genuine_reference\KAHF_ACNE_RELIEF_AMINO_GEL_FACE_WASH_NA18251202492\42f1fca02ae2.jpg,https://www.kahfeveryday.com/en/product/kahf-acne-care-aminogel-face-wash/,www.kahfeveryday.com,kahfeveryday.com,,,,,,,,,,,genuine_reference,,0.0,0.0,False,,not_visible,5ccf984f47a9d068aed251c24a6bf35e,ebd436708b6c6692,success,,genuine,Kahf Acne Relief Amino Gel Face Wash official,800,1000,136325,2026-08-15T14:35:33.272008+00:00
99e13470745f,KAHF_ACNE_RELIEF_AMINO_GEL_FACE_WASH_NA18251202492,Kahf,Acne Relief Amino Gel Face Wash,NA18251202492,https://www.kahfeveryday.com/_next/image/?url=https%3A%2F%2Fkahf-bucket-prod.s3.ap-southeast-3.amazonaws.com%2F1310%2F_Aminogel_2.png&w=3840&q=75,SafeCart_Dataset\images\genuine_reference\KAHF_ACNE_RELIEF_AMINO_GEL_FACE_WASH_NA18251202492\99e13470745f.jpg,https://www.kahfeveryday.com/en/product/kahf-bright-revitalizing-aminogel-face-wash/,www.kahfeveryday.com,kahfeveryday.com,,,,,,,,,,,genuine_reference,,0.0,0.0,False,,not_visible,42c11bf7e9e581eee2109b5b26e9f102,,success,duplicate_of:eb1015fd27c3,genuine,Kahf Acne Relief Amino Gel Face Wash official,800,1000,97352,2026-08-15T14:35:33.569815+00:00
e87dc3f234b4,KAHF_ACNE_RELIEF_AMINO_GEL_FACE_WASH_NA18251202492,Kahf,Acne Relief Amino Gel Face Wash,NA18251202492,https://img.lazcdn.com/g/p/a902b05b5d6d7616b67c710558591098.jpg_360x360q80.jpg,SafeCart_Dataset\images\genuine_reference\KAHF_ACNE_RELIEF_AMINO_GEL_FACE_WASH_NA18251202492\e87dc3f234b4.jpg,https://www.lazada.co.id/tag/kahf-fw-acne-relief-amino-gel/,www.lazada.co.id,lazada.co.id,,,,,,,,,,,genuine_reference,,0.0,0.0,False,,not_visible,6c4937f9c8c719eee7c26d3bff3e2a3f,e4a95ba60df28cc3,success,,genuine,Kahf Acne Relief Amino Gel Face Wash official,360,360,20831,2026-08-15T14:35:43.099572+00:00
3a2c21821f10,KAHF_ACNE_RELIEF_AMINO_GEL_FACE_WASH_NA18251202492,Kahf,Acne Relief Amino Gel Face Wash,NA18251202492,https://p16-oec-sg.ibyteimg.com/tos-alisg-i-aphluv4xwc-sg/b3f09bee4b634c159a953b3f35b007b7~tplv-aphluv4xwc-resize-webp:800:800.webp?dr=15592&t=555f072d&ps=933b5bde&shp=8dbd94bf&shcp=e1be8f53&idc=my2&from=2378011839,SafeCart_Dataset\images\genuine_reference\KAHF_ACNE_RELIEF_AMINO_GEL_FACE_WASH_NA18251202492\3a2c21821f10.jpg,https://shop-id.tokopedia.com/pdp/kahf-acne-relief-amino-gel-face-wash-100ml-hadiah-eksklusif/1732081522253792504,shop-id.tokopedia.com,shop-id.tokopedia.com,,,,,,,,,,,genuine_reference,,0.0,0.0,False,,not_visible,a7911a0e63a7d1502fde54e48ea1877d,9ee5c0d4cb9c213d,success,,genuine,Kahf Acne Relief Amino Gel Face Wash official,800,800,136833,2026-08-15T14:35:44.753616+00:00
ad78fe7b72b2,KAHF_ACNE_RELIEF_AMINO_GEL_FACE_WASH_NA18251202492,Kahf,Acne Relief Amino Gel Face Wash,NA18251202492,https://down-id.img.susercontent.com/file/id-11134207-822wg-mphez0nopx5989,SafeCart_Dataset\images\genuine_reference\KAHF_ACNE_RELIEF_AMINO_GEL_FACE_WASH_NA18251202492\ad78fe7b72b2.jpg,https://shopee.co.id/Kahf-Acne-Relief-Amino-Gel-Face-Wash-100-ml-Sabun-Cuci-Muka-Pria-untuk-Kulit-Berjerawat-dan-Berminyak-dengan-Succinic-Acid-Hypochlorous-Acid-Salicylic-Acid-Pentavitin-Glycerin-dan-Panthenol.-Gentle-Cleanser-dengan-Low-pH-for-Daily-Use-i.186214521.43406840709,shopee.co.id,shopee.co.id,,,,,,,,,,,genuine_reference,,0.0,0.0,False,,not_visible,ca2474f89134d9ffc7ab1a7fece69c66,a6e99cc399e2899c,success,,genuine,Kahf Acne Relief Amino Gel Face Wash official,1024,1024,76286,2026-08-15T14:35:44.922336+00:00
c2711b603218,KAHF_ACNE_RELIEF_AMINO_GEL_FACE_WASH_NA18251202492,Kahf,Acne Relief Amino Gel Face Wash,NA18251202492,https://p16-oec-va.ibyteimg.com/tos-maliva-i-o3syd03w52-us/e1f51e14af59457095868681bbaec7d8~tplv-o3syd03w52-crop-webp:1080:1080.webp?dr=15592&t=555f072d&ps=933b5bde&shp=8dbd94bf&shcp=e1be8f53&idc=my2&from=2378011839,SafeCart_Dataset\images\genuine_reference\KAHF_ACNE_RELIEF_AMINO_GEL_FACE_WASH_NA18251202492\c2711b603218.jpg,https://shop-id.tokopedia.com/pdp/kahf-acne-relief-amino-gel-face-wash-100ml-hadiah-eksklusif/1732081522253792504,shop-id.tokopedia.com,shop-id.tokopedia.com,,,,,,,,,,,genuine_reference,,0.0,0.0,False,,not_visible,2786043bb91bdc537f247f7160e9a2ff,c9d664ac174b92e6,success,,genuine,Kahf Acne Relief Amino Gel Face Wash official website,1080,1080,119619,2026-08-15T14:35:47.251114+00:00
8ad4e9ef5b3f,ROUND_LAB_1025_DOKDO_CLEANSER_NA26231200764,Round Lab,1025 Dokdo Cleanser,NA26231200764,https://target.scene7.com/is/image/Target/GUEST_41e0e00f-b6fc-443a-b9e2-dc3cced9ffd7,SafeCart_Dataset\images\genuine_reference\ROUND_LAB_1025_DOKDO_CLEANSER_NA26231200764\8ad4e9ef5b3f.jpg,https://www.target.com/p/round-lab-1025-dokdo-cleanser-40ml/-/A-94748432,www.target.com,target.com,,,,,,,,,,,genuine_reference,,0.0,0.0,False,,not_visible,af8f507a7fee99195ad5515f40685b75,e699996689996633,success,,genuine,Round Lab 1025 Dokdo Cleanser official,400,400,7271,2026-08-15T14:35:55.740059+00:00
c9032f7c28ac,ROUND_LAB_1025_DOKDO_CLEANSER_NA26231200764,Round Lab,1025 Dokdo Cleanser,NA26231200764,"https://m.media-amazon.com/images/I/51n2BJNH-zL._AC_UF1000,1000_QL80_.jpg",SafeCart_Dataset\images\genuine_reference\ROUND_LAB_1025_DOKDO_CLEANSER_NA26231200764\c9032f7c28ac.jpg,https://www.amazon.com/ROUND-LAB-Sensitive-impurities-Moisturizing/dp/B08FMCMGN6,www.amazon.com,amazon.com,,,,,,,,,,,genuine_reference,,0.0,0.0,False,,not_visible,b30fdc987b42f17afa7e9a64008d60d5,e4dbd624d3ef0830,success,,genuine,Round Lab 1025 Dokdo Cleanser official,720,1000,44701,2026-08-15T14:35:56.373436+00:00
8c96549e0902,ROUND_LAB_1025_DOKDO_CLEANSER_NA26231200764,Round Lab,1025 Dokdo Cleanser,NA26231200764,https://roundlab.com/cdn/shop/files/Dokdo_cleanser_renewed.webp?v=1772852868&width=1946,SafeCart_Dataset\images\genuine_reference\ROUND_LAB_1025_DOKDO_CLEANSER_NA26231200764\8c96549e0902.jpg,https://roundlab.com/products/1025-dokdo-cleanser?srsltid=AfmBOopZGP5iwF9JKk9ouS0zROE62HWq93aykk9WZM9sz8VNwwxhBIJU,roundlab.com,roundlab.com,,,,,,,,,,,genuine_reference,,0.0,0.0,False,,not_visible,2b08c5902cc95cf8e0f9d7db5700fbed,b1cc66b36cb34c32,success,,genuine,Round Lab 1025 Dokdo Cleanser official,1000,1000,57587,2026-08-15T14:35:56.691324+00:00
e66eb6cc1319,ROUND_LAB_1025_DOKDO_CLEANSER_NA26231200764,Round Lab,1025 Dokdo Cleanser,NA26231200764,https://roundlab.com/cdn/shop/files/Dokdo_Cleanser_2.webp?v=1773334671&width=1946,SafeCart_Dataset\images\genuine_reference\ROUND_LAB_1025_DOKDO_CLEANSER_NA26231200764\e66eb6cc1319.jpg,https://roundlab.com/products/1025-dokdo-cleanser?srsltid=AfmBOooGvTCoL-A7oO-HHpPHzwW-Yrg7bpAWZj7Ywuz16_1L9jMq386V,roundlab.com,roundlab.com,,,,,,,,,,,genuine_reference,,0.0,0.0,False,,not_visible,123708bc74b7b15f6ad64b23800240d2,db95a244e5ab1e19,success,,genuine,Round Lab 1025 Dokdo Cleanser official,1600,1600,247491,2026-08-15T14:35:56.861487+00:00
2c4d987e253f,ROUND_LAB_1025_DOKDO_CLEANSER_NA26231200764,Round Lab,1025 Dokdo Cleanser,NA26231200764,http://purish.com/cdn/shop/files/3-round-lab-1025-dokdo-cleanser-purish_1200x1200.jpg?v=1745847416,SafeCart_Dataset\images\genuine_reference\ROUND_LAB_1025_DOKDO_CLEANSER_NA26231200764\2c4d987e253f.jpg,https://purish.com/en/products/round-lab-1025-dokdo-cleanser?srsltid=AfmBOor_hI29jDS-xdePUa7svne6z3K11-sF6u_Vrx18UQ6bJ9G85cke,purish.com,purish.com,,,,,,,,,,,genuine_reference,,0.0,0.0,False,,not_visible,46757be30ff37874933e658d1672c224,cc99336631669b36,success,,genuine,Round Lab 1025 Dokdo Cleanser official,1200,1200,75048,2026-08-15T14:35:57.482669+00:00
8b1c4c90c6e0,ROUND_LAB_1025_DOKDO_CLEANSER_NA26231200764,Round Lab,1025 Dokdo Cleanser,NA26231200764,https://i.redd.it/first-impression-review-round-lab-1025-dokko-cleanser-v0-dyerytecnq9e1.jpg?width=3024&format=pjpg&auto=webp&s=84677c5b075d0185c7da18cab090e1400fab9fbb,SafeCart_Dataset\images\genuine_reference\ROUND_LAB_1025_DOKDO_CLEANSER_NA26231200764\8b1c4c90c6e0.jpg,https://www.reddit.com/r/AsianBeauty/comments/1hoqr19/first_impression_review_round_lab_1025_dokko/,www.reddit.com,reddit.com,,,,,,,,,,,genuine_reference,,0.0,0.0,False,,not_visible,3d6c68fba0136025bac24e115f4bb595,b8383d3b2073c4e7,success,,genuine,Round Lab 1025 Dokdo Cleanser official,3024,4032,1724714,2026-08-15T14:35:57.788320+00:00
6a7fd00a0ff7,ROUND_LAB_1025_DOKDO_CLEANSER_NA26231200764,Round Lab,1025 Dokdo Cleanser,NA26231200764,https://media.ulta.com/i/ulta/2643235?w=800&h=800&fmt=auto,SafeCart_Dataset\images\genuine_reference\ROUND_LAB_1025_DOKDO_CLEANSER_NA26231200764\6a7fd00a0ff7.jpg,https://www.ulta.com/p/1025-dokdo-cleansing-oil-pimprod2052234?sku=2643235,www.ulta.com,ulta.com,,,,,,,,,,,genuine_reference,,0.0,0.0,False,,not_visible,bd9eb95df260ba0f2d8a3b9529b6650d,cc6165c6b2ce33cc,success,,genuine,Round Lab 1025 Dokdo Cleanser official,800,800,37974,2026-08-15T14:35:59.029425+00:00
80903421d1b9,ROUND_LAB_1025_DOKDO_CLEANSER_NA26231200764,Round Lab,1025 Dokdo Cleanser,NA26231200764,https://koreabe.com/cdn/shop/files/516O807TgBL.jpg?v=1776135248,SafeCart_Dataset\images\genuine_reference\ROUND_LAB_1025_DOKDO_CLEANSER_NA26231200764\80903421d1b9.jpg,https://koreabe.com/products/round-lab-1025-dokdo-cleanser-150ml?srsltid=AfmBOoo8WwjcJT5bSyLD2FL3_yg0hlAeVnJImc0I-EMrdJKrHw15NcYO,koreabe.com,koreabe.com,,,,,,,,,,,genuine_reference,,0.0,0.0,False,,not_visible,f6fb94a86d0fba030fa7352856691320,9ba4c53dc4a21fa6,success,,genuine,Round Lab 1025 Dokdo Cleanser official,1500,1500,119445,2026-08-15T14:35:59.272844+00:00
510ff1a5e9c5,SENKA_PERFECT_WHIP_FRESH_NA54231200020,Senka,Perfect Whip Fresh,NA54231200020,http://sukoshi.com/cdn/shop/files/shiseido-senka-perfect-whip-washing-foam_cover_1024x1024.png?v=1720732061,SafeCart_Dataset\images\genuine_reference\SENKA_PERFECT_WHIP_FRESH_NA54231200020\510ff1a5e9c5.jpg,https://sukoshi.com/products/shiseido-senka-perfect-whip-washing-foam?srsltid=AfmBOorOX-5n9VhDyREb_NU1NiqssDNxHI_SrvWpPB0gVC_4IGP7-41t,sukoshi.com,sukoshi.com,,,,,,,,,,,genuine_reference,,0.0,0.0,False,,not_visible,288c7b98206ff2aa725eb0a252671c33,e6398b9399668699,success,,genuine,Senka Perfect Whip Fresh official,800,1000,63732,2026-08-15T14:36:32.755819+00:00
981a9ca2c858,SENKA_PERFECT_WHIP_FRESH_NA54231200020,Senka,Perfect Whip Fresh,NA54231200020,http://sukoshi.com/cdn/shop/files/shiseido-senka-perfect-whip-washing-foam_hover_1024x1024.png?v=1720732061,SafeCart_Dataset\images\genuine_reference\SENKA_PERFECT_WHIP_FRESH_NA54231200020\981a9ca2c858.jpg,https://sukoshi.com/products/shiseido-senka-perfect-whip-washing-foam?srsltid=AfmBOopQR_kr9w2n6finUyisUc4j5zzqwjlR99Xf8q41kTAl6TbwLo17,sukoshi.com,sukoshi.com,,,,,,,,,,,genuine_reference,,0.0,0.0,False,,not_visible,d371c0bed8d65c4f9e4e12e0f169d79a,e00195d69a4adbcf,success,,genuine,Senka Perfect Whip Fresh official,800,1000,159275,2026-08-15T14:36:34.543495+00:00
007de202e21a,SENKA_PERFECT_WHIP_FRESH_NA54231200020,Senka,Perfect Whip Fresh,NA54231200020,https://i.ebayimg.com/images/g/pAkAAOSwKmVj~ZJ9/s-l400.jpg,SafeCart_Dataset\images\genuine_reference\SENKA_PERFECT_WHIP_FRESH_NA54231200020\007de202e21a.jpg,https://www.ebay.com/itm/175631998969,www.ebay.com,ebay.com,,,,,,,,,,,genuine_reference,,0.0,0.0,False,,not_visible,73da9f281346580cfb7099defd42b8a5,b2199399ce679934,success,,genuine,Senka Perfect Whip Fresh official,400,400,19641,2026-08-15T14:36:47.033148+00:00
aa7e3265d266,SENKA_PERFECT_WHIP_FRESH_NA54231200020,Senka,Perfect Whip Fresh,NA54231200020,https://i5.walmartimages.com/dfw/84bce68-ff65/k2-_309f736c-56e2-47e6-b2bf-66b854eb479b.v1.webp,SafeCart_Dataset\images\genuine_reference\SENKA_PERFECT_WHIP_FRESH_NA54231200020\aa7e3265d266.jpg,https://www.walmart.com/ip/Shiseido-Senka-Perfect-Whip-Face-Cleanser-4-2-oz/583315954,www.walmart.com,walmart.com,,,,,,,,,,,genuine_reference,,0.0,0.0,False,,not_visible,9f9b93273d43df5a176cb87b50e38155,de1de11ce1e0e2e2,success,,genuine,Senka Perfect Whip Fresh official,2000,2000,339898,2026-08-15T14:36:47.381397+00:00
6136b3842ee0,SENKA_PERFECT_WHIP_FRESH_NA54231200020,Senka,Perfect Whip Fresh,NA54231200020,https://japanesetaste.com/cdn/shop/files/Senka-Perfect-Whip-Cleansing-Foam-120g-3-2025-08-25T00_18_50.387Z.jpg?v=1756081192&width=600,SafeCart_Dataset\images\genuine_reference\SENKA_PERFECT_WHIP_FRESH_NA54231200020\6136b3842ee0.jpg,https://japanesetaste.com/products/senka-perfect-whip-cleansing-foam-120g,japanesetaste.com,japanesetaste.com,,,,,,,,,,,genuine_reference,,0.0,0.0,False,,not_visible,c58ad6fe0292e9efb3a2c0d37c763d56,e69999939c669926,success,,genuine,Senka Perfect Whip Fresh official,600,600,39420,2026-08-15T14:36:48.334906+00:00
161d20d2752d,SENKA_PERFECT_WHIP_FRESH_NA54231200020,Senka,Perfect Whip Fresh,NA54231200020,https://dermapproved.com/images/products/senka-perfect-whip-anti-shine.webp,SafeCart_Dataset\images\genuine_reference\SENKA_PERFECT_WHIP_FRESH_NA54231200020\161d20d2752d.jpg,https://dermapproved.com/products/senka-perfect-whip-anti-shine/,dermapproved.com,dermapproved.com,,,,,,,,,,,genuine_reference,,0.0,0.0,False,,not_visible,f52f170d681a2ae7c60d566407105c94,a3b20ddf0c8c732d,success,,genuine,Senka Perfect Whip Fresh official,658,630,41461,2026-08-15T14:36:48.631031+00:00
e6604cda2cff,SENKA_PERFECT_WHIP_FRESH_NA54231200020,Senka,Perfect Whip Fresh,NA54231200020,https://m.media-amazon.com/images/I/810h6QOtA3L.jpg,SafeCart_Dataset\images\genuine_reference\SENKA_PERFECT_WHIP_FRESH_NA54231200020\e6604cda2cff.jpg,https://www.amazon.com/Japan-Health-Personal-Senka-Perfect/dp/B01BTN5XEO,www.amazon.com,amazon.com,,,,,,,,,,,genuine_reference,,0.0,0.0,False,,not_visible,002436940a5b03c8c26df2b2d1938380,ba0fc172d660d2f1,success,,genuine,Senka Perfect Whip Fresh official,1054,2560,360827,2026-08-15T14:36:49.973575+00:00
06bf150d79ce,SENKA_PERFECT_WHIP_FRESH_NA54231200020,Senka,Perfect Whip Fresh,NA54231200020,https://sv9-cdn.stylevana.com/media/catalog/product/s/h/shiseido-senka-perfect-whip-cleansing-foam-2023-version-120g-854.jpg,SafeCart_Dataset\images\genuine_reference\SENKA_PERFECT_WHIP_FRESH_NA54231200020\06bf150d79ce.jpg,https://www.stylevana.com/en_US/shiseido-senka-perfect-whip-cleansing-foam-2023-version-120g1352.html,www.stylevana.com,stylevana.com,,,,,,,,,,,genuine_reference,,0.0,0.0,False,,not_visible,f23889182087c90c0382ac6471d9bd48,b299999b8966cccc,success,,genuine,Senka Perfect Whip Fresh official website,600,600,33620,2026-08-15T14:36:54.285377+00:00
591caf504bcb,SENKA_PERFECT_WHIP_FRESH_NA54231200020,Senka,Perfect Whip Fresh,NA54231200020,https://i.ytimg.com/vi/_iY7LElG3p4/maxresdefault.jpg,SafeCart_Dataset\images\reported_counterfeit_candidate\SENKA_PERFECT_WHIP_FRESH_NA54231200020\591caf504bcb.jpg,https://www.youtube.com/watch?v=_iY7LElG3p4,youtube.com,youtube.com,,,,,,"[Vlog] ""Senka Perfect Whip"" Asli atau Palsu? Fake ""Senka"" cleanser (bought from Shopee Seller) VS original Senka Perfect Whip from Aeon",,palsu; fake,MODERATE_EVIDENCE,3.0,reported_counterfeit_candidate,,0.0,0.0,False,,not_visible,35e8eaacde9193a54d3d79c70b8abc84,81823e04fdacde6e,success,,counterfeit_evidence,https://www.youtube.com/watch?v=_iY7LElG3p4,1280,720,139765,2026-08-15T14:36:55.603906+00:00
b45d9185583b,SENKA_PERFECT_WHIP_LOW_PH_CALMING_CICA_TWINPACK_NA54241200014,Senka,Perfect Whip Low pH Calming Cica Twinpack,NA54241200014,https://miessential.com/cdn/shop/files/SenkaPerfectWhipLowPHCalmingCica.jpg?v=1722461659&width=600,SafeCart_Dataset\images\genuine_reference\SENKA_PERFECT_WHIP_LOW_PH_CALMING_CICA_TWINPACK_NA54241200014\b45d9185583b.jpg,https://miessential.com/products/shiseido-senka-perfect-whip-low-ph-calming-cica?srsltid=AfmBOooaODoeJtSDII2pbMea4QOKlvlOu-0pAM7sxmvizCyJlSDQfoVD,miessential.com,miessential.com,,,,,,,,,,,genuine_reference,,0.0,0.0,False,,not_visible,12a109ac654e2c69573d100f74427a66,e6399b8999a68c8e,success,,genuine,Senka Perfect Whip Low pH Calming Cica Twinpack official,600,600,33417,2026-08-15T14:36:42.941159+00:00
c7e06ad6d721,SENKA_PERFECT_WHIP_LOW_PH_CALMING_CICA_TWINPACK_NA54241200014,Senka,Perfect Whip Low pH Calming Cica Twinpack,NA54241200014,https://down-id.img.susercontent.com/file/id-11134207-81zto-mrs6sav49vk507,SafeCart_Dataset\images\genuine_reference\SENKA_PERFECT_WHIP_LOW_PH_CALMING_CICA_TWINPACK_NA54241200014\c7e06ad6d721.jpg,https://shopee.co.id/-TWINPACK-SENKA-Perfect-Whip-Low-pH-Calming-Cica-100gr-BUY-2-GET-4-Hadiah-Terbatas-Hari--i.138850166.41300976033,shopee.co.id,shopee.co.id,,,,,,,,,,,genuine_reference,,0.0,0.0,False,,not_visible,6f1a169f583c8595208bfbe35233ed1d,9bbbc4c5e40a3b07,success,,genuine,Senka Perfect Whip Low pH Calming Cica Twinpack official,1024,1024,176628,2026-08-15T14:36:46.757933+00:00
4395b2eaff80,SENKA_PERFECT_WHIP_LOW_PH_CALMING_CICA_TWINPACK_NA54241200014,Senka,Perfect Whip Low pH Calming Cica Twinpack,NA54241200014,https://miessential.com/cdn/shop/files/Senka_Perfect_Whip_Low_PH_Calming_Cica_1.jpg?v=1722461672&width=1445,SafeCart_Dataset\images\genuine_reference\SENKA_PERFECT_WHIP_LOW_PH_CALMING_CICA_TWINPACK_NA54241200014\4395b2eaff80.jpg,https://miessential.com/products/shiseido-senka-perfect-whip-low-ph-calming-cica?srsltid=AfmBOooklF4nzeuRC2AbVlv9mkLcHKx-BioL5tR25AdzyqChKiOCf_m9,miessential.com,miessential.com,,,,,,,,,,,genuine_reference,,0.0,0.0,False,,not_visible,3e99cd42d4a81abe62c7e1d7e03bb3be,9c53c207e33cfcc1,success,,genuine,Senka Perfect Whip Low pH Calming Cica Twinpack official,1080,1080,156174,2026-08-15T14:36:46.927560+00:00
79a5e22493ce,SENKA_PERFECT_WHIP_LOW_PH_CALMING_CICA_TWINPACK_NA54241200014,Senka,Perfect Whip Low pH Calming Cica Twinpack,NA54241200014,https://img-cf.kurly.com/hdims/resize/%3E1010x/quality/90/src/shop/data/goodsview/20240503/gv00000854911_1.jpg,SafeCart_Dataset\images\genuine_reference\SENKA_PERFECT_WHIP_LOW_PH_CALMING_CICA_TWINPACK_NA54241200014\79a5e22493ce.jpg,https://www.kurlyglobal.com/en/products/m00000178198?srsltid=AfmBOoqT_DHW9Y1H7mKHxeNsGUnYd5VNpnt8z7PuKfKvHtvEHDjMguMx,www.kurlyglobal.com,kurlyglobal.com,,,,,,,,,,,genuine_reference,,0.0,0.0,False,,not_visible,c8e4a338d3567836413e55d4aff28d5e,e19ece3196e5c431,success,,genuine,Senka Perfect Whip Low pH Calming Cica Twinpack official,1010,1234,148328,2026-08-15T14:36:47.628365+00:00
74cd756b5e4f,SENKA_PERFECT_WHIP_LOW_PH_CALMING_CICA_TWINPACK_NA54241200014,Senka,Perfect Whip Low pH Calming Cica Twinpack,NA54241200014,https://id-test-11.slatic.net/p/116ed86de549dbb991356827f581565a.jpg,SafeCart_Dataset\images\genuine_reference\SENKA_PERFECT_WHIP_LOW_PH_CALMING_CICA_TWINPACK_NA54241200014\74cd756b5e4f.jpg,https://www.lazada.co.id/products/twinpack-senka-perfect-whip-low-ph-calming-cica-facial-foam-from-japan-100gr-i8677178447.html,www.lazada.co.id,lazada.co.id,,,,,,,,,,,genuine_reference,,0.0,0.0,False,,not_visible,116ed86de549dbb991356827f581565a,e9a492709f9968e5,success,,genuine,Senka Perfect Whip Low pH Calming Cica Twinpack official,1200,1200,273911,2026-08-15T14:36:47.910361+00:00
535cea11cbf9,SENKA_PERFECT_WHIP_LOW_PH_CALMING_CICA_TWINPACK_NA54241200014,Senka,Perfect Whip Low pH Calming Cica Twinpack,NA54241200014,https://p16-oec-sg.ibyteimg.com/tos-alisg-i-aphluv4xwc-sg/40153dc617814f82b974b3b8296bd485~tplv-aphluv4xwc-resize-jpeg:700:0.jpeg,SafeCart_Dataset\images\genuine_reference\SENKA_PERFECT_WHIP_LOW_PH_CALMING_CICA_TWINPACK_NA54241200014\535cea11cbf9.jpg,https://www.tokopedia.com/senkaid/special-bundle-senka-perfect-whip-low-ph-calming-cica-100gr-perfect-white-clay-120gr-1731425393578116488?utm_source=google&utm_medium=organic&utm_campaign=pdp,www.tokopedia.com,tokopedia.com,,,,,,,,,,,genuine_reference,,0.0,0.0,False,,not_visible,65cf1d4229e2ca57121f5b91d0b6aba5,8fe0f1f8e09fc00e,success,,genuine,Senka Perfect Whip Low pH Calming Cica Twinpack official,700,700,71172,2026-08-15T14:36:48.515749+00:00
efa6f6ce63e8,SENKA_PERFECT_WHIP_LOW_PH_CALMING_CICA_TWINPACK_NA54241200014,Senka,Perfect Whip Low pH Calming Cica Twinpack,NA54241200014,https://miessential.com/cdn/shop/files/Senka_Perfect_Whip_Low_PH_Calming_Cica_4.jpg?v=1722461678&width=1445,SafeCart_Dataset\images\genuine_reference\SENKA_PERFECT_WHIP_LOW_PH_CALMING_CICA_TWINPACK_NA54241200014\efa6f6ce63e8.jpg,https://miessential.com/products/shiseido-senka-perfect-whip-low-ph-calming-cica?srsltid=AfmBOoqe9P_oPmoAXhuKnU-NiHJFN_PLuMEAlPfKLT7AQImGcppktkqY,miessential.com,miessential.com,,,,,,,,,,,genuine_reference,,0.0,0.0,False,,not_visible,3876b5e89e5dcdea4ccfc79dbcbb6af6,bb3b948cd6c1c1c6,success,,genuine,Senka Perfect Whip Low pH Calming Cica Twinpack official,1080,1080,92611,2026-08-15T14:36:48.891433+00:00
06452f592b97,SENKA_PERFECT_WHIP_LOW_PH_CALMING_CICA_TWINPACK_NA54241200014,Senka,Perfect Whip Low pH Calming Cica Twinpack,NA54241200014,https://theskincarelibrary.com/cdn/shop/files/ShiseidoSenkaPerfectWhipLowpHCalmingCicaFacialFoamTSCLPhoto_58a828c1-8ad3-49bc-9ddf-a24736a4732d_1024x.png?v=1754168889,SafeCart_Dataset\images\genuine_reference\SENKA_PERFECT_WHIP_LOW_PH_CALMING_CICA_TWINPACK_NA54241200014\06452f592b97.jpg,https://theskincarelibrary.com/products/shiseido-senka-perfect-whip-low-ph-calming-cica-facial-foam-100g,theskincarelibrary.com,theskincarelibrary.com,,,,,,,,,,,genuine_reference,,0.0,0.0,False,,not_visible,c6de7c9c62e044b7e36bc47c18df2d16,e571129d98869b9b,success,,genuine,Senka Perfect Whip Low pH Calming Cica Twinpack official,1024,1025,121738,2026-08-15T14:36:49.170646+00:00
aad49512cbab,COSRX_SALICYLIC_ACID_DAILY_GENTLE_CLEANSER_NA26181202688,COSRX,Salicylic Acid Daily Gentle Cleanser,NA26181202688,https://m.media-amazon.com/images/I/61ic3PbK8oL.jpg,SafeCart_Dataset\images\genuine_reference\COSRX_SALICYLIC_ACID_DAILY_GENTLE_CLEANSER_NA26181202688\aad49512cbab.jpg,https://www.amazon.com/Salicylic-Gentle-Cleanser-150milliliter-Blemish/dp/B00OZ6W8DW,www.amazon.com,amazon.com,,,,,,,,,,,genuine_reference,,0.0,0.0,False,,not_visible,e1b944ec1e626dfeb2799a7a3e777152,e699996698669966,success,,genuine,COSRX Salicylic Acid Daily Gentle Cleanser official,2000,2000,111921,2026-08-15T14:37:08.102086+00:00
caf65b03b08c,COSRX_SALICYLIC_ACID_DAILY_GENTLE_CLEANSER_NA26181202688,COSRX,Salicylic Acid Daily Gentle Cleanser,NA26181202688,https://kbeautystore.com/cdn/shop/products/image_25aa5648-8865-4f1e-b814-3c41cc1f8d15.jpg?v=1653064224&width=894,SafeCart_Dataset\images\genuine_reference\COSRX_SALICYLIC_ACID_DAILY_GENTLE_CLEANSER_NA26181202688\caf65b03b08c.jpg,https://kbeautystore.com/products/cosrx-salicylic-acid-daily-gentle-cleanser-150ml,kbeautystore.com,kbeautystore.com,,,,,,,,,,,genuine_reference,,0.0,0.0,False,,not_visible,9e560013a55c3718f8a52f138134ee91,e699319966999966,success,,genuine,COSRX Salicylic Acid Daily Gentle Cleanser official,894,894,40093,2026-08-15T14:37:08.722643+00:00
c112f80590f0,COSRX_SALICYLIC_ACID_DAILY_GENTLE_CLEANSER_NA26181202688,COSRX,Salicylic Acid Daily Gentle Cleanser,NA26181202688,https://static.sweetcare.com/img/prd/488/v-638628613188016874/cosrx-021900kx-4.webp,SafeCart_Dataset\images\genuine_reference\COSRX_SALICYLIC_ACID_DAILY_GENTLE_CLEANSER_NA26181202688\c112f80590f0.jpg,https://www.sweetcare.com/us/cosrx-salicylic-acid-daily-gentle-cleanser-face-washing-foam-p-021900kx?st=01,www.sweetcare.com,sweetcare.com,,,,,,,,,,,genuine_reference,,0.0,0.0,False,,not_visible,767e16feadbbb1ab01fc611819c83cfb,f3d9cc2323a69926,success,,genuine,COSRX Salicylic Acid Daily Gentle Cleanser official,488,488,20872,2026-08-15T14:37:09.153513+00:00
cd045ea82f3f,COSRX_SALICYLIC_ACID_DAILY_GENTLE_CLEANSER_NA26181202688,COSRX,Salicylic Acid Daily Gentle Cleanser,NA26181202688,http://koreanskincare.com/cdn/shop/files/019000000001.jpg?v=1701339716,SafeCart_Dataset\images\genuine_reference\COSRX_SALICYLIC_ACID_DAILY_GENTLE_CLEANSER_NA26181202688\cd045ea82f3f.jpg,https://koreanskincare.com/products/cosrx-salicylic-acid-daily-gentle-cleanser?srsltid=AfmBOor9M4jXaff87MWZWz6Xm2GN7wNHF-pAdINNYZF9lKFaJLD0x2rD,koreanskincare.com,koreanskincare.com,,,,,,,,,,,genuine_reference,,0.0,0.0,False,,not_visible,9da5602c4f03713805bb822813cdf5d9,e699399966899966,success,near_duplicate_of:caf65b03b08c,genuine,COSRX Salicylic Acid Daily Gentle Cleanser official,800,800,35884,2026-08-15T14:37:10.228673+00:00
2327a02f2776,COSRX_SALICYLIC_ACID_DAILY_GENTLE_CLEANSER_NA26181202688,COSRX,Salicylic Acid Daily Gentle Cleanser,NA26181202688,https://kbeautyoutletusa.com/cdn/shop/files/aciddailycleanser.webp?v=1706055258&width=720,SafeCart_Dataset\images\genuine_reference\COSRX_SALICYLIC_ACID_DAILY_GENTLE_CLEANSER_NA26181202688\2327a02f2776.jpg,https://kbeautyoutletusa.com/products/cosrx-salicylic-acid-daily-gentle-cleanser?srsltid=AfmBOooFQGCFDnOhjwLHImYq4C0ddl2Q77foy_DuY6WUqrRi-Q4W471y,kbeautyoutletusa.com,kbeautyoutletusa.com,,,,,,,,,,,genuine_reference,,0.0,0.0,False,,not_visible,bd23f7f63cc5b611323c4d3ba95119bf,b5b5ca4a4a4ab55a,success,,genuine,COSRX Salicylic Acid Daily Gentle Cleanser official,500,500,32562,2026-08-15T14:37:12.507096+00:00
863765aac437,COSRX_SALICYLIC_ACID_DAILY_GENTLE_CLEANSER_NA26181202688,COSRX,Salicylic Acid Daily Gentle Cleanser,NA26181202688,https://moidaus.com/cdn/shop/files/salicyliccleansser.jpg?v=1703124843&width=500,SafeCart_Dataset\images\genuine_reference\COSRX_SALICYLIC_ACID_DAILY_GENTLE_CLEANSER_NA26181202688\863765aac437.jpg,https://moidaus.com/products/cosrx-salicylic-acid-daily-gentle-cleanser-150ml?srsltid=AfmBOoop9uMx7_NfFbTPMH4hF7gqnCItTzAvtr1qsL3r4JYhSplyvDly,moidaus.com,moidaus.com,,,,,,,,,,,genuine_reference,,0.0,0.0,False,,not_visible,84f7e207554aab0f48e67a1b529f4e86,e6999833c6669966,success,,genuine,COSRX Salicylic Acid Daily Gentle Cleanser official,500,500,15212,2026-08-15T14:37:12.937575+00:00
ec8f0550cb59,COSRX_SALICYLIC_ACID_DAILY_GENTLE_CLEANSER_NA26181202688,COSRX,Salicylic Acid Daily Gentle Cleanser,NA26181202688,http://kbeautyworld.com/cdn/shop/products/Cosrx-Salicylic-Acid-Daily-Gentle-Cleanser-K-Beauty-World.webp?v=1671198680&width=2048,SafeCart_Dataset\images\genuine_reference\COSRX_SALICYLIC_ACID_DAILY_GENTLE_CLEANSER_NA26181202688\ec8f0550cb59.jpg,https://kbeautyworld.com/products/salicylic-acid-daily-gentle-cleanser?srsltid=AfmBOoo4dhK5nV-gZsnnUIXvYpOqBXzhgscbMgC_OFV6DsRDvnEZW5jX,kbeautyworld.com,kbeautyworld.com,,,,,,,,,,,genuine_reference,,0.0,0.0,False,,not_visible,c9b5c9699e89be4ff93bcd2ae08540ac,e6c9999e32329936,success,,genuine,COSRX Salicylic Acid Daily Gentle Cleanser official,890,890,35536,2026-08-15T14:37:13.418389+00:00
3c564639d275,COSRX_SALICYLIC_ACID_DAILY_GENTLE_CLEANSER_NA26181202688,COSRX,Salicylic Acid Daily Gentle Cleanser,NA26181202688,https://i.ebayimg.com/images/g/f68AAOSwSSVl6hwU/s-l1200.png,SafeCart_Dataset\images\genuine_reference\COSRX_SALICYLIC_ACID_DAILY_GENTLE_CLEANSER_NA26181202688\3c564639d275.jpg,https://www.ebay.com/itm/266413284193,www.ebay.com,ebay.com,,,,,,,,,,,genuine_reference,,0.0,0.0,False,,not_visible,fb5f1ade5c8c4354bcb61f7954acae07,acc1926b3336cd33,success,,genuine,COSRX Salicylic Acid Daily Gentle Cleanser official,796,1200,123486,2026-08-15T14:37:15.172830+00:00
18f812ffbe3b,ANUA_HYALURONIC_ACID_GENTLE_FOAMING_CLEANSER_NA26241200857,Anua,Hyaluronic Acid Gentle Foaming Cleanser,NA26241200857,https://anua.com/cdn/shop/files/anua-us-cleanser-8-hyaluronic-acid-hydrating-gentle-foaming-cleanser-1239193743_2000x.jpg?v=1779181691,SafeCart_Dataset\images\genuine_reference\ANUA_HYALURONIC_ACID_GENTLE_FOAMING_CLEANSER_NA26241200857\18f812ffbe3b.jpg,https://anua.com/products/8-hyaluronic-acid-hydrating-gentle-foaming-cleanser?srsltid=AfmBOop2u3bG-8AdlN3gisUBp3_qru2WEORRnwYOq8GrUr3fjergFqBE,anua.com,anua.com,,,,,,,,,,,genuine_reference,,0.0,0.0,False,,not_visible,653d7ad33f9f266df75146479f903814,e699993633668933,success,,genuine,Anua Hyaluronic Acid Gentle Foaming Cleanser official,2000,2000,114342,2026-08-15T14:37:31.596459+00:00
bbac8f9cdb86,ANUA_HYALURONIC_ACID_GENTLE_FOAMING_CLEANSER_NA26241200857,Anua,Hyaluronic Acid Gentle Foaming Cleanser,NA26241200857,https://media.ulta.com/i/ulta/2634625?w=800&h=800&fmt=auto,SafeCart_Dataset\images\genuine_reference\ANUA_HYALURONIC_ACID_GENTLE_FOAMING_CLEANSER_NA26241200857\bbac8f9cdb86.jpg,https://www.ulta.com/p/8-hyaluronic-acid-hydrating-gentle-foaming-cleanser-pimprod2048928?sku=2634625,www.ulta.com,ulta.com,,,,,,,,,,,genuine_reference,,0.0,0.0,False,,not_visible,92edb35908e249bbbf1a11a24181dc9e,ccd3333433643379,success,,genuine,Anua Hyaluronic Acid Gentle Foaming Cleanser official,800,800,42348,2026-08-15T14:37:32.930211+00:00
c8df968be415,ANUA_HYALURONIC_ACID_GENTLE_FOAMING_CLEANSER_NA26241200857,Anua,Hyaluronic Acid Gentle Foaming Cleanser,NA26241200857,https://anua.com/cdn/shop/files/anua-us-cleanser-8-hyaluronic-acid-hydrating-gentle-foaming-cleanser-1239193743.jpg?v=1779181691&width=1920,SafeCart_Dataset\images\genuine_reference\ANUA_HYALURONIC_ACID_GENTLE_FOAMING_CLEANSER_NA26241200857\c8df968be415.jpg,https://anua.com/products/8-hyaluronic-acid-hydrating-gentle-foaming-cleanser?srsltid=AfmBOoqPD7EcoOZeZ-WLkbfisXHjvfCIURLXBqZhl1ZWa35wna6bWFk4,anua.com,anua.com,,,,,,,,,,,genuine_reference,,0.0,0.0,False,,not_visible,a8ea0c51be049605cea0195dd1e178ef,e699993633668933,success,near_duplicate_of:18f812ffbe3b,genuine,Anua Hyaluronic Acid Gentle Foaming Cleanser official,1920,1920,120861,2026-08-15T14:37:33.482205+00:00
32c9a639a743,ANUA_HYALURONIC_ACID_GENTLE_FOAMING_CLEANSER_NA26241200857,Anua,Hyaluronic Acid Gentle Foaming Cleanser,NA26241200857,https://anua.com/cdn/shop/files/anua-us-cleanser-150ml-8-hyaluronic-acid-hydrating-gentle-foaming-cleanser-1161173123.jpg?v=1746610303&width=1080,SafeCart_Dataset\images\genuine_reference\ANUA_HYALURONIC_ACID_GENTLE_FOAMING_CLEANSER_NA26241200857\32c9a639a743.jpg,https://anua.com/products/8-hyaluronic-acid-hydrating-gentle-foaming-cleanser?srsltid=AfmBOootmTPuEX3_y_2jPT_niKZ0eAt6Lu_xWTcz7bN7dgF7y3G7wXw-,anua.com,anua.com,,,,,,,,,,,genuine_reference,,0.0,0.0,False,,not_visible,9edf9451d8172a55349b42121006abab,e936b569e2e094ca,success,,genuine,Anua Hyaluronic Acid Gentle Foaming Cleanser official,1080,1080,149180,2026-08-15T14:37:34.317847+00:00
3e07c97c29db,ANUA_HYALURONIC_ACID_GENTLE_FOAMING_CLEANSER_NA26241200857,Anua,Hyaluronic Acid Gentle Foaming Cleanser,NA26241200857,https://anua.com/cdn/shop/files/anua-us-cleanser-8-hyaluronic-acid-hydrating-gentle-foaming-cleanser-1239193743.jpg?crop=center&height=1200&v=1779181691&width=1200,SafeCart_Dataset\images\genuine_reference\ANUA_HYALURONIC_ACID_GENTLE_FOAMING_CLEANSER_NA26241200857\3e07c97c29db.jpg,https://anua.com/products/8-hyaluronic-acid-hydrating-gentle-foaming-cleanser?srsltid=AfmBOoqhNGnVTEBdKp5x1u6g7kCPy7ADBIijRo1GDQdr7vSmMuYBHoSO,anua.com,anua.com,,,,,,,,,,,genuine_reference,,0.0,0.0,False,,not_visible,d3b8678e02b9d697e88965f6d6221144,e699993633668933,success,near_duplicate_of:18f812ffbe3b,genuine,Anua Hyaluronic Acid Gentle Foaming Cleanser official,1200,1200,56251,2026-08-15T14:37:35.287517+00:00
eb7e70c05826,ANUA_HYALURONIC_ACID_GENTLE_FOAMING_CLEANSER_NA26241200857,Anua,Hyaluronic Acid Gentle Foaming Cleanser,NA26241200857,"https://m.media-amazon.com/images/I/41cNBkQrJHL._AC_UF1000,1000_QL80_.jpg",SafeCart_Dataset\images\genuine_reference\ANUA_HYALURONIC_ACID_GENTLE_FOAMING_CLEANSER_NA26241200857\eb7e70c05826.jpg,https://www.amazon.com/ANUA-Hydrating-Hyaluronic-Panthenol-Cleansing/dp/B0D1G6XY5G,www.amazon.com,amazon.com,,,,,,,,,,,genuine_reference,,0.0,0.0,False,,not_visible,15a19345c3153a37f9bca479af0adb09,e4d99b1e7064cc9a,success,,genuine,Anua Hyaluronic Acid Gentle Foaming Cleanser official,718,1000,53857,2026-08-15T14:37:36.115184+00:00
6dc5adfffa16,ANUA_HYALURONIC_ACID_GENTLE_FOAMING_CLEANSER_NA26241200857,Anua,Hyaluronic Acid Gentle Foaming Cleanser,NA26241200857,http://sukoshi.com/cdn/shop/files/anua-8-hyaluronic-acid-hydrating-gentle-foaming-cleanser-cover_1024x1024.jpg?v=1733519023,SafeCart_Dataset\images\genuine_reference\ANUA_HYALURONIC_ACID_GENTLE_FOAMING_CLEANSER_NA26241200857\6dc5adfffa16.jpg,https://sukoshi.com/products/anua-8-hyaluronic-acid-hydrating-gentle-foaming-cleanser?srsltid=AfmBOoo40IvX55qaD2FSi6MR7Jw-ywfPuyXlszQQ_EVkT9XXXXwKZ97f,sukoshi.com,sukoshi.com,,,,,,,,,,,genuine_reference,,0.0,0.0,False,,not_visible,87caf96da83d48b1c9dc5dd5b0841f32,b1d6cf3461f10699,success,,genuine,Anua Hyaluronic Acid Gentle Foaming Cleanser official,800,1000,80527,2026-08-15T14:37:36.320858+00:00
52d5b3ba336c,ANUA_HYALURONIC_ACID_GENTLE_FOAMING_CLEANSER_NA26241200857,Anua,Hyaluronic Acid Gentle Foaming Cleanser,NA26241200857,https://anua.com/cdn/shop/files/anua-us-cleanser-150ml-8-hyaluronic-acid-hydrating-gentle-foaming-cleanser-1161173117.jpg?v=1746610290&width=1080,SafeCart_Dataset\images\genuine_reference\ANUA_HYALURONIC_ACID_GENTLE_FOAMING_CLEANSER_NA26241200857\52d5b3ba336c.jpg,https://anua.com/products/8-hyaluronic-acid-hydrating-gentle-foaming-cleanser?srsltid=AfmBOoqr-dZjStee2SA7pOXWkrHKm80wd7im4TMz1KchDihH4tot_LkI,anua.com,anua.com,,,,,,,,,,,genuine_reference,,0.0,0.0,False,,not_visible,3668e4766cb9f96d8d290470a1cf9019,966b49c972964aba,success,,genuine,Anua Hyaluronic Acid Gentle Foaming Cleanser official,1080,1080,159574,2026-08-15T14:37:36.736535+00:00
83be38f41969,GLAD2GLOW_TREMELLA_VITA_B5_SENSITIVE_CALMING_GEL_CLEANSER_NA11241201006,Glad2Glow,Tremella Vita B5 Sensitive Calming Gel Cleanser,NA11241201006,https://storage.skinsort.com/l7j4vcum3ihjl28dzb5b05km9whr,SafeCart_Dataset\images\genuine_reference\GLAD2GLOW_TREMELLA_VITA_B5_SENSITIVE_CALMING_GEL_CLEANSER_NA11241201006\83be38f41969.jpg,https://skinsort.com/products/glad2glow/tremella-vita-b5-sensitive-calming-gel-cleanser,skinsort.com,skinsort.com,,,,,,,,,,,genuine_reference,,0.0,0.0,False,,not_visible,d2f9d6dbd1f79e1268ffb0b8404ac9a2,e69993ccc9668c63,success,,genuine,Glad2Glow Tremella Vita B5 Sensitive Calming Gel Cleanser official,800,800,47695,2026-08-15T14:37:42.069387+00:00
f760e47c575b,GLAD2GLOW_TREMELLA_VITA_B5_SENSITIVE_CALMING_GEL_CLEANSER_NA11241201006,Glad2Glow,Tremella Vita B5 Sensitive Calming Gel Cleanser,NA11241201006,https://down-my.img.susercontent.com/file/my-11134208-7rasa-m93zcjdm3qmma8,SafeCart_Dataset\images\genuine_reference\GLAD2GLOW_TREMELLA_VITA_B5_SENSITIVE_CALMING_GEL_CLEANSER_NA11241201006\f760e47c575b.jpg,https://www.ebay.com/itm/356987265493,www.ebay.com,ebay.com,,,,,,,,,,,genuine_reference,,0.0,0.0,False,,not_visible,80d09ee136a2feb01d8ed37b1e5ef845,b9c7f0388731463e,success,,genuine,Glad2Glow Tremella Vita B5 Sensitive Calming Gel Cleanser official,1200,1200,269535,2026-08-15T14:37:43.065714+00:00
667aca76dae3,GLAD2GLOW_TREMELLA_VITA_B5_SENSITIVE_CALMING_GEL_CLEANSER_NA11241201006,Glad2Glow,Tremella Vita B5 Sensitive Calming Gel Cleanser,NA11241201006,https://down-my.img.susercontent.com/file/my-11134208-7rasm-m93zcjdm557226,SafeCart_Dataset\images\genuine_reference\GLAD2GLOW_TREMELLA_VITA_B5_SENSITIVE_CALMING_GEL_CLEANSER_NA11241201006\667aca76dae3.jpg,https://www.ebay.com/itm/356987265493,www.ebay.com,ebay.com,,,,,,,,,,,genuine_reference,,0.0,0.0,False,,not_visible,aed61e8451b0cd60341af0cad467b6f7,eb163549b4699669,success,,genuine,Glad2Glow Tremella Vita B5 Sensitive Calming Gel Cleanser official,1200,1200,214627,2026-08-15T14:37:44.761984+00:00
1a27196ddf5f,GLAD2GLOW_TREMELLA_VITA_B5_SENSITIVE_CALMING_GEL_CLEANSER_NA11241201006,Glad2Glow,Tremella Vita B5 Sensitive Calming Gel Cleanser,NA11241201006,https://down-my.img.susercontent.com/file/my-11134208-7rasg-m945afkbjfgge2,SafeCart_Dataset\images\genuine_reference\GLAD2GLOW_TREMELLA_VITA_B5_SENSITIVE_CALMING_GEL_CLEANSER_NA11241201006\1a27196ddf5f.jpg,https://www.ebay.com/itm/356987265493,www.ebay.com,ebay.com,,,,,,,,,,,genuine_reference,,0.0,0.0,False,,not_visible,8dbdc201dbfb3c7af500f127ac19ab15,ebcc53a5e43a52c4,success,,genuine,Glad2Glow Tremella Vita B5 Sensitive Calming Gel Cleanser official,1200,1200,275491,2026-08-15T14:37:45.737676+00:00
18e0f558c9d8,GLAD2GLOW_TREMELLA_VITA_B5_SENSITIVE_CALMING_GEL_CLEANSER_NA11241201006,Glad2Glow,Tremella Vita B5 Sensitive Calming Gel Cleanser,NA11241201006,https://down-my.img.susercontent.com/file/my-11134208-7rasi-m96zit4572799b,SafeCart_Dataset\images\genuine_reference\GLAD2GLOW_TREMELLA_VITA_B5_SENSITIVE_CALMING_GEL_CLEANSER_NA11241201006\18e0f558c9d8.jpg,https://www.ebay.com/itm/356987265493,www.ebay.com,ebay.com,,,,,,,,,,,genuine_reference,,0.0,0.0,False,,not_visible,45dbbb2aea6770421b32db74e5adad30,9fa8f1e0e4f1c093,success,,genuine,Glad2Glow Tremella Vita B5 Sensitive Calming Gel Cleanser official,1215,1215,235504,2026-08-15T14:37:46.680959+00:00
15577b34f448,GLAD2GLOW_TREMELLA_VITA_B5_SENSITIVE_CALMING_GEL_CLEANSER_NA11241201006,Glad2Glow,Tremella Vita B5 Sensitive Calming Gel Cleanser,NA11241201006,https://cdn.beautyhaul.com/assets/uploads/products/thumbs/800x800/G2G-FAW-00050_%282%29_3.png,SafeCart_Dataset\images\genuine_reference\GLAD2GLOW_TREMELLA_VITA_B5_SENSITIVE_CALMING_GEL_CLEANSER_NA11241201006\15577b34f448.jpg,https://www.beautyhaul.com/product/detail/tremella-vita-b5-sensitive-calming-gel-cleanser?srsltid=AfmBOop8zlBl-7ErmbqLOfqCjilqaimhG7pzN4ONTFI1hBKuUcawRTWU,www.beautyhaul.com,beautyhaul.com,,,,,,,,,,,genuine_reference,,0.0,0.0,False,,not_visible,86ae0af0bf30f8c70efed00e44d946c5,e6cc9933cc33cc64,success,,genuine,Glad2Glow Tremella Vita B5 Sensitive Calming Gel Cleanser official,800,800,32540,2026-08-15T14:37:47.354529+00:00
edb1d307984a,GLAD2GLOW_TREMELLA_VITA_B5_SENSITIVE_CALMING_GEL_CLEANSER_NA11241201006,Glad2Glow,Tremella Vita B5 Sensitive Calming Gel Cleanser,NA11241201006,https://down-my.img.susercontent.com/file/my-11134208-7ras9-m96zit45mhx06d,SafeCart_Dataset\images\genuine_reference\GLAD2GLOW_TREMELLA_VITA_B5_SENSITIVE_CALMING_GEL_CLEANSER_NA11241201006\edb1d307984a.jpg,https://www.ebay.com/itm/356987265493,www.ebay.com,ebay.com,,,,,,,,,,,genuine_reference,,0.0,0.0,False,,not_visible,fb85185be7c9b7ec09e5d164d22804fa,ed9acd63984e8349,success,,genuine,Glad2Glow Tremella Vita B5 Sensitive Calming Gel Cleanser official,1200,1200,236660,2026-08-15T14:37:47.635384+00:00
52d692afaabf,GLAD2GLOW_TREMELLA_VITA_B5_SENSITIVE_CALMING_GEL_CLEANSER_NA11241201006,Glad2Glow,Tremella Vita B5 Sensitive Calming Gel Cleanser,NA11241201006,https://s2.konvy.com/static/team/2025/0618/2025061814240094322.jpg,SafeCart_Dataset\images\genuine_reference\GLAD2GLOW_TREMELLA_VITA_B5_SENSITIVE_CALMING_GEL_CLEANSER_NA11241201006\52d692afaabf.jpg,https://www.konvy.com/m/glad2glow/glad2glow-tremella-vita-b5-sensitive-calming-gel-cleanser-70ml-115996.html?srsltid=AfmBOoopBPZMYVF-H6SRFVFHPAnADiA8GDdlp5rlbv9u8AQqLc8a0y09,www.konvy.com,konvy.com,,,,,,,,,,,genuine_reference,,0.0,0.0,False,,not_visible,fd0d4c955866e2196e248c191104d678,e699996689669933,success,,genuine,Glad2Glow Tremella Vita B5 Sensitive Calming Gel Cleanser official,1000,1000,68781,2026-08-15T14:37:48.513841+00:00
6c93156a2480,GLAD2GLOW_TREMELLA_VITA_B5_SENSITIVE_CALMING_GEL_CLEANSER_NA11241201006,Glad2Glow,Tremella Vita B5 Sensitive Calming Gel Cleanser,NA11241201006,https://i.ebayimg.com/images/g/tUEAAOSwUPhnYCqg/s-l500.jpg,SafeCart_Dataset\images\reported_counterfeit_candidate\GLAD2GLOW_TREMELLA_VITA_B5_SENSITIVE_CALMING_GEL_CLEANSER_NA11241201006\6c93156a2480.jpg,https://www.ebay.com/itm/356987265493,www.ebay.com,ebay.com,,,,,,"Glad2Glow Tremella Vita B5 Sensitive Calming Gel ... There are many fake 3C3s on the market, but this seller provides genuine products — highly trustworthy!",,fake,MODERATE_EVIDENCE,3.0,reported_counterfeit_candidate,,0.0,0.0,False,,not_visible,7619ac2c966a22c710e3a65847cbe78f,e69a9866cd6532cc,success,,counterfeit_evidence,https://www.ebay.com/itm/356987265493,500,500,20818,2026-08-15T14:37:49.508713+00:00
0128574765b1,SENKA_PERFECT_WHIP_LOW_PH_CALMING_CICA_NA54241200014,Senka,Perfect Whip Low pH Calming Cica,NA54241200014,https://target.scene7.com/is/image/Target/GUEST_a2f0813a-f539-4118-9e27-18705ae92cc9,SafeCart_Dataset\images\genuine_reference\SENKA_PERFECT_WHIP_LOW_PH_CALMING_CICA_NA54241200014\0128574765b1.jpg,https://www.target.com/p/shiseido-senka-perfect-whip-low-ph-calming-cica-facial-foam-a-skin-friendly-cleanser-that-is-gentle-on-sensitive-skin-3-52-oz/-/A-1005839156,www.target.com,target.com,,,,,,,,,,,genuine_reference,,0.0,0.0,False,,not_visible,889d752f6730387bc3b51e15f97606b1,e6399b8b99c6cc88,success,,genuine,Senka Perfect Whip Low pH Calming Cica official,400,400,17367,2026-08-15T14:37:16.605807+00:00
d822afb7a97d,SENKA_PERFECT_WHIP_LOW_PH_CALMING_CICA_NA54241200014,Senka,Perfect Whip Low pH Calming Cica,NA54241200014,https://miessential.com/cdn/shop/files/Senka_Perfect_Whip_Low_PH_Calming_Cica_2.jpg?v=1722461674&width=1445,SafeCart_Dataset\images\genuine_reference\SENKA_PERFECT_WHIP_LOW_PH_CALMING_CICA_NA54241200014\d822afb7a97d.jpg,https://miessential.com/products/shiseido-senka-perfect-whip-low-ph-calming-cica?srsltid=AfmBOoq1PKHWMwhLCxjAKSu6hBCl-MB4XT0jz2XDY2f3yu9FvgcxoqwO,miessential.com,miessential.com,,,,,,,,,,,genuine_reference,,0.0,0.0,False,,not_visible,a5bb5d439d6b36beb208c5c300a18c76,cc293a54936a6d6d,success,,genuine,Senka Perfect Whip Low pH Calming Cica official,1080,1080,157486,2026-08-15T14:37:17.251810+00:00
578cbf1ff27a,SENKA_PERFECT_WHIP_LOW_PH_CALMING_CICA_NA54241200014,Senka,Perfect Whip Low pH Calming Cica,NA54241200014,https://miessential.com/cdn/shop/files/Senka_Perfect_Whip_Low_PH_Calming_Cica_1.jpg?v=1722461672&width=416,SafeCart_Dataset\images\genuine_reference\SENKA_PERFECT_WHIP_LOW_PH_CALMING_CICA_NA54241200014\578cbf1ff27a.jpg,https://miessential.com/products/shiseido-senka-perfect-whip-low-ph-calming-cica?srsltid=AfmBOooGI4-ZfcFgbY7V7VB5DzoXCrGudOGnsjegVq5ypdvHosxdGjHG,miessential.com,miessential.com,,,,,,,,,,,genuine_reference,,0.0,0.0,False,,not_visible,6ca7d88f10b74aafad44b88d604de81e,9c53c307e33cfc41,success,,genuine,Senka Perfect Whip Low pH Calming Cica official,416,416,41532,2026-08-15T14:37:17.625391+00:00
66d9e6749526,SENKA_PERFECT_WHIP_LOW_PH_CALMING_CICA_NA54241200014,Senka,Perfect Whip Low pH Calming Cica,NA54241200014,https://i.ebayimg.com/00/s/MTIxOFgxNDEz/z/CR4AAOSwsnFmHKno/$_57.JPG?set_id=880000500F,SafeCart_Dataset\images\genuine_reference\SENKA_PERFECT_WHIP_LOW_PH_CALMING_CICA_NA54241200014\66d9e6749526.jpg,https://www.ebay.com/itm/126431764927,www.ebay.com,ebay.com,,,,,,,,,,,genuine_reference,,0.0,0.0,False,,not_visible,a4ee5a75b8bc5a0c34e90cd62032f61c,a6b4ce82d3699ab2,success,,genuine,Senka Perfect Whip Low pH Calming Cica official,1413,1218,187102,2026-08-15T14:37:17.876970+00:00
9ae719e394ad,SENKA_PERFECT_WHIP_LOW_PH_CALMING_CICA_NA54241200014,Senka,Perfect Whip Low pH Calming Cica,NA54241200014,https://miessential.com/cdn/shop/files/Senka_Perfect_Whip_Low_PH_Calming_Cica_4.jpg?v=1722461678&width=1445,SafeCart_Dataset\images\genuine_reference\SENKA_PERFECT_WHIP_LOW_PH_CALMING_CICA_NA54241200014\9ae719e394ad.jpg,https://miessential.com/products/shiseido-senka-perfect-whip-low-ph-calming-cica?srsltid=AfmBOooNq4NxFruiCrL7R0XI0LNe8hlEGKB91NeQk9SPIccvlRuHqHqF,miessential.com,miessential.com,,,,,,,,,,,genuine_reference,,0.0,0.0,False,,not_visible,3876b5e89e5dcdea4ccfc79dbcbb6af6,,success,duplicate_of:efa6f6ce63e8,genuine,Senka Perfect Whip Low pH Calming Cica official,1080,1080,92611,2026-08-15T14:37:18.190714+00:00
dfab5b15cc79,SENKA_PERFECT_WHIP_LOW_PH_CALMING_CICA_NA54241200014,Senka,Perfect Whip Low pH Calming Cica,NA54241200014,https://theskincarelibrary.com/cdn/shop/files/ShiseidoSenkaPerfectWhipLowpHCalmingCicaFacialFoam_05a5f5dc-bb9f-4e7d-ba88-bb87d060b9ed_1200x.png?v=1754168893,SafeCart_Dataset\images\genuine_reference\SENKA_PERFECT_WHIP_LOW_PH_CALMING_CICA_NA54241200014\dfab5b15cc79.jpg,https://theskincarelibrary.com/products/shiseido-senka-perfect-whip-low-ph-calming-cica-facial-foam-100g,theskincarelibrary.com,theskincarelibrary.com,,,,,,,,,,,genuine_reference,,0.0,0.0,False,,not_visible,9191a93a06201bb95032e62bb0e2644b,e669c9969c728cc9,success,,genuine,Senka Perfect Whip Low pH Calming Cica official,1200,1201,141066,2026-08-15T14:37:18.721421+00:00
6e5169871148,SENKA_PERFECT_WHIP_LOW_PH_CALMING_CICA_NA54241200014,Senka,Perfect Whip Low pH Calming Cica,NA54241200014,https://uploads.dailyvanity.sg/wp-content/uploads/2024/04/Senka-Perfect-Whip-Low-pH-gentle-Calming-Cica-xinyu.jpg,SafeCart_Dataset\images\genuine_reference\SENKA_PERFECT_WHIP_LOW_PH_CALMING_CICA_NA54241200014\6e5169871148.jpg,https://dailyvanity.sg/beauty-reviews/senka-perfect-whip-low-ph-gentle-calming-cica-review/,dailyvanity.sg,dailyvanity.sg,,,,,,,,,,,genuine_reference,,0.0,0.0,False,,not_visible,bd2dcf0e61791ea27c28576a1b50e108,bf2bd909a054b1d6,success,,genuine,Senka Perfect Whip Low pH Calming Cica official,700,467,86760,2026-08-15T14:37:26.011728+00:00
3d5a8d79eeae,SENKA_PERFECT_WHIP_LOW_PH_CALMING_CICA_NA54241200014,Senka,Perfect Whip Low pH Calming Cica,NA54241200014,https://miessential.com/cdn/shop/files/SenkaPerfectWhipLowPHCalmingCica.jpg?v=1722461659&width=600,SafeCart_Dataset\images\genuine_reference\SENKA_PERFECT_WHIP_LOW_PH_CALMING_CICA_NA54241200014\3d5a8d79eeae.jpg,https://miessential.com/products/shiseido-senka-perfect-whip-low-ph-calming-cica?srsltid=AfmBOorYO30n4hOKpcE1V4FV7NxIswuU7q3AXWyVVnvDqKzcx91XDcCL,miessential.com,miessential.com,,,,,,,,,,,genuine_reference,,0.0,0.0,False,,not_visible,12a109ac654e2c69573d100f74427a66,,success,duplicate_of:b45d9185583b,genuine,Senka Perfect Whip Low pH Calming Cica official website,600,600,33417,2026-08-15T14:37:33.794697+00:00
74c3054e2155,SENKA_PERFECT_WHIP_ACNE_CARE_TWINPACK_NA54231200018,Senka,Perfect Whip Acne Care Twinpack,NA54231200018,https://i.ebayimg.com/images/g/jqgAAOSw5nxnBogJ/s-l1200.png,SafeCart_Dataset\images\genuine_reference\SENKA_PERFECT_WHIP_ACNE_CARE_TWINPACK_NA54231200018\74c3054e2155.jpg,https://www.ebay.com/itm/135294124315,www.ebay.com,ebay.com,,,,,,,,,,,genuine_reference,,0.0,0.0,False,,not_visible,536b498668729653090194d689482459,e42cc339c866c9db,success,,genuine,Senka Perfect Whip Acne Care Twinpack official,880,880,65399,2026-08-15T14:36:40.648564+00:00
43ef01ebd6f7,SENKA_PERFECT_WHIP_ACNE_CARE_TWINPACK_NA54231200018,Senka,Perfect Whip Acne Care Twinpack,NA54231200018,https://medias.watsons.co.th/publishing/WTCTH-329362-side-zoom.jpg?version=1782588046,SafeCart_Dataset\images\genuine_reference\SENKA_PERFECT_WHIP_ACNE_CARE_TWINPACK_NA54231200018\43ef01ebd6f7.jpg,https://www.watsons.co.th/en/senka-senka-perfect-whip-acne-care-a-100-g.twin-pack/p/BP_329362?srsltid=AfmBOor6Ky6wnUakTncSOQoO3rZiN3HSICsLPQ9Qd31nBhzmmtGd1BS7,www.watsons.co.th,watsons.co.th,,,,,,,,,,,genuine_reference,,0.0,0.0,False,,not_visible,456067f3fdf4d4a8ef896639df0310ce,f933c48cd3799684,success,,genuine,Senka Perfect Whip Acne Care Twinpack official,880,880,94936,2026-08-15T14:36:41.090006+00:00
96b4cba00910,SENKA_PERFECT_WHIP_ACNE_CARE_TWINPACK_NA54231200018,Senka,Perfect Whip Acne Care Twinpack,NA54231200018,https://s2.konvy.com/static/team/2025/0724/2025072414553975579.jpg,SafeCart_Dataset\images\genuine_reference\SENKA_PERFECT_WHIP_ACNE_CARE_TWINPACK_NA54231200018\96b4cba00910.jpg,https://www.konvy.com/m/senka/senka-perfect-whip-acne-care-twin-pack-%5B100g-x-2pcs%5D-121457.html?srsltid=AfmBOoqlOga19DXl87CGW9fgzgPRmKK4sR6pA6Zw1nc8qN9w3Sn-mr_E,www.konvy.com,konvy.com,,,,,,,,,,,genuine_reference,,0.0,0.0,False,,not_visible,07ba383a1337ddb4bb86c4d67fca93a3,884a9735b53dc25b,success,,genuine,Senka Perfect Whip Acne Care Twinpack official,1000,1000,100892,2026-08-15T14:36:41.303987+00:00
b9e167fa0b4d,SENKA_PERFECT_WHIP_ACNE_CARE_TWINPACK_NA54231200018,Senka,Perfect Whip Acne Care Twinpack,NA54231200018,https://www.konvy.com/static/team/2025/1119/17635413208194_600x600.jpg,SafeCart_Dataset\images\genuine_reference\SENKA_PERFECT_WHIP_ACNE_CARE_TWINPACK_NA54231200018\b9e167fa0b4d.jpg,https://www.konvy.com/m/senka/senka-perfect-whip-acne-care-twin-pack-%5B100g-x-2pcs%5D-121457.html?srsltid=AfmBOorGr3RBKVFjwEYE5WhN63aSLPUUHSMOvnnRf2YJoRDxIounLzlN,www.konvy.com,konvy.com,,,,,,,,,,,genuine_reference,,0.0,0.0,False,,not_visible,b46f244df68df4ce8cca2e37905ab9e6,b0678b98ce679986,success,,genuine,Senka Perfect Whip Acne Care Twinpack official,600,600,53882,2026-08-15T14:36:41.731373+00:00
e0f230dd94c9,SENKA_PERFECT_WHIP_ACNE_CARE_TWINPACK_NA54231200018,Senka,Perfect Whip Acne Care Twinpack,NA54231200018,https://www.static-src.com/wcsstore/Indraprastha/images/catalog/full/catalog-image/MTA-130609665/senka_-twinpack-_senka_perfect_whip_acne_care_facial_foam-100_g-_full04_ems0v66z.jpeg,SafeCart_Dataset\images\genuine_reference\SENKA_PERFECT_WHIP_ACNE_CARE_TWINPACK_NA54231200018\e0f230dd94c9.jpg,https://www.blibli.com/p/senka-perfect-whip-acne-care-facial-foam-100-g-isi-2-pcs/ps--SEI-70172-00025,www.blibli.com,blibli.com,,,,,,,,,,,genuine_reference,,0.0,0.0,False,,not_visible,24d72f0f871de9f631ad00fa5ae24688,f2ad4f960fd2204b,success,,genuine,Senka Perfect Whip Acne Care Twinpack official,2500,2500,492702,2026-08-15T14:36:42.094411+00:00
14ebaf34e66d,SENKA_PERFECT_WHIP_ACNE_CARE_TWINPACK_NA54231200018,Senka,Perfect Whip Acne Care Twinpack,NA54231200018,https://miessential.com/cdn/shop/files/Shiseido_Senka_Perfect_Whip_Acne_Care_-_Miessential-1610513.png?v=1721510358&width=1445,SafeCart_Dataset\images\genuine_reference\SENKA_PERFECT_WHIP_ACNE_CARE_TWINPACK_NA54231200018\14ebaf34e66d.jpg,https://miessential.com/products/shiseido-senka-perfect-whip-acne-care?srsltid=AfmBOor1qDIcTa6Epeno5hlg7Rzk_No7K0zLOyj3RQHtwrm5Ki5X6UBm,miessential.com,miessential.com,,,,,,,,,,,genuine_reference,,0.0,0.0,False,,not_visible,184f25a626b6d4339e25d3cbf6e07828,a689d9e01d677358,success,,genuine,Senka Perfect Whip Acne Care Twinpack official,1080,1080,153468,2026-08-15T14:36:42.741580+00:00
4187b3122232,SENKA_PERFECT_WHIP_ACNE_CARE_TWINPACK_NA54231200018,Senka,Perfect Whip Acne Care Twinpack,NA54231200018,https://miessential.com/cdn/shop/files/Shiseido_Senka_Perfect_Whip_Acne_Care_-_Miessential-1610516.jpg?v=1721510363&width=1445,SafeCart_Dataset\images\genuine_reference\SENKA_PERFECT_WHIP_ACNE_CARE_TWINPACK_NA54231200018\4187b3122232.jpg,https://miessential.com/products/shiseido-senka-perfect-whip-acne-care?srsltid=AfmBOoofgL6g994N5O7j5PmHg0XIsHnqll9rIEcsx_X6bcxuwkvxAPuk,miessential.com,miessential.com,,,,,,,,,,,genuine_reference,,0.0,0.0,False,,not_visible,a15ce763516bc8bd1425212866008831,af68d0932f0e0fe1,success,,genuine,Senka Perfect Whip Acne Care Twinpack official,1080,1080,113967,2026-08-15T14:36:44.304052+00:00
4353a819bdab,SENKA_PERFECT_WHIP_ACNE_CARE_TWINPACK_NA54231200018,Senka,Perfect Whip Acne Care Twinpack,NA54231200018,https://down-id.img.susercontent.com/file/id-11134207-81ztf-mrl44sfb6oegd2,SafeCart_Dataset\images\genuine_reference\SENKA_PERFECT_WHIP_ACNE_CARE_TWINPACK_NA54231200018\4353a819bdab.jpg,https://shopee.co.id/-TWINPACK-SENKA-Perfect-Whip-Acne-Care-100gr-i.138850166.3534794624,shopee.co.id,shopee.co.id,,,,,,,,,,,genuine_reference,,0.0,0.0,False,,not_visible,99d4b18f774803e6c2af087fd90eec46,d8a0a5daaab5c5ca,success,,genuine,Senka Perfect Whip Acne Care Twinpack official,1024,1024,153108,2026-08-15T14:36:44.544289+00:00
004b27b77e5c,SENKA_PERFECT_WHIP_ACNE_CARE_TWINPACK_NA54231200018,Senka,Perfect Whip Acne Care Twinpack,NA54231200018,https://p16-common-sign.tiktokcdn-us.com/tos-maliva-p-0068/oAUEDe0IDQbIgif61fbIal5AjoxMInS1CBYpCT~tplv-photomode-video-share-card:630:630:20.jpeg?dr=9616&refresh_token=bbbe7645&x-expires=1817902800&x-signature=Y%2B69RSfVDAA9XLhQj0RnmYKLjPs%3D&t=4d5b0474&ps=13740610&shp=55bbe6a9&shcp=f07906a3&idc=useast8&ftpl=1,SafeCart_Dataset\images\reported_counterfeit_candidate\SENKA_PERFECT_WHIP_ACNE_CARE_TWINPACK_NA54231200018\004b27b77e5c.jpg,https://www.tiktok.com/@senkaindonesia/video/7241597514766404869,www.tiktok.com,tiktok.com,,,,,,"Kemasannya mirip, tapi beda yaa! Jangan sampai salah, dan ... Perbedaan Senka Asli Dan Palsu · Perbedaan Lifusha Asli Dan Palsu ... Senka Perfect Whip Acne Care, acne prone skin cleanser, effective ...",,palsu,MODERATE_EVIDENCE,3.0,reported_counterfeit_candidate,,0.0,0.0,False,,not_visible,e56473bf2d43d57b1ddd62c0670f78cb,c2399c65736433da,success,,counterfeit_evidence,https://www.tiktok.com/@senkaindonesia/video/7241597514766404869,630,630,46180,2026-08-15T14:38:10.804789+00:00
963f9ecb310c,DANCING_WHALE_CLEAR_CLEANSING_FOAM_NA26241200756,Dancing Whale,Clear Cleansing Foam,NA26241200756,https://m.media-amazon.com/images/I/61y-SzyP1PL.jpg,SafeCart_Dataset\images\genuine_reference\DANCING_WHALE_CLEAR_CLEANSING_FOAM_NA26241200756\963f9ecb310c.jpg,https://www.amazon.com/Dancing-Whale-Clear-Cleansing-120ml/dp/B0D388B5KY,www.amazon.com,amazon.com,,,,,,,,,,,genuine_reference,,0.0,0.0,False,,not_visible,07fe3ebf1c93f2312f04879d2cc8b840,edda948692656969,success,,genuine,Dancing Whale Clear Cleansing Foam official,1000,2502,138956,2026-08-15T14:37:58.215332+00:00
1dafc4d27f38,DANCING_WHALE_CLEAR_CLEANSING_FOAM_NA26241200756,Dancing Whale,Clear Cleansing Foam,NA26241200756,https://www.gosupps.com/media/catalog/product/cache/25/image/1500x/040ec09b1e35df139433887a97daa66f/4/1/41K7W00OulL._SL1000_.jpg,SafeCart_Dataset\images\genuine_reference\DANCING_WHALE_CLEAR_CLEANSING_FOAM_NA26241200756\1dafc4d27f38.jpg,https://www.gosupps.com/clear-cleansing-foam-4-05-fl-oz-120ml.html,www.gosupps.com,gosupps.com,,,,,,,,,,,genuine_reference,,0.0,0.0,False,,not_visible,cffa3fcf694dee4a8424a9793a4bcce2,cc18f714b666b04f,success,,genuine,Dancing Whale Clear Cleansing Foam official,1000,1000,45822,2026-08-15T14:37:58.973782+00:00
3d4fc6e2da5c,DANCING_WHALE_CLEAR_CLEANSING_FOAM_NA26241200756,Dancing Whale,Clear Cleansing Foam,NA26241200756,"https://m.media-amazon.com/images/I/61rZpq-5IkL.jpg_BO30,255,255,255_UF750,750_SR1910,1000,0,C_QL100_.jpg",SafeCart_Dataset\images\genuine_reference\DANCING_WHALE_CLEAR_CLEANSING_FOAM_NA26241200756\3d4fc6e2da5c.jpg,https://www.amazon.com/Dancing-Whale-Clear-Cleansing-120ml/dp/B0D388B5KY,www.amazon.com,amazon.com,,,,,,,,,,,genuine_reference,,0.0,0.0,False,,not_visible,43c08c95861558e9b02b2442b89447f1,e6998966993366cc,success,,genuine,Dancing Whale Clear Cleansing Foam official,1910,1000,67776,2026-08-15T14:37:59.304265+00:00
6522338dad83,DANCING_WHALE_CLEAR_CLEANSING_FOAM_NA26241200756,Dancing Whale,Clear Cleansing Foam,NA26241200756,"https://m.media-amazon.com/images/S/aplus-media-library-service-media/5d0a0b67-3aed-4df5-bee5-7f046964ab06.__CR0,0,600,450_PT0_SX600_V1___.jpg",SafeCart_Dataset\images\genuine_reference\DANCING_WHALE_CLEAR_CLEANSING_FOAM_NA26241200756\6522338dad83.jpg,https://www.amazon.com/Dancing-Whale-Clear-Cleansing-120ml/dp/B0D388B5KY,www.amazon.com,amazon.com,,,,,,,,,,,genuine_reference,,0.0,0.0,False,,not_visible,bef9068818fe83a3015062d5dc590e2c,dc586b6be804e1b3,success,,genuine,Dancing Whale Clear Cleansing Foam official,600,450,81310,2026-08-15T14:37:59.720792+00:00
c15cbebbbd51,DANCING_WHALE_CLEAR_CLEANSING_FOAM_NA26241200756,Dancing Whale,Clear Cleansing Foam,NA26241200756,https://www.gosupps.com/media/catalog/product/6/1/61WpUf4pprL.jpg,SafeCart_Dataset\images\genuine_reference\DANCING_WHALE_CLEAR_CLEANSING_FOAM_NA26241200756\c15cbebbbd51.jpg,https://www.gosupps.com/clear-cleansing-foam-4-05-fl-oz-120ml.html,www.gosupps.com,gosupps.com,,,,,,,,,,,genuine_reference,,0.0,0.0,False,,not_visible,509e5f950f1f7a0c5fc725ca1592e853,ea7a859696691a4d,success,,genuine,Dancing Whale Clear Cleansing Foam official,869,2560,137531,2026-08-15T14:38:04.263736+00:00
f7ce20535a21,DANCING_WHALE_CLEAR_CLEANSING_FOAM_NA26241200756,Dancing Whale,Clear Cleansing Foam,NA26241200756,"https://m.media-amazon.com/images/I/81RU5uDquZL._AC_UF350,350_QL80_.jpg",SafeCart_Dataset\images\genuine_reference\DANCING_WHALE_CLEAR_CLEANSING_FOAM_NA26241200756\f7ce20535a21.jpg,https://www.amazon.com/Dancing-Whale-Clear-Cleansing-120ml/dp/B0D388B5KY,www.amazon.com,amazon.com,,,,,,,,,,,genuine_reference,,0.0,0.0,False,,not_visible,7b348cc544ba3ae2933e6cafbee35890,eda9a9449b9ac293,success,,genuine,Dancing Whale Clear Cleansing Foam official,350,350,36455,2026-08-15T14:38:04.560174+00:00
4981a087b0f9,DANCING_WHALE_CLEAR_CLEANSING_FOAM_NA26241200756,Dancing Whale,Clear Cleansing Foam,NA26241200756,"https://m.media-amazon.com/images/S/aplus-media-library-service-media/82eee469-bd91-4673-888a-5a899849aad5.__CR0,0,600,450_PT0_SX600_V1___.jpg",SafeCart_Dataset\images\genuine_reference\DANCING_WHALE_CLEAR_CLEANSING_FOAM_NA26241200756\4981a087b0f9.jpg,https://www.amazon.com/Dancing-Whale-Clear-Cleansing-120ml/dp/B0D388B5KY,www.amazon.com,amazon.com,,,,,,,,,,,genuine_reference,,0.0,0.0,False,,not_visible,b30fce63efefe52b508eb4af57d323e2,dc76ca6e63959019,success,,genuine,Dancing Whale Clear Cleansing Foam official,600,450,82695,2026-08-15T14:38:04.978404+00:00
a9588072e7fc,DANCING_WHALE_CLEAR_CLEANSING_FOAM_NA26241200756,Dancing Whale,Clear Cleansing Foam,NA26241200756,"https://m.media-amazon.com/images/I/819Y0S7VkiL._AC_UF350,350_QL80_.jpg",SafeCart_Dataset\images\genuine_reference\DANCING_WHALE_CLEAR_CLEANSING_FOAM_NA26241200756\a9588072e7fc.jpg,https://www.amazon.com/Dancing-Whale-Clear-Cleansing-120ml/dp/B0D388B5KY,www.amazon.com,amazon.com,,,,,,,,,,,genuine_reference,,0.0,0.0,False,,not_visible,57c2f04ee3c09987007ad5d59af14f5c,bfb449a5d24ad249,success,,genuine,Dancing Whale Clear Cleansing Foam official,350,350,44758,2026-08-15T14:38:05.699249+00:00
16592de010e6,FACETOLOGY_TRIPLE_CARE_ACNE_CALM_CLEANSER_NA18241210486,Facetology,Triple Care Acne Calm Cleanser,NA18241210486,https://storage.skinsort.com/fh84ejmy44tu8mo6i3khvo2hazvz,SafeCart_Dataset\images\genuine_reference\FACETOLOGY_TRIPLE_CARE_ACNE_CALM_CLEANSER_NA18241210486\16592de010e6.jpg,https://skinsort.com/products/facetology/triple-care-acne-calm-cleanser,skinsort.com,skinsort.com,,,,,,,,,,,genuine_reference,,0.0,0.0,False,,not_visible,05a9d1cd14437e8c74667f6932d3d9aa,e91e1e9f969c84d0,success,,genuine,Facetology Triple Care Acne Calm Cleanser official,355,668,34209,2026-08-15T14:37:54.831759+00:00
1f7f0d52b8a3,FACETOLOGY_TRIPLE_CARE_ACNE_CALM_CLEANSER_NA18241210486,Facetology,Triple Care Acne Calm Cleanser,NA18241210486,"https://www.sociolla.com/cdn-cgi/image/w=500,format=auto,dpr=1.45/https://images.soco.id/184d1b91-4be0-4051-916e-498995247d78-image-0-1747385128990",SafeCart_Dataset\images\genuine_reference\FACETOLOGY_TRIPLE_CARE_ACNE_CALM_CLEANSER_NA18241210486\1f7f0d52b8a3.jpg,https://www.sociolla.com/face-wash/91233-triple-care-acne-calm-cleanser,www.sociolla.com,sociolla.com,,,,,,,,,,,genuine_reference,,0.0,0.0,False,,not_visible,a5aa02b9169138f42c29ad86617fd5d5,e66c694ccc33cc99,success,,genuine,Facetology Triple Care Acne Calm Cleanser official,725,725,41551,2026-08-15T14:37:55.108819+00:00
83be1e0b5e55,FACETOLOGY_TRIPLE_CARE_ACNE_CALM_CLEANSER_NA18241210486,Facetology,Triple Care Acne Calm Cleanser,NA18241210486,https://facetology.id/wp-content/uploads/2025/03/Acne-kit.webp,SafeCart_Dataset\images\genuine_reference\FACETOLOGY_TRIPLE_CARE_ACNE_CALM_CLEANSER_NA18241210486\83be1e0b5e55.jpg,https://facetology.id/product/facetology-triple-care-acne-calm-cleanser/,facetology.id,facetology.id,,,,,,,,,,,genuine_reference,,0.0,0.0,False,,not_visible,57d4dfcd0ffd649ed17474d5f2993aef,db96b4ad5252e1e0,success,,genuine,Facetology Triple Care Acne Calm Cleanser official,1024,1024,140305,2026-08-15T14:37:55.576135+00:00
f5f5f6465aca,FACETOLOGY_TRIPLE_CARE_ACNE_CALM_CLEANSER_NA18241210486,Facetology,Triple Care Acne Calm Cleanser,NA18241210486,https://facetology.id/wp-content/uploads/2025/03/Ingredients-Facetology-Triple-Care-Acne-Calm-Cleanser.webp,SafeCart_Dataset\images\genuine_reference\FACETOLOGY_TRIPLE_CARE_ACNE_CALM_CLEANSER_NA18241210486\f5f5f6465aca.jpg,https://facetology.id/product/facetology-triple-care-acne-calm-cleanser/,facetology.id,facetology.id,,,,,,,,,,,genuine_reference,,0.0,0.0,False,,not_visible,d533abcb623a557eb818b564bc2a771b,9f77f00bc4cbd084,success,,genuine,Facetology Triple Care Acne Calm Cleanser official,1024,1024,153779,2026-08-15T14:37:57.938321+00:00
278ec242ca99,FACETOLOGY_TRIPLE_CARE_ACNE_CALM_CLEANSER_NA18241210486,Facetology,Triple Care Acne Calm Cleanser,NA18241210486,https://facetology.id/wp-content/uploads/2025/03/Facetology-Triple-Care-Acne-Calm-Cleanser.webp,SafeCart_Dataset\images\genuine_reference\FACETOLOGY_TRIPLE_CARE_ACNE_CALM_CLEANSER_NA18241210486\278ec242ca99.jpg,https://facetology.id/product/facetology-triple-care-acne-calm-cleanser/,facetology.id,facetology.id,,,,,,,,,,,genuine_reference,,0.0,0.0,False,,not_visible,27cbfa7c41ba8fdebe6187dd1e297a2e,bca391e146f9631c,success,,genuine,Facetology Triple Care Acne Calm Cleanser official website,1024,1024,151206,2026-08-15T14:38:05.867465+00:00
8f6ea3bc759c,FACETOLOGY_TRIPLE_CARE_ACNE_CALM_CLEANSER_NA18241210486,Facetology,Triple Care Acne Calm Cleanser,NA18241210486,https://facetology.id/wp-content/uploads/2025/03/facetology-Triple-care-acne-calm-moisturizer-teruji-1024x1024.jpg,SafeCart_Dataset\images\genuine_reference\FACETOLOGY_TRIPLE_CARE_ACNE_CALM_CLEANSER_NA18241210486\8f6ea3bc759c.jpg,https://facetology.id/product/facetology-triple-care-acne-calm-cleanser/,facetology.id,facetology.id,,,,,,,,,,,genuine_reference,,0.0,0.0,False,,not_visible,bce4dec9bb8ad5c784060ca45e4f2a21,ebb5b448d2cb90b2,success,,genuine,Facetology Triple Care Acne Calm Cleanser official website,1024,1024,112660,2026-08-15T14:38:06.350945+00:00
cac668da1d0f,FACETOLOGY_TRIPLE_CARE_ACNE_CALM_CLEANSER_NA18241210486,Facetology,Triple Care Acne Calm Cleanser,NA18241210486,https://facetology.id/wp-content/uploads/2025/03/fungal-acne-facetology.webp,SafeCart_Dataset\images\genuine_reference\FACETOLOGY_TRIPLE_CARE_ACNE_CALM_CLEANSER_NA18241210486\cac668da1d0f.jpg,https://facetology.id/product/facetology-triple-care-acne-calm-cleanser/,facetology.id,facetology.id,,,,,,,,,,,genuine_reference,,0.0,0.0,False,,not_visible,e08ed082c37c9187da216233e26b9401,bb37c2c9e4c0c43b,success,,genuine,Facetology Triple Care Acne Calm Cleanser official website,1024,1024,133643,2026-08-15T14:38:07.415201+00:00
37c8fe4893bc,FACETOLOGY_TRIPLE_CARE_ACNE_CALM_CLEANSER_NA18241210486,Facetology,Triple Care Acne Calm Cleanser,NA18241210486,https://facetology.id/wp-content/uploads/2025/03/redakan-jerawat.webp,SafeCart_Dataset\images\genuine_reference\FACETOLOGY_TRIPLE_CARE_ACNE_CALM_CLEANSER_NA18241210486\37c8fe4893bc.jpg,https://facetology.id/product/facetology-triple-care-acne-calm-cleanser/,facetology.id,facetology.id,,,,,,,,,,,genuine_reference,,0.0,0.0,False,,not_visible,74d2d05d76a1c98bba133b20520e0397,aeb3a564916ad48d,success,,genuine,Facetology Triple Care Acne Calm Cleanser official website,1024,1024,164564,2026-08-15T14:38:07.619112+00:00
e94a7a91b42c,ARIUL_SMOOTH_PURE_DEEP_CLEAN_CLEANSING_FOAM_NA26231200642,Ariul,Smooth & Pure Deep Clean Cleansing Foam,NA26231200642,https://static.sweetcare.com/img/prd/488/v-639004430737046233/ariul-026820u0_01.jpg,SafeCart_Dataset\images\genuine_reference\ARIUL_SMOOTH_PURE_DEEP_CLEAN_CLEANSING_FOAM_NA26231200642\e94a7a91b42c.jpg,https://www.sweetcare.com/us/ariul-stress-relieving-cleansing-smooth-pure-deep-clean-face-cleansing-foam-p-026820u0?st=01&country=nc,www.sweetcare.com,sweetcare.com,,,,,,,,,,,genuine_reference,,0.0,0.0,False,,not_visible,e7a2c73cd7ddd2bb02ab827b3d735dde,e665993366329999,success,,genuine,Ariul Smooth & Pure Deep Clean Cleansing Foam official,488,488,26430,2026-08-15T14:38:20.110422+00:00
60961e5f5f5e,ARIUL_SMOOTH_PURE_DEEP_CLEAN_CLEANSING_FOAM_NA26231200642,Ariul,Smooth & Pure Deep Clean Cleansing Foam,NA26231200642,https://d1f6um9xlu8jl4.cloudfront.net/ARIUL/ARIUL_Smooth_Pure_Deep_Clean_Cleansing_Foam_T.jpg,SafeCart_Dataset\images\genuine_reference\ARIUL_SMOOTH_PURE_DEEP_CLEAN_CLEANSING_FOAM_NA26231200642\60961e5f5f5e.jpg,https://jolse.com/product/ariul-smooth-pure-deep-clean-cleansing-foam-80ml/73332/?srsltid=AfmBOoraPbuiQp2eqIsuxgZVLsROpiDauZg4wMocYWa4EB4X0R0O_41M,jolse.com,jolse.com,,,,,,,,,,,genuine_reference,,0.0,0.0,False,,not_visible,4b55c217bb8b7d2065972710b6466096,e666999b988c99cc,success,,genuine,Ariul Smooth & Pure Deep Clean Cleansing Foam official,500,500,25649,2026-08-15T14:38:20.527047+00:00
df9acb3a6a39,ARIUL_SMOOTH_PURE_DEEP_CLEAN_CLEANSING_FOAM_NA26231200642,Ariul,Smooth & Pure Deep Clean Cleansing Foam,NA26231200642,https://static.sweetcare.com/img/prd/max/v-639004430738572171/ariul-026820u0_01.jpg,SafeCart_Dataset\images\genuine_reference\ARIUL_SMOOTH_PURE_DEEP_CLEAN_CLEANSING_FOAM_NA26231200642\df9acb3a6a39.jpg,https://www.sweetcare.com/us/ariul-stress-relieving-cleansing-smooth-pure-deep-clean-face-cleansing-foam-p-026820u0?st=01&country=nc,www.sweetcare.com,sweetcare.com,,,,,,,,,,,genuine_reference,,0.0,0.0,False,,not_visible,e95c0476c2a0e2389bf7ca684d5717f4,e665993366329999,success,near_duplicate_of:e94a7a91b42c,genuine,Ariul Smooth & Pure Deep Clean Cleansing Foam official,1000,1000,84391,2026-08-15T14:38:20.820647+00:00
356b33f45937,ARIUL_SMOOTH_PURE_DEEP_CLEAN_CLEANSING_FOAM_NA26231200642,Ariul,Smooth & Pure Deep Clean Cleansing Foam,NA26231200642,https://cafe24img.poxo.com/jolsejolse/web/product/big/202404/823c4f09a543bf7b1ed485f60a162c4d.jpg,SafeCart_Dataset\images\genuine_reference\ARIUL_SMOOTH_PURE_DEEP_CLEAN_CLEANSING_FOAM_NA26231200642\356b33f45937.jpg,https://jolse.com/product/ariul-smooth-pure-deep-clean-cleansing-foam-80ml/73332/?srsltid=AfmBOopO12fYCdi7ePFjhvLBIHjsroaqeFkx4nAN4PDUPLMPolThSdc1,jolse.com,jolse.com,,,,,,,,,,,genuine_reference,,0.0,0.0,False,,not_visible,15019d83ec2c9398202d4ece4ea07ee9,e666999b988c99cc,success,near_duplicate_of:60961e5f5f5e,genuine,Ariul Smooth & Pure Deep Clean Cleansing Foam official,500,500,25317,2026-08-15T14:38:21.144550+00:00
c94a984291d7,ARIUL_SMOOTH_PURE_DEEP_CLEAN_CLEANSING_FOAM_NA26231200642,Ariul,Smooth & Pure Deep Clean Cleansing Foam,NA26231200642,https://d1flfk77wl2xk4.cloudfront.net/Assets/00/847/XL_p0196184700.jpg,SafeCart_Dataset\images\genuine_reference\ARIUL_SMOOTH_PURE_DEEP_CLEAN_CLEANSING_FOAM_NA26231200642\c94a984291d7.jpg,https://www.yesstyle.com/en/ariul-smooth-pure-deep-clean-cleansing-foam-80ml/info.html/pid.1123004331,www.yesstyle.com,yesstyle.com,,,,,,,,,,,genuine_reference,,0.0,0.0,False,,not_visible,2c0b3e5a8260751b26882a71761d7e67,b334cc3322e6cdc9,success,,genuine,Ariul Smooth & Pure Deep Clean Cleansing Foam official,500,500,27781,2026-08-15T14:38:21.286315+00:00
d44bab9c38b6,ARIUL_SMOOTH_PURE_DEEP_CLEAN_CLEANSING_FOAM_NA26231200642,Ariul,Smooth & Pure Deep Clean Cleansing Foam,NA26231200642,http://www.ariul.com/pic/item/ARSF018/450S66B843CEED7C4B7CBCA60B1060F57C6A.jpg,SafeCart_Dataset\images\genuine_reference\ARIUL_SMOOTH_PURE_DEEP_CLEAN_CLEANSING_FOAM_NA26231200642\d44bab9c38b6.jpg,http://www.ariul.com/global/item/detail/ARSF018/ARSF018,www.ariul.com,ariul.com,,,,,,,,,,,genuine_reference,,0.0,0.0,False,,not_visible,27a9fad2af3253fd598751c88a874054,b76dc8534d81d22d,success,,genuine,Ariul Smooth & Pure Deep Clean Cleansing Foam official,450,450,57137,2026-08-15T14:38:22.177840+00:00
b0807c526c75,ARIUL_SMOOTH_PURE_DEEP_CLEAN_CLEANSING_FOAM_NA26231200642,Ariul,Smooth & Pure Deep Clean Cleansing Foam,NA26231200642,http://www.ariul.com/pic/upload/8AD88AB78C134ECF90A084A662AE5BA0.jpg,SafeCart_Dataset\images\genuine_reference\ARIUL_SMOOTH_PURE_DEEP_CLEAN_CLEANSING_FOAM_NA26231200642\b0807c526c75.jpg,http://www.ariul.com/global/item/detail/ARSF018/ARSF018,www.ariul.com,ariul.com,,,,,,,,,,,genuine_reference,,0.0,0.0,False,,not_visible,be03910cb5d040eacec5beda7f209a4b,ba3a3ecf648d80b1,success,,genuine,Ariul Smooth & Pure Deep Clean Cleansing Foam official,1080,6259,1144937,2026-08-15T14:38:23.617385+00:00
8998b0a04451,ARIUL_SMOOTH_PURE_DEEP_CLEAN_CLEANSING_FOAM_NA26231200642,Ariul,Smooth & Pure Deep Clean Cleansing Foam,NA26231200642,https://www.dodoskin.com/cdn/shop/files/AriulSmooth_PureCleansingFoam120ml-6.jpg?v=1745202570&width=1200,SafeCart_Dataset\images\genuine_reference\ARIUL_SMOOTH_PURE_DEEP_CLEAN_CLEANSING_FOAM_NA26231200642\8998b0a04451.jpg,https://www.dodoskin.com/products/ariul-smooth-pure-cleansing-foam-120ml?srsltid=AfmBOopY4iYhfCfXoplWtaLViEhvSs9Kd0gkYxuWMmfJCrN0aWiNjeeA,www.dodoskin.com,dodoskin.com,,,,,,,,,,,genuine_reference,,0.0,0.0,False,,not_visible,c0d4cde02451eee9df9b12b7f2f7bf81,ae63c0979f984e68,success,,genuine,Ariul Smooth & Pure Deep Clean Cleansing Foam official,600,600,69465,2026-08-15T14:38:28.455869+00:00
5908b1b39a6a,NEUTROGENA_HYDRO_BOOST_WATER_GEL_CLEANSER_NA26241200626,Neutrogena,Hydro Boost Water Gel Cleanser,NA26241200626,https://images.ctfassets.net/3zfcttr0ztpr/HuwbIScvtTCo13PN5uM4X/70c90be7b97fef5c96308a28ad61e13f/6806422_Carousel_1-Neutrogena,SafeCart_Dataset\images\genuine_reference\NEUTROGENA_HYDRO_BOOST_WATER_GEL_CLEANSER_NA26241200626\5908b1b39a6a.jpg,https://www.neutrogena.com/products/skincare/neutrogena-hydro-boost-hydrating-gel-cleanser-with-hyaluronic-acid-fragrance-free/6806422,www.neutrogena.com,neutrogena.com,,,,,,,,,,,genuine_reference,,0.0,0.0,False,,not_visible,dc2feeb95e06ee967a9634e8dd65c44d,e699cccc61653366,success,,genuine,Neutrogena Hydro Boost Water Gel Cleanser official,1200,1443,99608,2026-08-15T14:38:13.256447+00:00
5366197bf222,NEUTROGENA_HYDRO_BOOST_WATER_GEL_CLEANSER_NA26241200626,Neutrogena,Hydro Boost Water Gel Cleanser,NA26241200626,https://www.gosupps.com/media/catalog/product/cache/25/image/1500x/040ec09b1e35df139433887a97daa66f/6/1/61rgaeR4LZL._AC_SL1000_.jpg,SafeCart_Dataset\images\genuine_reference\NEUTROGENA_HYDRO_BOOST_WATER_GEL_CLEANSER_NA26241200626\5366197bf222.jpg,https://www.gosupps.com/neutrogena-hydro-boost-water-gel-cleanser-200ml.html,www.gosupps.com,gosupps.com,,,,,,,,,,,genuine_reference,,0.0,0.0,False,,not_visible,9f2dc33d2d88ebcca9e0eddab6b1b84d,fbe0608b9c6e7891,success,,genuine,Neutrogena Hydro Boost Water Gel Cleanser official,1000,1000,112662,2026-08-15T14:38:13.536033+00:00
66a8f006f55c,NEUTROGENA_HYDRO_BOOST_WATER_GEL_CLEANSER_NA26241200626,Neutrogena,Hydro Boost Water Gel Cleanser,NA26241200626,https://images.ctfassets.net/xvcg1y2kwpfh/5KtamJQewOsifSgsx2on31/4e603071eb915ea20d4986e7a84ea1fc/Hydro_BoostWater_Gel_Cleanser-en-ae?fm=webp&w=3840,SafeCart_Dataset\images\genuine_reference\NEUTROGENA_HYDRO_BOOST_WATER_GEL_CLEANSER_NA26241200626\66a8f006f55c.jpg,https://www.neutrogena-me.com/face-care-products/face-cleansers-wash-and-scrubs/hydro-boost-water-gel-face-cleanser,www.neutrogena-me.com,neutrogena-me.com,,,,,,,,,,,genuine_reference,,0.0,0.0,False,,not_visible,e8b3d499071117fbbe6e1b536bd3e467,b336cccc98696333,success,,genuine,Neutrogena Hydro Boost Water Gel Cleanser official,1200,1200,65484,2026-08-15T14:38:13.813206+00:00
118b964cb186,NEUTROGENA_HYDRO_BOOST_WATER_GEL_CLEANSER_NA26241200626,Neutrogena,Hydro Boost Water Gel Cleanser,NA26241200626,https://i5.walmartimages.com/seo/Neutrogena-Hydro-Boost-Gel-Cleanser-16-Fl-Oz-Walmart_0d4a3bfa-f911-419d-adb9-e3f202858f73.118d55f6aad0908fffa2ecae911c485c.jpeg,SafeCart_Dataset\images\genuine_reference\NEUTROGENA_HYDRO_BOOST_WATER_GEL_CLEANSER_NA26241200626\118b964cb186.jpg,https://www.walmart.com/ip/Neutrogena-Hydro-Boost-Hydrating-Hyaluronic-Acid-Gel-Facial-Cleanser-and-Face-Wash-7-8-oz/128952538,www.walmart.com,walmart.com,,,,,,,,,,,genuine_reference,,0.0,0.0,False,,not_visible,be519e0c0855fcda940027d855053551,e4cb9bcccc313364,success,,genuine,Neutrogena Hydro Boost Water Gel Cleanser official,2200,2200,228653,2026-08-15T14:38:14.234624+00:00
ea5d3a1c8953,NEUTROGENA_HYDRO_BOOST_WATER_GEL_CLEANSER_NA26241200626,Neutrogena,Hydro Boost Water Gel Cleanser,NA26241200626,https://images.heb.com/is/image/HEBGrocery/007170004-2?jpegSize=150&hei=1400&fit=constrain&qlt=75&v=1,SafeCart_Dataset\images\genuine_reference\NEUTROGENA_HYDRO_BOOST_WATER_GEL_CLEANSER_NA26241200626\ea5d3a1c8953.jpg,https://www.heb.com/product-detail/neutrogena-hydro-boost-fragrance-free-gel-facial-cleanser/7170004,www.heb.com,heb.com,,,,,,,,,,,genuine_reference,,0.0,0.0,False,,not_visible,5419ab37d20ed1d5a433f2d3ee1ae6e7,f333668c98cccccc,success,,genuine,Neutrogena Hydro Boost Water Gel Cleanser official,1300,1300,81841,2026-08-15T14:38:14.995936+00:00
a01f00a6db6a,NEUTROGENA_HYDRO_BOOST_WATER_GEL_CLEANSER_NA26241200626,Neutrogena,Hydro Boost Water Gel Cleanser,NA26241200626,https://images.ctfassets.net/b7vjv6cc1lvj/5Zp3ZcYh6pNnORuCLCP8XI/7a5ffd3ed45b11b672be19e8929ff522/water_gel_08.jpg?fm=webp&w=3840,SafeCart_Dataset\images\genuine_reference\NEUTROGENA_HYDRO_BOOST_WATER_GEL_CLEANSER_NA26241200626\a01f00a6db6a.jpg,https://www.neutrogena.co.uk/skincare/cleansers-washes/hydro-boost-water-gel-cleanser,www.neutrogena.co.uk,neutrogena.co.uk,,,,,,,,,,,genuine_reference,,0.0,0.0,False,,not_visible,edac2134c606be541c9d4a211165be19,9fba344fc2e0c82d,success,,genuine,Neutrogena Hydro Boost Water Gel Cleanser official,1000,1000,130588,2026-08-15T14:38:25.854664+00:00
0eaf37447704,NEUTROGENA_HYDRO_BOOST_WATER_GEL_CLEANSER_NA26241200626,Neutrogena,Hydro Boost Water Gel Cleanser,NA26241200626,"https://m.media-amazon.com/images/I/61vkG+UP7PL._AC_UF1000,1000_QL80_.jpg",SafeCart_Dataset\images\genuine_reference\NEUTROGENA_HYDRO_BOOST_WATER_GEL_CLEANSER_NA26241200626\0eaf37447704.jpg,https://www.amazon.com/Neutrogena-Lightweight-Hyaluronic-Hypoallergenic-Paraben-Free/dp/B01LETURZI,www.amazon.com,amazon.com,,,,,,,,,,,genuine_reference,,0.0,0.0,False,,not_visible,debd25327bdfd7143866e054153de2f7,ecc3d364cb3cb038,success,,genuine,Neutrogena Hydro Boost Water Gel Cleanser official,426,1000,49943,2026-08-15T14:38:26.307597+00:00
d1d4c60126a8,NEUTROGENA_HYDRO_BOOST_WATER_GEL_CLEANSER_NA26241200626,Neutrogena,Hydro Boost Water Gel Cleanser,NA26241200626,https://images.ctfassets.net/3zfcttr0ztpr/3GOFEzxVfeZvDfFRwHXWos/accc54b51e31941960b3339850e102ee/AboveTheFold_Regimen1_HB_WaterGel_HydratingGelCleanser.webp?fm=jpg&w=1920&q=80,SafeCart_Dataset\images\genuine_reference\NEUTROGENA_HYDRO_BOOST_WATER_GEL_CLEANSER_NA26241200626\d1d4c60126a8.jpg,https://www.neutrogena.com/products/neutrogena-hydro-boost-hydrating-gel-cleanser/6806424,www.neutrogena.com,neutrogena.com,,,,,,,,,,,genuine_reference,,0.0,0.0,False,,not_visible,6f7083d627a71145ab1f876a7afbc3d0,bcc36f3892c3833c,success,,genuine,Neutrogena Hydro Boost Water Gel Cleanser official,1200,1200,126836,2026-08-15T14:38:26.460583+00:00
555065b367df,ALL_NATURAL_HOUTTUYNIA_CORDATA_CLEANSING_FOAM_NA26221200909,All Natural,Houttuynia Cordata Cleansing Foam,NA26221200909,https://img.hwahae.co.kr/products/1965777/1965777_20220801000000.jpg,SafeCart_Dataset\images\genuine_reference\ALL_NATURAL_HOUTTUYNIA_CORDATA_CLEANSING_FOAM_NA26221200909\555065b367df.jpg,https://www.hwahae.com/en/products/allNATURAL-Houttuynia-Cordata-Cleansing-Foam/1965777,www.hwahae.com,hwahae.com,,,,,,,,,,,genuine_reference,,0.0,0.0,False,,not_visible,d4a69737e350763f9ceb62a8b889df23,b39966cc668c3333,success,,genuine,All Natural Houttuynia Cordata Cleansing Foam official,720,720,26880,2026-08-15T14:38:38.316169+00:00
b30fab0d1ce1,ALL_NATURAL_HOUTTUYNIA_CORDATA_CLEANSING_FOAM_NA26221200909,All Natural,Houttuynia Cordata Cleansing Foam,NA26221200909,"https://m.media-amazon.com/images/I/61PMldH43tL._AC_UF1000,1000_QL80_AIweblab1381794,T1_.jpg",SafeCart_Dataset\images\genuine_reference\ALL_NATURAL_HOUTTUYNIA_CORDATA_CLEANSING_FOAM_NA26221200909\b30fab0d1ce1.jpg,https://www.amazon.com/Mary-May-Houttuynia-Cleansing-Cleansers/dp/B0986JYC7Q,www.amazon.com,amazon.com,,,,,,,,,,,genuine_reference,,0.0,0.0,False,,not_visible,ccdb6ec1d692e9ca8753f8aee57b8c9e,e799b20cd4c28df1,success,,genuine,All Natural Houttuynia Cordata Cleansing Foam official,1000,1000,105820,2026-08-15T14:38:49.764055+00:00
c907479e8be1,ALL_NATURAL_HOUTTUYNIA_CORDATA_CLEANSING_FOAM_NA26221200909,All Natural,Houttuynia Cordata Cleansing Foam,NA26221200909,https://www.gosupps.com/media/catalog/product/cache/25/image/9df78eab33525d08d6e5fb8d27136e95/6/1/61TQKC3ON8L.jpg,SafeCart_Dataset\images\genuine_reference\ALL_NATURAL_HOUTTUYNIA_CORDATA_CLEANSING_FOAM_NA26221200909\c907479e8be1.jpg,https://www.gosupps.com/esfolio-hyaluronic-acid-houttuynia-cordata-cleansing-foam.html,www.gosupps.com,gosupps.com,,,,,,,,,,,genuine_reference,,0.0,0.0,False,,not_visible,3b660da64dbf2677205fb55d08eec4e5,b3986699cc669966,success,,genuine,All Natural Houttuynia Cordata Cleansing Foam official,1545,2000,122641,2026-08-15T14:38:49.946046+00:00
087713ac4e9a,ALL_NATURAL_HOUTTUYNIA_CORDATA_CLEANSING_FOAM_NA26221200909,All Natural,Houttuynia Cordata Cleansing Foam,NA26221200909,https://img.hwahae.co.kr/reviews/6720650/6720650_0_0.png,SafeCart_Dataset\images\genuine_reference\ALL_NATURAL_HOUTTUYNIA_CORDATA_CLEANSING_FOAM_NA26221200909\087713ac4e9a.jpg,https://www.hwahae.com/en/products/allNATURAL-Houttuynia-Cordata-Cleansing-Foam/1965777,www.hwahae.com,hwahae.com,,,,,,,,,,,genuine_reference,,0.0,0.0,False,,not_visible,f6d87cfa09920d2f472e00efcc8243f2,9ed8639c77a80738,success,,genuine,All Natural Houttuynia Cordata Cleansing Foam official,756,1008,96340,2026-08-15T14:38:50.285210+00:00
068722f6f5a2,ALL_NATURAL_HOUTTUYNIA_CORDATA_CLEANSING_FOAM_NA26221200909,All Natural,Houttuynia Cordata Cleansing Foam,NA26221200909,https://img.hwahae.co.kr/reviews/6754920/6754920_0_1.png,SafeCart_Dataset\images\genuine_reference\ALL_NATURAL_HOUTTUYNIA_CORDATA_CLEANSING_FOAM_NA26221200909\068722f6f5a2.jpg,https://www.hwahae.com/en/products/allNATURAL-Houttuynia-Cordata-Cleansing-Foam/1965777,www.hwahae.com,hwahae.com,,,,,,,,,,,genuine_reference,,0.0,0.0,False,,not_visible,c01a15a0d7a725c3e058a01c7d48e5bc,991b620f7c63dd22,success,,genuine,All Natural Houttuynia Cordata Cleansing Foam official,605,605,84410,2026-08-15T14:39:00.814593+00:00
566574a25b6e,ALL_NATURAL_HOUTTUYNIA_CORDATA_CLEANSING_FOAM_NA26221200909,All Natural,Houttuynia Cordata Cleansing Foam,NA26221200909,https://i5.walmartimages.com/seo/Mary-May-Houttuynia-Cordata-Tea-Tree-Cleansing-Foam-5-07-fl-oz-150-ml_aeac5ead-081b-46bc-8a57-35606413db86.62f061aaf05599cd9f53f5e97b721a62.jpeg,SafeCart_Dataset\images\genuine_reference\ALL_NATURAL_HOUTTUYNIA_CORDATA_CLEANSING_FOAM_NA26221200909\566574a25b6e.jpg,https://www.walmart.com/ip/Mary-May-Houttuynia-Cordata-Tea-Tree-Cleansing-Foam-5-07-fl-oz-150-ml/1144957275,www.walmart.com,walmart.com,,,,,,,,,,,genuine_reference,,0.0,0.0,False,,not_visible,40be6e69895279a21af7101687d1ff6b,e65999999a66cc26,success,,genuine,All Natural Houttuynia Cordata Cleansing Foam official,1600,1600,149156,2026-08-15T14:39:01.611504+00:00
65ab2065bbf9,ALL_NATURAL_HOUTTUYNIA_CORDATA_CLEANSING_FOAM_NA26221200909,All Natural,Houttuynia Cordata Cleansing Foam,NA26221200909,https://img.hwahae.co.kr/reviews/10710054/10710054_0_0.png,SafeCart_Dataset\images\genuine_reference\ALL_NATURAL_HOUTTUYNIA_CORDATA_CLEANSING_FOAM_NA26221200909\65ab2065bbf9.jpg,https://www.hwahae.com/en/products/allNATURAL-Houttuynia-Cordata-Cleansing-Foam/1965777/reviews?age_group=20,www.hwahae.com,hwahae.com,,,,,,,,,,,genuine_reference,,0.0,0.0,False,,not_visible,1656ce4f3836d7ce2fc98a39212d1fb4,acd9631ecc728936,success,,genuine,All Natural Houttuynia Cordata Cleansing Foam official,768,1024,66117,2026-08-15T14:39:01.870932+00:00
0e3bb83f7d79,ALL_NATURAL_HOUTTUYNIA_CORDATA_CLEANSING_FOAM_NA26221200909,All Natural,Houttuynia Cordata Cleansing Foam,NA26221200909,https://static.sweetcare.com/img/prd/max/v-638302133021376974/mary-and-may-019350yy_01.jpg,SafeCart_Dataset\images\genuine_reference\ALL_NATURAL_HOUTTUYNIA_CORDATA_CLEANSING_FOAM_NA26221200909\0e3bb83f7d79.jpg,https://www.sweetcare.com/us/mary-may-houttuynia-cordata-tea-tree-cleansing-foam-all-skin-types-p-019350yy?st=01&country=ro,www.sweetcare.com,sweetcare.com,,,,,,,,,,,genuine_reference,,0.0,0.0,False,,not_visible,77124d0267412d4800827212dfbb28de,e6cd33cc338c338c,success,,genuine,All Natural Houttuynia Cordata Cleansing Foam official website,1000,1000,49022,2026-08-15T14:39:04.500317+00:00
4c3b074d4f40,I_M_FROM_RICE_WHIP_FACIAL_CLEANSER_SET_NKIT240002656,I'm From,Rice Whip Facial Cleanser Set,NKIT240002656,http://sentisenti.com/cdn/shop/files/I_m-From-Rice-Whip-Facial-Cleanser-Set2-sentisenti.jpg?v=1776281281&width=2048,SafeCart_Dataset\images\genuine_reference\I_M_FROM_RICE_WHIP_FACIAL_CLEANSER_SET_NKIT240002656\4c3b074d4f40.jpg,https://sentisenti.com/products/im-from-rice-whip-facial-cleanser-set?srsltid=AfmBOoqzLTE-19FR5ONhgko_T_N_PtvSl0jlrKhnl4hgfloevVMzysou,sentisenti.com,sentisenti.com,,,,,,,,,,,genuine_reference,,0.0,0.0,False,,not_visible,b56ec86718815ed45293256f638212ef,bb95c66ac5c0cc6c,success,,genuine,I'm From Rice Whip Facial Cleanser Set official,1080,1080,80432,2026-08-15T14:39:06.525040+00:00
5a07172c53a8,I_M_FROM_RICE_WHIP_FACIAL_CLEANSER_SET_NKIT240002656,I'm From,Rice Whip Facial Cleanser Set,NKIT240002656,http://sukoshi.com/cdn/shop/files/im-from-rice-whip-facial-cleanser-cover_1024x1024.jpg?v=1733438047,SafeCart_Dataset\images\genuine_reference\I_M_FROM_RICE_WHIP_FACIAL_CLEANSER_SET_NKIT240002656\5a07172c53a8.jpg,https://sukoshi.com/products/im-from-rice-whip-facial-cleanser?srsltid=AfmBOoqZTP21KtPZF-WC_1eBI9yyGANkd_r9db87tjPJpYX8Fzo5qnKN,sukoshi.com,sukoshi.com,,,,,,,,,,,genuine_reference,,0.0,0.0,False,,not_visible,03240cebf0aa6ff0c079153e33339f4d,e394cc67914c26db,success,,genuine,I'm From Rice Whip Facial Cleanser Set official,800,1000,76084,2026-08-15T14:39:06.853249+00:00
1b6a9bc8ff4d,I_M_FROM_RICE_WHIP_FACIAL_CLEANSER_SET_NKIT240002656,I'm From,Rice Whip Facial Cleanser Set,NKIT240002656,https://olivekollection.com/cdn/shop/files/I_m_From_Rice_Cleanser_2.webp?crop=center&height=860&v=1778950641&width=860,SafeCart_Dataset\images\genuine_reference\I_M_FROM_RICE_WHIP_FACIAL_CLEANSER_SET_NKIT240002656\1b6a9bc8ff4d.jpg,https://olivekollection.com/products/im-from-rice-whip-facial-cleanser-set-3-piece-set?srsltid=AfmBOorzxT-1ZvQfL8ZPLfvJW96MGWqp5GZjzA6vk9W57_qHhCTSV51Q,olivekollection.com,olivekollection.com,,,,,,,,,,,genuine_reference,,0.0,0.0,False,,not_visible,6adca22910a07585a4abce489cb699fd,92a5694d496abad3,success,,genuine,I'm From Rice Whip Facial Cleanser Set official,860,860,69566,2026-08-15T14:39:07.200913+00:00
3d32f5288c1a,I_M_FROM_RICE_WHIP_FACIAL_CLEANSER_SET_NKIT240002656,I'm From,Rice Whip Facial Cleanser Set,NKIT240002656,https://d1flfk77wl2xk4.cloudfront.net/Assets/i-m-from-rice-whip-facial-cleanser-mini-5pcs-bundle-set-30ml-x-5-pcs/31/840/XXL_p0224384031.jpg,SafeCart_Dataset\images\genuine_reference\I_M_FROM_RICE_WHIP_FACIAL_CLEANSER_SET_NKIT240002656\3d32f5288c1a.jpg,https://www.yesstyle.com/en/im-from-rice-whip-facial-cleanser-mini-5pcs-bundle-set-30ml-x-5-pcs/info.html/pid.1137515355,www.yesstyle.com,yesstyle.com,,,,,,,,,,,genuine_reference,,0.0,0.0,False,,not_visible,2c2b5bd4aa53a87a181df9ff8deec5be,ea92856c9b629d27,success,,genuine,I'm From Rice Whip Facial Cleanser Set official,640,640,30640,2026-08-15T14:39:07.427738+00:00
2d1a50942579,I_M_FROM_RICE_WHIP_FACIAL_CLEANSER_SET_NKIT240002656,I'm From,Rice Whip Facial Cleanser Set,NKIT240002656,https://sentisenti.com/cdn/shop/files/I_m-From-Rice-Whip-Facial-Cleanser-Set-sentisenti.jpg?v=1776281281&width=1080,SafeCart_Dataset\images\genuine_reference\I_M_FROM_RICE_WHIP_FACIAL_CLEANSER_SET_NKIT240002656\2d1a50942579.jpg,https://sentisenti.com/products/im-from-rice-whip-facial-cleanser-set?srsltid=AfmBOorpJAiFZt4L0qlMNNd2sPExuC5LvM88q9Q7GzqoN1D2uzVM62Yp,sentisenti.com,sentisenti.com,,,,,,,,,,,genuine_reference,,0.0,0.0,False,,not_visible,1b461ab0676729341ccf35fa7ac5d7bd,c76a3c95383b24a7,success,,genuine,I'm From Rice Whip Facial Cleanser Set official,1080,1080,53093,2026-08-15T14:39:10.513197+00:00
6f2971639fb1,I_M_FROM_RICE_WHIP_FACIAL_CLEANSER_SET_NKIT240002656,I'm From,Rice Whip Facial Cleanser Set,NKIT240002656,"https://m.media-amazon.com/images/I/71n+fElO2fL.jpg_BO30,255,255,255_UF750,750_SR1910,1000,0,C_QL100_.jpg",SafeCart_Dataset\images\genuine_reference\I_M_FROM_RICE_WHIP_FACIAL_CLEANSER_SET_NKIT240002656\6f2971639fb1.jpg,https://us.amazon.com/Im-Facial-Cleanser-Travel-sensitive/dp/B0D4QTQZBT,us.amazon.com,us.amazon.com,,,,,,,,,,,genuine_reference,,0.0,0.0,False,,not_visible,55107bfea988f4e82b930081a729aa3a,b366cc99cc983333,success,,genuine,I'm From Rice Whip Facial Cleanser Set official,1910,1000,75604,2026-08-15T14:39:10.836187+00:00
bd2fb300a2af,I_M_FROM_RICE_WHIP_FACIAL_CLEANSER_SET_NKIT240002656,I'm From,Rice Whip Facial Cleanser Set,NKIT240002656,https://media.ktown4u.com/products/resize/thumbnail/2026/04/14/AACUV3.png,SafeCart_Dataset\images\genuine_reference\I_M_FROM_RICE_WHIP_FACIAL_CLEANSER_SET_NKIT240002656\bd2fb300a2af.jpg,https://www.ktown4u.com/iteminfo?eve_no=44487964&goods_no=160858&grp_no=44487965,www.ktown4u.com,ktown4u.com,,,,,,,,,,,genuine_reference,,0.0,0.0,False,,not_visible,58fb531667fad356fbb77dfa024f5b80,cec0e91ef03b9ec0,success,,genuine,I'm From Rice Whip Facial Cleanser Set official,600,600,48644,2026-08-15T14:39:11.045639+00:00
c7fdb07e97d7,I_M_FROM_RICE_WHIP_FACIAL_CLEANSER_SET_NKIT240002656,I'm From,Rice Whip Facial Cleanser Set,NKIT240002656,http://sukoshi.com/cdn/shop/files/im-from-rice-whip-facial-cleanser-info_1024x1024.jpg?v=1733438047,SafeCart_Dataset\images\genuine_reference\I_M_FROM_RICE_WHIP_FACIAL_CLEANSER_SET_NKIT240002656\c7fdb07e97d7.jpg,https://sukoshi.com/products/im-from-rice-whip-facial-cleanser?srsltid=AfmBOoqGLi7x4b_rP4Flr0uguSP7wuEEcCelZW00JIQrqHn8rR6dKAIm,sukoshi.com,sukoshi.com,,,,,,,,,,,genuine_reference,,0.0,0.0,False,,not_visible,b273af369b9238cf801470d245ee0e21,d444abb3346ca55b,success,,genuine,I'm From Rice Whip Facial Cleanser Set official,800,1000,63647,2026-08-15T14:39:11.289486+00:00
3966b372263d,NEUTROGENA_OIL_FREE_ACNE_WASH_NA26231200409,Neutrogena,Oil-Free Acne Wash,NA26231200409,https://images.ctfassets.net/3zfcttr0ztpr/3pI9fB7hw4Ae2lYUMsP5Xj/12769635cb8b8c9ebf5df9e824efdd39/6811719-carousel-1-2023-09,SafeCart_Dataset\images\genuine_reference\NEUTROGENA_OIL_FREE_ACNE_WASH_NA26231200409\3966b372263d.jpg,https://www.neutrogena.com/products/skincare/oil-free-acne-wash-with-salicylic-acid/6811719,www.neutrogena.com,neutrogena.com,,,,,,,,,,,genuine_reference,,0.0,0.0,False,,not_visible,14c2138ddaf3a800f76a4c61abcc204d,e4cece6cc965828b,success,,genuine,Neutrogena Oil-Free Acne Wash official,720,866,44413,2026-08-15T14:39:13.343434+00:00
d03e0474ca09,NEUTROGENA_OIL_FREE_ACNE_WASH_NA26231200409,Neutrogena,Oil-Free Acne Wash,NA26231200409,https://images.ctfassets.net/3zfcttr0ztpr/219VLrkSJPyfPhDcOGjmMS/33a3736bb43a6ee6bb8d5847185532b7/NTG_NA_US_70501017128_680171296_384308_Oil_Free_Acne_Wash_9p1oz_00000.webp?w=1200,SafeCart_Dataset\images\genuine_reference\NEUTROGENA_OIL_FREE_ACNE_WASH_NA26231200409\d03e0474ca09.jpg,https://www.neutrogena.com/products/skincare/oil-free-acne-wash-with-salicylic-acid/6801712,www.neutrogena.com,neutrogena.com,,,,,,,,,,,genuine_reference,,0.0,0.0,False,,not_visible,f7cafe012571280bede080674a5b14bf,9979319933933399,success,,genuine,Neutrogena Oil-Free Acne Wash official,1200,1200,72791,2026-08-15T14:39:14.192739+00:00
adb5a6d74601,NEUTROGENA_OIL_FREE_ACNE_WASH_NA26231200409,Neutrogena,Oil-Free Acne Wash,NA26231200409,https://images.heb.com/is/image/HEBGrocery/001193397-1?jpegSize=150&hei=1400&fit=constrain&qlt=75&v=1,SafeCart_Dataset\images\genuine_reference\NEUTROGENA_OIL_FREE_ACNE_WASH_NA26231200409\adb5a6d74601.jpg,https://www.heb.com/product-detail/neutrogena-oil-free-acne-facial-pink-grapefruit-cleanser/1193397,www.heb.com,heb.com,,,,,,,,,,,genuine_reference,,0.0,0.0,False,,not_visible,e0b9cd22cfa13a8d2df20eee4f5d1f50,b2cfcdcc32328ccc,success,,genuine,Neutrogena Oil-Free Acne Wash official,1300,1300,87226,2026-08-15T14:39:14.434580+00:00
3829dd30b559,NEUTROGENA_OIL_FREE_ACNE_WASH_NA26231200409,Neutrogena,Oil-Free Acne Wash,NA26231200409,https://hsastore.com/dw/image/v2/BFKW_PRD/on/demandware.static/-/Sites-hec-master/default/dwc7270df1/images/large/Neutrogena_Oil-Free_Acne_Wash_Cream_Cleanser_6-7fl_oz_30829-01.jpg,SafeCart_Dataset\images\genuine_reference\NEUTROGENA_OIL_FREE_ACNE_WASH_NA26231200409\3829dd30b559.jpg,https://hsastore.com/neutrogena-oil-free-acne-wash-cream-cleanser-6-7-fl-oz/30829.html?srsltid=AfmBOorYPTtUJcxS6vJ_SzKdD-mZiXLNQExuamDUi_O80_l_d6XTmRXc,hsastore.com,hsastore.com,,,,,,,,,,,genuine_reference,,0.0,0.0,False,,not_visible,ecf3430a70794884b23b2b4f461cfd57,e6719996938c92e6,success,,genuine,Neutrogena Oil-Free Acne Wash official,2000,2000,175029,2026-08-15T14:39:15.968168+00:00
db7d835d9725,NEUTROGENA_OIL_FREE_ACNE_WASH_NA26231200409,Neutrogena,Oil-Free Acne Wash,NA26231200409,https://images.ctfassets.net/3zfcttr0ztpr/5w8ARcl9isSp9se8vBncOP/5f8bb398ac68ebc9faabfbc9f6c1d545/oilfreeacnewash-hero-fr-ca,SafeCart_Dataset\images\genuine_reference\NEUTROGENA_OIL_FREE_ACNE_WASH_NA26231200409\db7d835d9725.jpg,https://www.neutrogena.ca/face/cleansers-scrubs/neutrogena-oil-free-acne-wash,www.neutrogena.ca,neutrogena.ca,,,,,,,,,,,genuine_reference,,0.0,0.0,False,,not_visible,b13febc20976bc2d44d544855d77dd15,991931339b33339b,success,,genuine,Neutrogena Oil-Free Acne Wash official,483,485,27732,2026-08-15T14:39:17.597226+00:00
bd82d93d997c,NEUTROGENA_OIL_FREE_ACNE_WASH_NA26231200409,Neutrogena,Oil-Free Acne Wash,NA26231200409,https://images.ctfassets.net/3zfcttr0ztpr/66kqUJjzZjAQIyPdrV6uXE/1ace646a6a9970b303f647d8b33d5df0/NTG_070501112731_Oil_Free_Acne_Wash_Pink_Grapefruit_Foaming_Scrub_2oz_00000.webp,SafeCart_Dataset\images\genuine_reference\NEUTROGENA_OIL_FREE_ACNE_WASH_NA26231200409\bd82d93d997c.jpg,https://www.neutrogena.com/products/skincare/oil-free-acne-wash-with-salicylic-acid/6811719,www.neutrogena.com,neutrogena.com,,,,,,,,,,,genuine_reference,,0.0,0.0,False,,not_visible,ec33aa2f486ec0fa7f3feb56ca604557,cec73134309c747d,success,,genuine,Neutrogena Oil-Free Acne Wash official,1200,1200,104562,2026-08-15T14:39:17.705579+00:00
ad078f9e5ba7,NEUTROGENA_OIL_FREE_ACNE_WASH_NA26231200409,Neutrogena,Oil-Free Acne Wash,NA26231200409,https://i5.walmartimages.com/asr/e32f87a6-08ec-4f20-b241-9a6756759b1a.195a1feb073bdc7e11faedc7df7c362e.jpeg?odnHeight=768&odnWidth=768&odnBg=FFFFFF,SafeCart_Dataset\images\genuine_reference\NEUTROGENA_OIL_FREE_ACNE_WASH_NA26231200409\ad078f9e5ba7.jpg,https://www.walmart.com/ip/Neutrogena-Oil-Free-Salicylic-Acid-Acne-Fighting-Face-Wash-6-fl-oz/887640,www.walmart.com,walmart.com,,,,,,,,,,,genuine_reference,,0.0,0.0,False,,not_visible,d7bc19738bc3be4308e796b48fdb4528,bde0b02dc296c34f,success,,genuine,Neutrogena Oil-Free Acne Wash official,768,768,53224,2026-08-15T14:39:19.477246+00:00
11043b981d12,NEUTROGENA_OIL_FREE_ACNE_WASH_NA26231200409,Neutrogena,Oil-Free Acne Wash,NA26231200409,https://fsastore.com/on/demandware.static/-/Sites-hec-master/default/dw44ca678b/images/large/3P-Neutrogena-Oil-Free-Acne-Wash-9.1-fl-oz_10504b.jpg,SafeCart_Dataset\images\genuine_reference\NEUTROGENA_OIL_FREE_ACNE_WASH_NA26231200409\11043b981d12.jpg,https://fsastore.com/neutrogena-oil-free-acne-wash-9-1-oz-3-pack/10504b.html?srsltid=AfmBOooa6ihI03JNfhW_8iOhKk1_i_VgLgCsP9GTjeUnvmB-Y8ogp95d,fsastore.com,fsastore.com,,,,,,,,,,,genuine_reference,,0.0,0.0,False,,not_visible,0f5853b2b1ce3c7826c5035e6b76bc01,ea91856e97666895,success,,genuine,Neutrogena Oil-Free Acne Wash official,2000,2000,345199,2026-08-15T14:39:20.305293+00:00
12969c058f7a,NEUTROGENA_OIL_FREE_ACNE_WASH_NA26231200409,Neutrogena,Oil-Free Acne Wash,NA26231200409,https://p19-common-sign.tiktokcdn-us.com/tos-useast5-p-0068-tx/oweEPBFMGIDCJvAArIAgfkEqoiQMRDzDSAZRNC~tplv-tiktokx-dmt-logom:tos-useast5-i-0068-tx/oYAxAAwpNkPEyDZiEPspNJ4GBAIagiEaoBiAE.image?dr=9634&x-expires=1786838400&x-signature=hr0gEEOM4YkZnT9YBUsdc76oi08%3D&t=4d5b0474&ps=13740610&shp=81f88b70&shcp=55bbe6a9&idc=useast8,SafeCart_Dataset\images\reported_counterfeit_candidate\NEUTROGENA_OIL_FREE_ACNE_WASH_NA26231200409\12969c058f7a.jpg,https://www.tiktok.com/@neutrogena_us/video/7080633942449147179,www.tiktok.com,tiktok.com,,,,,,"Neutrogena Oil-Free Acne Wash: The Ultimate Guide bahaya produk skincare palsu, cara menghindari produk palsu, tips skincare yang aman, efek skincare palsu, La Roche Posay asli dan palsu ...",,produk palsu; palsu,MODERATE_EVIDENCE,3.0,reported_counterfeit_candidate,,0.0,0.0,False,,not_visible,21e8434057d5c14ea8dd1a82c705081a,f8b6c3835c8d3a62,success,,counterfeit_evidence,https://www.tiktok.com/@neutrogena_us/video/7080633942449147179,1014,1473,224174,2026-08-15T14:39:31.137170+00:00
e181a5ebd1c0,INNISFREE_VITAMIN_C_GREEN_TEA_ENZYME_BRIGHTENING_PAD_NA26241900034,Innisfree,Vitamin C Green Tea Enzyme Brightening Pad,NA26241900034,https://us.innisfree.com/cdn/shop/files/1IF_GT-VCTP_Packshot_2024_1080x1080_01_1.jpg?v=1759949818&width=672,SafeCart_Dataset\images\genuine_reference\INNISFREE_VITAMIN_C_GREEN_TEA_ENZYME_BRIGHTENING_PAD_NA26241900034\e181a5ebd1c0.jpg,https://us.innisfree.com/products/green-tea-enzyme-vitamin-c-brightening-toner-pads?srsltid=AfmBOooYlxSuWfJm5VgjuIeZlympzej1I-4W1hzfjfKbwXRpcwC7pkeR,us.innisfree.com,us.innisfree.com,,,,,,,,,,,genuine_reference,,0.0,0.0,False,,not_visible,88780fca660f20036a37eaa7bc211294,eac68538916dce96,success,,genuine,Innisfree Vitamin C Green Tea Enzyme Brightening Pad official,672,672,38761,2026-08-15T14:39:34.920707+00:00
64d258be8617,INNISFREE_VITAMIN_C_GREEN_TEA_ENZYME_BRIGHTENING_PAD_NA26241900034,Innisfree,Vitamin C Green Tea Enzyme Brightening Pad,NA26241900034,http://global.amoremall.com/cdn/shop/files/131174976__C_60.jpg?v=1741045248,SafeCart_Dataset\images\genuine_reference\INNISFREE_VITAMIN_C_GREEN_TEA_ENZYME_BRIGHTENING_PAD_NA26241900034\64d258be8617.jpg,https://global.amoremall.com/products/innisfree-vitamin-c-green-tea-enzyme-brightening-pad-60pads?srsltid=AfmBOormMJpD7yx5bKfNYnYvv8jfATgw8WgKkH7KuITD6ZF-zU2hJe2C,global.amoremall.com,global.amoremall.com,,,,,,,,,,,genuine_reference,,0.0,0.0,False,,not_visible,473c282c48c281f5d5258842dcbf993b,eb96b4709e61c8c6,success,,genuine,Innisfree Vitamin C Green Tea Enzyme Brightening Pad official,600,600,29643,2026-08-15T14:39:35.202431+00:00
dfa7af7b89e0,INNISFREE_VITAMIN_C_GREEN_TEA_ENZYME_BRIGHTENING_PAD_NA26241900034,Innisfree,Vitamin C Green Tea Enzyme Brightening Pad,NA26241900034,https://us.innisfree.com/cdn/shop/files/06_-_IF_PDP_VCTP_What_is_a_toner_pad_infographic_e7ccfed0-fa3e-4828-9bfa-e0877eefcac8.jpg?v=1760632920&width=1080,SafeCart_Dataset\images\genuine_reference\INNISFREE_VITAMIN_C_GREEN_TEA_ENZYME_BRIGHTENING_PAD_NA26241900034\dfa7af7b89e0.jpg,https://us.innisfree.com/products/green-tea-enzyme-vitamin-c-brightening-toner-pads?srsltid=AfmBOorTdSLRxEbXHwiojbiI3jWTjhWHuefEU9qvLIi9IN8zKNN2LUu-,us.innisfree.com,us.innisfree.com,,,,,,,,,,,genuine_reference,,0.0,0.0,False,,not_visible,395ebc55d10c68306e80325d58ef8c25,ceb5e2a285ca559a,success,,genuine,Innisfree Vitamin C Green Tea Enzyme Brightening Pad official,1080,1080,119508,2026-08-15T14:39:35.510955+00:00
4151ea5c36a6,INNISFREE_VITAMIN_C_GREEN_TEA_ENZYME_BRIGHTENING_PAD_NA26241900034,Innisfree,Vitamin C Green Tea Enzyme Brightening Pad,NA26241900034,http://us.innisfree.com/cdn/shop/files/02_-_IF_PDP_VCTP_benefit_ba921076-728d-41c7-a46c-1aefe979cc49.jpg?v=1769011248,SafeCart_Dataset\images\genuine_reference\INNISFREE_VITAMIN_C_GREEN_TEA_ENZYME_BRIGHTENING_PAD_NA26241900034\4151ea5c36a6.jpg,https://us.innisfree.com/products/green-tea-enzyme-vitamin-c-brightening-toner-pads?srsltid=AfmBOooP5ZF2y_ykwGBPJ4-KZfMwixj1qS1I4Lph7c18Q28FtwDyy45G,us.innisfree.com,us.innisfree.com,,,,,,,,,,,genuine_reference,,0.0,0.0,False,,not_visible,b586f277629659b387fb224debe9fdf8,9166e8bb176c2a2b,success,,genuine,Innisfree Vitamin C Green Tea Enzyme Brightening Pad official,1080,1080,145349,2026-08-15T14:39:36.058658+00:00
06199045cc8c,INNISFREE_VITAMIN_C_GREEN_TEA_ENZYME_BRIGHTENING_PAD_NA26241900034,Innisfree,Vitamin C Green Tea Enzyme Brightening Pad,NA26241900034,https://i.ebayimg.com/images/g/dnIAAOSw1spmTWDh/s-l1200.png,SafeCart_Dataset\images\genuine_reference\INNISFREE_VITAMIN_C_GREEN_TEA_ENZYME_BRIGHTENING_PAD_NA26241900034\06199045cc8c.jpg,https://www.ebay.com/itm/186453773158,www.ebay.com,ebay.com,,,,,,,,,,,genuine_reference,,0.0,0.0,False,,not_visible,8f3d1bcd0e8aad1753d351b3cba8c5b6,b4c6db3934c63493,success,,genuine,Innisfree Vitamin C Green Tea Enzyme Brightening Pad official,1200,1200,57213,2026-08-15T14:39:36.637948+00:00
817ae278803d,INNISFREE_VITAMIN_C_GREEN_TEA_ENZYME_BRIGHTENING_PAD_NA26241900034,Innisfree,Vitamin C Green Tea Enzyme Brightening Pad,NA26241900034,https://us.innisfree.com/cdn/shop/files/08_-_IF_PDP_VCTP_Application_Infographic_acf99582-616c-474b-bde0-38de9c0d755c.jpg?v=1760632920&width=1080,SafeCart_Dataset\images\genuine_reference\INNISFREE_VITAMIN_C_GREEN_TEA_ENZYME_BRIGHTENING_PAD_NA26241900034\817ae278803d.jpg,https://us.innisfree.com/products/green-tea-enzyme-vitamin-c-brightening-toner-pads?srsltid=AfmBOopATVzcB98XLarTnWc7rpexi4j6itQ3V8W187dMLauQyRKazNCA,us.innisfree.com,us.innisfree.com,,,,,,,,,,,genuine_reference,,0.0,0.0,False,,not_visible,360adb0fb02a30ff43c62298e5cb177b,ce8c78703df1690e,success,,genuine,Innisfree Vitamin C Green Tea Enzyme Brightening Pad official,1080,1080,302650,2026-08-15T14:39:37.087016+00:00
b968a86e877e,INNISFREE_VITAMIN_C_GREEN_TEA_ENZYME_BRIGHTENING_PAD_NA26241900034,Innisfree,Vitamin C Green Tea Enzyme Brightening Pad,NA26241900034,https://us.innisfree.com/cdn/shop/files/12IF_PDP_GT-VCTP_Size_Comparison_1080x1080_OP1.jpg?v=1759949819&width=1080,SafeCart_Dataset\images\genuine_reference\INNISFREE_VITAMIN_C_GREEN_TEA_ENZYME_BRIGHTENING_PAD_NA26241900034\b968a86e877e.jpg,https://us.innisfree.com/products/green-tea-enzyme-vitamin-c-brightening-toner-pads?srsltid=AfmBOopqrdUwM5Mu9rrBn98gb_H67HtOcM08GiYjAd-a5vzrBJw80LEo,us.innisfree.com,us.innisfree.com,,,,,,,,,,,genuine_reference,,0.0,0.0,False,,not_visible,354fce0bf5192393203e38742418a841,c06c3f339f4ce06c,success,,genuine,Innisfree Vitamin C Green Tea Enzyme Brightening Pad official,1080,1080,114293,2026-08-15T14:39:37.338172+00:00
e9e8031e0df9,INNISFREE_VITAMIN_C_GREEN_TEA_ENZYME_BRIGHTENING_PAD_NA26241900034,Innisfree,Vitamin C Green Tea Enzyme Brightening Pad,NA26241900034,https://images.squarespace-cdn.com/content/v1/51d151b1e4b05d425c859fc9/2c9b90ba-a13a-4e45-88e1-dd7458f3d3da/Vitamin+C+Pads.jpg,SafeCart_Dataset\images\genuine_reference\INNISFREE_VITAMIN_C_GREEN_TEA_ENZYME_BRIGHTENING_PAD_NA26241900034\e9e8031e0df9.jpg,https://www.projectvanity.com/projectvanity/innisfree-vitamin-c-green-tea-enzyme-brightening-serum,www.projectvanity.com,projectvanity.com,,,,,,,,,,,genuine_reference,,0.0,0.0,False,,not_visible,079b4724afb47b7efacbddaa1c86fae7,80b3ad4d9673295e,success,,genuine,Innisfree Vitamin C Green Tea Enzyme Brightening Pad official,1080,1080,85823,2026-08-15T14:39:37.558239+00:00
98e39400693c,ROUND_LAB_PINE_CALMING_CICA_CLEANSER_NA26231200953,Round Lab,Pine Calming Cica Cleanser,NA26231200953,"https://m.media-amazon.com/images/I/5192sxvlrvL._AC_UF1000,1000_QL80_.jpg",SafeCart_Dataset\images\genuine_reference\ROUND_LAB_PINE_CALMING_CICA_CLEANSER_NA26231200953\98e39400693c.jpg,https://www.amazon.com/ROUND-LAB-Pine-Calming-Cleanser/dp/B0DTH8C6DG,www.amazon.com,amazon.com,,,,,,,,,,,genuine_reference,,0.0,0.0,False,,not_visible,6d23f7a8d740243871fd43d3222370d8,a679d19b93328ccc,success,,genuine,Round Lab Pine Calming Cica Cleanser official,789,1000,75246,2026-08-15T14:38:18.205358+00:00
01770be78f83,ROUND_LAB_PINE_CALMING_CICA_CLEANSER_NA26231200953,Round Lab,Pine Calming Cica Cleanser,NA26231200953,https://roundlab.com/cdn/shop/files/PCC4.png?v=1772849975&width=1946,SafeCart_Dataset\images\genuine_reference\ROUND_LAB_PINE_CALMING_CICA_CLEANSER_NA26231200953\01770be78f83.jpg,https://roundlab.com/products/pine-calming-cica-cleanser?srsltid=AfmBOoolCFcokycB6rL9r0MsrRoRrncmVwNcmXE8q6uNtj0hyiGdrs-D,roundlab.com,roundlab.com,,,,,,,,,,,genuine_reference,,0.0,0.0,False,,not_visible,d97c9fd9f6a1656da5579a1d1e6643f4,e74d98946c6359cc,success,,genuine,Round Lab Pine Calming Cica Cleanser official,1922,2012,261659,2026-08-15T14:38:18.494434+00:00
7d70db9eefc2,ROUND_LAB_PINE_CALMING_CICA_CLEANSER_NA26231200953,Round Lab,Pine Calming Cica Cleanser,NA26231200953,"https://m.media-amazon.com/images/I/61laFU4io5L._AC_UF1000,1000_QL80_.jpg",SafeCart_Dataset\images\genuine_reference\ROUND_LAB_PINE_CALMING_CICA_CLEANSER_NA26231200953\7d70db9eefc2.jpg,https://www.amazon.com/ROUND-LAB-Pine-Calming-Cleanser/dp/B0DTH8C6DG,www.amazon.com,amazon.com,,,,,,,,,,,genuine_reference,,0.0,0.0,False,,not_visible,daeed528fb3b9cfa3eabef7dde2f341c,d754eaab355249a4,success,,genuine,Round Lab Pine Calming Cica Cleanser official,1000,1000,93955,2026-08-15T14:38:19.014099+00:00
6b0b013d8ed7,ROUND_LAB_PINE_CALMING_CICA_CLEANSER_NA26231200953,Round Lab,Pine Calming Cica Cleanser,NA26231200953,https://d1f6um9xlu8jl4.cloudfront.net/Round_Lab/ROUND_LAB_Pine_Calming_Cica_Cleanser_150ml_T.jpg,SafeCart_Dataset\images\genuine_reference\ROUND_LAB_PINE_CALMING_CICA_CLEANSER_NA26231200953\6b0b013d8ed7.jpg,https://jolse.com/product/round-lab-pine-calming-cica-cleanser-150ml/69061/?srsltid=AfmBOooQDvD4S63VhJH3519-FOuxojcx_j3n04NBYb--oXqwi92bcbsr,jolse.com,jolse.com,,,,,,,,,,,genuine_reference,,0.0,0.0,False,,not_visible,f6a831b1c3b0d5511ca71a2cbc061035,e633998c6666cc99,success,,genuine,Round Lab Pine Calming Cica Cleanser official,500,500,14830,2026-08-15T14:38:19.236407+00:00
d08e46b3ec11,ROUND_LAB_PINE_CALMING_CICA_CLEANSER_NA26231200953,Round Lab,Pine Calming Cica Cleanser,NA26231200953,https://mystiglam.com/cdn/shop/files/PCC1_1734x_06b88cf7-985e-4744-b33e-5e1b35bd1eb9.png?v=1760697423,SafeCart_Dataset\images\genuine_reference\ROUND_LAB_PINE_CALMING_CICA_CLEANSER_NA26231200953\d08e46b3ec11.jpg,https://mystiglam.com/products/round-lab-pine-calming-cica-cleanser-150ml?srsltid=AfmBOoqQ3uhsGf4HA6VN62bNAl15KQm5rG4Qz9HPBtH4nGBkh9MWaAPZ,mystiglam.com,mystiglam.com,,,,,,,,,,,genuine_reference,,0.0,0.0,False,,not_visible,e59ec4ebbc119d4d7c553cbe7a41b883,b259cccd13369c99,success,,genuine,Round Lab Pine Calming Cica Cleanser official,1734,1868,239413,2026-08-15T14:38:19.365656+00:00
63af677256ec,ROUND_LAB_PINE_CALMING_CICA_CLEANSER_NA26231200953,Round Lab,Pine Calming Cica Cleanser,NA26231200953,https://roundlab.com/cdn/shop/files/PCC3.png?v=1775499409&width=1946,SafeCart_Dataset\images\genuine_reference\ROUND_LAB_PINE_CALMING_CICA_CLEANSER_NA26231200953\63af677256ec.jpg,https://roundlab.com/products/pine-calming-cica-cleanser?srsltid=AfmBOopFMZiZeCPw8o2e50dYG8Rjx_rZglWpUBUeGT0w4le1gqrUMTeP,roundlab.com,roundlab.com,,,,,,,,,,,genuine_reference,,0.0,0.0,False,,not_visible,82008fbba48ce8003d8810ef59c25a33,ca94b59a6d6a9295,success,,genuine,Round Lab Pine Calming Cica Cleanser official,1426,1782,250248,2026-08-15T14:38:20.958061+00:00
ef8f78ea96a2,ROUND_LAB_PINE_CALMING_CICA_CLEANSER_NA26231200953,Round Lab,Pine Calming Cica Cleanser,NA26231200953,https://roundlab.com/cdn/shop/files/PineCicaCleanser07.jpg?v=1775499347&width=1946,SafeCart_Dataset\images\genuine_reference\ROUND_LAB_PINE_CALMING_CICA_CLEANSER_NA26231200953\ef8f78ea96a2.jpg,https://roundlab.com/products/pine-calming-cica-cleanser?srsltid=AfmBOopZPrPHbepQf7IeOHGrlHO6kdvl57bKkdfAfnjK2V1czDmZtOMW,roundlab.com,roundlab.com,,,,,,,,,,,genuine_reference,,0.0,0.0,False,,not_visible,5ae1454b99dd2c1796ef3dcca831da99,cc89d28bb49b569a,success,,genuine,Round Lab Pine Calming Cica Cleanser official,1200,1200,181541,2026-08-15T14:38:21.304615+00:00
7d6a7be404ea,ROUND_LAB_PINE_CALMING_CICA_CLEANSER_NA26231200953,Round Lab,Pine Calming Cica Cleanser,NA26231200953,https://i5.walmartimages.com/asr/14b26d41-4d01-4ec8-beae-87e7e4fd923f.5301b25ba8ce8e01fd17b0dee0721d61.jpeg,SafeCart_Dataset\images\genuine_reference\ROUND_LAB_PINE_CALMING_CICA_CLEANSER_NA26231200953\7d6a7be404ea.jpg,https://www.walmart.com/ip/ROUND-LAB-Pine-Calming-Cica-Cleanser-150ml/5091460361,www.walmart.com,walmart.com,,,,,,,,,,,genuine_reference,,0.0,0.0,False,,not_visible,c5439b36f7baf9029be7bdf20e5a36f0,e49b6431b3659b64,success,,genuine,Round Lab Pine Calming Cica Cleanser official,1600,1600,177926,2026-08-15T14:38:22.749704+00:00
3e9675c7c78f,ANUA_PDRN_HYALURONIC_ACID_CAPSULE_100_SERUM_NA26250100251,Anua,PDRN Hyaluronic Acid Capsule 100 Serum,NA26250100251,https://media.ulta.com/i/ulta/2640385?w=500&h=500,SafeCart_Dataset\images\genuine_reference\ANUA_PDRN_HYALURONIC_ACID_CAPSULE_100_SERUM_NA26250100251\3e9675c7c78f.jpg,https://www.ulta.com/p/pdrn-hyaluronic-acid-capsule-100-serum-pimprod2051435?sku=2640385,www.ulta.com,ulta.com,,,,,,,,,,,genuine_reference,,0.0,0.0,False,,not_visible,582cfe40acff4882ed87e27bfbbf6a83,8c69319373c666ce,success,,genuine,Anua PDRN Hyaluronic Acid Capsule 100 Serum official,500,500,28313,2026-08-15T14:40:02.161237+00:00
6d2d516cc20d,ANUA_PDRN_HYALURONIC_ACID_CAPSULE_100_SERUM_NA26250100251,Anua,PDRN Hyaluronic Acid Capsule 100 Serum,NA26250100251,"https://m.media-amazon.com/images/I/51PTwuJN49L._AC_UF1000,1000_QL80_.jpg",SafeCart_Dataset\images\genuine_reference\ANUA_PDRN_HYALURONIC_ACID_CAPSULE_100_SERUM_NA26250100251\6d2d516cc20d.jpg,https://www.amazon.com/Anua-Hyaluronic-Capsule-Serum-fl-oz/dp/B0DLB58CWR,www.amazon.com,amazon.com,,,,,,,,,,,genuine_reference,,0.0,0.0,False,,not_visible,3b840d6bda399c8015f1443ea9d17e47,eccfb8b99171c484,success,,genuine,Anua PDRN Hyaluronic Acid Capsule 100 Serum official,877,1000,75636,2026-08-15T14:40:02.433442+00:00
e2c00ce72100,ANUA_PDRN_HYALURONIC_ACID_CAPSULE_100_SERUM_NA26250100251,Anua,PDRN Hyaluronic Acid Capsule 100 Serum,NA26250100251,https://anua.com/cdn/shop/files/anua-global-ampoule-serum-pdrn-hyaluronic-acid-capsule-100-serum-1161173226.jpg?v=1765507279&width=2000,SafeCart_Dataset\images\genuine_reference\ANUA_PDRN_HYALURONIC_ACID_CAPSULE_100_SERUM_NA26250100251\e2c00ce72100.jpg,https://anua.com/products/pdrn-hyaluronic-acid-capsule-100-serum?srsltid=AfmBOopXE9fqVevxVDRkr5rmy9YCrESRAz-3K8V5JfSLKZKWRLsx8rZF,anua.com,anua.com,,,,,,,,,,,genuine_reference,,0.0,0.0,False,,not_visible,bd10b29ee4eaeb266d2cc7e1f923e606,af96d1e096616ba2,success,,genuine,Anua PDRN Hyaluronic Acid Capsule 100 Serum official,2000,2000,403115,2026-08-15T14:40:02.615588+00:00
281c99da9657,ANUA_PDRN_HYALURONIC_ACID_CAPSULE_100_SERUM_NA26250100251,Anua,PDRN Hyaluronic Acid Capsule 100 Serum,NA26250100251,https://anua.com/cdn/shop/files/anua-global-ampoule-serum-pdrn-hyaluronic-acid-capsule-100-serum-1161173229.jpg?v=1771913511&width=2000,SafeCart_Dataset\images\genuine_reference\ANUA_PDRN_HYALURONIC_ACID_CAPSULE_100_SERUM_NA26250100251\281c99da9657.jpg,https://anua.com/products/pdrn-hyaluronic-acid-capsule-100-serum?srsltid=AfmBOop0P49zmIOvljjUW4XmjscSbRTKpy_R3a3qyYdr5HMbPGbLGQY7,anua.com,anua.com,,,,,,,,,,,genuine_reference,,0.0,0.0,False,,not_visible,127b31f1aeb77da424d8bcc5b1b4ba41,ff94a72e52a9c1c0,success,,genuine,Anua PDRN Hyaluronic Acid Capsule 100 Serum official,2000,2000,521106,2026-08-15T14:40:03.017955+00:00
0962b2a282e1,ANUA_PDRN_HYALURONIC_ACID_CAPSULE_100_SERUM_NA26250100251,Anua,PDRN Hyaluronic Acid Capsule 100 Serum,NA26250100251,http://www.coos-cosmetics.com/cdn/shop/files/IMG-4929.jpg?v=1756409059&width=1200,SafeCart_Dataset\images\genuine_reference\ANUA_PDRN_HYALURONIC_ACID_CAPSULE_100_SERUM_NA26250100251\0962b2a282e1.jpg,https://www.coos-cosmetics.com/products/anua-pdrn-hyaluronic-acid-capsule-100-serum?srsltid=AfmBOooz0-v0BLzn3-TuPBkTn9LaugD0E4v_0lQ80lm3y5RspDULSB_7,www.coos-cosmetics.com,coos-cosmetics.com,,,,,,,,,,,genuine_reference,,0.0,0.0,False,,not_visible,91d558a004df0f65385887b8ef809f32,e69989669c69b364,success,,genuine,Anua PDRN Hyaluronic Acid Capsule 100 Serum official,680,840,18921,2026-08-15T14:40:03.742440+00:00
648cf7eedacc,ANUA_PDRN_HYALURONIC_ACID_CAPSULE_100_SERUM_NA26250100251,Anua,PDRN Hyaluronic Acid Capsule 100 Serum,NA26250100251,https://koreanskincare.com/cdn/shop/files/2_1_11130436-e900-47af-8d0d-cd550d00794f.jpg?v=1738832529,SafeCart_Dataset\images\genuine_reference\ANUA_PDRN_HYALURONIC_ACID_CAPSULE_100_SERUM_NA26250100251\648cf7eedacc.jpg,https://koreanskincare.com/products/anua-pdrn-hyaluronic-acid-capsule-100-serum?srsltid=AfmBOorYPVciNQ31u4kH_mhzQVvs37VPiIrgNrifTpUInMgDKFTjkKD1,koreanskincare.com,koreanskincare.com,,,,,,,,,,,genuine_reference,,0.0,0.0,False,,not_visible,ed3785650322e1317d2c6eb34634126e,f24b58358537a999,success,,genuine,Anua PDRN Hyaluronic Acid Capsule 100 Serum official,800,800,64476,2026-08-15T14:40:04.180867+00:00
7e74000d12a9,ANUA_PDRN_HYALURONIC_ACID_CAPSULE_100_SERUM_NA26250100251,Anua,PDRN Hyaluronic Acid Capsule 100 Serum,NA26250100251,https://i.ebayimg.com/images/g/51EAAOSwlhNndoxl/s-l400.jpg,SafeCart_Dataset\images\genuine_reference\ANUA_PDRN_HYALURONIC_ACID_CAPSULE_100_SERUM_NA26250100251\7e74000d12a9.jpg,https://www.ebay.com/itm/235850843935,www.ebay.com,ebay.com,,,,,,,,,,,genuine_reference,,0.0,0.0,False,,not_visible,45ed96b8e3baa5e8b30d6c5dc5843231,e59b8e649bc93330,success,,genuine,Anua PDRN Hyaluronic Acid Capsule 100 Serum official,400,400,13172,2026-08-15T14:40:04.403597+00:00
10de76cc83d5,ANUA_PDRN_HYALURONIC_ACID_CAPSULE_100_SERUM_NA26250100251,Anua,PDRN Hyaluronic Acid Capsule 100 Serum,NA26250100251,https://anua.com/cdn/shop/files/anua-us-sheet-mask-pdrn-hyaluronic-acid-capsule-100-serum-mask-1173906779.jpg?v=1763362062&width=2000,SafeCart_Dataset\images\genuine_reference\ANUA_PDRN_HYALURONIC_ACID_CAPSULE_100_SERUM_NA26250100251\10de76cc83d5.jpg,https://anua.com/products/pdrn-hyaluronic-acid-capsule-100-serum-mask?srsltid=AfmBOoq8Sjnxp22lv2lDfDx7aj00jCB4qrb7sjt5qO4qYeYUYdKgrkZ4,anua.com,anua.com,,,,,,,,,,,genuine_reference,,0.0,0.0,False,,not_visible,59ce9d57f0dc54e5e4070fe1c107ca04,af17c3c1cc2e3592,success,,genuine,Anua PDRN Hyaluronic Acid Capsule 100 Serum official,2000,2000,386311,2026-08-15T14:40:04.545092+00:00
ade1f38349ee,ARIUL_ARIUL_WATERMELON_HYDRO_VITAL_SUN_SERUM_NA26251700082,Ariul,Ariul Watermelon Hydro Vital Sun Serum,NA26251700082,https://cdn.salla.sa/PdwBpe/093b1125-c83d-4f21-b989-54feb6b05f67-1000x1000-8doPaFa5i85f2gDhkVXYXOCW0sWKgtNpR1QyQgbi.jpg,SafeCart_Dataset\images\genuine_reference\ARIUL_ARIUL_WATERMELON_HYDRO_VITAL_SUN_SERUM_NA26251700082\ade1f38349ee.jpg,https://ariul.sa/en/ariul-watermelon-hydro-vital-sun-serum-55-ml/p1401328403,ariul.sa,ariul.sa,,,,,,,,,,,genuine_reference,,0.0,0.0,False,,not_visible,52936c38bc9ad937efcd314e1b608b63,b338cc67ce8c998c,success,,genuine,Ariul Ariul Watermelon Hydro Vital Sun Serum official,1000,1000,37483,2026-08-15T14:39:49.729526+00:00
518c267ce568,ARIUL_ARIUL_WATERMELON_HYDRO_VITAL_SUN_SERUM_NA26251700082,Ariul,Ariul Watermelon Hydro Vital Sun Serum,NA26251700082,https://cdn.salla.sa/PdwBpe/bb38df61-8236-44fd-80e9-2a63d30aca3e-1000x1000-hu7Tb9OUZC8PDgp96NtwME0P3CWfTrwBexDTift7.jpg,SafeCart_Dataset\images\genuine_reference\ARIUL_ARIUL_WATERMELON_HYDRO_VITAL_SUN_SERUM_NA26251700082\518c267ce568.jpg,https://ariul.sa/en/ariul-watermelon-hydro-vital-sun-serum-55-ml/p1401328403,ariul.sa,ariul.sa,,,,,,,,,,,genuine_reference,,0.0,0.0,False,,not_visible,14e3f624da08207d6e1eca80ef8a42df,cc8dd99823dc26d9,success,,genuine,Ariul Ariul Watermelon Hydro Vital Sun Serum official,1000,1000,143748,2026-08-15T14:39:50.081899+00:00
a36f88e6ac93,ARIUL_ARIUL_WATERMELON_HYDRO_VITAL_SUN_SERUM_NA26251700082,Ariul,Ariul Watermelon Hydro Vital Sun Serum,NA26251700082,http://www.kosmosbeauty.com/cdn/shop/files/2023-07-26T152540.586.png?v=1690374472,SafeCart_Dataset\images\genuine_reference\ARIUL_ARIUL_WATERMELON_HYDRO_VITAL_SUN_SERUM_NA26251700082\a36f88e6ac93.jpg,https://www.kosmosbeauty.com/products/ariul-watermelon-hydro-vital-serum-55ml?srsltid=AfmBOoqXPrgG9Ohtqf3I9nm7hrpr27sHvoeEzBPd_CPrcIKF21Goxr1_,www.kosmosbeauty.com,kosmosbeauty.com,,,,,,,,,,,genuine_reference,,0.0,0.0,False,,not_visible,95499a9dda3b1070e308be6cf36b5941,e699994c99669966,success,,genuine,Ariul Ariul Watermelon Hydro Vital Sun Serum official,1080,1080,47246,2026-08-15T14:39:50.276197+00:00
849715d0fd20,ARIUL_ARIUL_WATERMELON_HYDRO_VITAL_SUN_SERUM_NA26251700082,Ariul,Ariul Watermelon Hydro Vital Sun Serum,NA26251700082,https://static.sweetcare.com/img/prd/488/v-639004468005348777/ariul-026825u0-2.webp,SafeCart_Dataset\images\genuine_reference\ARIUL_ARIUL_WATERMELON_HYDRO_VITAL_SUN_SERUM_NA26251700082\849715d0fd20.jpg,https://www.sweetcare.com/us/ariul-watermelon-hydro-vital-face-serum-p-026825u0?st=01&country=id,www.sweetcare.com,sweetcare.com,,,,,,,,,,,genuine_reference,,0.0,0.0,False,,not_visible,79536130388ccc9df84cfae30ac53e98,fbb74894a572e248,success,,genuine,Ariul Ariul Watermelon Hydro Vital Sun Serum official,488,488,64607,2026-08-15T14:39:52.301918+00:00
beb49b6e14c4,ARIUL_ARIUL_WATERMELON_HYDRO_VITAL_SUN_SERUM_NA26251700082,Ariul,Ariul Watermelon Hydro Vital Sun Serum,NA26251700082,https://static.sweetcare.com/img/prd/488/v-639004467880090909/ariul-026825u0-1.webp,SafeCart_Dataset\images\genuine_reference\ARIUL_ARIUL_WATERMELON_HYDRO_VITAL_SUN_SERUM_NA26251700082\beb49b6e14c4.jpg,https://www.sweetcare.com/us/ariul-watermelon-hydro-vital-face-serum-p-026825u0?st=01&country=id,www.sweetcare.com,sweetcare.com,,,,,,,,,,,genuine_reference,,0.0,0.0,False,,not_visible,433d191f3880444b7cd178ac98319a19,ab3f4872495b7146,success,,genuine,Ariul Ariul Watermelon Hydro Vital Sun Serum official,488,488,105802,2026-08-15T14:40:04.377265+00:00
f9b94b91c6e1,ARIUL_ARIUL_WATERMELON_HYDRO_VITAL_SUN_SERUM_NA26251700082,Ariul,Ariul Watermelon Hydro Vital Sun Serum,NA26251700082,https://cdn.salla.sa/RrKRy/0513a357-1348-4074-a8f9-6572a48aaa0b-1000x1000-e7RXFJTlE3dHpCY4nM6kAAcaLs0tIfQqoWJzwT0f.jpg,SafeCart_Dataset\images\genuine_reference\ARIUL_ARIUL_WATERMELON_HYDRO_VITAL_SUN_SERUM_NA26251700082\f9b94b91c6e1.jpg,https://banulifestyle.com/en/serum-sunscreen-hydro-vital-watermelon-flavored-with-spf-50-by-ariul-50ml/p1569577455?lableb_Id=1569577455_en&lableb_query=&lableb_order=6&lableb_price=52.61&lableb_session=155869ba-f62c-4c5a-aafd-4661ed194f0a&srsltid=AfmBOop4OD1obmymlCnvgcTbPkSRAdDlcqw-JKWqt_H3PtVyRDbfVx4j,banulifestyle.com,banulifestyle.com,,,,,,,,,,,genuine_reference,,0.0,0.0,False,,not_visible,0be7f89a840b849e19d8336c643e10d4,b328cc32c672c9dd,success,,genuine,Ariul Ariul Watermelon Hydro Vital Sun Serum official,1000,1000,50555,2026-08-15T14:40:04.601509+00:00
3a458bfb9f7c,ARIUL_ARIUL_WATERMELON_HYDRO_VITAL_SUN_SERUM_NA26251700082,Ariul,Ariul Watermelon Hydro Vital Sun Serum,NA26251700082,https://www.kosmosbeauty.com/cdn/shop/files/2023-07-26T152728.504.png?v=1690374473&width=1100,SafeCart_Dataset\images\genuine_reference\ARIUL_ARIUL_WATERMELON_HYDRO_VITAL_SUN_SERUM_NA26251700082\3a458bfb9f7c.jpg,https://www.kosmosbeauty.com/products/ariul-watermelon-hydro-vital-serum-55ml?srsltid=AfmBOoqHVxjl04uNUNlB3zGw7Yp0v3R0opJTWIvubTdbQySUojsl5v_x,www.kosmosbeauty.com,kosmosbeauty.com,,,,,,,,,,,genuine_reference,,0.0,0.0,False,,not_visible,4bc8a250896a927232d72202c1e0d3d5,e5ba95e64b09b468,success,,genuine,Ariul Ariul Watermelon Hydro Vital Sun Serum official,1080,1080,128787,2026-08-15T14:40:05.861401+00:00
9a17552cc2e1,ARIUL_ARIUL_WATERMELON_HYDRO_VITAL_SUN_SERUM_NA26251700082,Ariul,Ariul Watermelon Hydro Vital Sun Serum,NA26251700082,http://www.ariul.com/pic/item/ARWM013/450S41FD6DE720694053A98AA5C1406E5DCE.jpg,SafeCart_Dataset\images\genuine_reference\ARIUL_ARIUL_WATERMELON_HYDRO_VITAL_SUN_SERUM_NA26251700082\9a17552cc2e1.jpg,http://www.ariul.com/global/item/detail/ARWM013,www.ariul.com,ariul.com,,,,,,,,,,,genuine_reference,,0.0,0.0,False,,not_visible,ff5665e5b27bf4f47fd1041867932002,94aaeb55e18a1e27,success,,genuine,Ariul Ariul Watermelon Hydro Vital Sun Serum official website,450,450,57456,2026-08-15T14:40:10.625416+00:00
11cc0a170675,SENKA_PERFECT_WHIP_COLLAGEN_IN_NA22231200149,Senka,Perfect Whip Collagen in,NA22231200149,"https://m.media-amazon.com/images/I/51rbZKaJAwL._AC_UF1000,1000_QL80_.jpg",SafeCart_Dataset\images\genuine_reference\SENKA_PERFECT_WHIP_COLLAGEN_IN_NA22231200149\11cc0a170675.jpg,https://www.amazon.com/Shiseido-Senka-Perfect-Whip-Collagen/dp/B079H9KYPV,www.amazon.com,amazon.com,,,,,,,,,,,genuine_reference,,0.0,0.0,False,,not_visible,41709763df5b7ad02c4985c4271be535,ef13b01e856d83b1,success,,genuine,Senka Perfect Whip Collagen in official,443,1000,45973,2026-08-15T14:38:30.945311+00:00
dc1d2339fa4f,SENKA_PERFECT_WHIP_COLLAGEN_IN_NA22231200149,Senka,Perfect Whip Collagen in,NA22231200149,https://www.ratzillacosme.com/wp-content/uploads/SENGAN-SENKA-Perfect-Whip-Collagen-in-2021-version.jpg.webp,SafeCart_Dataset\images\genuine_reference\SENKA_PERFECT_WHIP_COLLAGEN_IN_NA22231200149\dc1d2339fa4f.jpg,https://www.ratzillacosme.com/skin/senka-perfect-whip-collagen-in/,www.ratzillacosme.com,ratzillacosme.com,,,,,,,,,,,genuine_reference,,0.0,0.0,False,,not_visible,82e50bfcc68cccd75053e29ecda52f53,e4c913999966999b,success,,genuine,Senka Perfect Whip Collagen in official,450,450,22963,2026-08-15T14:38:31.087826+00:00
c36ea4ecafda,SENKA_PERFECT_WHIP_COLLAGEN_IN_NA22231200149,Senka,Perfect Whip Collagen in,NA22231200149,https://omakase-tokyo.com/cdn/shop/files/perfectwhitepink.jpg?v=1716937370&width=1214,SafeCart_Dataset\images\genuine_reference\SENKA_PERFECT_WHIP_COLLAGEN_IN_NA22231200149\c36ea4ecafda.jpg,https://omakase-tokyo.com/products/shiseido-senka-perfect-whip-collagen-in-cleanser-120g?srsltid=AfmBOoomtL-8tnRR7Ejha8sVc0t0_RCu4yuuhzB_VHyzvXYrBO8uIQAG,omakase-tokyo.com,omakase-tokyo.com,,,,,,,,,,,genuine_reference,,0.0,0.0,False,,not_visible,d15fa5b71bb0cc2438993ecc6199444e,e619939999b3c932,success,,genuine,Senka Perfect Whip Collagen in official,940,940,81155,2026-08-15T14:38:31.471617+00:00
e17ba38aa168,SENKA_PERFECT_WHIP_COLLAGEN_IN_NA22231200149,Senka,Perfect Whip Collagen in,NA22231200149,http://sukoshi.com/cdn/shop/files/shiseido-senka-collagen-wash-hover_1024x1024.jpg?v=1715017993,SafeCart_Dataset\images\genuine_reference\SENKA_PERFECT_WHIP_COLLAGEN_IN_NA22231200149\e17ba38aa168.jpg,https://sukoshi.com/products/shiseido-senka-perfect-face-wash-collagen?srsltid=AfmBOorNI07xgblBDOCGuAZjsCgE0nFovARiTiyYLf8HI44qFPCCfBGQ,sukoshi.com,sukoshi.com,,,,,,,,,,,genuine_reference,,0.0,0.0,False,,not_visible,f5fe28f929d4d5302ee2242f8ffe0e13,b3048c4bcb7b3a3c,success,,genuine,Senka Perfect Whip Collagen in official,800,1000,80411,2026-08-15T14:38:31.712882+00:00
5c30ef9c022c,SENKA_PERFECT_WHIP_COLLAGEN_IN_NA22231200149,Senka,Perfect Whip Collagen in,NA22231200149,https://miessential.com/cdn/shop/files/Shiseido_Senka_Perfect_Whip_Collagen_-_Miessential-1610549.jpg?v=1721510432&width=416,SafeCart_Dataset\images\genuine_reference\SENKA_PERFECT_WHIP_COLLAGEN_IN_NA22231200149\5c30ef9c022c.jpg,https://miessential.com/products/shiseido-senka-perfect-whip-collagen?srsltid=AfmBOoox-yyFJi5Bn_tLIhEkmA-IBtogCCeZAFdk72wJmTrNS7qdb36V,miessential.com,miessential.com,,,,,,,,,,,genuine_reference,,0.0,0.0,False,,not_visible,2efd6ec208aeec8a82745dfdeb208c41,b81bb7a4b92103e7,success,,genuine,Senka Perfect Whip Collagen in official,416,416,32642,2026-08-15T14:38:32.013631+00:00
5986c87a4c1a,SENKA_PERFECT_WHIP_COLLAGEN_IN_NA22231200149,Senka,Perfect Whip Collagen in,NA22231200149,https://theyokuglow.com/cdn/shop/products/image_ce81961a-38fd-441c-8bd5-f73b8a2ba4c8_800x.jpg?v=1667274269,SafeCart_Dataset\images\genuine_reference\SENKA_PERFECT_WHIP_COLLAGEN_IN_NA22231200149\5986c87a4c1a.jpg,https://theyokuglow.com/products/senka-perfect-whip-collagen-facial-cleanser,theyokuglow.com,theyokuglow.com,,,,,,,,,,,genuine_reference,,0.0,0.0,False,,not_visible,60a0ef729774031ba1235e180a2687b9,9e31a70be01e66e3,success,,genuine,Senka Perfect Whip Collagen in official,478,493,43776,2026-08-15T14:38:32.184827+00:00
e0ed2e39ce15,SENKA_PERFECT_WHIP_COLLAGEN_IN_NA22231200149,Senka,Perfect Whip Collagen in,NA22231200149,https://www.tesolife.com/en/pub/media/catalog/product/4/9/4901872462087.jpg,SafeCart_Dataset\images\genuine_reference\SENKA_PERFECT_WHIP_COLLAGEN_IN_NA22231200149\e0ed2e39ce15.jpg,https://www.tesolife.com/en/shiseido-ft-senka-perfect-whip-collagen.html,www.tesolife.com,tesolife.com,,,,,,,,,,,genuine_reference,,0.0,0.0,False,,not_visible,24e6fb2aa1760f5a5d6500c701010311,e6319966998e8a9b,success,,genuine,Senka Perfect Whip Collagen in official,600,600,29812,2026-08-15T14:38:32.465306+00:00
a67cf26ef2b9,SENKA_PERFECT_WHIP_COLLAGEN_IN_NA22231200149,Senka,Perfect Whip Collagen in,NA22231200149,http://sukoshi.com/cdn/shop/files/shiseido-senka-collagen-wash-cover_1024x1024.jpg?v=1715017993,SafeCart_Dataset\images\genuine_reference\SENKA_PERFECT_WHIP_COLLAGEN_IN_NA22231200149\a67cf26ef2b9.jpg,https://sukoshi.com/products/shiseido-senka-perfect-face-wash-collagen?srsltid=AfmBOop0zMu5k-VBBfOMGTjuk3N1YydlM_ZSgzntdaXd5sqNgFB9kkct,sukoshi.com,sukoshi.com,,,,,,,,,,,genuine_reference,,0.0,0.0,False,,not_visible,68eda7821f3ffcd5ab4cdd8e54b19847,edd1923ed00575c9,success,,genuine,Senka Perfect Whip Collagen in official,800,1000,83201,2026-08-15T14:38:34.557632+00:00
32dca5096970,CAUDALIE_VINOPURE_BLEMISH_SALICYLIC_SERUM_NC14250100072,Caudalie,Vinopure Blemish Salicylic Serum,NC14250100072,https://www.lojaglamourosa.com/resources/medias/shop/products/thumbnails/shop-brand-large/shop-rt-02275-vinopure-blemish-control-salicylic-serum--1.jpg,SafeCart_Dataset\images\genuine_reference\CAUDALIE_VINOPURE_BLEMISH_SALICYLIC_SERUM_NC14250100072\32dca5096970.jpg,https://www.lojaglamourosa.com/us/en/caudalie-vinopure-blemish-control-salicylic-serum---30ml-3522930003441,www.lojaglamourosa.com,lojaglamourosa.com,,,,,,,,,,,genuine_reference,,0.0,0.0,False,,not_visible,51ad9e5399f4c7fdbc6280f5602f46d1,b1ccce349b669931,success,,genuine,Caudalie Vinopure Blemish Salicylic Serum official,500,500,16254,2026-08-15T14:40:13.633427+00:00
a46d33bf8814,CAUDALIE_VINOPURE_BLEMISH_SALICYLIC_SERUM_NC14250100072,Caudalie,Vinopure Blemish Salicylic Serum,NC14250100072,"https://caudalie-americas.imgix.net/media/catalog/product/u/s/us_vinopure_allure_2025_1_.jpg?auto=format,compress&cs=srgb&fm=auto&w=1200",SafeCart_Dataset\images\genuine_reference\CAUDALIE_VINOPURE_BLEMISH_SALICYLIC_SERUM_NC14250100072\a46d33bf8814.jpg,https://us.caudalie.com/p/500R2/500r2-acne-serum-to-treat-and-prevent-blemishes.html,us.caudalie.com,us.caudalie.com,,,,,,,,,,,genuine_reference,,0.0,0.0,False,,not_visible,2acbee8bb3f8c183b5fa3c1fea88e18a,f3c8ce3294b494b9,success,,genuine,Caudalie Vinopure Blemish Salicylic Serum official,1200,1200,68887,2026-08-15T14:40:13.860285+00:00
112ecfaf8b62,CAUDALIE_VINOPURE_BLEMISH_SALICYLIC_SERUM_NC14250100072,Caudalie,Vinopure Blemish Salicylic Serum,NC14250100072,https://cdn11.bigcommerce.com/s-ry0z32rxm0/images/stencil/1280x1280/products/1371/32725/3522930005001_2__99267.1762346725.jpg?c=2,SafeCart_Dataset\images\genuine_reference\CAUDALIE_VINOPURE_BLEMISH_SALICYLIC_SERUM_NC14250100072\112ecfaf8b62.jpg,https://us.bathandunwind.com/caudalie-vinopure-natural-salicylic-acid-pore-minimising-serum-30ml/?srsltid=AfmBOoohE1DwfpcPc6UZ5d9UVlFUzsPcv7W30ZxhNWDC6fmHUj5Zjr_I,us.bathandunwind.com,us.bathandunwind.com,,,,,,,,,,,genuine_reference,,0.0,0.0,False,,not_visible,5635e9a86df6d13d11f8288bd89b781b,82071f3fbcb9b038,success,,genuine,Caudalie Vinopure Blemish Salicylic Serum official,1280,1280,283863,2026-08-15T14:40:14.097653+00:00
16371b5a5ffd,CAUDALIE_VINOPURE_BLEMISH_SALICYLIC_SERUM_NC14250100072,Caudalie,Vinopure Blemish Salicylic Serum,NC14250100072,https://cdn11.bigcommerce.com/s-ry0z32rxm0/images/stencil/1280x1280/products/1371/32717/3522930005001_8__58794.1762346725.jpg?c=2,SafeCart_Dataset\images\genuine_reference\CAUDALIE_VINOPURE_BLEMISH_SALICYLIC_SERUM_NC14250100072\16371b5a5ffd.jpg,https://us.bathandunwind.com/caudalie-vinopure-natural-salicylic-acid-pore-minimising-serum-30ml/?srsltid=AfmBOopCP6980oNKfx9YBcZDwBzKu7RfLph9ExCqhQvhTskl3lGA8LWk,us.bathandunwind.com,us.bathandunwind.com,,,,,,,,,,,genuine_reference,,0.0,0.0,False,,not_visible,0ea08076827b8d1476f01f2b998abb8f,b9e9d21e1fc0e1a1,success,,genuine,Caudalie Vinopure Blemish Salicylic Serum official,1280,1280,175014,2026-08-15T14:40:14.437685+00:00
6bae4271ac80,CAUDALIE_VINOPURE_BLEMISH_SALICYLIC_SERUM_NC14250100072,Caudalie,Vinopure Blemish Salicylic Serum,NC14250100072,"https://caudalie-americas.imgix.net/media/catalog/product/2/8/2895167-av-7.jpg?auto=format,compress&cs=srgb&fm=auto&w=1200",SafeCart_Dataset\images\genuine_reference\CAUDALIE_VINOPURE_BLEMISH_SALICYLIC_SERUM_NC14250100072\6bae4271ac80.jpg,https://us.caudalie.com/p/500R2/500r2-acne-serum-to-treat-and-prevent-blemishes.html,us.caudalie.com,us.caudalie.com,,,,,,,,,,,genuine_reference,,0.0,0.0,False,,not_visible,1c9acee24a150c2fa3a7eecfca0710ee,a32c734658b79555,success,,genuine,Caudalie Vinopure Blemish Salicylic Serum official,1200,1200,119765,2026-08-15T14:40:14.649164+00:00
1918fa6100ff,CAUDALIE_VINOPURE_BLEMISH_SALICYLIC_SERUM_NC14250100072,Caudalie,Vinopure Blemish Salicylic Serum,NC14250100072,https://static.sweetcare.com/img/prd/488/v-638924967514650249/caudalie-008356cd_01.webp,SafeCart_Dataset\images\genuine_reference\CAUDALIE_VINOPURE_BLEMISH_SALICYLIC_SERUM_NC14250100072\1918fa6100ff.jpg,https://www.sweetcare.com/us/caudalie-vinopure-salicylique-serum-anti-imperfections-p-008356cd?st=01&country=es,www.sweetcare.com,sweetcare.com,,,,,,,,,,,genuine_reference,,0.0,0.0,False,,not_visible,d4fe1be54e06368edc7a606b4de75985,b0cece39328cce66,success,,genuine,Caudalie Vinopure Blemish Salicylic Serum official,488,488,17576,2026-08-15T14:40:14.875228+00:00
261933f703e0,CAUDALIE_VINOPURE_BLEMISH_SALICYLIC_SERUM_NC14250100072,Caudalie,Vinopure Blemish Salicylic Serum,NC14250100072,https://static.sweetcare.com/img/prd/488/v-638924978077647596/caudalie-008356cd-8.webp,SafeCart_Dataset\images\genuine_reference\CAUDALIE_VINOPURE_BLEMISH_SALICYLIC_SERUM_NC14250100072\261933f703e0.jpg,https://www.sweetcare.com/caudalie-vinopure-serum-infusao-anti-imperfeicoes-acne-p-008356cd?st=01,www.sweetcare.com,sweetcare.com,,,,,,,,,,,genuine_reference,,0.0,0.0,False,,not_visible,f33956d69cd5148f7362f8f6d2cd6703,fc433de0ce69903c,success,,genuine,Caudalie Vinopure Blemish Salicylic Serum official,488,488,34805,2026-08-15T14:40:15.053244+00:00
9e19f1da61dc,CAUDALIE_VINOPURE_BLEMISH_SALICYLIC_SERUM_NC14250100072,Caudalie,Vinopure Blemish Salicylic Serum,NC14250100072,https://substack-post-media.s3.amazonaws.com/public/images/89bca654-0557-4802-96ca-0583a1261ce5_1275x850.jpeg,SafeCart_Dataset\images\genuine_reference\CAUDALIE_VINOPURE_BLEMISH_SALICYLIC_SERUM_NC14250100072\9e19f1da61dc.jpg,https://natalieoneill.substack.com/p/first-thoughts-caudalie-vinopure,natalieoneill.substack.com,natalieoneill.substack.com,,,,,,,,,,,genuine_reference,,0.0,0.0,False,,not_visible,650f078b11d0271f7893df2df7b8c6c4,b3cc84332f33cc33,success,,genuine,Caudalie Vinopure Blemish Salicylic Serum official,1275,850,90628,2026-08-15T14:40:17.458347+00:00
dbcd06940e87,CAUDALIE_VINOPURE_BLEMISH_SALICYLIC_SERUM_NC14250100072,Caudalie,Vinopure Blemish Salicylic Serum,NC14250100072,https://p16-common-sign.tiktokcdn-us.com/tos-useast2a-p-0037-euttp/a90412e1de8e4c88a5aaaccc7c11efb5_1694530612~tplv-photomode-video-share-card:630:630:20.jpeg?dr=9616&refresh_token=09886f49&x-expires=1817071200&x-signature=YfzfSAfqOT%2BTA1vfNHbsG6Cu2kE%3D&t=4d5b0474&ps=13740610&shp=55bbe6a9&shcp=f07906a3&idc=useast8&ftpl=1,SafeCart_Dataset\images\reported_counterfeit_candidate\CAUDALIE_VINOPURE_BLEMISH_SALICYLIC_SERUM_NC14250100072\dbcd06940e87.jpg,https://www.tiktok.com/@caudalie/video/7277953523680021793,www.tiktok.com,tiktok.com,,,,,,How to Apply Vinopure Blemish Control Salicylic Serum ... No purchase necessary. Not affiliated with TikTok. Beware of fake accounts — @caudalie and @etoile are the only official accounts running this ...,,fake,MODERATE_EVIDENCE,3.0,reported_counterfeit_candidate,,0.0,0.0,False,,not_visible,e21b2212bf911293dbfa7f6ef3fc397f,d33cd36734a44e58,success,,counterfeit_evidence,https://www.tiktok.com/@caudalie/video/7277953523680021793,630,630,50207,2026-08-15T14:40:59.439406+00:00
04757c37852e,SULWHASOO_CONCENTRATED_GINSENG_BRIGHTENING_SERUM_NA26221900044,Sulwhasoo,Concentrated Ginseng Brightening Serum,NA26221900044,http://us.sulwhasoo.com/cdn/shop/products/SWS_Packshot_CGBS-8ml_1080x1080_ad691242-1ca8-4440-8a73-8c9047440869.png?v=1681415629,SafeCart_Dataset\images\genuine_reference\SULWHASOO_CONCENTRATED_GINSENG_BRIGHTENING_SERUM_NA26221900044\04757c37852e.jpg,https://us.sulwhasoo.com/products/concentrated-ginseng-brightening-serum-8ml,us.sulwhasoo.com,us.sulwhasoo.com,,,,,,,,,,,genuine_reference,,0.0,0.0,False,,not_visible,77a9a658fa36e98fa355696a0012713e,b38ccc66cc33c6cc,success,,genuine,Sulwhasoo Concentrated Ginseng Brightening Serum official,1080,1080,32934,2026-08-15T14:41:01.150838+00:00
f79a3829fd14,SULWHASOO_CONCENTRATED_GINSENG_BRIGHTENING_SERUM_NA26221900044,Sulwhasoo,Concentrated Ginseng Brightening Serum,NA26221900044,https://us.sulwhasoo.com/cdn/shop/files/BRAND.COM_1080x1080_NewCGRSerum_01.Packshot_50ml.jpg?height=520&v=1736980672&width=520,SafeCart_Dataset\images\genuine_reference\SULWHASOO_CONCENTRATED_GINSENG_BRIGHTENING_SERUM_NA26221900044\f79a3829fd14.jpg,https://us.sulwhasoo.com/products/concentrated-ginseng-brightening-serum-8ml,us.sulwhasoo.com,us.sulwhasoo.com,,,,,,,,,,,genuine_reference,,0.0,0.0,False,,not_visible,ee8568a8272bc22cccc5c11456874d74,e699cc23999966cc,success,,genuine,Sulwhasoo Concentrated Ginseng Brightening Serum official,520,520,14934,2026-08-15T14:41:01.518549+00:00
73cefdbbda47,SULWHASOO_CONCENTRATED_GINSENG_BRIGHTENING_SERUM_NA26221900044,Sulwhasoo,Concentrated Ginseng Brightening Serum,NA26221900044,https://slimages.macysassets.com/is/image/MCY/products/7/optimized/31424367_fpx.tif?$filterlrg$&wid=327,SafeCart_Dataset\images\genuine_reference\SULWHASOO_CONCENTRATED_GINSENG_BRIGHTENING_SERUM_NA26221900044\73cefdbbda47.jpg,https://www.macys.com/shop/product/sulwhasoo-concentrated-ginseng-brightening-serum-1.7-oz.?ID=20967452,www.macys.com,macys.com,,,,,,,,,,,genuine_reference,,0.0,0.0,False,,not_visible,96941135b71b3368a7d7ca9dbe8ed6db,e496b69993199693,success,,genuine,Sulwhasoo Concentrated Ginseng Brightening Serum official,327,400,12566,2026-08-15T14:41:01.679412+00:00
7ca5b70e2321,SULWHASOO_CONCENTRATED_GINSENG_BRIGHTENING_SERUM_NA26221900044,Sulwhasoo,Concentrated Ginseng Brightening Serum,NA26221900044,https://us.sulwhasoo.com/cdn/shop/files/CGR_Serum_01._Texture_Brand.com_1080px_1_1_ratio.jpg?v=1758902369&width=1080,SafeCart_Dataset\images\genuine_reference\SULWHASOO_CONCENTRATED_GINSENG_BRIGHTENING_SERUM_NA26221900044\7ca5b70e2321.jpg,https://us.sulwhasoo.com/products/concentrated-ginseng-rejuvenating-serum,us.sulwhasoo.com,us.sulwhasoo.com,,,,,,,,,,,genuine_reference,,0.0,0.0,False,,not_visible,072141a1d81d68e1de9f9767d0c862c2,eab584493e8cf9a4,success,,genuine,Sulwhasoo Concentrated Ginseng Brightening Serum official,1080,1080,163061,2026-08-15T14:41:01.866626+00:00
3b560b3983e4,SULWHASOO_CONCENTRATED_GINSENG_BRIGHTENING_SERUM_NA26221900044,Sulwhasoo,Concentrated Ginseng Brightening Serum,NA26221900044,https://cdn.shopify.com/s/files/1/0578/8532/7560/files/SULWHASOO_Concentrated_Ginseng_Rejuvenating_Serum1.jpg?v=1731907049,SafeCart_Dataset\images\genuine_reference\SULWHASOO_CONCENTRATED_GINSENG_BRIGHTENING_SERUM_NA26221900044\3b560b3983e4.jpg,https://mapetitecoree.com/en/collections/skincare/products/sulwhasoo-concentrated-ginseng-renewing-serum?srsltid=AfmBOopFMgQY6y2cRS8SfHJJtc-Impa6FF8RrwdU4wDjDfAj_c8UogPC,mapetitecoree.com,mapetitecoree.com,,,,,,,,,,,genuine_reference,,0.0,0.0,False,,not_visible,f5599cdcbbd5e51200d68b66de41c171,cc4cb3734dcc4c33,success,,genuine,Sulwhasoo Concentrated Ginseng Brightening Serum official,1100,1619,110076,2026-08-15T14:41:02.112829+00:00
decdb2e51e8b,SULWHASOO_CONCENTRATED_GINSENG_BRIGHTENING_SERUM_NA26221900044,Sulwhasoo,Concentrated Ginseng Brightening Serum,NA26221900044,https://i.ebayimg.com/images/g/-k0AAOSwDOxnBMlK/s-l400.jpg,SafeCart_Dataset\images\genuine_reference\SULWHASOO_CONCENTRATED_GINSENG_BRIGHTENING_SERUM_NA26221900044\decdb2e51e8b.jpg,https://www.ebay.com/itm/167011764318,www.ebay.com,ebay.com,,,,,,,,,,,genuine_reference,,0.0,0.0,False,,not_visible,bbc79eba049108a7702f6c1d58f90f50,e5349a67cf199883,success,,genuine,Sulwhasoo Concentrated Ginseng Brightening Serum official,400,400,21232,2026-08-15T14:41:02.400337+00:00
314e3632cc10,SULWHASOO_CONCENTRATED_GINSENG_BRIGHTENING_SERUM_NA26221900044,Sulwhasoo,Concentrated Ginseng Brightening Serum,NA26221900044,https://cdn11.bigcommerce.com/s-46kq7/products/2427/images/4526/111170001275_01__98334.1657594519.500.750.png?c=2,SafeCart_Dataset\images\genuine_reference\SULWHASOO_CONCENTRATED_GINSENG_BRIGHTENING_SERUM_NA26221900044\314e3632cc10.jpg,https://www.shopatkorea.com/sulwhasoo-concentrated-ginseng-brightening-serum/,www.shopatkorea.com,shopatkorea.com,,,,,,,,,,,genuine_reference,,0.0,0.0,False,,not_visible,fe41cdaa4a9f7e575603aac418c85f04,9c1936e7494d339c,success,,genuine,Sulwhasoo Concentrated Ginseng Brightening Serum official,500,500,24985,2026-08-15T14:41:02.729567+00:00
f28178e49f26,SULWHASOO_CONCENTRATED_GINSENG_BRIGHTENING_SERUM_NA26221900044,Sulwhasoo,Concentrated Ginseng Brightening Serum,NA26221900044,https://www.coscorea.com/cdn/shop/files/Sulwhasoo_ConcentratedGinsengBrighteningSerum50mlSet_1_a6cda4a0-289d-4385-ab61-7b95ef7fce3b_800x.jpg?v=1683164980,SafeCart_Dataset\images\genuine_reference\SULWHASOO_CONCENTRATED_GINSENG_BRIGHTENING_SERUM_NA26221900044\f28178e49f26.jpg,https://www.coscorea.com/products/sulwhasoo-concentrated-ginseng-brightening-serum-50ml-set?srsltid=AfmBOoqsSVvrKL8FKj4G3VRjOAFwPg2Xr5XhcWNWJzNRp7SX4u_CFgeq,www.coscorea.com,coscorea.com,,,,,,,,,,,genuine_reference,,0.0,0.0,False,,not_visible,617aadcea9f742e05e22daae77dd63ea,be3dc1c692986e25,success,,genuine,Sulwhasoo Concentrated Ginseng Brightening Serum official,800,800,70213,2026-08-15T14:41:02.856139+00:00
5ce0efcaaa59,SULWHASOO_CONCENTRATED_GINSENG_BRIGHTENING_SERUM_NA26221900044,Sulwhasoo,Concentrated Ginseng Brightening Serum,NA26221900044,https://tjzhhfczyjvfjjmuvegd.supabase.co/storage/v1/object/public/lgaas-assets/blog-heroes/how-to-tell-if-your-sulwhasoo-first-care-serum-is-fake-5-che-1782947865544.jpeg,SafeCart_Dataset\images\reported_counterfeit_candidate\SULWHASOO_CONCENTRATED_GINSENG_BRIGHTENING_SERUM_NA26221900044\5ce0efcaaa59.jpg,https://www.seoulsister.com/blog/how-to-tell-if-your-sulwhasoo-first-care-serum-is-fake-5-che,seoulsister.com,seoulsister.com,,,,,,"How to Tell If Sulwhasoo Is Fake: 5 Checks | Seoul Sister Learn how to tell if Sulwhasoo is fake with 5 checks: glass weight, gold foil, Korean MFDS label, barcode, and shrink wrap.",,fake,MODERATE_EVIDENCE,3.0,reported_counterfeit_candidate,,0.0,0.0,False,,not_visible,1c7fbd5f10457406cb2ab5080aa1e0ad,c1e68ecc3fc42a93,success,,counterfeit_evidence,https://www.seoulsister.com/blog/how-to-tell-if-your-sulwhasoo-first-care-serum-is-fake-5-che,1376,768,137983,2026-08-15T14:41:04.443789+00:00
b7388e8523d0,ELSHESKIN_15_VITAMIN_C_GLOW_ADVANCE_SERUM_NA18251900022,Elsheskin,15% Vitamin C + Glow Advance Serum,NA18251900022,https://nihonmart.id/pub/media/catalog/product/cache/8a3fa81d90974d9a7299f2eff309979f/v/i/vitamin_c_glow_advance_serum_20ml-min.png,SafeCart_Dataset\images\genuine_reference\ELSHESKIN_15_VITAMIN_C_GLOW_ADVANCE_SERUM_NA18251900022\b7388e8523d0.jpg,https://nihonmart.id/elsheskin-15-vitamin-c-glow-advance-serum-20ml?srsltid=AfmBOorzQAgPK4TZSWmrXtCKyOCcZVzLEJFESABZd00RUb2025r270pu,nihonmart.id,nihonmart.id,,,,,,,,,,,genuine_reference,,0.0,0.0,False,,not_visible,0daa8bf8e25404c554240bf84e57a702,e69a99999b999889,success,,genuine,Elsheskin 15% Vitamin C + Glow Advance Serum official,600,600,29628,2026-08-15T14:40:16.011441+00:00
78708177ea59,ELSHESKIN_15_VITAMIN_C_GLOW_ADVANCE_SERUM_NA18251900022,Elsheskin,15% Vitamin C + Glow Advance Serum,NA18251900022,https://down-id.img.susercontent.com/file/id-11134207-7rasb-m5banpzxkfq068,SafeCart_Dataset\images\genuine_reference\ELSHESKIN_15_VITAMIN_C_GLOW_ADVANCE_SERUM_NA18251900022\78708177ea59.jpg,https://shopee.co.id/Elsheskin-15-Vitamin-C-Glow-Advance-Serum-20ml-Brightening-Skincare-Serum-Wajah-Tampak-Lebih-Cerah-dan-Glowing-Mencerahkan-Kulit-Kusam-Memudarkan-Dark-Spots-Melindungi-Kulit-dari-Polusi-Membantu-Mencegah-Penuaan-Dini-i.9035345.13258187670,shopee.co.id,shopee.co.id,,,,,,,,,,,genuine_reference,,0.0,0.0,False,,not_visible,8b8c1f5480132a519c9dc08fe349d205,cba7a4b6b6c6b240,success,,genuine,Elsheskin 15% Vitamin C + Glow Advance Serum official,1024,1024,166290,2026-08-15T14:40:18.517663+00:00
4c29627147bf,ELSHESKIN_15_VITAMIN_C_GLOW_ADVANCE_SERUM_NA18251900022,Elsheskin,15% Vitamin C + Glow Advance Serum,NA18251900022,https://cdn.beautyhaul.com/assets/uploads/products/thumbs/800x800/ELS-FSE-00128.001_sv_%281%29_.png,SafeCart_Dataset\images\genuine_reference\ELSHESKIN_15_VITAMIN_C_GLOW_ADVANCE_SERUM_NA18251900022\4c29627147bf.jpg,https://www.beautyhaul.com/product/detail/15-vitamin-c-glow-advance-serum?srsltid=AfmBOopfyCcO4pdEKukZfOt9ULMW91CfdGhDAFmZMfVvDDH0f5zc5hz7,www.beautyhaul.com,beautyhaul.com,,,,,,,,,,,genuine_reference,,0.0,0.0,False,,not_visible,2c65a85790f52e7f53f1ef1ee901c3c3,e699996499666693,success,,genuine,Elsheskin 15% Vitamin C + Glow Advance Serum official,800,800,27917,2026-08-15T14:40:18.812596+00:00
a208d4ece761,ELSHESKIN_15_VITAMIN_C_GLOW_ADVANCE_SERUM_NA18251900022,Elsheskin,15% Vitamin C + Glow Advance Serum,NA18251900022,https://down-id.img.susercontent.com/file/id-11134207-8224t-mi2s38l2s5c75e,SafeCart_Dataset\images\genuine_reference\ELSHESKIN_15_VITAMIN_C_GLOW_ADVANCE_SERUM_NA18251900022\a208d4ece761.jpg,https://shopee.co.id/Elsheskin-15-Vitamin-C-Glow-Advance-Serum-20ml-Brightening-Skincare-Serum-Wajah-Tampak-Lebih-Cerah-dan-Glowing-Mencerahkan-Kulit-Kusam-Memudarkan-Dark-Spots-Melindungi-Kulit-dari-Polusi-Membantu-Mencegah-Penuaan-Dini-i.9035345.13258187670,shopee.co.id,shopee.co.id,,,,,,,,,,,genuine_reference,,0.0,0.0,False,,not_visible,e441668a13b90d15422e8a2056d1b726,b1cca6b9cc364c33,success,,genuine,Elsheskin 15% Vitamin C + Glow Advance Serum official,1024,1024,158534,2026-08-15T14:40:20.833896+00:00
5e36a2e34a25,ELSHESKIN_15_VITAMIN_C_GLOW_ADVANCE_SERUM_NA18251900022,Elsheskin,15% Vitamin C + Glow Advance Serum,NA18251900022,"https://www.sociolla.com/cdn-cgi/image/w=500,format=auto,dpr=1.45/https://images.soco.id/305daaee-b506-4562-9b19-0fc8dfda2575-image-8-1751427458793",SafeCart_Dataset\images\genuine_reference\ELSHESKIN_15_VITAMIN_C_GLOW_ADVANCE_SERUM_NA18251900022\5e36a2e34a25.jpg,https://www.sociolla.com/face-serum/92207-15-vitamin-c-glow-advance-serum,www.sociolla.com,sociolla.com,,,,,,,,,,,genuine_reference,,0.0,0.0,False,,not_visible,8b9eb9c966a2939e58cc4cc4ddf29352,fba8c437a655b2c0,success,,genuine,Elsheskin 15% Vitamin C + Glow Advance Serum official,725,726,136622,2026-08-15T14:40:21.184685+00:00
350bf1f19eb7,ELSHESKIN_15_VITAMIN_C_GLOW_ADVANCE_SERUM_NA18251900022,Elsheskin,15% Vitamin C + Glow Advance Serum,NA18251900022,"https://www.sociolla.com/cdn-cgi/image/w=500,format=auto,dpr=1.45/https://images.soco.id/40a1d1f5-0bb2-4bee-80b3-191d5ea6c5f9-image-6-1751427458792",SafeCart_Dataset\images\genuine_reference\ELSHESKIN_15_VITAMIN_C_GLOW_ADVANCE_SERUM_NA18251900022\350bf1f19eb7.jpg,https://www.sociolla.com/face-serum/92207-15-vitamin-c-glow-advance-serum,www.sociolla.com,sociolla.com,,,,,,,,,,,genuine_reference,,0.0,0.0,False,,not_visible,acaf21aaf3ba9a7199b653d0e576df6c,bfdc81e3d423e40c,success,,genuine,Elsheskin 15% Vitamin C + Glow Advance Serum official website,725,725,116232,2026-08-15T14:40:23.462183+00:00
da90bf859776,ELSHESKIN_15_VITAMIN_C_GLOW_ADVANCE_SERUM_NA18251900022,Elsheskin,15% Vitamin C + Glow Advance Serum,NA18251900022,https://down-id.img.susercontent.com/file/id-11134207-8224r-mivejlkeejgha5,SafeCart_Dataset\images\genuine_reference\ELSHESKIN_15_VITAMIN_C_GLOW_ADVANCE_SERUM_NA18251900022\da90bf859776.jpg,https://shopee.co.id/Elsheskin-15-Vitamin-C-Glow-Advance-Serum-20ml-Brightening-Skincare-Serum-Wajah-Tampak-Lebih-Cerah-dan-Glowing-Mencerahkan-Kulit-Kusam-Memudarkan-Dark-Spots-Melindungi-Kulit-dari-Polusi-Membantu-Mencegah-Penuaan-Dini-i.9035345.13258187670,shopee.co.id,shopee.co.id,,,,,,,,,,,genuine_reference,,0.0,0.0,False,,not_visible,4d19951ebad17d3611e073d29d1db939,b964f42bf08bd0f0,success,,genuine,Elsheskin 15% Vitamin C + Glow Advance Serum official website,1024,1024,151232,2026-08-15T14:40:28.194412+00:00
f06cb969f9c3,ELSHESKIN_15_VITAMIN_C_GLOW_ADVANCE_SERUM_NA18251900022,Elsheskin,15% Vitamin C + Glow Advance Serum,NA18251900022,https://down-id.img.susercontent.com/file/id-11134207-8224x-mg4v2rsl3si1e8,SafeCart_Dataset\images\genuine_reference\ELSHESKIN_15_VITAMIN_C_GLOW_ADVANCE_SERUM_NA18251900022\f06cb969f9c3.jpg,https://shopee.co.id/Elsheskin-15-Vitamin-C-Glow-Advance-Serum-20ml-Brightening-Skincare-Serum-Wajah-Tampak-Lebih-Cerah-dan-Glowing-Mencerahkan-Kulit-Kusam-Memudarkan-Dark-Spots-Melindungi-Kulit-dari-Polusi-Membantu-Mencegah-Penuaan-Dini-i.9035345.13258187670,shopee.co.id,shopee.co.id,,,,,,,,,,,genuine_reference,,0.0,0.0,False,,not_visible,6345a3450af1fb3a7402c217ec684a05,a4c5593a3e64656d,success,,genuine,Elsheskin 15% Vitamin C + Glow Advance Serum official website,1024,1024,150876,2026-08-15T14:40:28.683343+00:00
b562508dbb43,LANBENA_RETINOL_REJUVENATING_SERUM_NA11252000022,LANBENA,Retinol Rejuvenating Serum,NA11252000022,https://lanbena.com/cdn/shop/files/2_53456a6e-b8fe-455f-b1b8-cd84b221d78f_1200x.png?v=1750233227,SafeCart_Dataset\images\genuine_reference\LANBENA_RETINOL_REJUVENATING_SERUM_NA11252000022\b562508dbb43.jpg,https://lanbena.com/products/retinol-rejuvenating-serum,lanbena.com,lanbena.com,,,,,,,,,,,genuine_reference,,0.0,0.0,False,,not_visible,ba341929bdd25eb5ee70980c185428c0,e69b996499269b31,success,,genuine,LANBENA Retinol Rejuvenating Serum official,1200,1200,67484,2026-08-15T14:41:28.744167+00:00
7259dcef8430,LANBENA_RETINOL_REJUVENATING_SERUM_NA11252000022,LANBENA,Retinol Rejuvenating Serum,NA11252000022,https://www.gosupps.com/media/catalog/product/6/1/610r4Tgg1SL.jpg,SafeCart_Dataset\images\genuine_reference\LANBENA_RETINOL_REJUVENATING_SERUM_NA11252000022\7259dcef8430.jpg,https://www.gosupps.com/lanbena-retinol-serum-for-face-retinol-serum-with-hyaluronic-acid-for-wrinkles-and-fine-lines-renew-and-plump-night-facial-serum-for-glowing-skin-serum-for-sensitive-skin-30ml.html,www.gosupps.com,gosupps.com,,,,,,,,,,,genuine_reference,,0.0,0.0,False,,not_visible,013611a370ed0d2705c7b62fe290598d,f997c43ac66893c4,success,,genuine,LANBENA Retinol Rejuvenating Serum official,1600,1599,211220,2026-08-15T14:41:29.209627+00:00
f462bbf4ca23,LANBENA_RETINOL_REJUVENATING_SERUM_NA11252000022,LANBENA,Retinol Rejuvenating Serum,NA11252000022,https://s.alicdn.com/@sc04/kf/H4e31465c9ee846e49384df6f9474abbdq.jpg,SafeCart_Dataset\images\genuine_reference\LANBENA_RETINOL_REJUVENATING_SERUM_NA11252000022\f462bbf4ca23.jpg,https://www.alibaba.com/product-detail/Lanbena-New-Arrival-Retinol-Rejuvenating-Serum_1601587333809.html,www.alibaba.com,alibaba.com,,,,,,,,,,,genuine_reference,,0.0,0.0,False,,not_visible,e32d2fc73a385acc3316e1619bafb7b8,b8c30738c23dd86f,success,,genuine,LANBENA Retinol Rejuvenating Serum official,1200,1200,212549,2026-08-15T14:41:29.493311+00:00
3c4d6bc87825,LANBENA_RETINOL_REJUVENATING_SERUM_NA11252000022,LANBENA,Retinol Rejuvenating Serum,NA11252000022,"https://m.media-amazon.com/images/I/619s4gxI0VL._AC_UF350,350_QL80_.jpg",SafeCart_Dataset\images\genuine_reference\LANBENA_RETINOL_REJUVENATING_SERUM_NA11252000022\3c4d6bc87825.jpg,https://www.amazon.ie/LANBENA-Retinol-Rejuvenating-Serum-Women/dp/B0FL21TDNR,www.amazon.ie,amazon.ie,,,,,,,,,,,genuine_reference,,0.0,0.0,False,,not_visible,780e87e6baf243d68fcc156e8d219e53,bee3c39cc03e6231,success,,genuine,LANBENA Retinol Rejuvenating Serum official,350,350,24228,2026-08-15T14:41:30.040562+00:00
a9fcbf730e98,LANBENA_RETINOL_REJUVENATING_SERUM_NA11252000022,LANBENA,Retinol Rejuvenating Serum,NA11252000022,"https://m.media-amazon.com/images/S/aplus-media-library-service-media/8f45d7d0-4848-4dc4-9c88-220cfb9ad55f.__CR0,0,970,600_PT0_SX970_V1___.jpg",SafeCart_Dataset\images\genuine_reference\LANBENA_RETINOL_REJUVENATING_SERUM_NA11252000022\a9fcbf730e98.jpg,https://www.gosupps.com/lanbena-retinol-serum-for-face-retinol-serum-with-hyaluronic-acid-for-wrinkles-and-fine-lines-renew-and-plump-night-facial-serum-for-glowing-skin-serum-for-sensitive-skin-30ml.html,www.gosupps.com,gosupps.com,,,,,,,,,,,genuine_reference,,0.0,0.0,False,,not_visible,e869a6df287282c1fc69d58994b30bce,e699c3e1c37682cc,success,,genuine,LANBENA Retinol Rejuvenating Serum official,970,600,81425,2026-08-15T14:41:30.292085+00:00
008a9a24ae5f,LANBENA_RETINOL_REJUVENATING_SERUM_NA11252000022,LANBENA,Retinol Rejuvenating Serum,NA11252000022,https://i.ebayimg.com/images/g/-TIAAOSwdKJlca0C/s-l400.jpg,SafeCart_Dataset\images\genuine_reference\LANBENA_RETINOL_REJUVENATING_SERUM_NA11252000022\008a9a24ae5f.jpg,https://www.ebay.com/itm/157859773741,www.ebay.com,ebay.com,,,,,,,,,,,genuine_reference,,0.0,0.0,False,,not_visible,110ab0847a82941e023c1e398b764980,8f4e34e531e770c2,success,,genuine,LANBENA Retinol Rejuvenating Serum official,300,400,39300,2026-08-15T14:41:42.991796+00:00
2687a5b61618,LANBENA_RETINOL_REJUVENATING_SERUM_NA11252000022,LANBENA,Retinol Rejuvenating Serum,NA11252000022,https://www.gosupps.com/media/catalog/product/cache/25/image/1500x/040ec09b1e35df139433887a97daa66f/5/1/51DNZGg973L._SL1000_.jpg,SafeCart_Dataset\images\genuine_reference\LANBENA_RETINOL_REJUVENATING_SERUM_NA11252000022\2687a5b61618.jpg,https://www.gosupps.com/lanbena-retinol-serum-for-face-retinol-serum-with-hyaluronic-acid-for-wrinkles-and-fine-lines-renew-and-plump-night-facial-serum-for-glowing-skin-serum-for-sensitive-skin-30ml.html,www.gosupps.com,gosupps.com,,,,,,,,,,,genuine_reference,,0.0,0.0,False,,not_visible,d3a568921c50d051d9a85846bd232494,e699d96699663889,success,,genuine,LANBENA Retinol Rejuvenating Serum official website,1000,1000,67334,2026-08-15T14:41:44.740141+00:00
92b70cbd5397,LANBENA_RETINOL_REJUVENATING_SERUM_NA11252000022,LANBENA,Retinol Rejuvenating Serum,NA11252000022,https://www.gosupps.com/media/catalog/product/cache/25/image/1500x/040ec09b1e35df139433887a97daa66f/5/1/51ZLuK92yfL._SL1500_.jpg,SafeCart_Dataset\images\genuine_reference\LANBENA_RETINOL_REJUVENATING_SERUM_NA11252000022\92b70cbd5397.jpg,https://www.gosupps.com/lanbena-under-eye-cream-retinol-eye-cream-for-dark-circles-and-puffiness-daily-anti-aging-under-eye-cream-with-retinol-hyaluronic-acid-to-fight-fine-lines-and-firm-skin-0-68-fl-oz.html,www.gosupps.com,gosupps.com,,,,,,,,,,,genuine_reference,,0.0,0.0,False,,not_visible,affe2c815282fb628ca56ddc3a56da3d,f2cb0cb7b70888e3,success,,genuine,LANBENA Retinol Rejuvenating Serum official website,1500,1500,108411,2026-08-15T14:41:45.330791+00:00
3110073faae3,LANBENA_RETINOL_REJUVENATING_SERUM_NA11252000022,LANBENA,Retinol Rejuvenating Serum,NA11252000022,https://p19-common-sign.tiktokcdn-us.com/tos-alisg-p-0037/oABzEMivAWKNZGo9AABAII30I6zwZBCCAriCf2~tplv-tiktokx-origin.image?dr=9636&x-expires=1786860000&x-signature=MOXMBqqhuBmx75cyKRUZJe1EWo4%3D&t=4d5b0474&ps=13740610&shp=81f88b70&shcp=55bbe6a9&idc=useast8,SafeCart_Dataset\images\reported_counterfeit_candidate\LANBENA_RETINOL_REJUVENATING_SERUM_NA11252000022\3110073faae3.jpg,https://www.tiktok.com/@lanbena.beauty/video/7516920607355833618,www.tiktok.com,tiktok.com,,,,,,"Waspada Produk Lanbena Palsu Untuk Skincare Ketahui cara membedakan produk asli dan palsu Lanbena agar kulitmu aman. Yuk, jaga kecantikanmu! #retinol #lanbena #skincaretips. This is an AI- ...",,palsu,MODERATE_EVIDENCE,3.0,reported_counterfeit_candidate,,0.0,0.0,False,,not_visible,5d49f00e5608b997329f7cdaeebd395a,,success,duplicate_of:653cab7ac764,counterfeit_evidence,https://www.tiktok.com/@lanbena.beauty/video/7516920607355833618,1200,1719,182611,2026-08-15T14:41:56.849111+00:00
cb672f100d1c,COSRX_THE_HYALURONIC_ACID_3_SERUM_NA26222000050,COSRX,The Hyaluronic Acid 3 Serum,NA26222000050,https://media.ulta.com/i/ulta/2607855?w=800&h=800&fmt=auto,SafeCart_Dataset\images\genuine_reference\COSRX_THE_HYALURONIC_ACID_3_SERUM_NA26222000050\cb672f100d1c.jpg,https://www.ulta.com/p/hyaluronic-acid-3-serum-with-amino-acids-ceramide-np-pimprod2038197?sku=2607855,www.ulta.com,ulta.com,,,,,,,,,,,genuine_reference,,0.0,0.0,False,,not_visible,b443a211b846d9780c146f3bf36414c6,937c79c324c63cc6,success,,genuine,COSRX The Hyaluronic Acid 3 Serum official,800,800,58512,2026-08-15T14:40:18.274746+00:00
649baec1d32a,COSRX_THE_HYALURONIC_ACID_3_SERUM_NA26222000050,COSRX,The Hyaluronic Acid 3 Serum,NA26222000050,https://www.cosrx.com/cdn/shop/files/the-hyaluronic-acid-3-serum-cosrx-official-1_2048x.jpg?v=1724836664,SafeCart_Dataset\images\genuine_reference\COSRX_THE_HYALURONIC_ACID_3_SERUM_NA26222000050\649baec1d32a.jpg,https://www.cosrx.com/products/the-hyaluronic-acid-3-serum?srsltid=AfmBOopLQZRbM6WEZM-sOlxlwKUDML5TmFQFRhTZTLmcJzF6AiTwiYNr,www.cosrx.com,cosrx.com,,,,,,,,,,,genuine_reference,,0.0,0.0,False,,not_visible,9b2461888cd1a3a1fddc64dfd89479df,e766989892676565,success,,genuine,COSRX The Hyaluronic Acid 3 Serum official,800,1067,58569,2026-08-15T14:40:18.493005+00:00
d3ae45062b7e,COSRX_THE_HYALURONIC_ACID_3_SERUM_NA26222000050,COSRX,The Hyaluronic Acid 3 Serum,NA26222000050,https://www.cosrx.com/cdn/shop/files/the-hyaluronic-acid-3-serum-cosrx-official-2_2048x.jpg?v=1724836666,SafeCart_Dataset\images\genuine_reference\COSRX_THE_HYALURONIC_ACID_3_SERUM_NA26222000050\d3ae45062b7e.jpg,https://www.cosrx.com/products/the-hyaluronic-acid-3-serum?srsltid=AfmBOorNlfwke6UpoQA5-awt-eZ-hZVMXBjTBVYgTDcR1OCRq3MB23tt,www.cosrx.com,cosrx.com,,,,,,,,,,,genuine_reference,,0.0,0.0,False,,not_visible,ae65bb834c3467823f88902675e83097,eb9d92034dc992ec,success,,genuine,COSRX The Hyaluronic Acid 3 Serum official,800,1067,80128,2026-08-15T14:40:18.667692+00:00
0d311728d016,COSRX_THE_HYALURONIC_ACID_3_SERUM_NA26222000050,COSRX,The Hyaluronic Acid 3 Serum,NA26222000050,https://www.cosrx.com/cdn/shop/files/the-hyaluronic-acid-3-serum-cosrx-official-14_2048x.jpg?v=1724836693,SafeCart_Dataset\images\genuine_reference\COSRX_THE_HYALURONIC_ACID_3_SERUM_NA26222000050\0d311728d016.jpg,https://www.cosrx.com/products/the-hyaluronic-acid-3-serum?srsltid=AfmBOorHxa7UEnwNCHxKu-knftc5HxjP9HA0HykCWlwzXuhPxotoIb6S,www.cosrx.com,cosrx.com,,,,,,,,,,,genuine_reference,,0.0,0.0,False,,not_visible,977b73a70990d53d77e73350de66a6f4,be2ce4cc1a1ae5d1,success,,genuine,COSRX The Hyaluronic Acid 3 Serum official,800,1067,93927,2026-08-15T14:40:18.913765+00:00
e0d87f099025,COSRX_THE_HYALURONIC_ACID_3_SERUM_NA26222000050,COSRX,The Hyaluronic Acid 3 Serum,NA26222000050,https://www.skincupid.us/cdn/shop/files/COSRXTheHyaluronicAcid3Serum_20ml.jpg?v=1760352136,SafeCart_Dataset\images\genuine_reference\COSRX_THE_HYALURONIC_ACID_3_SERUM_NA26222000050\e0d87f099025.jpg,https://www.skincupid.us/products/cosrx-the-hyaluronic-acid-3-serum-20ml,www.skincupid.us,skincupid.us,,,,,,,,,,,genuine_reference,,0.0,0.0,False,,not_visible,cc3840dcf23b17fe6f347a6f9d326351,a69999663398cd36,success,,genuine,COSRX The Hyaluronic Acid 3 Serum official,2000,2000,124648,2026-08-15T14:40:19.113458+00:00
6856c4c76e68,COSRX_THE_HYALURONIC_ACID_3_SERUM_NA26222000050,COSRX,The Hyaluronic Acid 3 Serum,NA26222000050,https://www.cosrx.com/cdn/shop/files/the-hyaluronic-acid-3-serum-cosrx-official-3_2048x.jpg?v=1724836668,SafeCart_Dataset\images\genuine_reference\COSRX_THE_HYALURONIC_ACID_3_SERUM_NA26222000050\6856c4c76e68.jpg,https://www.cosrx.com/products/the-hyaluronic-acid-3-serum?srsltid=AfmBOoobH0k2UXWZUEq-hM-kibP9DpW3OxxvsCFIbIXdiiRMs54FfZg-,www.cosrx.com,cosrx.com,,,,,,,,,,,genuine_reference,,0.0,0.0,False,,not_visible,d85b3d3f9c27d966ade88eb06b924027,bc98c165991ee6c3,success,,genuine,COSRX The Hyaluronic Acid 3 Serum official,800,1067,127357,2026-08-15T14:40:19.690787+00:00
cea0bfd73ab6,COSRX_THE_HYALURONIC_ACID_3_SERUM_NA26222000050,COSRX,The Hyaluronic Acid 3 Serum,NA26222000050,https://media.ulta.com/v/ulta/2607855_vid01/thumbs/6377efbf-b8c2-4815-9114-2da76a690751,SafeCart_Dataset\images\genuine_reference\COSRX_THE_HYALURONIC_ACID_3_SERUM_NA26222000050\cea0bfd73ab6.jpg,https://www.ulta.com/p/hyaluronic-acid-3-serum-with-amino-acids-ceramide-np-pimprod2038197?sku=2607855,www.ulta.com,ulta.com,,,,,,,,,,,genuine_reference,,0.0,0.0,False,,not_visible,ded18cb8d61255f113b201879b13aebb,c256c8986133dcef,success,,genuine,COSRX The Hyaluronic Acid 3 Serum official,1280,720,82235,2026-08-15T14:40:19.908787+00:00
2d2d1eabc3e4,COSRX_THE_HYALURONIC_ACID_3_SERUM_NA26222000050,COSRX,The Hyaluronic Acid 3 Serum,NA26222000050,https://www.cosrx.com/cdn/shop/files/the-hyaluronic-acid-3-serum-cosrx-official-10_2048x.jpg?v=1724836684,SafeCart_Dataset\images\genuine_reference\COSRX_THE_HYALURONIC_ACID_3_SERUM_NA26222000050\2d2d1eabc3e4.jpg,https://www.cosrx.com/products/the-hyaluronic-acid-3-serum?srsltid=AfmBOop5BZpbAR5WBaHLiMzv4PnAgTwLMBX3v76EZpgkrQ47lmMH-7sY,www.cosrx.com,cosrx.com,,,,,,,,,,,genuine_reference,,0.0,0.0,False,,not_visible,1bf81b9b0af825d25387e0f0b231753b,e798996d328699a3,success,,genuine,COSRX The Hyaluronic Acid 3 Serum official,800,1067,86393,2026-08-15T14:40:20.091965+00:00
eb3848a529c1,DR_G_DR_G_RTX_INTO_SERUM_VITAMINSHOT_NA26251900043,Dr.G,Dr.G RTX Into Serum Vitaminshot,NA26251900043,https://d1f6um9xlu8jl4.cloudfront.net/Dr.G/Dr.G_RTX_Into_Serum_Vitaminshot_50ml_T.jpg,SafeCart_Dataset\images\genuine_reference\DR_G_DR_G_RTX_INTO_SERUM_VITAMINSHOT_NA26251900043\eb3848a529c1.jpg,https://jolse.com/product/drg-rtx-into-serum-vitaminshot-50ml/75205/?srsltid=AfmBOorT6iEZmosRcnhdprIRn-CZwGMOGxEfFugTpmPrm9uiDkUkYmL8,jolse.com,jolse.com,,,,,,,,,,,genuine_reference,,0.0,0.0,False,,not_visible,79fb9d6bdcffb234b49ff0c6551846da,e666993399999919,success,,genuine,Dr.G Dr.G RTX Into Serum Vitaminshot official,500,500,14303,2026-08-15T14:42:02.964683+00:00
82281d713f8c,DR_G_DR_G_RTX_INTO_SERUM_VITAMINSHOT_NA26251900043,Dr.G,Dr.G RTX Into Serum Vitaminshot,NA26251900043,https://koreacosmeticsbn.com/cdn/shop/files/dr-g-global-serums-essence-dr-g-rtx-into-serum-vitamin-shot-41241237586172.webp?v=1757644737&width=1946,SafeCart_Dataset\images\genuine_reference\DR_G_DR_G_RTX_INTO_SERUM_VITAMINSHOT_NA26251900043\82281d713f8c.jpg,https://koreacosmeticsbn.com/products/dr-g-rtx-into-serum-vitamin-shot,koreacosmeticsbn.com,koreacosmeticsbn.com,,,,,,,,,,,genuine_reference,,0.0,0.0,False,,not_visible,fad2566159681d9c6a908333215764fa,bd43c23c289bd4ad,success,,genuine,Dr.G Dr.G RTX Into Serum Vitaminshot official,1000,1000,136876,2026-08-15T14:42:04.661547+00:00
ffe0b554c805,DR_G_DR_G_RTX_INTO_SERUM_VITAMINSHOT_NA26251900043,Dr.G,Dr.G RTX Into Serum Vitaminshot,NA26251900043,https://i.ebayimg.com/00/s/MTAwMFgxMDAw/z/lToAAOSwtHBnByRu/$_1.JPG?set_id=880000500F,SafeCart_Dataset\images\genuine_reference\DR_G_DR_G_RTX_INTO_SERUM_VITAMINSHOT_NA26251900043\ffe0b554c805.jpg,https://www.ebay.com/itm/126715066101,www.ebay.com,ebay.com,,,,,,,,,,,genuine_reference,,0.0,0.0,False,,not_visible,ea2c59b9af1638136cf3d70b85c9e9a0,e9938638966c966d,success,,genuine,Dr.G Dr.G RTX Into Serum Vitaminshot official,400,400,15268,2026-08-15T14:42:05.009091+00:00
ccdd9b908448,DR_G_DR_G_RTX_INTO_SERUM_VITAMINSHOT_NA26251900043,Dr.G,Dr.G RTX Into Serum Vitaminshot,NA26251900043,https://i.ebayimg.com/images/g/m~kAAOSw1PdmfhUH/s-l1200.jpg,SafeCart_Dataset\images\genuine_reference\DR_G_DR_G_RTX_INTO_SERUM_VITAMINSHOT_NA26251900043\ccdd9b908448.jpg,https://www.ebay.com/itm/204857917840,www.ebay.com,ebay.com,,,,,,,,,,,genuine_reference,,0.0,0.0,False,,not_visible,9205884c8566faed014166a9d20ded87,f25a585a1cb52da5,success,,genuine,Dr.G Dr.G RTX Into Serum Vitaminshot official,550,550,24349,2026-08-15T14:42:05.499114+00:00
72f34ebff4f1,DR_G_DR_G_RTX_INTO_SERUM_VITAMINSHOT_NA26251900043,Dr.G,Dr.G RTX Into Serum Vitaminshot,NA26251900043,https://d1f6um9xlu8jl4.cloudfront.net/Dr.G/Dr.G_RTX_Into_Serum_Hyalshot_50ml_T.jpg,SafeCart_Dataset\images\genuine_reference\DR_G_DR_G_RTX_INTO_SERUM_VITAMINSHOT_NA26251900043\72f34ebff4f1.jpg,https://jolse.com/product/drg-rtx-into-serum-hyalshot-50ml/75206/?srsltid=AfmBOopKJX_aYwWrShXS2O7Q4w_Lnz9LTgIFghiWqg3snYLm2L3RPXKR,jolse.com,jolse.com,,,,,,,,,,,genuine_reference,,0.0,0.0,False,,not_visible,6d9ed83c46466278d7fedee20cc6d09b,e6cc993399339923,success,,genuine,Dr.G Dr.G RTX Into Serum Vitaminshot official,500,500,14146,2026-08-15T14:42:06.962771+00:00
d2272b854b8f,DR_G_DR_G_RTX_INTO_SERUM_VITAMINSHOT_NA26251900043,Dr.G,Dr.G RTX Into Serum Vitaminshot,NA26251900043,https://sv9-cdn.stylevana.com/media/catalog/product/d/r/dr-g-rtx-into-serum-50ml-431.jpg,SafeCart_Dataset\images\genuine_reference\DR_G_DR_G_RTX_INTO_SERUM_VITAMINSHOT_NA26251900043\d2272b854b8f.jpg,https://www.stylevana.com/en_US/dr-g-rtx-into-serum-50ml.html,www.stylevana.com,stylevana.com,,,,,,,,,,,genuine_reference,,0.0,0.0,False,,not_visible,7874fbbd1294c94f8fafc590a25aecd4,e898976796e36898,success,,genuine,Dr.G Dr.G RTX Into Serum Vitaminshot official,600,600,25929,2026-08-15T14:42:07.809992+00:00
146c8fdb4219,DR_G_DR_G_RTX_INTO_SERUM_VITAMINSHOT_NA26251900043,Dr.G,Dr.G RTX Into Serum Vitaminshot,NA26251900043,https://cafe24img.poxo.com/beautyboxkorea/web/product/big/202605/62954c8541b042acca3fc592262fc6b5.jpg,SafeCart_Dataset\images\genuine_reference\DR_G_DR_G_RTX_INTO_SERUM_VITAMINSHOT_NA26251900043\146c8fdb4219.jpg,https://m.beautyboxkorea.com/product/drg-rtx-into-shot-serum-vitamin-shot-5ml2ea-2-week-program/79871/category/24/display/1/,m.beautyboxkorea.com,m.beautyboxkorea.com,,,,,,,,,,,genuine_reference,,0.0,0.0,False,,not_visible,738db5c2db6bd7033a8fcf54465dab73,b903c70fc73b330c,success,,genuine,Dr.G Dr.G RTX Into Serum Vitaminshot official,500,500,22553,2026-08-15T14:42:08.000741+00:00
2e393984217a,DR_G_DR_G_RTX_INTO_SERUM_VITAMINSHOT_NA26251900043,Dr.G,Dr.G RTX Into Serum Vitaminshot,NA26251900043,https://use-image.oliveyoung.com/images/prd/UA85103800/detail-strips/66c74169-503f-4445-a72f-d7a325ec3814.jpg,SafeCart_Dataset\images\genuine_reference\DR_G_DR_G_RTX_INTO_SERUM_VITAMINSHOT_NA26251900043\2e393984217a.jpg,https://us.oliveyoung.com/products/UA85103800,us.oliveyoung.com,us.oliveyoung.com,,,,,,,,,,,genuine_reference,,0.0,0.0,False,,not_visible,9ff7e5c21a369b9a0c70323ad7ad3b80,ad2c133255b2e1b7,success,,genuine,Dr.G Dr.G RTX Into Serum Vitaminshot official,750,1000,72643,2026-08-15T14:42:08.834044+00:00
78bb220b62c0,DR_G_DR_G_RTX_INTO_SERUM_VITAMINSHOT_NA26251900043,Dr.G,Dr.G RTX Into Serum Vitaminshot,NA26251900043,https://cdn-image.oliveyoung.com/prdtImg/1765/683dc84b-5136-473d-b861-49b366b5abb8.jpg,SafeCart_Dataset\images\reported_counterfeit_candidate\DR_G_DR_G_RTX_INTO_SERUM_VITAMINSHOT_NA26251900043\78bb220b62c0.jpg,https://www.seoulsister.com/products/ec7bf8b6-b536-4f47-b9fb-f9c7f03ef1d0,seoulsister.com,seoulsister.com,,,,,,"RTX Into Serum VitaminShot 2-Week Program by Dr.G | Seoul Sister Get AI-powered analysis from Yuri, your K-beauty advisor. Counterfeit detection, dupe suggestions, and routine placement. Unlock Full Product Intelligence.",,counterfeit,MODERATE_EVIDENCE,3.0,reported_counterfeit_candidate,,0.0,0.0,False,,not_visible,ba7f132a6a4b2e7a108a0f29c0e79078,bb52c24cc43d31bd,success,,counterfeit_evidence,https://www.seoulsister.com/products/ec7bf8b6-b536-4f47-b9fb-f9c7f03ef1d0,1000,1000,96163,2026-08-15T14:42:10.334135+00:00
0f55cfa86e63,DR_G_DR_G_RTX_INTO_SERUM_HYALSHOT_NA26250100229,Dr.G,Dr.G RTX Into Serum Hyalshot,NA26250100229,https://d1f6um9xlu8jl4.cloudfront.net/Dr.G/Dr.G_RTX_Into_Serum_Hyalshot_50ml_T.jpg,SafeCart_Dataset\images\genuine_reference\DR_G_DR_G_RTX_INTO_SERUM_HYALSHOT_NA26250100229\0f55cfa86e63.jpg,https://jolse.com/product/drg-rtx-into-serum-hyalshot-50ml/75206/?srsltid=AfmBOooUdRWy7WAD1JWHniNQeWUBT60ZlCMGcbY3sTfcql0GgIt3CD6H,jolse.com,jolse.com,,,,,,,,,,,genuine_reference,,0.0,0.0,False,,not_visible,6d9ed83c46466278d7fedee20cc6d09b,,success,duplicate_of:72f34ebff4f1,genuine,Dr.G Dr.G RTX Into Serum Hyalshot official,500,500,14146,2026-08-15T14:42:12.272833+00:00
ea5223add9ee,DR_G_DR_G_RTX_INTO_SERUM_HYALSHOT_NA26250100229,Dr.G,Dr.G RTX Into Serum Hyalshot,NA26250100229,https://d1flfk77wl2xk4.cloudfront.net/Assets/69/410/XXL_p0209441069.jpg,SafeCart_Dataset\images\genuine_reference\DR_G_DR_G_RTX_INTO_SERUM_HYALSHOT_NA26250100229\ea5223add9ee.jpg,https://www.yesstyle.com/en/dr-g-rtx-into-serum-hyalshot-50ml/info.html/pid.1129344007,www.yesstyle.com,yesstyle.com,,,,,,,,,,,genuine_reference,,0.0,0.0,False,,not_visible,11a6405f2d3911c25eb3206666ad226b,e6cc993399334ccc,success,,genuine,Dr.G Dr.G RTX Into Serum Hyalshot official,640,640,13267,2026-08-15T14:42:12.383976+00:00
d2bcc2c38507,DR_G_DR_G_RTX_INTO_SERUM_HYALSHOT_NA26250100229,Dr.G,Dr.G RTX Into Serum Hyalshot,NA26250100229,https://i.ebayimg.com/images/g/1NQAAOSw1t5nByRr/s-l400.jpg,SafeCart_Dataset\images\genuine_reference\DR_G_DR_G_RTX_INTO_SERUM_HYALSHOT_NA26250100229\d2bcc2c38507.jpg,https://www.ebay.com/itm/126715066099,www.ebay.com,ebay.com,,,,,,,,,,,genuine_reference,,0.0,0.0,False,,not_visible,cce16720e531d1a254d96f57f260b048,e9929669966c9669,success,,genuine,Dr.G Dr.G RTX Into Serum Hyalshot official,400,400,15183,2026-08-15T14:42:12.621150+00:00
49c6215158f4,DR_G_DR_G_RTX_INTO_SERUM_HYALSHOT_NA26250100229,Dr.G,Dr.G RTX Into Serum Hyalshot,NA26250100229,https://i.ebayimg.com/images/g/5JIAAOSw62BmfhQs/s-l400.jpg,SafeCart_Dataset\images\genuine_reference\DR_G_DR_G_RTX_INTO_SERUM_HYALSHOT_NA26250100229\49c6215158f4.jpg,https://www.ebay.com/itm/204857917840,www.ebay.com,ebay.com,,,,,,,,,,,genuine_reference,,0.0,0.0,False,,not_visible,40a030d6352a2d37c295e59ca132774a,f25a585a1cb52da5,success,,genuine,Dr.G Dr.G RTX Into Serum Hyalshot official,400,400,17634,2026-08-15T14:42:12.762685+00:00
306e0aee7afa,DR_G_DR_G_RTX_INTO_SERUM_HYALSHOT_NA26250100229,Dr.G,Dr.G RTX Into Serum Hyalshot,NA26250100229,https://use-image.oliveyoung.com/images/prd/GA240422997/thumbnail/cedab635-5906-43f7-873a-549a188f528b.jpg?RS=1000X1000&AR=0&QT=85&SF=webp,SafeCart_Dataset\images\genuine_reference\DR_G_DR_G_RTX_INTO_SERUM_HYALSHOT_NA26250100229\306e0aee7afa.jpg,https://us.oliveyoung.com/products/UA42288259,us.oliveyoung.com,us.oliveyoung.com,,,,,,,,,,,genuine_reference,,0.0,0.0,False,,not_visible,b07252c2bf59e12aea5008d14fe4e903,e1939a6c966c966c,success,,genuine,Dr.G Dr.G RTX Into Serum Hyalshot official,1000,1000,78602,2026-08-15T14:42:14.019790+00:00
4e0a79e32152,DR_G_DR_G_RTX_INTO_SERUM_HYALSHOT_NA26250100229,Dr.G,Dr.G RTX Into Serum Hyalshot,NA26250100229,https://i.ebayimg.com/images/g/l5MAAOSweWpmfhQo/s-l400.png,SafeCart_Dataset\images\genuine_reference\DR_G_DR_G_RTX_INTO_SERUM_HYALSHOT_NA26250100229\4e0a79e32152.jpg,https://www.ebay.com/itm/204857917840,www.ebay.com,ebay.com,,,,,,,,,,,genuine_reference,,0.0,0.0,False,,not_visible,4389ed43fe3d747edd2b02d42e6eca01,fcd6d654d65c1228,success,,genuine,Dr.G Dr.G RTX Into Serum Hyalshot official,397,400,14481,2026-08-15T14:42:14.216699+00:00
3b53bc75e73b,DR_G_DR_G_RTX_INTO_SERUM_HYALSHOT_NA26250100229,Dr.G,Dr.G RTX Into Serum Hyalshot,NA26250100229,https://i.ebayimg.com/images/g/ojkAAOSwQhJmfhQt/s-l1200.jpg,SafeCart_Dataset\images\genuine_reference\DR_G_DR_G_RTX_INTO_SERUM_HYALSHOT_NA26250100229\3b53bc75e73b.jpg,https://www.ebay.com/itm/204857917840,www.ebay.com,ebay.com,,,,,,,,,,,genuine_reference,,0.0,0.0,False,,not_visible,3a7c27a33030e8ed48b2d43018216961,f2da5852c9a5ada4,success,,genuine,Dr.G Dr.G RTX Into Serum Hyalshot official,550,550,36834,2026-08-15T14:42:14.343735+00:00
e563d136ba25,DR_G_DR_G_RTX_INTO_SERUM_HYALSHOT_NA26250100229,Dr.G,Dr.G RTX Into Serum Hyalshot,NA26250100229,https://use-image.oliveyoung.com/images/prd/GA240422998/thumbnail/3f3b9277-f237-4a98-83a2-bb05feb0d5d8.jpg?RS=440X440&AR=0&QT=85&SF=webp,SafeCart_Dataset\images\genuine_reference\DR_G_DR_G_RTX_INTO_SERUM_HYALSHOT_NA26250100229\e563d136ba25.jpg,https://us.oliveyoung.com/products/UA36772000,us.oliveyoung.com,us.oliveyoung.com,,,,,,,,,,,genuine_reference,,0.0,0.0,False,,not_visible,3b2837a7f94403ef87bab1285b11ff5c,e99b866c9e649664,success,,genuine,Dr.G Dr.G RTX Into Serum Hyalshot official,440,440,16676,2026-08-15T14:42:14.756837+00:00
48462edb7960,DR_G_DR_G_RTX_INTO_SERUM_HYALSHOT_NA26250100229,Dr.G,Dr.G RTX Into Serum Hyalshot,NA26250100229,https://i.redd.it/dr-g-red-blemish-packaging-inconsistent-or-fake-v0-oyjqemvsiu8d1.jpg?width=3024&format=pjpg&auto=webp&s=b7c08cd0ee9f5a693ffcc871b906d26e2af0b7a3,SafeCart_Dataset\images\reported_counterfeit_candidate\DR_G_DR_G_RTX_INTO_SERUM_HYALSHOT_NA26250100229\48462edb7960.jpg,https://www.reddit.com/r/koreanskincare/comments/1doq93g/dr_g_red_blemish_packaging_inconsistent_or_fake/,www.reddit.com,reddit.com,,,,,,Dr. G Red Blemish Packaging Inconsistent or Fake? Hi all. The jar on the left is from Yesstyle and the one on the right I just ordered from Amazon. There’s clear differences in the packaging and ...,,fake,MODERATE_EVIDENCE,3.0,reported_counterfeit_candidate,,0.0,0.0,False,,not_visible,f118465b1c97c3c670664834f83327d0,948f6937cc62c768,success,,counterfeit_evidence,https://www.reddit.com/r/koreanskincare/comments/1doq93g/dr_g_red_blemish_packaging_inconsistent_or_fake/,3024,3024,1466702,2026-08-15T14:42:15.425353+00:00
60a3eae948a0,ELSHESKIN_DAILY_BOOST_ANTIOXIDANT_SERUM_NA18211903438,Elsheskin,Daily Boost Antioxidant Serum,NA18211903438,https://incidecoder-content.storage.googleapis.com/c3fd7d84-b42f-4e3b-94f3-47f9ba1e12d5/products/elsheskin-daily-boost-antioxidant-serum/elsheskin-daily-boost-antioxidant-serum_front_photo_original.jpeg,SafeCart_Dataset\images\genuine_reference\ELSHESKIN_DAILY_BOOST_ANTIOXIDANT_SERUM_NA18211903438\60a3eae948a0.jpg,https://incidecoder.com/products/elsheskin-daily-boost-antioxidant-serum,incidecoder.com,incidecoder.com,,,,,,,,,,,genuine_reference,,0.0,0.0,False,,not_visible,22d0b35b47dc4dbe94ebbf3c90ac26e5,eaa5965a9269a95a,success,,genuine,Elsheskin Daily Boost Antioxidant Serum official,380,800,40986,2026-08-15T14:41:06.904591+00:00
cd560945c73c,ELSHESKIN_DAILY_BOOST_ANTIOXIDANT_SERUM_NA18211903438,Elsheskin,Daily Boost Antioxidant Serum,NA18211903438,https://images.soco.id/07029b3b-e61a-4c0f-86e4-46fce7428e89-.jpg,SafeCart_Dataset\images\genuine_reference\ELSHESKIN_DAILY_BOOST_ANTIOXIDANT_SERUM_NA18211903438\cd560945c73c.jpg,https://www.sociolla.com/face-serum/62177-daily-boost-antioxidant-serum,www.sociolla.com,sociolla.com,,,,,,,,,,,genuine_reference,,0.0,0.0,False,,not_visible,f8180fe650629f35db8cbbf8fb34fef6,b327ce8ccc319999,success,,genuine,Elsheskin Daily Boost Antioxidant Serum official,800,800,47947,2026-08-15T14:41:10.479156+00:00
52e6c7bee8c5,ELSHESKIN_DAILY_BOOST_ANTIOXIDANT_SERUM_NA18211903438,Elsheskin,Daily Boost Antioxidant Serum,NA18211903438,https://down-id.img.susercontent.com/file/id-11134207-7rask-m3rayziyvilq71,SafeCart_Dataset\images\genuine_reference\ELSHESKIN_DAILY_BOOST_ANTIOXIDANT_SERUM_NA18211903438\52e6c7bee8c5.jpg,https://shopee.co.id/Last-Love-ElsheSkin-Daily-Boost-Antioxidant-Serum-15-ml-Vitamin-C-(Kulit-8x-Lebih-Cerah)-Brightening-Serum-i.986131312.29720674137,shopee.co.id,shopee.co.id,,,,,,,,,,,genuine_reference,,0.0,0.0,False,,not_visible,ad026d1f683dab890c656ddf1e35ee0b,bcc6c33347345cc9,success,,genuine,Elsheskin Daily Boost Antioxidant Serum official,800,800,60257,2026-08-15T14:41:10.835355+00:00
6f97bb8ab4f5,ELSHESKIN_DAILY_BOOST_ANTIOXIDANT_SERUM_NA18211903438,Elsheskin,Daily Boost Antioxidant Serum,NA18211903438,"https://www.sociolla.com/cdn-cgi/image/w=500,format=auto,dpr=1.45/https://images.soco.id/bfe132eb-19b9-4c18-a530-a12977143a16-.jpg",SafeCart_Dataset\images\genuine_reference\ELSHESKIN_DAILY_BOOST_ANTIOXIDANT_SERUM_NA18211903438\6f97bb8ab4f5.jpg,https://www.sociolla.com/face-serum/62177-daily-boost-antioxidant-serum,www.sociolla.com,sociolla.com,,,,,,,,,,,genuine_reference,,0.0,0.0,False,,not_visible,9ceba491a5e295d9b9f471880afb5861,c2bfbd4298276689,success,,genuine,Elsheskin Daily Boost Antioxidant Serum official,725,725,72065,2026-08-15T14:41:12.735001+00:00
64c2852eb9e3,ELSHESKIN_DAILY_BOOST_ANTIOXIDANT_SERUM_NA18211903438,Elsheskin,Daily Boost Antioxidant Serum,NA18211903438,https://id-test-11.slatic.net/p/bdff98f0ef6afd479c172e1a80aaee86.png,SafeCart_Dataset\images\genuine_reference\ELSHESKIN_DAILY_BOOST_ANTIOXIDANT_SERUM_NA18211903438\64c2852eb9e3.jpg,https://h5.lazada.co.id/products/elsheskin-daily-boost-antioxidant-serum-new-kaya-antioksidan-melindungi-dan-mencerahkan-kulit-8x-lebih-baik-dari-vitamin-c-i6004560330-s11555870802.html,h5.lazada.co.id,h5.lazada.co.id,,,,,,,,,,,genuine_reference,,0.0,0.0,False,,not_visible,bdff98f0ef6afd479c172e1a80aaee86,d4d7872c9b3c070d,success,,genuine,Elsheskin Daily Boost Antioxidant Serum official,759,759,59125,2026-08-15T14:41:12.971589+00:00
f313b36e606b,ELSHESKIN_DAILY_BOOST_ANTIOXIDANT_SERUM_NA18211903438,Elsheskin,Daily Boost Antioxidant Serum,NA18211903438,https://down-id.img.susercontent.com/file/sg-11134201-22110-f8ockzu2gikv54,SafeCart_Dataset\images\genuine_reference\ELSHESKIN_DAILY_BOOST_ANTIOXIDANT_SERUM_NA18211903438\f313b36e606b.jpg,https://shopee.co.id/Elsheskin-Daily-Boost-Antioxidant-Serum-30ml-i.30736001.12897750385,shopee.co.id,shopee.co.id,,,,,,,,,,,genuine_reference,,0.0,0.0,False,,not_visible,f93cc9258921a6e726ca03b99701b682,f6a45ba809da24db,success,,genuine,Elsheskin Daily Boost Antioxidant Serum official,800,800,64761,2026-08-15T14:41:13.176717+00:00
6218f6b64a1a,ELSHESKIN_DAILY_BOOST_ANTIOXIDANT_SERUM_NA18211903438,Elsheskin,Daily Boost Antioxidant Serum,NA18211903438,https://images.soco.id/6c52e529-82f3-4d42-a694-30a718799ecb-1706018439.4771051.png,SafeCart_Dataset\images\genuine_reference\ELSHESKIN_DAILY_BOOST_ANTIOXIDANT_SERUM_NA18211903438\6218f6b64a1a.jpg,https://review.soco.id/product/face-serum/90519-daily-boost-antioxidant-serum,review.soco.id,review.soco.id,,,,,,,,,,,genuine_reference,,0.0,0.0,False,,not_visible,7bbaec83db5990ad89557da9c114ee92,bdc63eb14639922c,success,,genuine,Elsheskin Daily Boost Antioxidant Serum official,4032,3024,2525677,2026-08-15T14:41:14.864278+00:00
ee994e3c5206,ELSHESKIN_DAILY_BOOST_ANTIOXIDANT_SERUM_NA18211903438,Elsheskin,Daily Boost Antioxidant Serum,NA18211903438,"https://www.sociolla.com/cdn-cgi/image/w=500,format=auto,dpr=1.45/https://images.soco.id/971b1be1-1714-4d48-9107-90677670aaa1-.jpg",SafeCart_Dataset\images\genuine_reference\ELSHESKIN_DAILY_BOOST_ANTIOXIDANT_SERUM_NA18211903438\ee994e3c5206.jpg,https://www.sociolla.com/face-serum/62177-daily-boost-antioxidant-serum,www.sociolla.com,sociolla.com,,,,,,,,,,,genuine_reference,,0.0,0.0,False,,not_visible,c817e49885372bbc5fb0eb28e76f7826,e4929b5999649a6d,success,,genuine,Elsheskin Daily Boost Antioxidant Serum official website,725,725,41993,2026-08-15T14:41:17.661141+00:00
f2d7cf9fd60f,DR_G_DR_G_RTX_INTO_SERUM_PEPTISHOT_NA26250100230,Dr.G,Dr.G RTX Into Serum Peptishot,NA26250100230,https://d1f6um9xlu8jl4.cloudfront.net/Dr.G/Dr.G_RTX_Into_Serum_Peptishot_50ml_T.jpg,SafeCart_Dataset\images\genuine_reference\DR_G_DR_G_RTX_INTO_SERUM_PEPTISHOT_NA26250100230\f2d7cf9fd60f.jpg,https://jolse.com/product/drg-rtx-into-serum-peptishot-50ml/75207/?srsltid=AfmBOopxS7eK3ORVWMoCbt8pWZN14g0O7teSOrUQ_lsc0s_rmvT_-XxE,jolse.com,jolse.com,,,,,,,,,,,genuine_reference,,0.0,0.0,False,,not_visible,d5bdecfcc4451a9536a9a18f349e6716,e6cc993399339923,success,,genuine,Dr.G Dr.G RTX Into Serum Peptishot official,500,500,14436,2026-08-15T14:42:18.545824+00:00
d0c0c93db7a5,DR_G_DR_G_RTX_INTO_SERUM_PEPTISHOT_NA26250100230,Dr.G,Dr.G RTX Into Serum Peptishot,NA26250100230,https://d1flfk77wl2xk4.cloudfront.net/Assets/70/410/XXL_p0209441070.jpg,SafeCart_Dataset\images\genuine_reference\DR_G_DR_G_RTX_INTO_SERUM_PEPTISHOT_NA26250100230\d0c0c93db7a5.jpg,https://www.yesstyle.com/en/dr-g-rtx-into-serum-peptishot-50ml/info.html/pid.1129344008,www.yesstyle.com,yesstyle.com,,,,,,,,,,,genuine_reference,,0.0,0.0,False,,not_visible,9cd09295dd61db8758c7951fee7d2a0e,e6cc99339933668c,success,,genuine,Dr.G Dr.G RTX Into Serum Peptishot official,640,640,13091,2026-08-15T14:42:18.669830+00:00
f7e5fac20393,DR_G_DR_G_RTX_INTO_SERUM_PEPTISHOT_NA26250100230,Dr.G,Dr.G RTX Into Serum Peptishot,NA26250100230,https://i.ebayimg.com/00/s/MTAwMFgxMDAw/z/ZgEAAOSwvctnByQI/$_1.JPG?set_id=880000500F,SafeCart_Dataset\images\genuine_reference\DR_G_DR_G_RTX_INTO_SERUM_PEPTISHOT_NA26250100230\f7e5fac20393.jpg,https://www.ebay.com/itm/126715066100,www.ebay.com,ebay.com,,,,,,,,,,,genuine_reference,,0.0,0.0,False,,not_visible,15c61f54b204abfd4ec3da9c8a1bb2af,e996966896699669,success,,genuine,Dr.G Dr.G RTX Into Serum Peptishot official,400,400,14653,2026-08-15T14:42:18.767319+00:00
0cab49ec8c5f,DR_G_DR_G_RTX_INTO_SERUM_PEPTISHOT_NA26250100230,Dr.G,Dr.G RTX Into Serum Peptishot,NA26250100230,https://i.ebayimg.com/images/g/cyYAAOSwL-ZmfhQt/s-l400.jpg,SafeCart_Dataset\images\genuine_reference\DR_G_DR_G_RTX_INTO_SERUM_PEPTISHOT_NA26250100230\0cab49ec8c5f.jpg,https://www.ebay.com/itm/204857917840,www.ebay.com,ebay.com,,,,,,,,,,,genuine_reference,,0.0,0.0,False,,not_visible,93ca333ff5c9838adad4ab49f9b9d01a,bae8c2961ce5cb86,success,,genuine,Dr.G Dr.G RTX Into Serum Peptishot official,400,400,22185,2026-08-15T14:42:18.925230+00:00
18d5b7836520,DR_G_DR_G_RTX_INTO_SERUM_PEPTISHOT_NA26250100230,Dr.G,Dr.G RTX Into Serum Peptishot,NA26250100230,https://use-image.oliveyoung.com/images/prd/UA42288259/detail-strips/3d767dd5-7eab-4871-ba49-200181032c70.jpg,SafeCart_Dataset\images\genuine_reference\DR_G_DR_G_RTX_INTO_SERUM_PEPTISHOT_NA26250100230\18d5b7836520.jpg,https://us.oliveyoung.com/products/UA42288259,us.oliveyoung.com,us.oliveyoung.com,,,,,,,,,,,genuine_reference,,0.0,0.0,False,,not_visible,0079336bf7f7b6d4fb1d9cdbbb867a32,bdfac6a5a531214a,success,,genuine,Dr.G Dr.G RTX Into Serum Peptishot official,750,1000,84890,2026-08-15T14:42:20.016084+00:00
5c9168c3d1f2,DR_G_DR_G_RTX_INTO_SERUM_PEPTISHOT_NA26250100230,Dr.G,Dr.G RTX Into Serum Peptishot,NA26250100230,https://i.ebayimg.com/images/g/5JIAAOSw62BmfhQs/s-l400.jpg,SafeCart_Dataset\images\genuine_reference\DR_G_DR_G_RTX_INTO_SERUM_PEPTISHOT_NA26250100230\5c9168c3d1f2.jpg,https://www.ebay.com/itm/204857917840,www.ebay.com,ebay.com,,,,,,,,,,,genuine_reference,,0.0,0.0,False,,not_visible,40a030d6352a2d37c295e59ca132774a,,success,duplicate_of:49c6215158f4,genuine,Dr.G Dr.G RTX Into Serum Peptishot official,400,400,17634,2026-08-15T14:42:20.174280+00:00
84bbe8fd811f,DR_G_DR_G_RTX_INTO_SERUM_PEPTISHOT_NA26250100230,Dr.G,Dr.G RTX Into Serum Peptishot,NA26250100230,https://i.ebayimg.com/images/g/l5MAAOSweWpmfhQo/s-l400.png,SafeCart_Dataset\images\genuine_reference\DR_G_DR_G_RTX_INTO_SERUM_PEPTISHOT_NA26250100230\84bbe8fd811f.jpg,https://www.ebay.com/itm/204857917840,www.ebay.com,ebay.com,,,,,,,,,,,genuine_reference,,0.0,0.0,False,,not_visible,4389ed43fe3d747edd2b02d42e6eca01,,success,duplicate_of:4e0a79e32152,genuine,Dr.G Dr.G RTX Into Serum Peptishot official,397,400,14481,2026-08-15T14:42:20.271544+00:00
5f831a4b5905,DR_G_DR_G_RTX_INTO_SERUM_PEPTISHOT_NA26250100230,Dr.G,Dr.G RTX Into Serum Peptishot,NA26250100230,https://www.sasa.com/cdn/shop/files/110607006001-1.jpg?v=1752203009&width=1920,SafeCart_Dataset\images\genuine_reference\DR_G_DR_G_RTX_INTO_SERUM_PEPTISHOT_NA26250100230\5f831a4b5905.jpg,https://www.sasa.com/products/110607006001?srsltid=AfmBOooUjkZCHkgvRW6N23oXLY_Jz7XDsdmI-NnBO2obXD8uhipSrQVn,www.sasa.com,sasa.com,,,,,,,,,,,genuine_reference,,0.0,0.0,False,,not_visible,ef55227eac95c27f60fa41368412a8ed,e5c7c2389a6cc693,success,,genuine,Dr.G Dr.G RTX Into Serum Peptishot official,1280,1280,94615,2026-08-15T14:42:21.692424+00:00
56f62dbfb91f,SKINTIFIC_10_PURE_VITAMIN_C_BRIGHTENING_SERUM_NKIT250001190,Skintific,10% Pure Vitamin C Brightening Serum,NKIT250001190,http://us.skintific.com/cdn/shop/files/269_fa08be2f-a8ce-48c9-8ec4-fd97f23a32c7.jpg?v=1779274632&width=2048,SafeCart_Dataset\images\genuine_reference\SKINTIFIC_10_PURE_VITAMIN_C_BRIGHTENING_SERUM_NKIT250001190\56f62dbfb91f.jpg,https://us.skintific.com/products/10-fresh-vitamin-c-brightening-serum,us.skintific.com,us.skintific.com,,,,,,,,,,,genuine_reference,,0.0,0.0,False,,not_visible,fec7bae0918e3537fd29a4191febc2de,f987ccd4947c924c,success,,genuine,Skintific 10% Pure Vitamin C Brightening Serum official,1600,1600,236279,2026-08-15T14:42:25.578433+00:00
844ba16e11f9,SKINTIFIC_10_PURE_VITAMIN_C_BRIGHTENING_SERUM_NKIT250001190,Skintific,10% Pure Vitamin C Brightening Serum,NKIT250001190,"https://m.media-amazon.com/images/I/714scvxRqrL._AC_UF1000,1000_QL80_.jpg",SafeCart_Dataset\images\genuine_reference\SKINTIFIC_10_PURE_VITAMIN_C_BRIGHTENING_SERUM_NKIT250001190\844ba16e11f9.jpg,https://www.amazon.com/SKINTIFIC-Dual-Chamber-Brightening-Corrector-Oxidation-Proof/dp/B0FH68CW85,www.amazon.com,amazon.com,,,,,,,,,,,genuine_reference,,0.0,0.0,False,,not_visible,4a75c7e2e2463e0050c44fd3faab411b,c14e63a8ea953793,success,,genuine,Skintific 10% Pure Vitamin C Brightening Serum official,800,1000,117584,2026-08-15T14:42:27.148799+00:00
d6ac17dd5d38,SKINTIFIC_10_PURE_VITAMIN_C_BRIGHTENING_SERUM_NKIT250001190,Skintific,10% Pure Vitamin C Brightening Serum,NKIT250001190,https://thaimegastore.com/cdn/shop/files/skintific-dual-chamber-vitamin-c-serum_2000x.png?v=1755092775,SafeCart_Dataset\images\genuine_reference\SKINTIFIC_10_PURE_VITAMIN_C_BRIGHTENING_SERUM_NKIT250001190\d6ac17dd5d38.jpg,https://thaimegastore.com/products/skintific-10-pure-vitamin-c-brightening-serum,thaimegastore.com,thaimegastore.com,,,,,,,,,,,genuine_reference,,0.0,0.0,False,,not_visible,0db1fa2c2ab37653cb9e36dcbdb89d0a,b3cc9931cc33cc99,success,,genuine,Skintific 10% Pure Vitamin C Brightening Serum official,1080,1080,60747,2026-08-15T14:42:27.885315+00:00
a39f6e8bf8e0,SKINTIFIC_10_PURE_VITAMIN_C_BRIGHTENING_SERUM_NKIT250001190,Skintific,10% Pure Vitamin C Brightening Serum,NKIT250001190,https://images.soco.id/419bbe70-c9de-4d23-8c9a-48a93fea4ece-79077351240-1771593198652.jpg,SafeCart_Dataset\images\genuine_reference\SKINTIFIC_10_PURE_VITAMIN_C_BRIGHTENING_SERUM_NKIT250001190\a39f6e8bf8e0.jpg,https://review.soco.id/product/face-serum/120452-10-pure-vitamin-c-brightening-serum,review.soco.id,review.soco.id,,,,,,,,,,,genuine_reference,,0.0,0.0,False,,not_visible,cf7e9bc9db507013adc85a098bcd3c0b,e3639c9c9c5b1362,success,,genuine,Skintific 10% Pure Vitamin C Brightening Serum official,346,538,16000,2026-08-15T14:42:29.966047+00:00
a1c5acdcfe40,SKINTIFIC_10_PURE_VITAMIN_C_BRIGHTENING_SERUM_NKIT250001190,Skintific,10% Pure Vitamin C Brightening Serum,NKIT250001190,https://thaimegastore.com/cdn/shop/files/skintific-10-percent-vitamin-c-brightening-serum_2000x.png?v=1755092775,SafeCart_Dataset\images\genuine_reference\SKINTIFIC_10_PURE_VITAMIN_C_BRIGHTENING_SERUM_NKIT250001190\a1c5acdcfe40.jpg,https://thaimegastore.com/products/skintific-10-pure-vitamin-c-brightening-serum,thaimegastore.com,thaimegastore.com,,,,,,,,,,,genuine_reference,,0.0,0.0,False,,not_visible,45d38d81b44829850b99adb202ab0e7d,b463cf1cc30fc334,success,,genuine,Skintific 10% Pure Vitamin C Brightening Serum official,1080,1080,108853,2026-08-15T14:42:36.878676+00:00
1e379d9c135d,SKINTIFIC_10_PURE_VITAMIN_C_BRIGHTENING_SERUM_NKIT250001190,Skintific,10% Pure Vitamin C Brightening Serum,NKIT250001190,https://princesscosmeticsqa.com/cdn/shop/files/skintific-10-pure-vitamin-c-brightening-serum-syrom-skyntyfyk-ltftyh-albshr-bfytamyn-sy-alnky-bnsb-10-8046636.jpg?v=1758716218&width=1946,SafeCart_Dataset\images\genuine_reference\SKINTIFIC_10_PURE_VITAMIN_C_BRIGHTENING_SERUM_NKIT250001190\1e379d9c135d.jpg,https://princesscosmeticsqa.com/products/skintific-10-pure-vitamin-c-brightening-serum?srsltid=AfmBOorxcXT9S-hF4o-ezh9kS5-4m5aYIXuGNeuAOHHd4rU5oYvGWUrk,princesscosmeticsqa.com,princesscosmeticsqa.com,,,,,,,,,,,genuine_reference,,0.0,0.0,False,,not_visible,947a7a8834a51abdaeac45b8a80bd772,fc474394387e61c3,success,,genuine,Skintific 10% Pure Vitamin C Brightening Serum official,1440,1440,211899,2026-08-15T14:42:39.974971+00:00
35fab3e46bf0,SKINTIFIC_10_PURE_VITAMIN_C_BRIGHTENING_SERUM_NKIT250001190,Skintific,10% Pure Vitamin C Brightening Serum,NKIT250001190,https://down-id.img.susercontent.com/file/id-11134207-7ra0j-md19elwl23lke2,SafeCart_Dataset\images\genuine_reference\SKINTIFIC_10_PURE_VITAMIN_C_BRIGHTENING_SERUM_NKIT250001190\35fab3e46bf0.jpg,https://shopee.co.id/Skintific-10-Pure-Vitamin-C-Brightening-Serum-9g-1g-i.30736001.41861610539,shopee.co.id,shopee.co.id,,,,,,,,,,,genuine_reference,,0.0,0.0,False,,not_visible,91dfa0c0650955fb3d1cb8163e3c676e,f8a556a621db24c7,success,,genuine,Skintific 10% Pure Vitamin C Brightening Serum official,800,800,101600,2026-08-15T14:42:40.373185+00:00
7c937ce41b14,SKINTIFIC_10_PURE_VITAMIN_C_BRIGHTENING_SERUM_NKIT250001190,Skintific,10% Pure Vitamin C Brightening Serum,NKIT250001190,https://img.lazcdn.com/g/p/e3031b31e3a78d5125ec7332ac253b22.jpg_720x720q80.jpg,SafeCart_Dataset\images\genuine_reference\SKINTIFIC_10_PURE_VITAMIN_C_BRIGHTENING_SERUM_NKIT250001190\7c937ce41b14.jpg,https://h5.lazada.co.id/products/skintific-10-pure-vitamin-c-brightening-serum-9g-1g-i8690132785.html,h5.lazada.co.id,h5.lazada.co.id,,,,,,,,,,,genuine_reference,,0.0,0.0,False,,not_visible,b5f8ac3356d1b7766fbab4943f994707,f2a459b209d32cdb,success,,genuine,Skintific 10% Pure Vitamin C Brightening Serum official,720,720,64469,2026-08-15T14:42:40.557520+00:00
56c586be500d,SKINTIFIC_10_PURE_VITAMIN_C_BRIGHTENING_SERUM_NKIT250001190,Skintific,10% Pure Vitamin C Brightening Serum,NKIT250001190,https://p16-common-sign.tiktokcdn-us.com/tos-alisg-p-0037/oseEA1bfC71TiDA2Eezaj7XBAicI4cA6F8dFIA~tplv-photomode-video-share-card:630:630:20.jpeg?dr=9616&refresh_token=6f59e383&x-expires=1818129600&x-signature=MKxW2ESWcf6IxGmEsFKBnepzJgM%3D&t=4d5b0474&ps=13740610&shp=55bbe6a9&shcp=f07906a3&idc=useast5&ftpl=1,SafeCart_Dataset\images\reported_counterfeit_candidate\SKINTIFIC_10_PURE_VITAMIN_C_BRIGHTENING_SERUM_NKIT250001190\56c586be500d.jpg,https://www.tiktok.com/@kosteve_/video/7618946189446221077,www.tiktok.com,tiktok.com,,,,,,Skintific MSH Niacinamide Moisturizer Palsu! Ini produk bagus ... Skintific MSH Niacinamide Moisturizer Palsu! Ini produk bagus tapi dipalsukan. Cek punya kalian apakah ada indikasi palsu atau asli.,,palsu,MODERATE_EVIDENCE,3.0,reported_counterfeit_candidate,,0.0,0.0,False,,not_visible,ab4e578deed57caa1412e1fdf48a8780,d13d49ec3626c66c,success,,counterfeit_evidence,https://www.tiktok.com/@kosteve_/video/7618946189446221077,630,630,70880,2026-08-15T14:42:41.658345+00:00
c97d17acaa7b,GLAD2GLOW_PERFECT_VITA_C_BRIGHT_GLOW_SERUM_NA11251900043,Glad2Glow,Perfect Vita C Bright Glow Serum,NA11251900043,https://down-id.img.susercontent.com/file/id-11134207-7ra0l-mbm6par7ahhw47,SafeCart_Dataset\images\genuine_reference\GLAD2GLOW_PERFECT_VITA_C_BRIGHT_GLOW_SERUM_NA11251900043\c97d17acaa7b.jpg,https://shopee.co.id/Glad2Glow-Perfect-Vita-C-Bright-Glow-Serum-17ml-i.30736001.41356705242,shopee.co.id,shopee.co.id,,,,,,,,,,,genuine_reference,,0.0,0.0,False,,not_visible,eb5d3e8b1112e45020aee5d99ea94685,e6ac5ba109d22cd7,success,,genuine,Glad2Glow Perfect Vita C Bright Glow Serum official,800,800,69410,2026-08-15T14:42:21.541321+00:00
2eb446c1d9ba,GLAD2GLOW_PERFECT_VITA_C_BRIGHT_GLOW_SERUM_NA11251900043,Glad2Glow,Perfect Vita C Bright Glow Serum,NA11251900043,https://down-id.img.susercontent.com/file/id-11134207-7ra0t-mbm6par7kbh065,SafeCart_Dataset\images\genuine_reference\GLAD2GLOW_PERFECT_VITA_C_BRIGHT_GLOW_SERUM_NA11251900043\2eb446c1d9ba.jpg,https://shopee.co.id/Glad2Glow-Perfect-Vita-C-Bright-Glow-Serum-17ml-i.30736001.41356705242,shopee.co.id,shopee.co.id,,,,,,,,,,,genuine_reference,,0.0,0.0,False,,not_visible,b0207bda1aae0b764d1675db61af1201,ce8972e439d929c3,success,,genuine,Glad2Glow Perfect Vita C Bright Glow Serum official,800,800,126300,2026-08-15T14:42:32.570122+00:00
443127560b73,GLAD2GLOW_PERFECT_VITA_C_BRIGHT_GLOW_SERUM_NA11251900043,Glad2Glow,Perfect Vita C Bright Glow Serum,NA11251900043,https://www.static-src.com/wcsstore/Indraprastha/images/catalog/full/catalog-image/107/MTA-182294963/glad2glow_glad2glow-perfect_vita_c_bright_glow_serum-17ml_full40_gorzioxn.jpg,SafeCart_Dataset\images\genuine_reference\GLAD2GLOW_PERFECT_VITA_C_BRIGHT_GLOW_SERUM_NA11251900043\443127560b73.jpg,https://www.blibli.com/p/glad2glow-perfect-vita-c-bright-glow-serum-17ml/ps--GLO-70051-00078,www.blibli.com,blibli.com,,,,,,,,,,,genuine_reference,,0.0,0.0,False,,not_visible,b11bc6ca0f4b2c9a5837f041a75f46ea,ecc792386539b631,success,,genuine,Glad2Glow Perfect Vita C Bright Glow Serum official,800,800,67922,2026-08-15T14:42:38.344632+00:00
2bb3b60bb304,GLAD2GLOW_PERFECT_VITA_C_BRIGHT_GLOW_SERUM_NA11251900043,Glad2Glow,Perfect Vita C Bright Glow Serum,NA11251900043,https://i.ebayimg.com/images/g/NjAAAOSw8ilnRFoj/s-l1200.jpg,SafeCart_Dataset\images\genuine_reference\GLAD2GLOW_PERFECT_VITA_C_BRIGHT_GLOW_SERUM_NA11251900043\2bb3b60bb304.jpg,https://www.ebay.com/itm/146716287305,www.ebay.com,ebay.com,,,,,,,,,,,genuine_reference,,0.0,0.0,False,,not_visible,a4d9afbfa823612e0d68c7e794bad9d0,bee6d0334a764658,success,,genuine,Glad2Glow Perfect Vita C Bright Glow Serum official,1024,1024,109143,2026-08-15T14:42:38.999126+00:00
b6840534d8a2,GLAD2GLOW_PERFECT_VITA_C_BRIGHT_GLOW_SERUM_NA11251900043,Glad2Glow,Perfect Vita C Bright Glow Serum,NA11251900043,https://www.static-src.com/wcsstore/Indraprastha/images/catalog/full/catalog-image/107/MTA-182294963/glad2glow_glad2glow-perfect_vita_c_bright_glow_serum-17ml_full35_dr3xu11b.jpg,SafeCart_Dataset\images\genuine_reference\GLAD2GLOW_PERFECT_VITA_C_BRIGHT_GLOW_SERUM_NA11251900043\b6840534d8a2.jpg,https://www.blibli.com/p/glad2glow-perfect-vita-c-bright-glow-serum-17ml/ps--GLO-70051-00078,www.blibli.com,blibli.com,,,,,,,,,,,genuine_reference,,0.0,0.0,False,,not_visible,46032599d4b9f058371dc0fae8835d6c,93fd344391a65f81,success,,genuine,Glad2Glow Perfect Vita C Bright Glow Serum official website,800,800,99198,2026-08-15T14:42:41.474014+00:00
9f6d4439acc8,GLAD2GLOW_PERFECT_VITA_C_BRIGHT_GLOW_SERUM_NA11251900043,Glad2Glow,Perfect Vita C Bright Glow Serum,NA11251900043,https://id-test-11.slatic.net/p/12c592a55077e93d62fd050d6942e95c.jpg,SafeCart_Dataset\images\genuine_reference\GLAD2GLOW_PERFECT_VITA_C_BRIGHT_GLOW_SERUM_NA11251900043\9f6d4439acc8.jpg,https://www.lazada.co.id/products/glad2glow-perfect-vita-c-bright-glow-serum-17ml-i8655424544.html,www.lazada.co.id,lazada.co.id,,,,,,,,,,,genuine_reference,,0.0,0.0,False,,not_visible,12c592a55077e93d62fd050d6942e95c,e6ac5ba109d22cd7,success,near_duplicate_of:c97d17acaa7b,genuine,Glad2Glow Perfect Vita C Bright Glow Serum official website,800,800,71407,2026-08-15T14:42:41.799512+00:00
1a80178ec569,GLAD2GLOW_PERFECT_VITA_C_BRIGHT_GLOW_SERUM_NA11251900043,Glad2Glow,Perfect Vita C Bright Glow Serum,NA11251900043,https://down-my.img.susercontent.com/file/my-11134207-820le-mhrkk2yu34li1f,SafeCart_Dataset\images\genuine_reference\GLAD2GLOW_PERFECT_VITA_C_BRIGHT_GLOW_SERUM_NA11251900043\1a80178ec569.jpg,https://shopee.com.my/Glad2Glow-Perfect-Vita-C-BRIGHT-GLOW-SERUM-Brightens-Complexion-Boosts-Radiance-skincare-17ml-i.822280677.47502464845,shopee.com.my,shopee.com.my,,,,,,,,,,,genuine_reference,,0.0,0.0,False,,not_visible,50f6aa4a4cde4d19b27d0a7de7debeab,c49be465b919e90b,success,,genuine,Glad2Glow Perfect Vita C Bright Glow Serum official website,1024,1024,178593,2026-08-15T14:42:41.985502+00:00
003140f5a7a3,GLAD2GLOW_PERFECT_VITA_C_BRIGHT_GLOW_SERUM_NA11251900043,Glad2Glow,Perfect Vita C Bright Glow Serum,NA11251900043,https://down-my.img.susercontent.com/file/my-11134207-820l9-mhrkk2yu5xqee6,SafeCart_Dataset\images\genuine_reference\GLAD2GLOW_PERFECT_VITA_C_BRIGHT_GLOW_SERUM_NA11251900043\003140f5a7a3.jpg,https://shopee.com.my/Glad2Glow-Perfect-Vita-C-BRIGHT-GLOW-SERUM-Brightens-Complexion-Boosts-Radiance-skincare-17ml-i.822280677.47502464845,shopee.com.my,shopee.com.my,,,,,,,,,,,genuine_reference,,0.0,0.0,False,,not_visible,55fc80ee13cdf42e90a7ebdb38c4ac31,ecc792386539b631,success,near_duplicate_of:443127560b73,genuine,Glad2Glow Perfect Vita C Bright Glow Serum official website,1024,1024,114280,2026-08-15T14:42:42.417817+00:00
9160d3ad4f5d,GLAD2GLOW_PERFECT_VITA_C_BRIGHT_GLOW_SERUM_NA11251900043,Glad2Glow,Perfect Vita C Bright Glow Serum,NA11251900043,https://i.ytimg.com/vi/_I4mzZcSRgk/oar2.jpg?sqp=-oaymwEdCJUDENAFSFWQAgHyq4qpAwwIARUAAIhCcAHAAQY=&rs=AOn4CLBBhpfLSxOCoWnTp977WVcchKyvjg&usqp=CCk,SafeCart_Dataset\images\reported_counterfeit_candidate\GLAD2GLOW_PERFECT_VITA_C_BRIGHT_GLOW_SERUM_NA11251900043\9160d3ad4f5d.jpg,https://www.youtube.com/shorts/_I4mzZcSRgk,youtube.com,youtube.com,,,,,,Real vs. Fake Glad2Glow Serum #shorts #shortvideo ... Real vs. Fake Glad2Glow Serum #shorts #shortvideo #skincare #review. Video unavailable This content isn't available.,,fake,MODERATE_EVIDENCE,3.0,reported_counterfeit_candidate,,0.0,0.0,False,,not_visible,a7c31976d703ec2037c54c082513e68b,fa284aa2b5d648db,success,,counterfeit_evidence,https://www.youtube.com/shorts/_I4mzZcSRgk,405,720,89985,2026-08-15T14:42:44.062450+00:00
1d3919d90919,KAIE_EVEN_TONE_RADIANCE_RENEW_SERUM_NA18240107391,KAIE,Even Tone + Radiance Renew Serum,NA18240107391,http://kaie.co/cdn/shop/files/EvenTone_1200x.jpg?v=1726294938,SafeCart_Dataset\images\genuine_reference\KAIE_EVEN_TONE_RADIANCE_RENEW_SERUM_NA18240107391\1d3919d90919.jpg,https://kaie.co/products/even-tone-radiance-renew-serum,kaie.co,kaie.co,,,,,,,,,,,genuine_reference,,0.0,0.0,False,,not_visible,ae6838d54ee713b6caa037c94bdcbfd3,e696929999649e69,success,,genuine,KAIE Even Tone + Radiance Renew Serum official,1200,1200,84006,2026-08-15T14:42:46.378187+00:00
f37ee97b0c1c,KAIE_EVEN_TONE_RADIANCE_RENEW_SERUM_NA18240107391,KAIE,Even Tone + Radiance Renew Serum,NA18240107391,https://i.ebayimg.com/images/g/Y1UAAOSwteZntefA/s-l400.jpg,SafeCart_Dataset\images\genuine_reference\KAIE_EVEN_TONE_RADIANCE_RENEW_SERUM_NA18240107391\f37ee97b0c1c.jpg,https://www.ebay.com/itm/406594439083,www.ebay.com,ebay.com,,,,,,,,,,,genuine_reference,,0.0,0.0,False,,not_visible,f5c6944bef069aad6583585c635719fe,f2a5d88d8d72a558,success,,genuine,KAIE Even Tone + Radiance Renew Serum official,400,400,17043,2026-08-15T14:42:47.040502+00:00
89eb13b622ee,KAIE_EVEN_TONE_RADIANCE_RENEW_SERUM_NA18240107391,KAIE,Even Tone + Radiance Renew Serum,NA18240107391,https://kaie.co/cdn/shop/files/KAIE_SERUM_EVENTONE_P_2400x.jpg?v=1740037438,SafeCart_Dataset\images\genuine_reference\KAIE_EVEN_TONE_RADIANCE_RENEW_SERUM_NA18240107391\89eb13b622ee.jpg,https://kaie.co/products/even-tone-radiance-renew-serum,kaie.co,kaie.co,,,,,,,,,,,genuine_reference,,0.0,0.0,False,,not_visible,5f72fcaa000c85e5b425c63e79313f25,f185c676399946a6,success,,genuine,KAIE Even Tone + Radiance Renew Serum official,2400,3600,557486,2026-08-15T14:42:47.160938+00:00
a40ecef6137b,KAIE_EVEN_TONE_RADIANCE_RENEW_SERUM_NA18240107391,KAIE,Even Tone + Radiance Renew Serum,NA18240107391,https://kaie.co/cdn/shop/files/Kaie_Lip_Oil_Serum_Even_Tone_2400x.jpg?v=1757660008,SafeCart_Dataset\images\genuine_reference\KAIE_EVEN_TONE_RADIANCE_RENEW_SERUM_NA18240107391\a40ecef6137b.jpg,https://kaie.co/products/kaie-lively-lip-oil-peptide-ceramide-and-squalane-even-tone-radiance-renew-serum,kaie.co,kaie.co,,,,,,,,,,,genuine_reference,,0.0,0.0,False,,not_visible,aff3cb026926c7da7b045b07d97fb9bd,e48e9b7924c69999,success,,genuine,KAIE Even Tone + Radiance Renew Serum official,2400,3600,351774,2026-08-15T14:42:47.799942+00:00
d9027a6bd280,KAIE_EVEN_TONE_RADIANCE_RENEW_SERUM_NA18240107391,KAIE,Even Tone + Radiance Renew Serum,NA18240107391,https://i.ebayimg.com/images/g/Y-YAAOSw1ttntefE/s-l1200.png,SafeCart_Dataset\images\genuine_reference\KAIE_EVEN_TONE_RADIANCE_RENEW_SERUM_NA18240107391\d9027a6bd280.jpg,https://www.ebay.com/itm/406594439083,www.ebay.com,ebay.com,,,,,,,,,,,genuine_reference,,0.0,0.0,False,,not_visible,82d73926a4ffef526e30eb9f59676f56,b399cc66b3b18c26,success,,genuine,KAIE Even Tone + Radiance Renew Serum official,1080,1080,231725,2026-08-15T14:42:48.300287+00:00
3ba416ea52b7,KAIE_EVEN_TONE_RADIANCE_RENEW_SERUM_NA18240107391,KAIE,Even Tone + Radiance Renew Serum,NA18240107391,https://cdn.shopify.com/s/files/1/1773/0517/files/even_tone2_480x480.jpg?v=1656925147,SafeCart_Dataset\images\genuine_reference\KAIE_EVEN_TONE_RADIANCE_RENEW_SERUM_NA18240107391\3ba416ea52b7.jpg,https://kaie.co/pages/even-tone-radiance-booster-serum-1,kaie.co,kaie.co,,,,,,,,,,,genuine_reference,,0.0,0.0,False,,not_visible,3107b8599abcb52c2ea6b8df595816c9,e73686d93131c399,success,,genuine,KAIE Even Tone + Radiance Renew Serum official,480,480,17836,2026-08-15T14:42:51.959805+00:00
50905f17fe44,KAIE_EVEN_TONE_RADIANCE_RENEW_SERUM_NA18240107391,KAIE,Even Tone + Radiance Renew Serum,NA18240107391,https://kaie.co/cdn/shop/products/623A6907-1_1024x1024.jpg?v=1740037438,SafeCart_Dataset\images\genuine_reference\KAIE_EVEN_TONE_RADIANCE_RENEW_SERUM_NA18240107391\50905f17fe44.jpg,https://kaie.co/products/even-tone-radiance-renew-serum,kaie.co,kaie.co,,,,,,,,,,,genuine_reference,,0.0,0.0,False,,not_visible,5b419b70a7f4349734eb54504df7aa4c,e054bf73e1d6c80c,success,,genuine,KAIE Even Tone + Radiance Renew Serum official,467,700,63231,2026-08-15T14:42:52.266077+00:00
7994d5cc3b22,KAIE_EVEN_TONE_RADIANCE_RENEW_SERUM_NA18240107391,KAIE,Even Tone + Radiance Renew Serum,NA18240107391,https://i.ebayimg.com/images/g/LMQAAOSwW5xntefE/s-l400.png,SafeCart_Dataset\images\genuine_reference\KAIE_EVEN_TONE_RADIANCE_RENEW_SERUM_NA18240107391\7994d5cc3b22.jpg,https://www.ebay.com/itm/406594439083,www.ebay.com,ebay.com,,,,,,,,,,,genuine_reference,,0.0,0.0,False,,not_visible,098aef0975c606c8b4cd5a8b1bcc3d08,b933843ff0dcf300,success,,genuine,KAIE Even Tone + Radiance Renew Serum official,400,400,38181,2026-08-15T14:42:53.349839+00:00
54f3113fd1a4,COSRX_THE_VITAMIN_C_23_SERUM_NA26222000054,COSRX,The Vitamin C 23 Serum,NA26222000054,https://media.ulta.com/i/ulta/2652090?w=500&h=500,SafeCart_Dataset\images\genuine_reference\COSRX_THE_VITAMIN_C_23_SERUM_NA26222000054\54f3113fd1a4.jpg,https://www.ulta.com/p/advanced-vitamin-c-23-serum-with-super-vitamin-e-hyaluronic-acid-pimprod2056627?sku=2652090,www.ulta.com,ulta.com,,,,,,,,,,,genuine_reference,,0.0,0.0,False,,not_visible,093ea32e028b8d04a3b578d04607aa0b,986162cd33ce669b,success,,genuine,COSRX The Vitamin C 23 Serum official,500,500,23818,2026-08-15T14:42:01.298377+00:00
eadf2ab52a26,COSRX_THE_VITAMIN_C_23_SERUM_NA26222000054,COSRX,The Vitamin C 23 Serum,NA26222000054,https://static.thcdn.com/productimg/original/13949682-2285132773421745.jpg,SafeCart_Dataset\images\genuine_reference\COSRX_THE_VITAMIN_C_23_SERUM_NA26222000054\eadf2ab52a26.jpg,https://www.dermstore.com/p/cosrx-the-vitamin-c-23-serum-20ml/13949682/?srsltid=AfmBOor8Dg-fRCD8j23id-UexB6aenCpBTFtZRuHLbOqcIfK5nvf79pi,www.dermstore.com,dermstore.com,,,,,,,,,,,genuine_reference,,0.0,0.0,False,,not_visible,34b7e324cf18ddab118786729f560683,e6999999668e998c,success,,genuine,COSRX The Vitamin C 23 Serum official,2000,2000,143362,2026-08-15T14:42:01.614735+00:00
0491a1fe3250,COSRX_THE_VITAMIN_C_23_SERUM_NA26222000054,COSRX,The Vitamin C 23 Serum,NA26222000054,https://media.ulta.com/i/ulta/2652090_alt01?w=1600&h=1600&fmt=auto,SafeCart_Dataset\images\genuine_reference\COSRX_THE_VITAMIN_C_23_SERUM_NA26222000054\0491a1fe3250.jpg,https://www.ulta.com/p/advanced-vitamin-c-23-serum-with-super-vitamin-e-hyaluronic-acid-pimprod2056627?sku=2652090,www.ulta.com,ulta.com,,,,,,,,,,,genuine_reference,,0.0,0.0,False,,not_visible,29163dd19f6e92e5e119e75a75b2b655,e68c9339e4c59933,success,,genuine,COSRX The Vitamin C 23 Serum official,1600,1600,288099,2026-08-15T14:42:02.214085+00:00
24faa8af78ae,COSRX_THE_VITAMIN_C_23_SERUM_NA26222000054,COSRX,The Vitamin C 23 Serum,NA26222000054,http://koreanskincare.com/cdn/shop/files/Product-page-sizes_e5ca99fb-fc56-4f9c-ab5d-f96bbc35cab9.jpg?v=1741089656,SafeCart_Dataset\images\genuine_reference\COSRX_THE_VITAMIN_C_23_SERUM_NA26222000054\24faa8af78ae.jpg,https://koreanskincare.com/products/cosrx-the-vitamin-c-23-serum?srsltid=AfmBOorS89poRWIwO2OTR7MVrIVHW--U1pliOjHej2thqp3_c3Y9mfjS,koreanskincare.com,koreanskincare.com,,,,,,,,,,,genuine_reference,,0.0,0.0,False,,not_visible,7ebc3928795e4050d46154ed76ff385a,b672c6cc64cccc99,success,,genuine,COSRX The Vitamin C 23 Serum official,800,800,52911,2026-08-15T14:42:03.237870+00:00
79f7fa0aceec,COSRX_THE_VITAMIN_C_23_SERUM_NA26222000054,COSRX,The Vitamin C 23 Serum,NA26222000054,https://i5.walmartimages.com/seo/COSRX-The-Vitamin-C-23-Serum-0-68-fl-oz_3a0cb0e4-bdaa-49f8-b61a-1a0bb86ec4da.61a4ee6f1a5692b2e5220346f0375986.jpeg?odnHeight=768&odnWidth=768&odnBg=FFFFFF,SafeCart_Dataset\images\genuine_reference\COSRX_THE_VITAMIN_C_23_SERUM_NA26222000054\79f7fa0aceec.jpg,https://www.walmart.com/ip/COSRX-The-Vitamin-C-23-Serum-0-68-fl-oz/1410548182,www.walmart.com,walmart.com,,,,,,,,,,,genuine_reference,,0.0,0.0,False,,not_visible,a0ab97400436199d196dfefae3c4354f,e3b2cccc94699933,success,,genuine,COSRX The Vitamin C 23 Serum official,768,768,56075,2026-08-15T14:42:03.519906+00:00
480d37414f51,COSRX_THE_VITAMIN_C_23_SERUM_NA26222000054,COSRX,The Vitamin C 23 Serum,NA26222000054,https://media.ulta.com/i/ulta/2652090_alt02?w=1600&h=1600&fmt=auto,SafeCart_Dataset\images\genuine_reference\COSRX_THE_VITAMIN_C_23_SERUM_NA26222000054\480d37414f51.jpg,https://www.ulta.com/p/advanced-vitamin-c-23-serum-with-super-vitamin-e-hyaluronic-acid-pimprod2056627?sku=2652090,www.ulta.com,ulta.com,,,,,,,,,,,genuine_reference,,0.0,0.0,False,,not_visible,e41751f6e5702e9752f168aea64963bb,ea997394946ec961,success,,genuine,COSRX The Vitamin C 23 Serum official,1600,1600,212021,2026-08-15T14:42:03.774436+00:00
1a4bf30a38fb,COSRX_THE_VITAMIN_C_23_SERUM_NA26222000054,COSRX,The Vitamin C 23 Serum,NA26222000054,https://www.cosrx.com/cdn/shop/files/ceramide_barrier_moisturizer_routine_3.png?v=1763706552,SafeCart_Dataset\images\genuine_reference\COSRX_THE_VITAMIN_C_23_SERUM_NA26222000054\1a4bf30a38fb.jpg,https://www.cosrx.com/products/cosrx-advanced-the-vitamin-c-23-serum?srsltid=AfmBOootcRONY53Jr3k2wAHM1InyLynSQ67LdrIrnl95_uFNc4pFJHsU,www.cosrx.com,cosrx.com,,,,,,,,,,,genuine_reference,,0.0,0.0,False,,not_visible,be44e185b1ebe99dcddea96e4f2ebf04,b9cb069c91934e73,success,,genuine,COSRX The Vitamin C 23 Serum official,1221,1630,231718,2026-08-15T14:42:04.608012+00:00
ddc5835cfa22,COSRX_THE_VITAMIN_C_23_SERUM_NA26222000054,COSRX,The Vitamin C 23 Serum,NA26222000054,https://media.ulta.com/i/ulta/2652090_alt04?w=1600&h=1600&fmt=auto,SafeCart_Dataset\images\genuine_reference\COSRX_THE_VITAMIN_C_23_SERUM_NA26222000054\ddc5835cfa22.jpg,https://www.ulta.com/p/advanced-vitamin-c-23-serum-with-super-vitamin-e-hyaluronic-acid-pimprod2056627?sku=2652090,www.ulta.com,ulta.com,,,,,,,,,,,genuine_reference,,0.0,0.0,False,,not_visible,934d3a62dd8e766da4c8b5a610e5954f,dad2c9d0c26e962d,success,,genuine,COSRX The Vitamin C 23 Serum official,1600,1600,259681,2026-08-15T14:42:05.274936+00:00
49f665608434,COSRX_THE_VITAMIN_C_23_SERUM_NA26222000054,COSRX,The Vitamin C 23 Serum,NA26222000054,https://p19-common-sign.tiktokcdn-us.com/tos-alisg-p-0037/ogCkBwrnhIzf83SA5gtEev4KRVbgzBADEtpInQ~tplv-photomode-video-share-card:630:630:20.jpeg?dr=9616&refresh_token=3a856a0e&x-expires=1810699200&x-signature=1xCPYIKK5g49Mln7U9PPA%2F8%2FwQc%3D&t=4d5b0474&ps=13740610&shp=55bbe6a9&shcp=f07906a3&idc=useast5&ftpl=1,SafeCart_Dataset\images\reported_counterfeit_candidate\COSRX_THE_VITAMIN_C_23_SERUM_NA26222000054\49f665608434.jpg,https://www.tiktok.com/@koreanskincarenepal/video/7273396097660308737,www.tiktok.com,tiktok.com,,,,,,COSRX Vitamin C Serum: Original vs Fake Discover the differences between real and fake COSRX Vitamin C serum. Enhance your skincare routine with authentic products. #cosrx #vitac23 # ...,,fake,MODERATE_EVIDENCE,3.0,reported_counterfeit_candidate,,0.0,0.0,False,,not_visible,9b619739041aa834cb649db6130d9c13,c6939ca86359cd96,success,,counterfeit_evidence,https://www.tiktok.com/@koreanskincarenepal/video/7273396097660308737,630,630,28174,2026-08-15T14:43:08.454019+00:00
17b3a9262989,KAIE_HYDRA_BOOSTER_DAILY_MOISTURE_SERUM_NA18240107392,KAIE,Hydra Booster + Daily Moisture Serum,NA18240107392,https://kaie.co/cdn/shop/files/HYDRA_2400x.jpg?v=1726293429,SafeCart_Dataset\images\genuine_reference\KAIE_HYDRA_BOOSTER_DAILY_MOISTURE_SERUM_NA18240107392\17b3a9262989.jpg,https://kaie.co/products/hydra-booster-daily-moisture-serum,kaie.co,kaie.co,,,,,,,,,,,genuine_reference,,0.0,0.0,False,,not_visible,ff425d6f6712f6e6d13d4407198a12a0,e696929999649e69,success,,genuine,KAIE Hydra Booster + Daily Moisture Serum official,2400,2401,244202,2026-08-15T14:42:56.501849+00:00
d74be73979ad,KAIE_HYDRA_BOOSTER_DAILY_MOISTURE_SERUM_NA18240107392,KAIE,Hydra Booster + Daily Moisture Serum,NA18240107392,https://kaie.co/cdn/shop/files/KAIE-HYDRA-BARRIER---KAIESKINBARRIERDUO_1024x1024.jpg?v=1740095703,SafeCart_Dataset\images\genuine_reference\KAIE_HYDRA_BOOSTER_DAILY_MOISTURE_SERUM_NA18240107392\d74be73979ad.jpg,https://kaie.co/products/kaie-skin-barrier-duo-hydra-booster-daily-moisture-serum-barrier-repair-gentle-soothe-gel-moisturizer,kaie.co,kaie.co,,,,,,,,,,,genuine_reference,,0.0,0.0,False,,not_visible,44b76f3c5eb4b6fdb2d254ed0fa9a3bf,f3a5ce8c8473a15a,success,,genuine,KAIE Hydra Booster + Daily Moisture Serum official,1024,1024,96432,2026-08-15T14:42:57.012554+00:00
96689c4c52c1,KAIE_HYDRA_BOOSTER_DAILY_MOISTURE_SERUM_NA18240107392,KAIE,Hydra Booster + Daily Moisture Serum,NA18240107392,http://kaie.co/cdn/shop/files/KAIE_SERUM_HYDRABOOSTER_P_1200x.jpg?v=1740037429,SafeCart_Dataset\images\genuine_reference\KAIE_HYDRA_BOOSTER_DAILY_MOISTURE_SERUM_NA18240107392\96689c4c52c1.jpg,https://kaie.co/products/hydra-booster-daily-moisture-serum,kaie.co,kaie.co,,,,,,,,,,,genuine_reference,,0.0,0.0,False,,not_visible,f424ce7146b47bba4e2a7742b117989a,f985c67239a946a6,success,,genuine,KAIE Hydra Booster + Daily Moisture Serum official,1200,1800,131539,2026-08-15T14:42:57.221934+00:00
8b322fdad771,KAIE_HYDRA_BOOSTER_DAILY_MOISTURE_SERUM_NA18240107392,KAIE,Hydra Booster + Daily Moisture Serum,NA18240107392,https://kaie.co/cdn/shop/files/IMG_9418_1_2400x.jpg?v=1740037429,SafeCart_Dataset\images\genuine_reference\KAIE_HYDRA_BOOSTER_DAILY_MOISTURE_SERUM_NA18240107392\8b322fdad771.jpg,https://kaie.co/products/hydra-booster-daily-moisture-serum,kaie.co,kaie.co,,,,,,,,,,,genuine_reference,,0.0,0.0,False,,not_visible,7eb1abe118e4fc78a7a57782d83bd816,f983c92cc66e3932,success,,genuine,KAIE Hydra Booster + Daily Moisture Serum official,2400,3600,1011248,2026-08-15T14:42:59.108199+00:00
e7e8fb21a599,KAIE_HYDRA_BOOSTER_DAILY_MOISTURE_SERUM_NA18240107392,KAIE,Hydra Booster + Daily Moisture Serum,NA18240107392,https://kaie.co/cdn/shop/files/Kaie_Lip_Oil_Serum_Hydra_Booster_2400x.jpg?v=1757659944,SafeCart_Dataset\images\genuine_reference\KAIE_HYDRA_BOOSTER_DAILY_MOISTURE_SERUM_NA18240107392\e7e8fb21a599.jpg,https://kaie.co/products/kaie-lively-lip-oil-peptide-ceramide-and-squalane-hydra-booster-daily-moisture-serum,kaie.co,kaie.co,,,,,,,,,,,genuine_reference,,0.0,0.0,False,,not_visible,7ec4199d4dc67c1eb8e51443f52892db,e48e9b7924c69999,success,,genuine,KAIE Hydra Booster + Daily Moisture Serum official,2400,3600,355789,2026-08-15T14:43:00.090185+00:00
b2e197e25c46,KAIE_HYDRA_BOOSTER_DAILY_MOISTURE_SERUM_NA18240107392,KAIE,Hydra Booster + Daily Moisture Serum,NA18240107392,https://kaie.co/cdn/shop/files/IMG_9570_2362x.jpg?v=1740038003,SafeCart_Dataset\images\genuine_reference\KAIE_HYDRA_BOOSTER_DAILY_MOISTURE_SERUM_NA18240107392\b2e197e25c46.jpg,https://kaie.co/products/kaie-hydra-focus-trio-hydra-booster-daily-moisture-serum-barrier-repair-gentle-soothe-gel-moisturizer-lively-lip-oil,kaie.co,kaie.co,,,,,,,,,,,genuine_reference,,0.0,0.0,False,,not_visible,08aa2b89c59fe64617e0941666b3e684,e989d6268e5331b3,success,,genuine,KAIE Hydra Booster + Daily Moisture Serum official,2362,2362,454766,2026-08-15T14:43:00.641151+00:00
f1ede48bed42,KAIE_HYDRA_BOOSTER_DAILY_MOISTURE_SERUM_NA18240107392,KAIE,Hydra Booster + Daily Moisture Serum,NA18240107392,https://kaie.co/cdn/shop/files/lively_2_1024x.jpg?v=1757660008,SafeCart_Dataset\images\genuine_reference\KAIE_HYDRA_BOOSTER_DAILY_MOISTURE_SERUM_NA18240107392\f1ede48bed42.jpg,https://kaie.co/products/kaie-lively-lip-oil-peptide-ceramide-and-squalane-hydra-booster-daily-moisture-serum,kaie.co,kaie.co,,,,,,,,,,,genuine_reference,,0.0,0.0,False,,not_visible,a210b4cff3a45d922a9f0e10229d36d7,bcc3c33c84b0cb7c,success,,genuine,KAIE Hydra Booster + Daily Moisture Serum official,1024,1024,370179,2026-08-15T14:43:03.035230+00:00
c355346a47af,KAIE_HYDRA_BOOSTER_DAILY_MOISTURE_SERUM_NA18240107392,KAIE,Hydra Booster + Daily Moisture Serum,NA18240107392,http://kaie.co/cdn/shop/files/KAIE-HYDRA-BARRIER-LIVELY---KAIEHYDRAFOCUSTRIO_1200x.jpg?v=1740037989,SafeCart_Dataset\images\genuine_reference\KAIE_HYDRA_BOOSTER_DAILY_MOISTURE_SERUM_NA18240107392\c355346a47af.jpg,https://kaie.co/products/kaie-hydra-focus-trio-hydra-booster-daily-moisture-serum-barrier-repair-gentle-soothe-gel-moisturizer-lively-lip-oil,kaie.co,kaie.co,,,,,,,,,,,genuine_reference,,0.0,0.0,False,,not_visible,6e5a02ba9bfe09fe9f34cc7683fcbdbb,b8a5c6a7e758a542,success,,genuine,KAIE Hydra Booster + Daily Moisture Serum official website,1080,1080,107378,2026-08-15T14:43:06.833483+00:00
153547818a0f,KAIE_BLEMISH_CARE_PORE_REFINING_SERUM_NA18240108161,KAIE,Blemish Care + Pore Refining Serum,NA18240108161,https://kaie.co/cdn/shop/files/BlemishCare_2400x.jpg?v=1727427320,SafeCart_Dataset\images\genuine_reference\KAIE_BLEMISH_CARE_PORE_REFINING_SERUM_NA18240108161\153547818a0f.jpg,https://kaie.co/products/blemish-care-pore-refining-serum,kaie.co,kaie.co,,,,,,,,,,,genuine_reference,,0.0,0.0,False,,not_visible,30b969d8fff7072df87b2c5d3c851ff0,e696929999649e69,success,,genuine,KAIE Blemish Care + Pore Refining Serum official,2400,2401,244646,2026-08-15T14:43:11.062524+00:00
5dcc6a77c9d6,KAIE_BLEMISH_CARE_PORE_REFINING_SERUM_NA18240108161,KAIE,Blemish Care + Pore Refining Serum,NA18240108161,https://kaie.co/cdn/shop/files/KAIE_SERUM_BLEMISHCARE_P_242d20e2-a4c1-4aa5-ab7e-c9e5a3124b1c_2400x.jpg?v=1740037448,SafeCart_Dataset\images\genuine_reference\KAIE_BLEMISH_CARE_PORE_REFINING_SERUM_NA18240108161\5dcc6a77c9d6.jpg,https://kaie.co/products/blemish-care-pore-refining-serum,kaie.co,kaie.co,,,,,,,,,,,genuine_reference,,0.0,0.0,False,,not_visible,cd4090ddfa184dad6f0be78e53c1b2c6,f18dce72398946a6,success,,genuine,KAIE Blemish Care + Pore Refining Serum official,2400,3600,576711,2026-08-15T14:43:11.443612+00:00
4c76b44213fe,KAIE_BLEMISH_CARE_PORE_REFINING_SERUM_NA18240108161,KAIE,Blemish Care + Pore Refining Serum,NA18240108161,http://kaie.co/cdn/shop/files/IMG_0257_1_1200x.jpg?v=1740037448,SafeCart_Dataset\images\genuine_reference\KAIE_BLEMISH_CARE_PORE_REFINING_SERUM_NA18240108161\4c76b44213fe.jpg,https://kaie.co/products/blemish-care-pore-refining-serum,kaie.co,kaie.co,,,,,,,,,,,genuine_reference,,0.0,0.0,False,,not_visible,c9eb8e217d26c91088b9d9362e04445c,cc1693596764ccb3,success,,genuine,KAIE Blemish Care + Pore Refining Serum official,1200,1800,169246,2026-08-15T14:43:12.104561+00:00
2c4c5669359b,KAIE_BLEMISH_CARE_PORE_REFINING_SERUM_NA18240108161,KAIE,Blemish Care + Pore Refining Serum,NA18240108161,https://kaie.co/cdn/shop/files/KAIELIPOIL_SERUMBLEMISHCARE_1024x1024.jpg?v=1757659974,SafeCart_Dataset\images\genuine_reference\KAIE_BLEMISH_CARE_PORE_REFINING_SERUM_NA18240108161\2c4c5669359b.jpg,https://kaie.co/products/kaie-lively-lip-oil-peptide-ceramide-and-squalane-blemish-care-pore-refining-serum,kaie.co,kaie.co,,,,,,,,,,,genuine_reference,,0.0,0.0,False,,not_visible,2b64888882758aade327eae313c2b877,eca59abb8164a55a,success,,genuine,KAIE Blemish Care + Pore Refining Serum official,1024,1024,82897,2026-08-15T14:43:13.069109+00:00
f86062c742c2,KAIE_BLEMISH_CARE_PORE_REFINING_SERUM_NA18240108161,KAIE,Blemish Care + Pore Refining Serum,NA18240108161,http://kaie.co/cdn/shop/files/KAI-AM1311-TRIO-SERUM---KAIESERUMTRIO_1200x.jpg?v=1740095723,SafeCart_Dataset\images\genuine_reference\KAIE_BLEMISH_CARE_PORE_REFINING_SERUM_NA18240108161\f86062c742c2.jpg,https://kaie.co/products/kaie-trio-serum-blemish-banish-pore-refining-serum-hydra-booster-daily-moisture-serum-even-tone-radiance-renew-serum,kaie.co,kaie.co,,,,,,,,,,,genuine_reference,,0.0,0.0,False,,not_visible,d475a0057e100b69491ca3c4d49a0f60,faa5d185615aadd0,success,,genuine,KAIE Blemish Care + Pore Refining Serum official,1080,1080,132666,2026-08-15T14:43:13.260135+00:00
92cd4fd893f8,KAIE_BLEMISH_CARE_PORE_REFINING_SERUM_NA18240108161,KAIE,Blemish Care + Pore Refining Serum,NA18240108161,https://kaie.co/cdn/shop/files/Screen_Shot_2024-09-14_at_12.57.30_1024x1024.png?v=1740037448,SafeCart_Dataset\images\genuine_reference\KAIE_BLEMISH_CARE_PORE_REFINING_SERUM_NA18240108161\92cd4fd893f8.jpg,https://kaie.co/products/blemish-care-pore-refining-serum,kaie.co,kaie.co,,,,,,,,,,,genuine_reference,,0.0,0.0,False,,not_visible,e5289fef073bb27f5edd3a3c67fdae2c,f847dc38e3388e62,success,,genuine,KAIE Blemish Care + Pore Refining Serum official,1024,1022,67889,2026-08-15T14:43:13.604067+00:00
82e35d010dd0,KAIE_BLEMISH_CARE_PORE_REFINING_SERUM_NA18240108161,KAIE,Blemish Care + Pore Refining Serum,NA18240108161,http://kaie.co/cdn/shop/files/Kaie_Lip_Oil_Serum_Blemish_Care_1200x.jpg?v=1757659974,SafeCart_Dataset\images\genuine_reference\KAIE_BLEMISH_CARE_PORE_REFINING_SERUM_NA18240108161\82e35d010dd0.jpg,https://kaie.co/products/kaie-lively-lip-oil-peptide-ceramide-and-squalane-blemish-care-pore-refining-serum,kaie.co,kaie.co,,,,,,,,,,,genuine_reference,,0.0,0.0,False,,not_visible,71d713385dce750d22b25b73da7330a1,e49e9b7924c61999,success,,genuine,KAIE Blemish Care + Pore Refining Serum official,1200,1800,102300,2026-08-15T14:43:14.174168+00:00
4952af554833,KAIE_BLEMISH_CARE_PORE_REFINING_SERUM_NA18240108161,KAIE,Blemish Care + Pore Refining Serum,NA18240108161,https://i.ebayimg.com/images/g/LlAAAOSwRF5nty1x/s-l400.png,SafeCart_Dataset\images\genuine_reference\KAIE_BLEMISH_CARE_PORE_REFINING_SERUM_NA18240108161\4952af554833.jpg,https://www.ebay.it/itm/405884544894,www.ebay.it,ebay.it,,,,,,,,,,,genuine_reference,,0.0,0.0,False,,not_visible,f144f753181f74ccb5ccf49316f94bf6,af8e8f0384b1c3da,success,,genuine,KAIE Blemish Care + Pore Refining Serum official,400,400,28168,2026-08-15T14:43:14.491915+00:00
71abdb2380a8,ANUA_NIACINAMIDE_10_TXA_3_SERUM_NA26251900042,Anua,Niacinamide 10% + TXA 3% Serum,NA26251900042,http://sukoshi.com/cdn/shop/files/new-anua-serum-cover_33f6b2f3-e1b8-49c2-8f98-98cec0acec35_1024x1024.jpg?v=1757599590,SafeCart_Dataset\images\genuine_reference\ANUA_NIACINAMIDE_10_TXA_3_SERUM_NA26251900042\71abdb2380a8.jpg,https://sukoshi.com/products/anua-10-niacinamide-4-tranexamic-acid-dark-spot-correcting-serum?srsltid=AfmBOop5qHqueyYbwNJHOez_MOAhuVNOR806pww5ALLtfjmnLaCJRCxb,sukoshi.com,sukoshi.com,,,,,,,,,,,genuine_reference,,0.0,0.0,False,,not_visible,4599d6b9ada30f66b2041fa65274cbf7,b69bc9600bc79e34,success,,genuine,Anua Niacinamide 10% + TXA 3% Serum official,800,1000,61677,2026-08-15T14:43:26.208814+00:00
90ae93547036,ANUA_NIACINAMIDE_10_TXA_3_SERUM_NA26251900042,Anua,Niacinamide 10% + TXA 3% Serum,NA26251900042,https://edenskinstore.com/cdn/shop/files/ANUANIACINAMIDE10_TXA4_Serum_grande.png?v=1750677312,SafeCart_Dataset\images\genuine_reference\ANUA_NIACINAMIDE_10_TXA_3_SERUM_NA26251900042\90ae93547036.jpg,https://edenskinstore.com/products/anua-niacinamide-10-txa-4-serum?srsltid=AfmBOoroecPIrwbZ-kS0x5HKl5aS4Ao95VNA7D1KetR8OQRBTdTRNhnU,edenskinstore.com,edenskinstore.com,,,,,,,,,,,genuine_reference,,0.0,0.0,False,,not_visible,209800357672df549e72d07e3192f565,e699996633c68e31,success,,genuine,Anua Niacinamide 10% + TXA 3% Serum official,600,600,19909,2026-08-15T14:43:26.609187+00:00
26334abb06d6,ANUA_NIACINAMIDE_10_TXA_3_SERUM_NA26251900042,Anua,Niacinamide 10% + TXA 3% Serum,NA26251900042,https://media.ulta.com/i/ulta/2634191_alt01?w=800&h=800&fmt=auto,SafeCart_Dataset\images\genuine_reference\ANUA_NIACINAMIDE_10_TXA_3_SERUM_NA26251900042\26334abb06d6.jpg,https://www.ulta.com/p/niacinamide-10-txa-4-serum-brightening-dark-spots-pimprod2048921?sku=2634191,www.ulta.com,ulta.com,,,,,,,,,,,genuine_reference,,0.0,0.0,False,,not_visible,cb91ca2d29b5c010f5b0ad20bb2af21b,ed1992e2e2c5cc96,success,,genuine,Anua Niacinamide 10% + TXA 3% Serum official,800,800,89520,2026-08-15T14:43:26.849526+00:00
387eeb4c651f,ANUA_NIACINAMIDE_10_TXA_3_SERUM_NA26251900042,Anua,Niacinamide 10% + TXA 3% Serum,NA26251900042,https://storage.skinsort.com/etjm9iec7xyoq0b657xkg5uc24sq,SafeCart_Dataset\images\genuine_reference\ANUA_NIACINAMIDE_10_TXA_3_SERUM_NA26251900042\387eeb4c651f.jpg,https://skinsort.com/products/anua/niacinamide-10-txa-3-serum,skinsort.com,skinsort.com,,,,,,,,,,,genuine_reference,,0.0,0.0,False,,not_visible,2b61e9c292978e7a7492201c9e719300,e699993233cc3633,success,,genuine,Anua Niacinamide 10% + TXA 3% Serum official,800,800,30688,2026-08-15T14:43:26.989674+00:00
066e13295027,ANUA_NIACINAMIDE_10_TXA_3_SERUM_NA26251900042,Anua,Niacinamide 10% + TXA 3% Serum,NA26251900042,https://media.ulta.com/i/ulta/2634191_alt05?w=800&h=800&fmt=auto,SafeCart_Dataset\images\genuine_reference\ANUA_NIACINAMIDE_10_TXA_3_SERUM_NA26251900042\066e13295027.jpg,https://www.ulta.com/p/niacinamide-10-txa-4-serum-brightening-dark-spots-pimprod2048921?sku=2634191,www.ulta.com,ulta.com,,,,,,,,,,,genuine_reference,,0.0,0.0,False,,not_visible,6f608171a1bb20b1f0396d0e2cf76aa1,ca17d548aaaaaaec,success,,genuine,Anua Niacinamide 10% + TXA 3% Serum official,800,800,102475,2026-08-15T14:43:28.417524+00:00
a1df4178ff32,ANUA_NIACINAMIDE_10_TXA_3_SERUM_NA26251900042,Anua,Niacinamide 10% + TXA 3% Serum,NA26251900042,https://koreanskincare.com/cdn/shop/files/AA000691_10_3__GLB_SEA_7_c46fab2f-78dd-4a5a-a1ef-d0351e4909ad.jpg?v=1749125921,SafeCart_Dataset\images\genuine_reference\ANUA_NIACINAMIDE_10_TXA_3_SERUM_NA26251900042\a1df4178ff32.jpg,https://koreanskincare.com/products/anua-niacinamide-10-txa-4-serum?srsltid=AfmBOoqs_akuQptwZuD_UKiXzkK_9yQOaCcCHxVu8vc6tMHWKBFry3nn,koreanskincare.com,koreanskincare.com,,,,,,,,,,,genuine_reference,,0.0,0.0,False,,not_visible,98e9b3a76ea27425117e1cb0e7132a72,ec989a67e08dd326,success,,genuine,Anua Niacinamide 10% + TXA 3% Serum official,800,800,63711,2026-08-15T14:43:28.559551+00:00
5b898c66056a,ANUA_NIACINAMIDE_10_TXA_3_SERUM_NA26251900042,Anua,Niacinamide 10% + TXA 3% Serum,NA26251900042,https://kbeautyworld.com/cdn/shop/files/Anua-Niacinamide-10-TXA-4-Dark-Spot-Correcting-Serum-K-Beauty-World.webp?v=1766991848&width=1050,SafeCart_Dataset\images\genuine_reference\ANUA_NIACINAMIDE_10_TXA_3_SERUM_NA26251900042\5b898c66056a.jpg,https://kbeautyworld.com/products/niacinamide-10-txa-4-serum?srsltid=AfmBOopeH1HjVrOofSjkzqwcCiNjFrSouvXy70QmlMnMwnF19ERhR1i3,kbeautyworld.com,kbeautyworld.com,,,,,,,,,,,genuine_reference,,0.0,0.0,False,,not_visible,057d48c30cac35853d4b482b211cbe8b,a6cdc93233cd8ccc,success,,genuine,Anua Niacinamide 10% + TXA 3% Serum official,1050,1050,52089,2026-08-15T14:43:28.768542+00:00
194f8f8fc3d3,ANUA_NIACINAMIDE_10_TXA_3_SERUM_NA26251900042,Anua,Niacinamide 10% + TXA 3% Serum,NA26251900042,http://www.nordhive.com/cdn/shop/files/2_2ebe4109-2f40-4a44-9f0f-b6bfc38fa038_1200x1200.png?v=1728006361,SafeCart_Dataset\images\genuine_reference\ANUA_NIACINAMIDE_10_TXA_3_SERUM_NA26251900042\194f8f8fc3d3.jpg,https://www.nordhive.com/products/anua-niacinamide-10-txa-4-dark-spot-correcting-serum,www.nordhive.com,nordhive.com,,,,,,,,,,,genuine_reference,,0.0,0.0,False,,not_visible,a05c75fafeb190d6eb54a1f80cca775e,cccca932d62987b6,success,,genuine,Anua Niacinamide 10% + TXA 3% Serum official,1024,1024,130390,2026-08-15T14:43:29.055132+00:00
3effa4f3840a,MEDIHEAL_VITAMIN_C_BRIGHTENING_SERUM_WITH_NIACINAMIDE_NA26241900078,Mediheal,Vitamin C Brightening Serum with Niacinamide,NA26241900078,https://target.scene7.com/is/image/Target/GUEST_fc9e9380-68ff-40f5-bc07-ab1ed1c5738f,SafeCart_Dataset\images\genuine_reference\MEDIHEAL_VITAMIN_C_BRIGHTENING_SERUM_WITH_NIACINAMIDE_NA26241900078\3effa4f3840a.jpg,https://www.target.com/p/mediheal-vitamin-c-brightening-serum-1-35-oz/-/A-1004381848,www.target.com,target.com,,,,,,,,,,,genuine_reference,,0.0,0.0,False,,not_visible,0f583115e938a0f67d396e448d3327fb,b393ccc9cc669964,success,,genuine,Mediheal Vitamin C Brightening Serum with Niacinamide official,400,400,13587,2026-08-15T14:43:31.956916+00:00
f081b7e9f7c6,MEDIHEAL_VITAMIN_C_BRIGHTENING_SERUM_WITH_NIACINAMIDE_NA26241900078,Mediheal,Vitamin C Brightening Serum with Niacinamide,NA26241900078,"https://cloudinary.images-iherb.com/image/upload/f_auto,q_auto,c_fit,w_1000,h_1000/images/mhl/mhl55460/l/19.jpg",SafeCart_Dataset\images\genuine_reference\MEDIHEAL_VITAMIN_C_BRIGHTENING_SERUM_WITH_NIACINAMIDE_NA26241900078\f081b7e9f7c6.jpg,https://www.iherb.com/pr/mediheal-vitamin-c-brightening-serum-with-niacinamide-1-35-fl-oz-40-ml/142624?srsltid=AfmBOoqAIyGsfov8j5QxJHX9OZ_DQlaK8E-5UAdP-XXmeyiAmZ4dPcCi,www.iherb.com,iherb.com,,,,,,,,,,,genuine_reference,,0.0,0.0,False,,not_visible,11072ac2f406f01199fb19e70817771f,b3b2cec96c2433cc,success,,genuine,Mediheal Vitamin C Brightening Serum with Niacinamide official,1000,1000,58748,2026-08-15T14:43:32.389105+00:00
472c1be7d6a8,MEDIHEAL_VITAMIN_C_BRIGHTENING_SERUM_WITH_NIACINAMIDE_NA26241900078,Mediheal,Vitamin C Brightening Serum with Niacinamide,NA26241900078,https://n.nordstrommedia.com/it/cc2d67c5-8023-45dd-99f1-721c513ace4d.jpeg,SafeCart_Dataset\images\genuine_reference\MEDIHEAL_VITAMIN_C_BRIGHTENING_SERUM_WITH_NIACINAMIDE_NA26241900078\472c1be7d6a8.jpg,https://www.nordstrom.com/s/vitamin-c-brightening-serum/9009478?srsltid=AfmBOoqiBXWwRDH3-S_Q6hFibkrZOwSt444aRMeG00GEhYDsvAxKvzYd,www.nordstrom.com,nordstrom.com,,,,,,,,,,,genuine_reference,,0.0,0.0,False,,not_visible,3cb96757d708d0d3d2ee4c2f02d930f7,b1b6c39b4d2cb0cc,success,,genuine,Mediheal Vitamin C Brightening Serum with Niacinamide official,1320,2024,185079,2026-08-15T14:43:32.540775+00:00
8e113fc745d3,MEDIHEAL_VITAMIN_C_BRIGHTENING_SERUM_WITH_NIACINAMIDE_NA26241900078,Mediheal,Vitamin C Brightening Serum with Niacinamide,NA26241900078,https://m.media-amazon.com/images/I/71cFGPWHYoL.jpg,SafeCart_Dataset\images\genuine_reference\MEDIHEAL_VITAMIN_C_BRIGHTENING_SERUM_WITH_NIACINAMIDE_NA26241900078\8e113fc745d3.jpg,https://www.amazon.com/MEDIHEAL-Vitamin-Brightening-Serum-Tone-Texture-Glow/dp/B0CCD7GJPR,www.amazon.com,amazon.com,,,,,,,,,,,genuine_reference,,0.0,0.0,False,,not_visible,09c30d29b1f83ace474ba53dc71e6d14,e386d8998d6097cd,success,,genuine,Mediheal Vitamin C Brightening Serum with Niacinamide official,2560,2560,429591,2026-08-15T14:43:33.079922+00:00
5d47d9f26210,MEDIHEAL_VITAMIN_C_BRIGHTENING_SERUM_WITH_NIACINAMIDE_NA26241900078,Mediheal,Vitamin C Brightening Serum with Niacinamide,NA26241900078,https://www.shopmissa.com/cdn/shop/files/Main-Vitamin-C-Brightening-Serum_2048x.jpg?v=1745350105,SafeCart_Dataset\images\genuine_reference\MEDIHEAL_VITAMIN_C_BRIGHTENING_SERUM_WITH_NIACINAMIDE_NA26241900078\5d47d9f26210.jpg,https://www.shopmissa.com/products/mediheal-vitamin-c-brightening-serum?srsltid=AfmBOoouU8JRloJjyBYDaM-4hIACfSirYZUgTQgZaZxUMFWG1udbUgY1,www.shopmissa.com,shopmissa.com,,,,,,,,,,,genuine_reference,,0.0,0.0,False,,not_visible,511d1abf4a2056e4071e13776649c1e3,e7169899cc649a6d,success,,genuine,Mediheal Vitamin C Brightening Serum with Niacinamide official,1000,1400,110571,2026-08-15T14:43:33.555326+00:00
add2ab1e2fe8,MEDIHEAL_VITAMIN_C_BRIGHTENING_SERUM_WITH_NIACINAMIDE_NA26241900078,Mediheal,Vitamin C Brightening Serum with Niacinamide,NA26241900078,https://m.media-amazon.com/images/I/61VR9ldc06L.jpg,SafeCart_Dataset\images\genuine_reference\MEDIHEAL_VITAMIN_C_BRIGHTENING_SERUM_WITH_NIACINAMIDE_NA26241900078\add2ab1e2fe8.jpg,https://www.amazon.com/MEDIHEAL-Vitamin-Brightening-Serum-Tone-Texture-Glow/dp/B0CCD7GJPR,www.amazon.com,amazon.com,,,,,,,,,,,genuine_reference,,0.0,0.0,False,,not_visible,e03e56adb2a451c6a9320bce9ae84489,a6cc99196666ccb3,success,,genuine,Mediheal Vitamin C Brightening Serum with Niacinamide official,1200,1200,133199,2026-08-15T14:43:33.779030+00:00
5c2795641a0e,MEDIHEAL_VITAMIN_C_BRIGHTENING_SERUM_WITH_NIACINAMIDE_NA26241900078,Mediheal,Vitamin C Brightening Serum with Niacinamide,NA26241900078,"https://m.media-amazon.com/images/I/71c6DvrgJkL._AC_UF350,350_QL80_.jpg",SafeCart_Dataset\images\genuine_reference\MEDIHEAL_VITAMIN_C_BRIGHTENING_SERUM_WITH_NIACINAMIDE_NA26241900078\5c2795641a0e.jpg,https://www.amazon.com/MEDIHEAL-Vitamin-Brightening-Serum-Tone-Texture-Glow/dp/B0CCD7GJPR,www.amazon.com,amazon.com,,,,,,,,,,,genuine_reference,,0.0,0.0,False,,not_visible,df435a3e7152ded1732db5569f64accc,a6b3590cec19e2e6,success,,genuine,Mediheal Vitamin C Brightening Serum with Niacinamide official,350,350,36069,2026-08-15T14:43:33.952364+00:00
49e6fd0f66b7,MEDIHEAL_VITAMIN_C_BRIGHTENING_SERUM_WITH_NIACINAMIDE_NA26241900078,Mediheal,Vitamin C Brightening Serum with Niacinamide,NA26241900078,https://media.ulta.com/i/ulta/2640449_alt02?w=800&h=800&fmt=auto,SafeCart_Dataset\images\genuine_reference\MEDIHEAL_VITAMIN_C_BRIGHTENING_SERUM_WITH_NIACINAMIDE_NA26241900078\49e6fd0f66b7.jpg,https://www.ulta.com/p/vitamin-c-brightening-serum-pimprod2052790?sku=2640449,www.ulta.com,ulta.com,,,,,,,,,,,genuine_reference,,0.0,0.0,False,,not_visible,1e546593fbf7c1cc6c6a55af8ad72e63,cbb3c49446373197,success,,genuine,Mediheal Vitamin C Brightening Serum with Niacinamide official,800,800,97573,2026-08-15T14:43:34.073947+00:00
930a440ec7a5,WARDAH_LIFT_REGENERATING_SERUM_NA18242000770,Wardah,Lift Regenerating Serum,NA18242000770,https://i.ebayimg.com/images/g/IFIAAeSwKnpqAee4/s-l1200.jpg,SafeCart_Dataset\images\genuine_reference\WARDAH_LIFT_REGENERATING_SERUM_NA18242000770\930a440ec7a5.jpg,https://www.ebay.com/itm/406012276680,www.ebay.com,ebay.com,,,,,,,,,,,genuine_reference,,0.0,0.0,False,,not_visible,adf2194f323b2fd0a184850053361e8c,b38e8cb58cb30cb3,success,,genuine,Wardah Lift Regenerating Serum official,1200,1200,98649,2026-08-15T14:43:47.577353+00:00
6887faf0ba56,WARDAH_LIFT_REGENERATING_SERUM_NA18242000770,Wardah,Lift Regenerating Serum,NA18242000770,https://i.ebayimg.com/00/s/MTYwMFgxNjAw/z/0C8AAeSww8lpcD01/$_57.JPG?set_id=880000500F,SafeCart_Dataset\images\genuine_reference\WARDAH_LIFT_REGENERATING_SERUM_NA18242000770\6887faf0ba56.jpg,https://www.ebay.com/itm/406012276680,www.ebay.com,ebay.com,,,,,,,,,,,genuine_reference,,0.0,0.0,False,,not_visible,244bf9c3e7ba6b7355315188f6ca6d8c,d0bc27c2fcc1037e,success,,genuine,Wardah Lift Regenerating Serum official,1600,1600,218155,2026-08-15T14:43:48.052794+00:00
414ef85a6767,WARDAH_LIFT_REGENERATING_SERUM_NA18242000770,Wardah,Lift Regenerating Serum,NA18242000770,https://nihonmart.id/pub/media/catalog/product/cache/f61d9d1cf83fa595fd52a6205bb1f47f/l/i/lift_regenerating_serum_30ml-min.png,SafeCart_Dataset\images\genuine_reference\WARDAH_LIFT_REGENERATING_SERUM_NA18242000770\414ef85a6767.jpg,https://nihonmart.id/wardah-exosome-pdrn-lift-regenerating-serum-30ml?srsltid=AfmBOoqrXbdDKV7mlqgcHxNgTW1iFm3Ojg9HVaPxIHh3STmuoc4DnPyx,nihonmart.id,nihonmart.id,,,,,,,,,,,genuine_reference,,0.0,0.0,False,,not_visible,cf689bad12a11f8ca6afe7af7128a9bf,e49a92c6d66c9939,success,,genuine,Wardah Lift Regenerating Serum official,300,300,11329,2026-08-15T14:43:55.749174+00:00
28cc541655e4,WARDAH_LIFT_REGENERATING_SERUM_NA18242000770,Wardah,Lift Regenerating Serum,NA18242000770,https://d2jlkn4m127vak.cloudfront.net/medias/articles/medias-2-1758212987.jpg,SafeCart_Dataset\images\genuine_reference\WARDAH_LIFT_REGENERATING_SERUM_NA18242000770\28cc541655e4.jpg,https://www.wardahbeauty.com/id/news/serum-wardah-dengan-hasil-seperti-perawatan-hifu,www.wardahbeauty.com,wardahbeauty.com,,,,,,,,,,,genuine_reference,,0.0,0.0,False,,not_visible,ddcbc867f33a4bb71304976eed1e4f04,bcc3c33ccb3cc324,success,,genuine,Wardah Lift Regenerating Serum official,1080,1080,93209,2026-08-15T14:43:56.179418+00:00
907153ff51ba,WARDAH_LIFT_REGENERATING_SERUM_NA18242000770,Wardah,Lift Regenerating Serum,NA18242000770,https://i.ebayimg.com/images/g/0C8AAeSww8lpcD01/s-l1200.jpg,SafeCart_Dataset\images\genuine_reference\WARDAH_LIFT_REGENERATING_SERUM_NA18242000770\907153ff51ba.jpg,https://www.ebay.com/itm/406012276680,www.ebay.com,ebay.com,,,,,,,,,,,genuine_reference,,0.0,0.0,False,,not_visible,e8c89485e5777e133727757d7fc4ec1e,d0bc27c2fcc1037e,success,near_duplicate_of:6887faf0ba56,genuine,Wardah Lift Regenerating Serum official website,1200,1200,147352,2026-08-15T14:44:02.533376+00:00
570323398001,WARDAH_LIFT_REGENERATING_SERUM_NA18242000770,Wardah,Lift Regenerating Serum,NA18242000770,https://i.ebayimg.com/images/g/zysAAeSwTi1pcD01/s-l1200.jpg,SafeCart_Dataset\images\genuine_reference\WARDAH_LIFT_REGENERATING_SERUM_NA18242000770\570323398001.jpg,https://www.ebay.com/itm/406012276680,www.ebay.com,ebay.com,,,,,,,,,,,genuine_reference,,0.0,0.0,False,,not_visible,43700f24de4ab200430fd1401b39d6e2,d4e7499b1a4c6cd1,success,,genuine,Wardah Lift Regenerating Serum official website,1200,1200,203892,2026-08-15T14:44:02.765925+00:00
41103c0f9510,WARDAH_LIFT_REGENERATING_SERUM_NA18242000770,Wardah,Lift Regenerating Serum,NA18242000770,https://i.ebayimg.com/00/s/MTYwMFgxNjAw/z/IFIAAeSwKnpqAee4/$_57.JPG?set_id=880000500F,SafeCart_Dataset\images\genuine_reference\WARDAH_LIFT_REGENERATING_SERUM_NA18242000770\41103c0f9510.jpg,https://www.ebay.com/itm/406012276680,www.ebay.com,ebay.com,,,,,,,,,,,genuine_reference,,0.0,0.0,False,,not_visible,b4516a14f4357dbebb2cd7498d72d58b,b38e8cb58cb30cb3,success,near_duplicate_of:930a440ec7a5,genuine,Wardah Lift Regenerating Serum Sociolla authorized retailer,1600,1600,152402,2026-08-15T14:44:06.857123+00:00
3d7b05ded90e,WARDAH_LIFT_REGENERATING_SERUM_NA18242000770,Wardah,Lift Regenerating Serum,NA18242000770,https://i.ebayimg.com/images/g/2sMAAeSw4rBpcD01/s-l1200.jpg,SafeCart_Dataset\images\genuine_reference\WARDAH_LIFT_REGENERATING_SERUM_NA18242000770\3d7b05ded90e.jpg,https://www.ebay.com/itm/406012276680,www.ebay.com,ebay.com,,,,,,,,,,,genuine_reference,,0.0,0.0,False,,not_visible,631206c04e0e04884209e0a30d56e1cd,ef3a37c06e0b64c8,success,,genuine,Wardah Lift Regenerating Serum Sociolla authorized retailer,1200,1200,145601,2026-08-15T14:44:07.153578+00:00
4511daa5dfd9,WARDAH_LIFT_REGENERATING_SERUM_NA18242000770,Wardah,Lift Regenerating Serum,NA18242000770,https://id-live-01.slatic.net/p/28c20bd06619922266996ee453b5a5ae.jpg,SafeCart_Dataset\images\reported_counterfeit_candidate\WARDAH_LIFT_REGENERATING_SERUM_NA18242000770\4511daa5dfd9.jpg,https://www.lazada.co.id/tag/serum-wardah-asli-dan-palsu/,www.lazada.co.id,lazada.co.id,,,,,,Beli Serum Wardah Asli Dan Palsu Online Harga Terbaik Seluruh produk Serum Wardah Asli Dan Palsu telah terakurasi dengan baik sehingga menawarkan kualitas yang terbaik dengan promo dari Lazada sehingga membuat ...,,palsu,MODERATE_EVIDENCE,3.0,reported_counterfeit_candidate,,0.0,0.0,False,,not_visible,28c20bd06619922266996ee453b5a5ae,d56a94d66bb54225,success,,counterfeit_evidence,https://www.lazada.co.id/tag/serum-wardah-asli-dan-palsu/,1600,1600,290923,2026-08-15T14:44:08.322748+00:00
b2778b550446,ANUA_7_RICE_CERAMIDE_HYDRATING_BARRIER_SERUM_NA26250100205,Anua,7 Rice Ceramide Hydrating Barrier Serum,NA26250100205,https://media.ulta.com/i/ulta/2634624?w=500&h=500,SafeCart_Dataset\images\genuine_reference\ANUA_7_RICE_CERAMIDE_HYDRATING_BARRIER_SERUM_NA26250100205\b2778b550446.jpg,https://www.ulta.com/p/7-rice-ceramide-hydrating-barrier-serum-pimprod2048927?sku=2634624,www.ulta.com,ulta.com,,,,,,,,,,,genuine_reference,,0.0,0.0,False,,not_visible,6455fb59fb4012c320b0efcaf7060457,cc647131339b33ce,success,,genuine,Anua 7 Rice Ceramide Hydrating Barrier Serum official,500,500,21600,2026-08-15T14:43:21.807456+00:00
b6d6cd05e1fa,ANUA_7_RICE_CERAMIDE_HYDRATING_BARRIER_SERUM_NA26250100205,Anua,7 Rice Ceramide Hydrating Barrier Serum,NA26250100205,https://koreanskincare.com/cdn/shop/files/anua12592.jpg?v=1722330527,SafeCart_Dataset\images\genuine_reference\ANUA_7_RICE_CERAMIDE_HYDRATING_BARRIER_SERUM_NA26250100205\b6d6cd05e1fa.jpg,https://koreanskincare.com/products/anua-7-rice-ceramide-hydrating-barrier-serum?srsltid=AfmBOorx-9s6FRVaQIeXVaSvenrHfuJ0gx-V1tjKq8C8TRziVG3hX7MV,koreanskincare.com,koreanskincare.com,,,,,,,,,,,genuine_reference,,0.0,0.0,False,,not_visible,4b6b9712d858f3b587d4faf8e0247182,a531933363676666,success,,genuine,Anua 7 Rice Ceramide Hydrating Barrier Serum official,800,800,54078,2026-08-15T14:43:21.972591+00:00
c33ad01c2b72,ANUA_7_RICE_CERAMIDE_HYDRATING_BARRIER_SERUM_NA26250100205,Anua,7 Rice Ceramide Hydrating Barrier Serum,NA26250100205,https://media.ulta.com/i/ulta/2634624_alt03?w=800&h=800&fmt=auto,SafeCart_Dataset\images\genuine_reference\ANUA_7_RICE_CERAMIDE_HYDRATING_BARRIER_SERUM_NA26250100205\c33ad01c2b72.jpg,https://www.ulta.com/p/7-rice-ceramide-hydrating-barrier-serum-pimprod2048927?sku=2634624,www.ulta.com,ulta.com,,,,,,,,,,,genuine_reference,,0.0,0.0,False,,not_visible,e12cad3974f6eeb939a23cd558656a5e,db36a6a6c999c0b1,success,,genuine,Anua 7 Rice Ceramide Hydrating Barrier Serum official,800,800,120068,2026-08-15T14:43:22.248121+00:00
1910d7684ec9,ANUA_7_RICE_CERAMIDE_HYDRATING_BARRIER_SERUM_NA26250100205,Anua,7 Rice Ceramide Hydrating Barrier Serum,NA26250100205,https://media-dynamic.okendo.io/images/e8c19539-12a0-44b1-a296-7cf4fb962169/cffdf297-d57f-4f69-9e88-6170459b9a92.jpg?d=3200x3200,SafeCart_Dataset\images\genuine_reference\ANUA_7_RICE_CERAMIDE_HYDRATING_BARRIER_SERUM_NA26250100205\1910d7684ec9.jpg,https://anua.com/products/rice-ceramide-7-hydrating-barrier-serum?srsltid=AfmBOoqg1qxdWhyvAxWOGh8taxe7kAATAQeNusMluJiqIRnPSSgaxZkq,anua.com,anua.com,,,,,,,,,,,genuine_reference,,0.0,0.0,False,,not_visible,824e6d46ab2069102545bd919fc53130,c1cd3e3361a60f66,success,,genuine,Anua 7 Rice Ceramide Hydrating Barrier Serum official,1500,2000,541377,2026-08-15T14:43:22.392157+00:00
4d1d8fe80f2e,ANUA_7_RICE_CERAMIDE_HYDRATING_BARRIER_SERUM_NA26250100205,Anua,7 Rice Ceramide Hydrating Barrier Serum,NA26250100205,"https://m.media-amazon.com/images/I/6131JXRw2JL._AC_UF1000,1000_QL80_.jpg",SafeCart_Dataset\images\genuine_reference\ANUA_7_RICE_CERAMIDE_HYDRATING_BARRIER_SERUM_NA26250100205\4d1d8fe80f2e.jpg,https://www.amazon.com/Anua-Ceramide-Hydrating-Barrier-Serum/dp/B0D54G6811,www.amazon.com,amazon.com,,,,,,,,,,,genuine_reference,,0.0,0.0,False,,not_visible,498d2f0d7484314885d29f6881438003,aa3a333cb4b4ee60,success,,genuine,Anua 7 Rice Ceramide Hydrating Barrier Serum official,1000,914,110654,2026-08-15T14:43:22.756871+00:00
79c27a7a51f2,ANUA_7_RICE_CERAMIDE_HYDRATING_BARRIER_SERUM_NA26250100205,Anua,7 Rice Ceramide Hydrating Barrier Serum,NA26250100205,https://www.skincupid.us/cdn/shop/files/7_Rice_Ceramide_Hydrating_Barrier_Serum_50ml__2.png?v=1773323969&width=1280,SafeCart_Dataset\images\genuine_reference\ANUA_7_RICE_CERAMIDE_HYDRATING_BARRIER_SERUM_NA26250100205\79c27a7a51f2.jpg,https://www.skincupid.us/products/anua-7-rice-ceramide-hydrating-barrier-serum-50ml,www.skincupid.us,skincupid.us,,,,,,,,,,,genuine_reference,,0.0,0.0,False,,not_visible,f4c4e2b4b4bc6719c8d80df519ff6916,fcc1c79d614b4a34,success,,genuine,Anua 7 Rice Ceramide Hydrating Barrier Serum official,1280,1280,183985,2026-08-15T14:43:22.924242+00:00
fdc2eaeafa05,ANUA_7_RICE_CERAMIDE_HYDRATING_BARRIER_SERUM_NA26250100205,Anua,7 Rice Ceramide Hydrating Barrier Serum,NA26250100205,https://d1f6um9xlu8jl4.cloudfront.net/Anua/ANUA_7_Rice_Ceramide_Hydrating_Barrier_Serum_50ml_T.png,SafeCart_Dataset\images\genuine_reference\ANUA_7_RICE_CERAMIDE_HYDRATING_BARRIER_SERUM_NA26250100205\fdc2eaeafa05.jpg,https://jolse.com/product/anua-7-rice-ceramide-hydrating-barrier-serum-50ml/77345/?srsltid=AfmBOopRoYE9i5EWIyaHn5JBhPmmH_60IZRCW388M7XSwK6cqVM3K1Xx,jolse.com,jolse.com,,,,,,,,,,,genuine_reference,,0.0,0.0,False,,not_visible,5e9f96c2af68dbc6eda5a3909a09032f,e69c9959cd666630,success,,genuine,Anua 7 Rice Ceramide Hydrating Barrier Serum official,500,500,18637,2026-08-15T14:43:23.756287+00:00
6543e12719c0,ANUA_7_RICE_CERAMIDE_HYDRATING_BARRIER_SERUM_NA26250100205,Anua,7 Rice Ceramide Hydrating Barrier Serum,NA26250100205,http://sukoshi.com/cdn/shop/files/anua-rice-7-barrier-serum-hover_ff5c9f58-257c-4f8d-9a9a-bdeec2a07c64_1024x1024.jpg?v=1733519153,SafeCart_Dataset\images\genuine_reference\ANUA_7_RICE_CERAMIDE_HYDRATING_BARRIER_SERUM_NA26250100205\6543e12719c0.jpg,https://sukoshi.com/products/anua-rice-7-barrier-serum?srsltid=AfmBOorS5dP9iWbSehCHResZuZ6xHveH_5pobCtSKF-yJZrFtXwJ8nif,sukoshi.com,sukoshi.com,,,,,,,,,,,genuine_reference,,0.0,0.0,False,,not_visible,a1254f6c2f6ac054647ecf9da7fdee13,b0c739cc8ed83731,success,,genuine,Anua 7 Rice Ceramide Hydrating Barrier Serum official,800,1000,61533,2026-08-15T14:43:24.829223+00:00
36d23af43197,ELSHESKIN_RADIANT_ADVANCE_SERUM_NA18231901807,Elsheskin,Radiant Advance Serum,NA18231901807,https://storage.skinsort.com/12h30ghfjieam1n9onu9kc59nbko,SafeCart_Dataset\images\genuine_reference\ELSHESKIN_RADIANT_ADVANCE_SERUM_NA18231901807\36d23af43197.jpg,https://skinsort.com/products/elsheskin/radiant-advance-serum,skinsort.com,skinsort.com,,,,,,,,,,,genuine_reference,,0.0,0.0,False,,not_visible,3e8154cb1dcef256b9c8cf48492707f7,9b36309830dd65cf,success,,genuine,Elsheskin Radiant Advance Serum official,447,447,15636,2026-08-15T14:42:44.258511+00:00
158d9ac0bccb,ELSHESKIN_RADIANT_ADVANCE_SERUM_NA18231901807,Elsheskin,Radiant Advance Serum,NA18231901807,https://lh4.googleusercontent.com/PaGzC3XpuhA1ph21twW9XADsjdXR1O579Jq6KlgZDzCfL4oTWUXIXjNXBoGNw8iO9vX6d2_GdrYmuImBT5ns_Vv-SoA_KSa9h0uYPBZoiVeZW7C09pfUSs4yja0c4c6Kl8pxNHhDMe2l7piiipNHkW4,SafeCart_Dataset\images\genuine_reference\ELSHESKIN_RADIANT_ADVANCE_SERUM_NA18231901807\158d9ac0bccb.jpg,https://www.beautyhaul.com/blog/mengenal-tranexamic-acid-di-dalam-serum-elsheskin-radiant-advance?srsltid=AfmBOoooYQagBtlbgYMFdlY-SwbSFh7bxg3MgzhsOVgMWW0AZj13vHKQ,www.beautyhaul.com,beautyhaul.com,,,,,,,,,,,genuine_reference,,0.0,0.0,False,,not_visible,db1eb82cc485245d5272c93ba2448683,9ec0c3c7e1dbc30c,success,,genuine,Elsheskin Radiant Advance Serum official,1080,1080,94618,2026-08-15T14:42:44.796335+00:00
299e1ee65b4a,ELSHESKIN_RADIANT_ADVANCE_SERUM_NA18231901807,Elsheskin,Radiant Advance Serum,NA18231901807,https://incidecoder-content.storage.googleapis.com/31688bd2-802c-450c-a2ca-a43c10d25b03/products/elsheskin-radiant-advance-serum-2/elsheskin-radiant-advance-serum-2_front_photo_original.jpeg,SafeCart_Dataset\images\genuine_reference\ELSHESKIN_RADIANT_ADVANCE_SERUM_NA18231901807\299e1ee65b4a.jpg,https://incidecoder.com/products/elsheskin-radiant-advance-serum-2,incidecoder.com,incidecoder.com,,,,,,,,,,,genuine_reference,,0.0,0.0,False,,not_visible,ca88ef8629c9caeb7836ce565ce4d516,be66c08df01bc599,success,,genuine,Elsheskin Radiant Advance Serum official,310,800,40571,2026-08-15T14:42:46.213251+00:00
8e58ec7435a1,ELSHESKIN_RADIANT_ADVANCE_SERUM_NA18231901807,Elsheskin,Radiant Advance Serum,NA18231901807,https://image.astronauts.cloud/product-images/2026/7/ElsheskinRadiantAdva_2734e565-c35d-439f-9a13-3025999fd492_900x900.jpg,SafeCart_Dataset\images\genuine_reference\ELSHESKIN_RADIANT_ADVANCE_SERUM_NA18231901807\8e58ec7435a1.jpg,https://www.astronauts.id/p/invalid-elsheskin-radiant-advance-serum-20ml?srsltid=AfmBOoqYYP5hUSuBTCFDJ97l8fFmqsduFlO8wfRUXkBkEssnOPm3_L4x,www.astronauts.id,astronauts.id,,,,,,,,,,,genuine_reference,,0.0,0.0,False,,not_visible,de605d35eb82ea5c2fb71fcc38ef1dab,d2a5a57532d38ac3,success,,genuine,Elsheskin Radiant Advance Serum official,900,900,93387,2026-08-15T14:42:59.639127+00:00
bc0aaa87e5c6,ELSHESKIN_RADIANT_ADVANCE_SERUM_NA18231901807,Elsheskin,Radiant Advance Serum,NA18231901807,https://nihonmart.id/pub/media/catalog/product/cache/f61d9d1cf83fa595fd52a6205bb1f47f/r/a/radiant_skin_serum_-_var_2-min.png,SafeCart_Dataset\images\genuine_reference\ELSHESKIN_RADIANT_ADVANCE_SERUM_NA18231901807\bc0aaa87e5c6.jpg,https://nihonmart.id/elsheskin-radiant-skin-serum?srsltid=AfmBOorJIScCCsQoY2fqqi8PlyKK4sioTz1k4BJ4PembHUaKZldzs-qT,nihonmart.id,nihonmart.id,,,,,,,,,,,genuine_reference,,0.0,0.0,False,,not_visible,a7fd716fea3fb6aaf64b93492bb1f08f,fb9594463793c823,success,,genuine,Elsheskin Radiant Advance Serum official,300,300,16110,2026-08-15T14:42:59.990628+00:00
090e7483a57b,ELSHESKIN_RADIANT_ADVANCE_SERUM_NA18231901807,Elsheskin,Radiant Advance Serum,NA18231901807,https://down-id.img.susercontent.com/file/id-11134207-82251-mi2w47upvthg52,SafeCart_Dataset\images\genuine_reference\ELSHESKIN_RADIANT_ADVANCE_SERUM_NA18231901807\090e7483a57b.jpg,https://shopee.co.id/Elsheskin-Radiant-Advance-Serum-20ml-Brightening-Serum-Cerahkan-Kulit-Kusam-Mencerahkan-Maksimal-dan-Samarkan-Noda-Hitam-Bekas-Jerawat-i.9035345.23546250246,shopee.co.id,shopee.co.id,,,,,,,,,,,genuine_reference,,0.0,0.0,False,,not_visible,4bbdcbb8de47ea668dfaaab7dc0cb826,b9e4c299c635683b,success,,genuine,Elsheskin Radiant Advance Serum official,1024,1024,160737,2026-08-15T14:43:00.216283+00:00
db8c3dc77731,ELSHESKIN_RADIANT_ADVANCE_SERUM_NA18231901807,Elsheskin,Radiant Advance Serum,NA18231901807,https://storage.skinsort.com/gp2ww0tegxmkcw1vbe4wpsosa2sc,SafeCart_Dataset\images\genuine_reference\ELSHESKIN_RADIANT_ADVANCE_SERUM_NA18231901807\db8c3dc77731.jpg,https://skinsort.com/products/elsheskin/radiant-advance-serum,skinsort.com,skinsort.com,,,,,,,,,,,genuine_reference,,0.0,0.0,False,,not_visible,1230670f5445944ce8a2f84132167f22,e59a9b6c88399669,success,,genuine,Elsheskin Radiant Advance Serum official website,500,500,21542,2026-08-15T14:43:14.081485+00:00
94b9ddfeca8c,ELSHESKIN_RADIANT_ADVANCE_SERUM_NA18231901807,Elsheskin,Radiant Advance Serum,NA18231901807,"https://www.sociolla.com/cdn-cgi/image/w=500,format=auto,dpr=1.45/https://images.soco.id/54a5410e-60e1-4ba3-9b86-2188c83371ea-image-0-1742960117166",SafeCart_Dataset\images\genuine_reference\ELSHESKIN_RADIANT_ADVANCE_SERUM_NA18231901807\94b9ddfeca8c.jpg,https://www.sociolla.com/face-serum/77764-radiant-advance-serum,www.sociolla.com,sociolla.com,,,,,,,,,,,genuine_reference,,0.0,0.0,False,,not_visible,60bf8e2a8f6f311707a2f94771911bbe,b9969632c7684f49,success,,genuine,Elsheskin Radiant Advance Serum official website,725,725,65270,2026-08-15T14:43:16.012447+00:00
c0253b86cd33,SULWHASOO_CONCENTRATED_GINSENG_REJUVENATING_SERUM_NA26242000060,Sulwhasoo,Concentrated Ginseng Rejuvenating Serum,NA26242000060,http://us.sulwhasoo.com/cdn/shop/files/BRAND.COM_1080x1080_NewCGRSerum_01.Packshot_50ml.jpg?v=1736980672,SafeCart_Dataset\images\genuine_reference\SULWHASOO_CONCENTRATED_GINSENG_REJUVENATING_SERUM_NA26242000060\c0253b86cd33.jpg,https://us.sulwhasoo.com/products/concentrated-ginseng-rejuvenating-serum,us.sulwhasoo.com,us.sulwhasoo.com,,,,,,,,,,,genuine_reference,,0.0,0.0,False,,not_visible,048a075ed61893aa40b6bd7bb6919e61,e699cc23999927cc,success,,genuine,Sulwhasoo Concentrated Ginseng Rejuvenating Serum official,1080,1080,50066,2026-08-15T14:44:16.495440+00:00
d69d5bd54483,SULWHASOO_CONCENTRATED_GINSENG_REJUVENATING_SERUM_NA26242000060,Sulwhasoo,Concentrated Ginseng Rejuvenating Serum,NA26242000060,https://us.sulwhasoo.com/cdn/shop/files/CGR_Serum_01._Texture_Brand.com_1080px_1_1_ratio.jpg?v=1758902369&width=1080,SafeCart_Dataset\images\genuine_reference\SULWHASOO_CONCENTRATED_GINSENG_REJUVENATING_SERUM_NA26242000060\d69d5bd54483.jpg,https://us.sulwhasoo.com/products/concentrated-ginseng-rejuvenating-serum,us.sulwhasoo.com,us.sulwhasoo.com,,,,,,,,,,,genuine_reference,,0.0,0.0,False,,not_visible,072141a1d81d68e1de9f9767d0c862c2,,success,duplicate_of:7ca5b70e2321,genuine,Sulwhasoo Concentrated Ginseng Rejuvenating Serum official,1080,1080,163061,2026-08-15T14:44:16.839328+00:00
e8a4c4860c47,SULWHASOO_CONCENTRATED_GINSENG_REJUVENATING_SERUM_NA26242000060,Sulwhasoo,Concentrated Ginseng Rejuvenating Serum,NA26242000060,https://cdn.shopify.com/s/files/1/0578/8532/7560/files/SULWHASOO_Concentrated_Ginseng_Rejuvenating_Serum1.jpg?v=1731907049,SafeCart_Dataset\images\genuine_reference\SULWHASOO_CONCENTRATED_GINSENG_REJUVENATING_SERUM_NA26242000060\e8a4c4860c47.jpg,https://mapetitecoree.com/en/products/sulwhasoo-concentrated-ginseng-renewing-serum?srsltid=AfmBOoo5IWBRo5pkC5QL7AF-2zv6DdSN0MLgcoY3JI8eH06AwpzqB3Yq,mapetitecoree.com,mapetitecoree.com,,,,,,,,,,,genuine_reference,,0.0,0.0,False,,not_visible,f5599cdcbbd5e51200d68b66de41c171,,success,duplicate_of:3b560b3983e4,genuine,Sulwhasoo Concentrated Ginseng Rejuvenating Serum official,1100,1619,110076,2026-08-15T14:44:17.110624+00:00
5120c29466b2,SULWHASOO_CONCENTRATED_GINSENG_REJUVENATING_SERUM_NA26242000060,Sulwhasoo,Concentrated Ginseng Rejuvenating Serum,NA26242000060,http://us.sulwhasoo.com/cdn/shop/files/270327327_NEWCGRSerum-1ml.jpg?v=1744917011,SafeCart_Dataset\images\genuine_reference\SULWHASOO_CONCENTRATED_GINSENG_REJUVENATING_SERUM_NA26242000060\5120c29466b2.jpg,https://us.sulwhasoo.com/products/concentrated-ginseng-rejuvenating-serum-1ml,us.sulwhasoo.com,us.sulwhasoo.com,,,,,,,,,,,genuine_reference,,0.0,0.0,False,,not_visible,8f19229cfba62225d6148f728e83ff16,b68c9933c9666699,success,,genuine,Sulwhasoo Concentrated Ginseng Rejuvenating Serum official,1080,1080,58454,2026-08-15T14:44:17.411913+00:00
21a36a0be784,SULWHASOO_CONCENTRATED_GINSENG_REJUVENATING_SERUM_NA26242000060,Sulwhasoo,Concentrated Ginseng Rejuvenating Serum,NA26242000060,https://us.sulwhasoo.com/cdn/shop/files/CGRSerum_BRAND_COM_1080x1080_31a0e87e-8381-4752-a4d4-6b48f8a335b8.jpg?v=1773248974,SafeCart_Dataset\images\genuine_reference\SULWHASOO_CONCENTRATED_GINSENG_REJUVENATING_SERUM_NA26242000060\21a36a0be784.jpg,https://us.sulwhasoo.com/products/concentrated-ginseng-rejuvenating-serum-set,us.sulwhasoo.com,us.sulwhasoo.com,,,,,,,,,,,genuine_reference,,0.0,0.0,False,,not_visible,328bfc0ff4ddde936cc841d1ddc672a1,95cb64514bb46bb4,success,,genuine,Sulwhasoo Concentrated Ginseng Rejuvenating Serum official,1080,1080,159811,2026-08-15T14:44:17.727060+00:00
457bcbb2f2c0,SULWHASOO_CONCENTRATED_GINSENG_REJUVENATING_SERUM_NA26242000060,Sulwhasoo,Concentrated Ginseng Rejuvenating Serum,NA26242000060,http://us.sulwhasoo.com/cdn/shop/files/270327476_NEWCGRSerum-5ml.jpg?v=1752638850,SafeCart_Dataset\images\genuine_reference\SULWHASOO_CONCENTRATED_GINSENG_REJUVENATING_SERUM_NA26242000060\457bcbb2f2c0.jpg,https://us.sulwhasoo.com/products/concentrated-ginseng-rejuvenating-serum-5ml,us.sulwhasoo.com,us.sulwhasoo.com,,,,,,,,,,,genuine_reference,,0.0,0.0,False,,not_visible,943eed4748c16beea19316a4e0f1824b,e699996698666633,success,,genuine,Sulwhasoo Concentrated Ginseng Rejuvenating Serum official,1080,1080,36843,2026-08-15T14:44:18.041193+00:00
978795489ee8,SULWHASOO_CONCENTRATED_GINSENG_REJUVENATING_SERUM_NA26242000060,Sulwhasoo,Concentrated Ginseng Rejuvenating Serum,NA26242000060,https://us.sulwhasoo.com/cdn/shop/files/BRAND.COM_1080x1080_NewCGRSerum_04.Lifestyle.jpg?v=1770753791,SafeCart_Dataset\images\genuine_reference\SULWHASOO_CONCENTRATED_GINSENG_REJUVENATING_SERUM_NA26242000060\978795489ee8.jpg,https://us.sulwhasoo.com/products/concentrated-ginseng-rejuvenating-serum,us.sulwhasoo.com,us.sulwhasoo.com,,,,,,,,,,,genuine_reference,,0.0,0.0,False,,not_visible,1ff66e18d8c6f385ce0546f88f097d3f,d58c2aa356cb25dc,success,,genuine,Sulwhasoo Concentrated Ginseng Rejuvenating Serum official,1080,1080,95775,2026-08-15T14:44:18.337199+00:00
4cf2fd41aeeb,SULWHASOO_CONCENTRATED_GINSENG_REJUVENATING_SERUM_NA26242000060,Sulwhasoo,Concentrated Ginseng Rejuvenating Serum,NA26242000060,https://us.sulwhasoo.com/cdn/shop/files/03.NewCGRSerum_R2_Infographic_PackagingChangev2_Brand.com_1080px1_1ratio.jpg?v=1770753791,SafeCart_Dataset\images\genuine_reference\SULWHASOO_CONCENTRATED_GINSENG_REJUVENATING_SERUM_NA26242000060\4cf2fd41aeeb.jpg,https://us.sulwhasoo.com/products/concentrated-ginseng-rejuvenating-serum,us.sulwhasoo.com,us.sulwhasoo.com,,,,,,,,,,,genuine_reference,,0.0,0.0,False,,not_visible,e27352c695b0f70f8c1116f79bd94636,d3b2eccca3939a82,success,,genuine,Sulwhasoo Concentrated Ginseng Rejuvenating Serum official,1080,1080,149901,2026-08-15T14:44:18.582166+00:00
696ef22a9696,SULWHASOO_CONCENTRATED_GINSENG_REJUVENATING_SERUM_NA26242000060,Sulwhasoo,Concentrated Ginseng Rejuvenating Serum,NA26242000060,http://us.sulwhasoo.com/cdn/shop/files/CGRSerumSet_Box_Proudct_DTC_1080px1_1ratio.jpg?v=1785940719,SafeCart_Dataset\images\reported_counterfeit_candidate\SULWHASOO_CONCENTRATED_GINSENG_REJUVENATING_SERUM_NA26242000060\696ef22a9696.jpg,https://us.sulwhasoo.com/products/concentrated-ginseng-rejuvenating-serum-set,us.sulwhasoo.com,us.sulwhasoo.com,,,,,,Concentrated Ginseng Rejuvenating Serum Set After 6 weeks of use 100% agreed skin. Counterfeits & Knockoffs Privacy Notice About Sulwhasoo About Us First Care Activating Serum,,counterfeit,MODERATE_EVIDENCE,3.0,reported_counterfeit_candidate,,0.0,0.0,False,,not_visible,1e96b3bf94c811c4a517888eb6fd7b62,bfd0c41fe0689b64,success,,counterfeit_evidence,https://us.sulwhasoo.com/products/concentrated-ginseng-rejuvenating-serum-set,1080,1080,116682,2026-08-15T14:44:19.902607+00:00
5efd1bb39633,SKINTIFIC_RADIANCE_BOOSTER_SERUM_SPRAY_NA11240100454,Skintific,Radiance Booster Serum Spray,NA11240100454,https://media.ulta.com/i/ulta/77013191?w=800&h=800&fmt=auto,SafeCart_Dataset\images\genuine_reference\SKINTIFIC_RADIANCE_BOOSTER_SERUM_SPRAY_NA11240100454\5efd1bb39633.jpg,https://www.ulta.com/p/radiance-booster-serum-spray-mkt77008539?sku=77013191,www.ulta.com,ulta.com,,,,,,,,,,,genuine_reference,,0.0,0.0,False,,not_visible,efd53ecafbe676e2901317bb6e6f1ebc,cc67338966cc33c6,success,,genuine,Skintific Radiance Booster Serum Spray official,800,800,39734,2026-08-15T14:44:17.426699+00:00
0593810a52d7,SKINTIFIC_RADIANCE_BOOSTER_SERUM_SPRAY_NA11240100454,Skintific,Radiance Booster Serum Spray,NA11240100454,https://m.media-amazon.com/images/I/61bLPtlfASL.jpg,SafeCart_Dataset\images\genuine_reference\SKINTIFIC_RADIANCE_BOOSTER_SERUM_SPRAY_NA11240100454\0593810a52d7.jpg,https://www.amazon.com/%EF%BB%BFSKINTIFIC-Radiance-Booster-Hydrating-Squalane/dp/B0FH6GJXXB,www.amazon.com,amazon.com,,,,,,,,,,,genuine_reference,,0.0,0.0,False,,not_visible,ec5ddab2108553471477e9b1c489e5cf,a636d3c9c4c98dc3,success,,genuine,Skintific Radiance Booster Serum Spray official,1600,1600,125028,2026-08-15T14:44:17.795289+00:00
26603ec44b50,SKINTIFIC_RADIANCE_BOOSTER_SERUM_SPRAY_NA11240100454,Skintific,Radiance Booster Serum Spray,NA11240100454,https://cdn11.bigcommerce.com/s-kzkmuqjqk9/images/stencil/1280x1280/products/6027/33113/8_1cc6c39c-982f-4b33-a9a5-8c5e0910d686__67707.1784871295.webp?c=1&imbypass=on,SafeCart_Dataset\images\genuine_reference\SKINTIFIC_RADIANCE_BOOSTER_SERUM_SPRAY_NA11240100454\26603ec44b50.jpg,https://gencbeauty.com/skintific-radiance-booster-serum-spray-100ml/?srsltid=AfmBOoo6BPXnGSDWEgTpP_yAj_doMXdmvfyE58b-KrunnRaR9ovWkLkj,gencbeauty.com,gencbeauty.com,,,,,,,,,,,genuine_reference,,0.0,0.0,False,,not_visible,b6ffddd6879cb6eddbb1c8363b0f0e31,eb2ba4f49685c4ca,success,,genuine,Skintific Radiance Booster Serum Spray official,800,800,93004,2026-08-15T14:44:18.010193+00:00
02d16e4130ba,SKINTIFIC_RADIANCE_BOOSTER_SERUM_SPRAY_NA11240100454,Skintific,Radiance Booster Serum Spray,NA11240100454,https://skintific.com/cdn/shop/files/1_d894e7d1-df98-4bd9-89c6-dfed58878f71.jpg?v=1761812578&width=970,SafeCart_Dataset\images\genuine_reference\SKINTIFIC_RADIANCE_BOOSTER_SERUM_SPRAY_NA11240100454\02d16e4130ba.jpg,https://skintific.com/ko/products/radiance-booster-serum-spray,skintific.com,skintific.com,,,,,,,,,,,genuine_reference,,0.0,0.0,False,,not_visible,374db9cff89c4752684d6c0f5a3373fc,e34e9edb2161a352,success,,genuine,Skintific Radiance Booster Serum Spray official,970,600,115540,2026-08-15T14:44:18.700141+00:00
6c3c2807bbaa,SKINTIFIC_RADIANCE_BOOSTER_SERUM_SPRAY_NA11240100454,Skintific,Radiance Booster Serum Spray,NA11240100454,https://asianbestsellers.com/cdn/shop/files/image_3_852135ac-2aec-48b7-9ee5-e23549523fa0.png?v=1750829246&width=640,SafeCart_Dataset\images\genuine_reference\SKINTIFIC_RADIANCE_BOOSTER_SERUM_SPRAY_NA11240100454\6c3c2807bbaa.jpg,https://asianbestsellers.com/products/skintific-radiance-booster-serum-spray-100ml?srsltid=AfmBOorEDe2AwLeq4MT8ALbfJ-_-555GSDoeetNKMijYh1HtG6CB9vpW,asianbestsellers.com,asianbestsellers.com,,,,,,,,,,,genuine_reference,,0.0,0.0,False,,not_visible,011e9dd3398d6e6ca18f974610819770,99769e8087bfa02b,success,,genuine,Skintific Radiance Booster Serum Spray official,640,640,97649,2026-08-15T14:44:19.293667+00:00
9cc98859c109,SKINTIFIC_RADIANCE_BOOSTER_SERUM_SPRAY_NA11240100454,Skintific,Radiance Booster Serum Spray,NA11240100454,https://thaimegastore.com/cdn/shop/files/hydrating-serum-mist-skintific_2000x.png?v=1755093631,SafeCart_Dataset\images\genuine_reference\SKINTIFIC_RADIANCE_BOOSTER_SERUM_SPRAY_NA11240100454\9cc98859c109.jpg,https://thaimegastore.com/products/skintific-radiance-booster-serum-spray,thaimegastore.com,thaimegastore.com,,,,,,,,,,,genuine_reference,,0.0,0.0,False,,not_visible,8f26e4b647b0e1393c522d5799dabcfb,e6cc9933cc64cc33,success,,genuine,Skintific Radiance Booster Serum Spray official,1080,1080,50180,2026-08-15T14:44:21.623441+00:00
b26d5f2b9d60,SKINTIFIC_RADIANCE_BOOSTER_SERUM_SPRAY_NA11240100454,Skintific,Radiance Booster Serum Spray,NA11240100454,https://d1flfk77wl2xk4.cloudfront.net/Assets/15/558/L_p0222255815.jpg,SafeCart_Dataset\images\genuine_reference\SKINTIFIC_RADIANCE_BOOSTER_SERUM_SPRAY_NA11240100454\b26d5f2b9d60.jpg,https://www.asianbeautywholesale.com/en/skintific-radiance-booster-serum-spray-x48-bulk-box-100ml-x-48/info.html/pid.1136536903,www.asianbeautywholesale.com,asianbeautywholesale.com,,,,,,,,,,,genuine_reference,,0.0,0.0,False,,not_visible,c432993ff734e0f3500c10ec63187fcb,e6b2c9489d4c9d33,success,,genuine,Skintific Radiance Booster Serum Spray official,320,320,10675,2026-08-15T14:44:21.992080+00:00
62ecd6769671,SKINTIFIC_RADIANCE_BOOSTER_SERUM_SPRAY_NA11240100454,Skintific,Radiance Booster Serum Spray,NA11240100454,"https://static.wixstatic.com/media/725fe4_9dbf41c95cf746a7b8f0f27f66b7f7ef~mv2.jpg/v1/fill/w_480,h_480,al_c,q_80,usm_0.66_1.00_0.01,enc_avif,quality_auto/725fe4_9dbf41c95cf746a7b8f0f27f66b7f7ef~mv2.jpg",SafeCart_Dataset\images\genuine_reference\SKINTIFIC_RADIANCE_BOOSTER_SERUM_SPRAY_NA11240100454\62ecd6769671.jpg,https://www.yuniquebeauty.biz/product-page/skintific-radiance-booster-serum-spray,www.yuniquebeauty.biz,yuniquebeauty.biz,,,,,,,,,,,genuine_reference,,0.0,0.0,False,,not_visible,4f60762f71f69e6b9aa76e86bf2c6a6a,dc5c438361733b66,success,,genuine,Skintific Radiance Booster Serum Spray official,480,480,44990,2026-08-15T14:44:23.231391+00:00
35ea9a15179f,NUMBUZIN_NO_1_PANTOTHENIC_B5_ACTIVE_SOOTHING_SERUM_NA26250100033,Numbuzin,No.1 Pantothenic B5 Active Soothing Serum,NA26250100033,https://us.numbuzin.com/cdn/shop/files/250527_________07.jpg?crop=center&height=1200&v=1748503910&width=1200,SafeCart_Dataset\images\genuine_reference\NUMBUZIN_NO_1_PANTOTHENIC_B5_ACTIVE_SOOTHING_SERUM_NA26250100033\35ea9a15179f.jpg,https://us.numbuzin.com/products/no-1-pantothenic-b5-active-soothing-serum,us.numbuzin.com,us.numbuzin.com,,,,,,,,,,,genuine_reference,,0.0,0.0,False,,not_visible,2c03d6e2048242c2ba7f4033f028bcb7,e792986d9867239a,success,,genuine,Numbuzin No.1 Pantothenic B5 Active Soothing Serum official,960,1200,46861,2026-08-15T14:44:23.308753+00:00
2b5b4dae185e,NUMBUZIN_NO_1_PANTOTHENIC_B5_ACTIVE_SOOTHING_SERUM_NA26250100033,Numbuzin,No.1 Pantothenic B5 Active Soothing Serum,NA26250100033,https://m.media-amazon.com/images/I/61O-Bj7lvKL.jpg,SafeCart_Dataset\images\genuine_reference\NUMBUZIN_NO_1_PANTOTHENIC_B5_ACTIVE_SOOTHING_SERUM_NA26250100033\2b5b4dae185e.jpg,https://www.amazon.com/numbuzin-Pantothenic-Hydrating-Niacinamide-Acne-Prone/dp/B0D176VZP2,www.amazon.com,amazon.com,,,,,,,,,,,genuine_reference,,0.0,0.0,False,,not_visible,550a7f2a15bc453ed9ec34e0b6e9f6d9,e6cf948cc31d8b98,success,,genuine,Numbuzin No.1 Pantothenic B5 Active Soothing Serum official,1500,1500,158934,2026-08-15T14:44:23.690503+00:00
b54580e62568,NUMBUZIN_NO_1_PANTOTHENIC_B5_ACTIVE_SOOTHING_SERUM_NA26250100033,Numbuzin,No.1 Pantothenic B5 Active Soothing Serum,NA26250100033,https://target.scene7.com/is/image/Target/GUEST_5b1de346-3a3a-427c-9f03-3c0962d3844b,SafeCart_Dataset\images\genuine_reference\NUMBUZIN_NO_1_PANTOTHENIC_B5_ACTIVE_SOOTHING_SERUM_NA26250100033\b54580e62568.jpg,https://www.target.com/p/numbuzin-no-1-pantothenic-b5-active-soothing-serum-1-69-fl-oz/-/A-94651939,www.target.com,target.com,,,,,,,,,,,genuine_reference,,0.0,0.0,False,,not_visible,f274ca079cf2f7a67a230b96453ad38e,b0cecb39ce249b31,success,,genuine,Numbuzin No.1 Pantothenic B5 Active Soothing Serum official,400,400,14342,2026-08-15T14:44:23.927424+00:00
731ffcd1e1ae,NUMBUZIN_NO_1_PANTOTHENIC_B5_ACTIVE_SOOTHING_SERUM_NA26250100033,Numbuzin,No.1 Pantothenic B5 Active Soothing Serum,NA26250100033,https://media.ulta.com/i/ulta/2656188?w=800&h=800&fmt=auto,SafeCart_Dataset\images\genuine_reference\NUMBUZIN_NO_1_PANTOTHENIC_B5_ACTIVE_SOOTHING_SERUM_NA26250100033\731ffcd1e1ae.jpg,https://www.ulta.com/p/no1-pantothenic-b5-active-soothing-serum-pimprod2059080?sku=2656188,www.ulta.com,ulta.com,,,,,,,,,,,genuine_reference,,0.0,0.0,False,,not_visible,ab9d11da6e7035e28dfc2db533b95e29,cc6464c633c76793,success,,genuine,Numbuzin No.1 Pantothenic B5 Active Soothing Serum official,800,800,52618,2026-08-15T14:44:24.262953+00:00
c0e7e4e605fc,NUMBUZIN_NO_1_PANTOTHENIC_B5_ACTIVE_SOOTHING_SERUM_NA26250100033,Numbuzin,No.1 Pantothenic B5 Active Soothing Serum,NA26250100033,https://us.numbuzin.com/cdn/shop/files/1_ceb69406-ba07-40a1-ab76-be797e835abe.jpg?v=1750067915&width=1500,SafeCart_Dataset\images\genuine_reference\NUMBUZIN_NO_1_PANTOTHENIC_B5_ACTIVE_SOOTHING_SERUM_NA26250100033\c0e7e4e605fc.jpg,https://us.numbuzin.com/products/no-1-pantothenic-b5-active-soothing-serum,us.numbuzin.com,us.numbuzin.com,,,,,,,,,,,genuine_reference,,0.0,0.0,False,,not_visible,bb158a01399c19cd3333f89413f89223,dc8dc29e89c25557,success,,genuine,Numbuzin No.1 Pantothenic B5 Active Soothing Serum official,1500,1500,285243,2026-08-15T14:44:24.574321+00:00
db3c9e3003a2,NUMBUZIN_NO_1_PANTOTHENIC_B5_ACTIVE_SOOTHING_SERUM_NA26250100033,Numbuzin,No.1 Pantothenic B5 Active Soothing Serum,NA26250100033,https://us.numbuzin.com/cdn/shop/files/1_baf7af9c-cad0-4439-9187-e3bf7931aca1.jpg?v=1750067773&width=1500,SafeCart_Dataset\images\genuine_reference\NUMBUZIN_NO_1_PANTOTHENIC_B5_ACTIVE_SOOTHING_SERUM_NA26250100033\db3c9e3003a2.jpg,https://us.numbuzin.com/products/no-1-pantothenic-b5-active-soothing-cream,us.numbuzin.com,us.numbuzin.com,,,,,,,,,,,genuine_reference,,0.0,0.0,False,,not_visible,4f269a07998b5bcebc45c759fbccd7b3,9c616b68d6c4a6b5,success,,genuine,Numbuzin No.1 Pantothenic B5 Active Soothing Serum official,1500,1500,241804,2026-08-15T14:44:25.207597+00:00
bd5691f202a2,NUMBUZIN_NO_1_PANTOTHENIC_B5_ACTIVE_SOOTHING_SERUM_NA26250100033,Numbuzin,No.1 Pantothenic B5 Active Soothing Serum,NA26250100033,https://songofskin.com/cdn/shop/files/Numbuzin-No-1-Pantothenic-B5-Active-Soothing-Serum-Song-of-Skin-39929803604267.jpg?v=1768809241&width=1445,SafeCart_Dataset\images\genuine_reference\NUMBUZIN_NO_1_PANTOTHENIC_B5_ACTIVE_SOOTHING_SERUM_NA26250100033\bd5691f202a2.jpg,https://songofskin.com/products/numbuzin-no-1-pantothenic-b5-active-soothing-serum?srsltid=AfmBOooVRmVJ1yk7WUThHVsRGAcSL7O0OJrZFYZZDvql0RXgBU3iONdP,songofskin.com,songofskin.com,,,,,,,,,,,genuine_reference,,0.0,0.0,False,,not_visible,d7eaee850fcc8861c552c5c2f7ce44e9,86b1acd88e62f2ad,success,,genuine,Numbuzin No.1 Pantothenic B5 Active Soothing Serum official,1125,1500,225389,2026-08-15T14:44:37.939181+00:00
9b913d619c95,NUMBUZIN_NO_1_PANTOTHENIC_B5_ACTIVE_SOOTHING_SERUM_NA26250100033,Numbuzin,No.1 Pantothenic B5 Active Soothing Serum,NA26250100033,https://us.numbuzin.com/cdn/shop/files/6_7737e5c5-b7e3-4572-8684-cecc8592115f.jpg?v=1750067915&width=1500,SafeCart_Dataset\images\genuine_reference\NUMBUZIN_NO_1_PANTOTHENIC_B5_ACTIVE_SOOTHING_SERUM_NA26250100033\9b913d619c95.jpg,https://us.numbuzin.com/products/no-1-pantothenic-b5-active-soothing-serum,us.numbuzin.com,us.numbuzin.com,,,,,,,,,,,genuine_reference,,0.0,0.0,False,,not_visible,9f50bf4cc3f9f5d6c088761090d814a6,d39c24511e37abe8,success,,genuine,Numbuzin No.1 Pantothenic B5 Active Soothing Serum official,1500,1500,256768,2026-08-15T14:44:38.313777+00:00
44d71094c1d0,FACERINNA_10_NIACINAMIDE_3_TXA_BRIGHT_DARK_SPOT_SERUM_NA18251901656,FACERINNA,10% Niacinamide 3% TXA Bright Dark Spot Serum,NA18251901656,https://storage.skinsort.com/c2i0zu4usi6vox6waa5ysqegnqoz,SafeCart_Dataset\images\genuine_reference\FACERINNA_10_NIACINAMIDE_3_TXA_BRIGHT_DARK_SPOT_SERUM_NA18251901656\44d71094c1d0.jpg,https://skinsort.com/products/facerinna/10-niacinamade-3-txa-bright-dark-spot-serum,skinsort.com,skinsort.com,,,,,,,,,,,genuine_reference,,0.0,0.0,False,,not_visible,a5b5e8ff51713ecfb69563ac273ca3c0,e6999933a6619966,success,,genuine,FACERINNA 10% Niacinamide 3% TXA Bright Dark Spot Serum official,800,800,35447,2026-08-15T14:44:52.668738+00:00
771619573a30,FACERINNA_10_NIACINAMIDE_3_TXA_BRIGHT_DARK_SPOT_SERUM_NA18251901656,FACERINNA,10% Niacinamide 3% TXA Bright Dark Spot Serum,NA18251901656,https://cdn.thebeautrium.com/image-product/B0098554.png,SafeCart_Dataset\images\genuine_reference\FACERINNA_10_NIACINAMIDE_3_TXA_BRIGHT_DARK_SPOT_SERUM_NA18251901656\771619573a30.jpg,https://thebeautrium.com/item/facerinna-10percent-niacinamide-3percent-txa-bright-dark-spot-serum-20ml,thebeautrium.com,thebeautrium.com,,,,,,,,,,,genuine_reference,,0.0,0.0,False,,not_visible,3181b6019e4b6afc1d731eaec86fdff7,e699993396649966,success,near_duplicate_of:44d71094c1d0,genuine,FACERINNA 10% Niacinamide 3% TXA Bright Dark Spot Serum official,500,500,16196,2026-08-15T14:44:53.098219+00:00
45f2c1ede445,FACERINNA_10_NIACINAMIDE_3_TXA_BRIGHT_DARK_SPOT_SERUM_NA18251901656,FACERINNA,10% Niacinamide 3% TXA Bright Dark Spot Serum,NA18251901656,https://storage.skinsort.com/37tlydm6jldfaov7ivbwkosnxjkg,SafeCart_Dataset\images\genuine_reference\FACERINNA_10_NIACINAMIDE_3_TXA_BRIGHT_DARK_SPOT_SERUM_NA18251901656\45f2c1ede445.jpg,https://skinsort.com/products/facerinna/10-niacinamade-3-txa-bright-dark-spot-serum,skinsort.com,skinsort.com,,,,,,,,,,,genuine_reference,,0.0,0.0,False,,not_visible,405ab269dbd48e013338c3500c43f66a,e6999933c6619966,success,near_duplicate_of:44d71094c1d0,genuine,FACERINNA 10% Niacinamide 3% TXA Bright Dark Spot Serum official,500,500,17417,2026-08-15T14:44:53.663263+00:00
e1799e321164,FACERINNA_10_NIACINAMIDE_3_TXA_BRIGHT_DARK_SPOT_SERUM_NA18251901656,FACERINNA,10% Niacinamide 3% TXA Bright Dark Spot Serum,NA18251901656,https://guardian.com.my/media/wysiwyg/121127512_2.jpg?auto=webp&format=pjpg&quality=85,SafeCart_Dataset\images\genuine_reference\FACERINNA_10_NIACINAMIDE_3_TXA_BRIGHT_DARK_SPOT_SERUM_NA18251901656\e1799e321164.jpg,https://www.ebay.com/itm/187782358933,www.ebay.com,ebay.com,,,,,,,,,,,genuine_reference,,0.0,0.0,False,,not_visible,82bbd6a90982c33397a781ffdae3f4e0,a90d8bba4646aead,success,,genuine,FACERINNA 10% Niacinamide 3% TXA Bright Dark Spot Serum official,750,1500,170906,2026-08-15T14:45:05.791011+00:00
fc134a7f9a61,FACERINNA_10_NIACINAMIDE_3_TXA_BRIGHT_DARK_SPOT_SERUM_NA18251901656,FACERINNA,10% Niacinamide 3% TXA Bright Dark Spot Serum,NA18251901656,https://img.lazcdn.com/g/p/11e5733c9d886fd4917e3c3e34112f34.jpg_720x720q80.jpg,SafeCart_Dataset\images\genuine_reference\FACERINNA_10_NIACINAMIDE_3_TXA_BRIGHT_DARK_SPOT_SERUM_NA18251901656\fc134a7f9a61.jpg,https://h5.lazada.co.id/products/facerinna-10-niacinamide-3-txa-bright-dark-spot-serum-20ml-i8658352805.html,h5.lazada.co.id,h5.lazada.co.id,,,,,,,,,,,genuine_reference,,0.0,0.0,False,,not_visible,179819ea416b34dbaf0fde52a72a9d50,e6ac5ba225d229c7,success,,genuine,FACERINNA 10% Niacinamide 3% TXA Bright Dark Spot Serum official,720,720,52625,2026-08-15T14:45:06.908558+00:00
0ebd25b109b8,FACERINNA_10_NIACINAMIDE_3_TXA_BRIGHT_DARK_SPOT_SERUM_NA18251901656,FACERINNA,10% Niacinamide 3% TXA Bright Dark Spot Serum,NA18251901656,https://facerinna.com/cdn/shop/files/20260506-_-Shopify-_-720x900-3.jpg?v=1778152442&width=750,SafeCart_Dataset\images\genuine_reference\FACERINNA_10_NIACINAMIDE_3_TXA_BRIGHT_DARK_SPOT_SERUM_NA18251901656\0ebd25b109b8.jpg,https://facerinna.com/,facerinna.com,facerinna.com,,,,,,,,,,,genuine_reference,,0.0,0.0,False,,not_visible,a5d81af51625f80f93375e4d90d9db7e,aa07750ac39ce54f,success,,genuine,FACERINNA 10% Niacinamide 3% TXA Bright Dark Spot Serum official website,720,900,87253,2026-08-15T14:45:10.433051+00:00
f20b62e14edf,FACERINNA_10_NIACINAMIDE_3_TXA_BRIGHT_DARK_SPOT_SERUM_NA18251901656,FACERINNA,10% Niacinamide 3% TXA Bright Dark Spot Serum,NA18251901656,https://i.ebayimg.com/images/g/PVYAAOSwLx1oKm5L/s-l500.jpg,SafeCart_Dataset\images\genuine_reference\FACERINNA_10_NIACINAMIDE_3_TXA_BRIGHT_DARK_SPOT_SERUM_NA18251901656\f20b62e14edf.jpg,https://www.ebay.com/itm/187782358933,www.ebay.com,ebay.com,,,,,,,,,,,genuine_reference,,0.0,0.0,False,,not_visible,885ee280dc90fcd7d7233d36e43729f7,e6cccc3399239933,success,,genuine,FACERINNA 10% Niacinamide 3% TXA Bright Dark Spot Serum official website,468,500,17472,2026-08-15T14:45:10.643630+00:00
2e1c0fa4c268,FACERINNA_10_NIACINAMIDE_3_TXA_BRIGHT_DARK_SPOT_SERUM_NA18251901656,FACERINNA,10% Niacinamide 3% TXA Bright Dark Spot Serum,NA18251901656,https://storage.skinsort.com/ueaarhwuwi57ilulmfvxlmsjpn03,SafeCart_Dataset\images\genuine_reference\FACERINNA_10_NIACINAMIDE_3_TXA_BRIGHT_DARK_SPOT_SERUM_NA18251901656\2e1c0fa4c268.jpg,https://skinsort.com/products/facerinna/10-niacinamade-3-txa-bright-dark-spot-serum,skinsort.com,skinsort.com,,,,,,,,,,,genuine_reference,,0.0,0.0,False,,not_visible,f7298357d61eab9f48a823068072bfee,e68c9966993399cc,success,,genuine,FACERINNA 10% Niacinamide 3% TXA Bright Dark Spot Serum official website,500,500,18683,2026-08-15T14:45:10.772899+00:00
6291346ea69a,WARDAH_RADIANT_RESURFACING_SERUM_NA18242000769,Wardah,Radiant Resurfacing Serum,NA18242000769,https://i.ebayimg.com/images/g/pD0AAeSwiC1pC1qc/s-l400.jpg,SafeCart_Dataset\images\genuine_reference\WARDAH_RADIANT_RESURFACING_SERUM_NA18242000769\6291346ea69a.jpg,https://www.ebay.com/itm/406353688251,www.ebay.com,ebay.com,,,,,,,,,,,genuine_reference,,0.0,0.0,False,,not_visible,793341b0281015a85dffbc51f5976c53,c0b84e970fb3b16a,success,,genuine,Wardah Radiant Resurfacing Serum official,400,400,35034,2026-08-15T14:44:10.951775+00:00
77a34a1bfe81,WARDAH_RADIANT_RESURFACING_SERUM_NA18242000769,Wardah,Radiant Resurfacing Serum,NA18242000769,https://i.ebayimg.com/images/g/BSUAAeSwlPBpC1qb/s-l1200.jpg,SafeCart_Dataset\images\genuine_reference\WARDAH_RADIANT_RESURFACING_SERUM_NA18242000769\77a34a1bfe81.jpg,https://www.ebay.com/itm/406353688251,www.ebay.com,ebay.com,,,,,,,,,,,genuine_reference,,0.0,0.0,False,,not_visible,5e45d57495e71f02c16c1735c87febd2,e6cc99339923cc99,success,,genuine,Wardah Radiant Resurfacing Serum official,1024,1024,39092,2026-08-15T14:44:11.194841+00:00
c0b518420cb9,WARDAH_RADIANT_RESURFACING_SERUM_NA18242000769,Wardah,Radiant Resurfacing Serum,NA18242000769,https://storage.skinsort.com/bljtdz47wjyeahk1e489klphlo6r,SafeCart_Dataset\images\genuine_reference\WARDAH_RADIANT_RESURFACING_SERUM_NA18242000769\c0b518420cb9.jpg,https://skinsort.com/products/wardah/radiant-resurfacing-retinal-cysteamine-serum,skinsort.com,skinsort.com,,,,,,,,,,,genuine_reference,,0.0,0.0,False,,not_visible,b950a96f62b3546708badd19e6c941f4,b4ce93a1cb60cd2d,success,,genuine,Wardah Radiant Resurfacing Serum official,500,650,31014,2026-08-15T14:44:11.402299+00:00
714ef22176b6,WARDAH_RADIANT_RESURFACING_SERUM_NA18242000769,Wardah,Radiant Resurfacing Serum,NA18242000769,https://d2jlkn4m127vak.cloudfront.net/medias/articles/medias-2-1758818426.jpg,SafeCart_Dataset\images\genuine_reference\WARDAH_RADIANT_RESURFACING_SERUM_NA18242000769\714ef22176b6.jpg,https://www.wardahbeauty.com/id/news/radiant-resurfacing-serum-rekomendasi-serum-retinal-seperti-treatment-laser,www.wardahbeauty.com,wardahbeauty.com,,,,,,,,,,,genuine_reference,,0.0,0.0,False,,not_visible,c44e68e6895edb602c23e4a2e186019a,9ee0c11fe03e609f,success,,genuine,Wardah Radiant Resurfacing Serum official,1080,1080,98924,2026-08-15T14:44:11.601711+00:00
4849172a77cc,WARDAH_RADIANT_RESURFACING_SERUM_NA18242000769,Wardah,Radiant Resurfacing Serum,NA18242000769,https://d2jlkn4m127vak.cloudfront.net/medias/products/variant-1768274764.webp,SafeCart_Dataset\images\genuine_reference\WARDAH_RADIANT_RESURFACING_SERUM_NA18242000769\4849172a77cc.jpg,https://www.wardahbeauty.com/id/product/skincare/wardah-radiant-resurfacing-serum-retinal-cystamine,www.wardahbeauty.com,wardahbeauty.com,,,,,,,,,,,genuine_reference,,0.0,0.0,False,,not_visible,9333f3f08f973b39ada9c0a2826c9821,cec61416117ae5af,success,,genuine,Wardah Radiant Resurfacing Serum official,1493,4568,466378,2026-08-15T14:44:13.056935+00:00
0b5cf6b6b590,WARDAH_RADIANT_RESURFACING_SERUM_NA18242000769,Wardah,Radiant Resurfacing Serum,NA18242000769,https://i.ebayimg.com/images/g/-HcAAeSwm7lqAa96/s-l400.jpg,SafeCart_Dataset\images\genuine_reference\WARDAH_RADIANT_RESURFACING_SERUM_NA18242000769\0b5cf6b6b590.jpg,https://www.ebay.com/itm/406353688251,www.ebay.com,ebay.com,,,,,,,,,,,genuine_reference,,0.0,0.0,False,,not_visible,c63c4d77a44072d403674e62a99980d3,e5be9a7398630989,success,,genuine,Wardah Radiant Resurfacing Serum official,400,400,29395,2026-08-15T14:44:15.211742+00:00
1776ba2cd06b,WARDAH_RADIANT_RESURFACING_SERUM_NA18242000769,Wardah,Radiant Resurfacing Serum,NA18242000769,https://i.ebayimg.com/images/g/Rn4AAeSwSqVpRowV/s-l400.jpg,SafeCart_Dataset\images\genuine_reference\WARDAH_RADIANT_RESURFACING_SERUM_NA18242000769\1776ba2cd06b.jpg,https://www.ebay.com/itm/389394009046,www.ebay.com,ebay.com,,,,,,,,,,,genuine_reference,,0.0,0.0,False,,not_visible,6aab1e6efdcfc6eef28e5c2eba3af159,b04e2be59f6891a5,success,,genuine,Wardah Radiant Resurfacing Serum official,400,400,35175,2026-08-15T14:44:15.786257+00:00
2161de2b7887,WARDAH_RADIANT_RESURFACING_SERUM_NA18242000769,Wardah,Radiant Resurfacing Serum,NA18242000769,https://i.ebayimg.com/images/g/pD0AAeSwiC1pC1qc/s-l1200.jpg,SafeCart_Dataset\images\genuine_reference\WARDAH_RADIANT_RESURFACING_SERUM_NA18242000769\2161de2b7887.jpg,https://www.ebay.com/itm/406353688251,www.ebay.com,ebay.com,,,,,,,,,,,genuine_reference,,0.0,0.0,False,,not_visible,f3a9ea51714e80e95729117afc82be40,c0b84e970fb3b16a,success,near_duplicate_of:6291346ea69a,genuine,Wardah Radiant Resurfacing Serum official website,1024,1024,142060,2026-08-15T14:44:19.667253+00:00
1b89603d588f,WHITELAB_17_INTENSIVE_PEELING_SERUM_NA18240118872,Whitelab,17% Intensive Peeling Serum,NA18240118872,https://s3.ap-southeast-1.amazonaws.com/assets.femaledaily.com/remastering-data/production/product/product-1746777939950-430d3968-4708-4d34-b3fd-dd53231d366e.png,SafeCart_Dataset\images\genuine_reference\WHITELAB_17_INTENSIVE_PEELING_SERUM_NA18240118872\1b89603d588f.jpg,https://reviews.femaledaily.com/products/treatment/peeling/whitelab/17-intensive-peeling-aha-bha-pha,reviews.femaledaily.com,reviews.femaledaily.com,,,,,,,,,,,genuine_reference,,0.0,0.0,False,,not_visible,59f89c2d294ea2afce91ccef25eb2ee3,9961679e6632cc99,success,,genuine,Whitelab 17% Intensive Peeling Serum official,410,422,13984,2026-08-15T14:46:05.396907+00:00
42e0c82a50f8,WHITELAB_17_INTENSIVE_PEELING_SERUM_NA18240118872,Whitelab,17% Intensive Peeling Serum,NA18240118872,https://s3.ap-southeast-1.amazonaws.com/assets.femaledaily.com/images/post/imgfdn-ca9d4749-ea32-46c8-a5f0-30987b191579.jpg,SafeCart_Dataset\images\genuine_reference\WHITELAB_17_INTENSIVE_PEELING_SERUM_NA18240118872\42e0c82a50f8.jpg,https://reviews.femaledaily.com/products/treatment/peeling/whitelab/17-intensive-peeling-aha-bha-pha,reviews.femaledaily.com,reviews.femaledaily.com,,,,,,,,,,,genuine_reference,,0.0,0.0,False,,not_visible,ba58c50ed6670b1a26270df806e7d941,b0c7cf30b918c7e8,success,,genuine,Whitelab 17% Intensive Peeling Serum official,1080,1080,116696,2026-08-15T14:46:05.665901+00:00
ce3ae5fc574d,WHITELAB_17_INTENSIVE_PEELING_SERUM_NA18240118872,Whitelab,17% Intensive Peeling Serum,NA18240118872,https://s3.ap-southeast-1.amazonaws.com/assets.femaledaily.com/remastering-data/production/product/product-1734060036037-e772079b-d1e4-4a40-a54a-f968f4c04f5a,SafeCart_Dataset\images\genuine_reference\WHITELAB_17_INTENSIVE_PEELING_SERUM_NA18240118872\ce3ae5fc574d.jpg,https://reviews.femaledaily.com/products/treatment/peeling/whitelab/17-intensive-peeling-aha-bha-pha,reviews.femaledaily.com,reviews.femaledaily.com,,,,,,,,,,,genuine_reference,,0.0,0.0,False,,not_visible,bb7350163576f1669c684438bb0a1b1a,e69999663133cc99,success,,genuine,Whitelab 17% Intensive Peeling Serum official,3000,2967,354461,2026-08-15T14:46:05.995173+00:00
7d40637b2627,WHITELAB_17_INTENSIVE_PEELING_SERUM_NA18240118872,Whitelab,17% Intensive Peeling Serum,NA18240118872,https://www.static-src.com/wcsstore/Indraprastha/images/catalog/full/catalog-image/108/MTA-183871197/whitelab_whitelab_17-_intensive_peeling_aha_bha_pha_serum_-_serum_eksfoliasi_pengangkat_sel_kulit_mati_memperbaiki_tekstur_kulit_full01_m0tjdms2.webp,SafeCart_Dataset\images\genuine_reference\WHITELAB_17_INTENSIVE_PEELING_SERUM_NA18240118872\7d40637b2627.jpg,https://www.blibli.com/p/whitelab-17-intensive-peeling-aha-bha-pha-serum-serum-eksfoliasi-pengangkat-sel-kulit-mati-memperbaiki-tekstur-kulit/ps--WHB-70014-00002,www.blibli.com,blibli.com,,,,,,,,,,,genuine_reference,,0.0,0.0,False,,not_visible,29d2e523d3bd93a3ae7d74f3ba806b52,bc61818c3e7e61d3,success,,genuine,Whitelab 17% Intensive Peeling Serum official,800,800,62600,2026-08-15T14:46:06.670098+00:00
95713f3a3b78,WHITELAB_17_INTENSIVE_PEELING_SERUM_NA18240118872,Whitelab,17% Intensive Peeling Serum,NA18240118872,https://www.static-src.com/wcsstore/Indraprastha/images/catalog/full/catalog-image/108/MTA-183871197/whitelab_whitelab_17-_intensive_peeling_aha_bha_pha_serum_-_serum_eksfoliasi_pengangkat_sel_kulit_mati_memperbaiki_tekstur_kulit_full08_hh8xipbv.webp,SafeCart_Dataset\images\genuine_reference\WHITELAB_17_INTENSIVE_PEELING_SERUM_NA18240118872\95713f3a3b78.jpg,https://www.blibli.com/p/whitelab-17-intensive-peeling-aha-bha-pha-serum-serum-eksfoliasi-pengangkat-sel-kulit-mati-memperbaiki-tekstur-kulit/ps--WHB-70014-00002,www.blibli.com,blibli.com,,,,,,,,,,,genuine_reference,,0.0,0.0,False,,not_visible,f343583826297a05f27f93b950f98674,e932986d6592636d,success,,genuine,Whitelab 17% Intensive Peeling Serum official,800,800,27784,2026-08-15T14:46:09.173326+00:00
70466190f98a,WHITELAB_17_INTENSIVE_PEELING_SERUM_NA18240118872,Whitelab,17% Intensive Peeling Serum,NA18240118872,https://img.lazcdn.com/g/ff/kf/S78335bd45edd44848b853a2e0722cd6ft.jpg_720x720q80.jpg,SafeCart_Dataset\images\genuine_reference\WHITELAB_17_INTENSIVE_PEELING_SERUM_NA18240118872\70466190f98a.jpg,https://h5.lazada.co.id/products/whitelab-17-intensive-peeling-aha-bha-pha-serum-serum-eksfoliasi-pengangkat-sel-kulit-mati-memperbaiki-tekstur-kulit-sebum-melting-komedo-bpom-i4834936360.html,h5.lazada.co.id,h5.lazada.co.id,,,,,,,,,,,genuine_reference,,0.0,0.0,False,,not_visible,41800636b83035812bf7911e706e0c3d,ea855b60b54aa47d,success,,genuine,Whitelab 17% Intensive Peeling Serum official,720,720,38965,2026-08-15T14:46:18.945563+00:00
2fee1bdf55d6,WHITELAB_17_INTENSIVE_PEELING_SERUM_NA18240118872,Whitelab,17% Intensive Peeling Serum,NA18240118872,https://images.soco.id/3194b1f3-2e5a-48a3-a50b-860518cecf56-.jpg,SafeCart_Dataset\images\genuine_reference\WHITELAB_17_INTENSIVE_PEELING_SERUM_NA18240118872\2fee1bdf55d6.jpg,https://review.soco.id/product/face-serum/83538-peeling-serum-aha-bha-pha,review.soco.id,review.soco.id,,,,,,,,,,,genuine_reference,,0.0,0.0,False,,not_visible,cee326cb2dfa137b2468b5b3d363f56e,a29b99649bcc6699,success,,genuine,Whitelab 17% Intensive Peeling Serum official,800,800,32056,2026-08-15T14:46:19.108282+00:00
d904967deb94,WHITELAB_17_INTENSIVE_PEELING_SERUM_NA18240118872,Whitelab,17% Intensive Peeling Serum,NA18240118872,https://down-id.img.susercontent.com/file/id-11134207-81ztp-mqfztnq0c7bg5a,SafeCart_Dataset\images\genuine_reference\WHITELAB_17_INTENSIVE_PEELING_SERUM_NA18240118872\d904967deb94.jpg,https://shopee.co.id/Whitelab-17-Intensive-Peeling-Aha-Bha-Pha-Serum-Serum-Eksfoliasi-Pengangkat-Sel-Kulit-Mati-Memperbaiki-Tekstur-Kulit-Sebum-Melting-Komedo-Bpom--i.201071840.3479331703,shopee.co.id,shopee.co.id,,,,,,,,,,,genuine_reference,,0.0,0.0,False,,not_visible,23eba34a56aa0afa83a38496f9107ea2,bc60d7f1039e681d,success,,genuine,Whitelab 17% Intensive Peeling Serum official,1024,1024,171589,2026-08-15T14:46:19.267571+00:00
bc9d502d94ea,FACERINNA_2_SALICYLIC_ACID_ACNE_SERUM_NA18250107449,FACERINNA,2% Salicylic Acid Acne Serum,NA18250107449,https://storage.skinsort.com/h8ru66evwyk0iz9lrub0pai06y2q,SafeCart_Dataset\images\genuine_reference\FACERINNA_2_SALICYLIC_ACID_ACNE_SERUM_NA18250107449\bc9d502d94ea.jpg,https://skinsort.com/products/facerinna/2-salicylic-acid-2-niacinamide-acne-serum,skinsort.com,skinsort.com,,,,,,,,,,,genuine_reference,,0.0,0.0,False,,not_visible,051659ad3cafdbc2260597d5a7aca35a,e68c9966997389c9,success,,genuine,FACERINNA 2% Salicylic Acid Acne Serum official,800,800,37528,2026-08-15T14:44:26.082083+00:00
0e1b68b671b2,FACERINNA_2_SALICYLIC_ACID_ACNE_SERUM_NA18250107449,FACERINNA,2% Salicylic Acid Acne Serum,NA18250107449,https://storage.skinsort.com/y080sfdcw2wfso1cvhcgqab0x4n7,SafeCart_Dataset\images\genuine_reference\FACERINNA_2_SALICYLIC_ACID_ACNE_SERUM_NA18250107449\0e1b68b671b2.jpg,https://skinsort.com/products/facerinna/2-salicylic-acid-2-niacinamide-acne-serum,skinsort.com,skinsort.com,,,,,,,,,,,genuine_reference,,0.0,0.0,False,,not_visible,e010889fdbcc821ea43ec8a0636b9cb0,e68c9966993399c9,success,near_duplicate_of:bc9d502d94ea,genuine,FACERINNA 2% Salicylic Acid Acne Serum official,800,800,38165,2026-08-15T14:44:28.100139+00:00
be6495e83b3e,FACERINNA_2_SALICYLIC_ACID_ACNE_SERUM_NA18250107449,FACERINNA,2% Salicylic Acid Acne Serum,NA18250107449,https://storage.skinsort.com/ueaarhwuwi57ilulmfvxlmsjpn03,SafeCart_Dataset\images\genuine_reference\FACERINNA_2_SALICYLIC_ACID_ACNE_SERUM_NA18250107449\be6495e83b3e.jpg,https://skinsort.com/products/facerinna/2-salicylic-acid-2-niacinamide-acne-serum/when-to-use,skinsort.com,skinsort.com,,,,,,,,,,,genuine_reference,,0.0,0.0,False,,not_visible,f7298357d61eab9f48a823068072bfee,,success,duplicate_of:2e1c0fa4c268,genuine,FACERINNA 2% Salicylic Acid Acne Serum official,500,500,18683,2026-08-15T14:44:28.291383+00:00
241b5ba491bb,FACERINNA_2_SALICYLIC_ACID_ACNE_SERUM_NA18250107449,FACERINNA,2% Salicylic Acid Acne Serum,NA18250107449,https://facerinna.com/cdn/shop/files/07-EN_9634c661-6427-4681-a569-f4b12c422f74.jpg?v=1777530014&width=533,SafeCart_Dataset\images\genuine_reference\FACERINNA_2_SALICYLIC_ACID_ACNE_SERUM_NA18250107449\241b5ba491bb.jpg,https://facerinna.com/collections/all,facerinna.com,facerinna.com,,,,,,,,,,,genuine_reference,,0.0,0.0,False,,not_visible,baf08921526efe08216be9d2602ae721,,success,duplicate_of:87bd9d128a1e,genuine,FACERINNA 2% Salicylic Acid Acne Serum official,533,533,51959,2026-08-15T14:44:29.447249+00:00
66a43a4065f5,FACERINNA_2_SALICYLIC_ACID_ACNE_SERUM_NA18250107449,FACERINNA,2% Salicylic Acid Acne Serum,NA18250107449,https://id-test-11.slatic.net/p/2cd24aa4c0b5fbfb0f539b2aed2c125f.jpg,SafeCart_Dataset\images\genuine_reference\FACERINNA_2_SALICYLIC_ACID_ACNE_SERUM_NA18250107449\66a43a4065f5.jpg,https://h5.lazada.co.id/products/facerinna-2-salicylic-acid-acne-serum-20ml-i8658396052.html,h5.lazada.co.id,h5.lazada.co.id,,,,,,,,,,,genuine_reference,,0.0,0.0,False,,not_visible,2cd24aa4c0b5fbfb0f539b2aed2c125f,b8e743bc479825c3,success,,genuine,FACERINNA 2% Salicylic Acid Acne Serum official,800,800,67207,2026-08-15T14:44:41.188073+00:00
0d8f6f739e5b,FACERINNA_2_SALICYLIC_ACID_ACNE_SERUM_NA18250107449,FACERINNA,2% Salicylic Acid Acne Serum,NA18250107449,https://facerinna.com/cdn/shop/files/260611-_-FJH017001.jpg?v=1781145238&width=533,SafeCart_Dataset\images\genuine_reference\FACERINNA_2_SALICYLIC_ACID_ACNE_SERUM_NA18250107449\0d8f6f739e5b.jpg,https://facerinna.com/collections/all,facerinna.com,facerinna.com,,,,,,,,,,,genuine_reference,,0.0,0.0,False,,not_visible,542fa01661c6b1d2fbb824cfba241f2e,e69999669936992c,success,,genuine,FACERINNA 2% Salicylic Acid Acne Serum official website,533,533,19255,2026-08-15T14:44:44.231959+00:00
dbdff5a0ddbd,FACERINNA_2_SALICYLIC_ACID_ACNE_SERUM_NA18250107449,FACERINNA,2% Salicylic Acid Acne Serum,NA18250107449,https://facerinna.com/cdn/shop/files/20260506-_-Shopify-_-720x900-1.jpg?v=1778152446&width=750,SafeCart_Dataset\images\genuine_reference\FACERINNA_2_SALICYLIC_ACID_ACNE_SERUM_NA18250107449\dbdff5a0ddbd.jpg,https://facerinna.com/,facerinna.com,facerinna.com,,,,,,,,,,,genuine_reference,,0.0,0.0,False,,not_visible,328def01867de8e2b2f63326e1f07376,,success,duplicate_of:cd5638cc078c,genuine,FACERINNA 2% Salicylic Acid Acne Serum official website,720,900,102856,2026-08-15T14:44:44.396060+00:00
1384a241b549,FACERINNA_2_SALICYLIC_ACID_ACNE_SERUM_NA18250107449,FACERINNA,2% Salicylic Acid Acne Serum,NA18250107449,https://guardian.com.my/media/wysiwyg/121127510_3.jpg?auto=webp&format=pjpg&quality=85,SafeCart_Dataset\images\genuine_reference\FACERINNA_2_SALICYLIC_ACID_ACNE_SERUM_NA18250107449\1384a241b549.jpg,https://guardian.com.my/fr-sa-acne-serum-20ml-121127510.html?srsltid=AfmBOoo5D0-bx8GA_2Z5_EiS0cdh1KYZmrAG9dPdTyGjjUIxRF_qO0ZR,guardian.com.my,guardian.com.my,,,,,,,,,,,genuine_reference,,0.0,0.0,False,,not_visible,1c368c80c829852de6df62be6f6f72e0,bac6cd3985349ac3,success,,genuine,FACERINNA 2% Salicylic Acid Acne Serum Sociolla authorized retailer,750,1500,142060,2026-08-15T14:44:48.230707+00:00
362891c0238b,BEAUTY_OF_JOSEON_BAMBOO_DARKSPOT_SERUM_NA18250104648,Beauty of Joseon,Bamboo Darkspot Serum,NA18250104648,https://incidecoder-content.storage.googleapis.com/424f67b4-64b6-43fa-ad48-8c5bff86341b/products/beauty-of-joseon-bamboo-darkspot-serum-symwhite-bamboo-extract/beauty-of-joseon-bamboo-darkspot-serum-symwhite-bamboo-extract_front_photo_original.jpeg,SafeCart_Dataset\images\genuine_reference\BEAUTY_OF_JOSEON_BAMBOO_DARKSPOT_SERUM_NA18250104648\362891c0238b.jpg,https://incidecoder.com/products/beauty-of-joseon-bamboo-darkspot-serum-symwhite-bamboo-extract,incidecoder.com,incidecoder.com,,,,,,,,,,,genuine_reference,,0.0,0.0,False,,not_visible,84828f5de2006f6492fda6422c7708f8,aff49013d83493cb,success,,genuine,Beauty of Joseon Bamboo Darkspot Serum official,382,706,20861,2026-08-15T14:46:23.847034+00:00
46974c8f7323,BEAUTY_OF_JOSEON_BAMBOO_DARKSPOT_SERUM_NA18250104648,Beauty of Joseon,Bamboo Darkspot Serum,NA18250104648,https://storage.skinsort.com/5cvga1jjrf71ej14j1bathamslrb,SafeCart_Dataset\images\genuine_reference\BEAUTY_OF_JOSEON_BAMBOO_DARKSPOT_SERUM_NA18250104648\46974c8f7323.jpg,https://skinsort.com/products/beauty-of-joseon/bamboo-darkspot-serum,skinsort.com,skinsort.com,,,,,,,,,,,genuine_reference,,0.0,0.0,False,,not_visible,cc92450195c9306a84d00b1bf861d821,aff09213d93493c9,success,near_duplicate_of:362891c0238b,genuine,Beauty of Joseon Bamboo Darkspot Serum official,462,706,20466,2026-08-15T14:46:26.140830+00:00
7cd323d76b7e,BEAUTY_OF_JOSEON_BAMBOO_DARKSPOT_SERUM_NA18250104648,Beauty of Joseon,Bamboo Darkspot Serum,NA18250104648,https://storage.skinsort.com/9n7uqkd38688it6g051pwm2o81yr,SafeCart_Dataset\images\genuine_reference\BEAUTY_OF_JOSEON_BAMBOO_DARKSPOT_SERUM_NA18250104648\7cd323d76b7e.jpg,https://skinsort.com/products/beauty-of-joseon/bamboo-darkspot-serum,skinsort.com,skinsort.com,,,,,,,,,,,genuine_reference,,0.0,0.0,False,,not_visible,e48a70aabd427a07cf68d44325459657,aff09213d93493c9,success,near_duplicate_of:362891c0238b,genuine,Beauty of Joseon Bamboo Darkspot Serum official,327,500,13168,2026-08-15T14:46:27.487405+00:00
5b4614219c4f,BEAUTY_OF_JOSEON_BAMBOO_DARKSPOT_SERUM_NA18250104648,Beauty of Joseon,Bamboo Darkspot Serum,NA18250104648,https://id.stylekorean.com/cdn/shop/files/id-11134207-8224z-mghrd2iucykrde.webp?v=1774493607,SafeCart_Dataset\images\genuine_reference\BEAUTY_OF_JOSEON_BAMBOO_DARKSPOT_SERUM_NA18250104648\5b4614219c4f.jpg,https://id.stylekorean.com/products/beauty-of-joseon-bamboo-darkspot-serum-symwhite-bamboo-extract,id.stylekorean.com,id.stylekorean.com,,,,,,,,,,,genuine_reference,,0.0,0.0,False,,not_visible,e95cc0c5b508f8d0f6cbe12bec769839,d538e2a3aa17a55c,success,,genuine,Beauty of Joseon Bamboo Darkspot Serum official,1024,1024,119509,2026-08-15T14:46:37.506080+00:00
a11f6a15679d,BEAUTY_OF_JOSEON_BAMBOO_DARKSPOT_SERUM_NA18250104648,Beauty of Joseon,Bamboo Darkspot Serum,NA18250104648,https://guardianindonesia.co.id/media/catalog/product/44/3126706~1_20250918163614_6667.png?format=jpeg,SafeCart_Dataset\images\genuine_reference\BEAUTY_OF_JOSEON_BAMBOO_DARKSPOT_SERUM_NA18250104648\a11f6a15679d.jpg,https://guardianindonesia.co.id/boj-bamboo-ds-srm20-p-3126706.html?srsltid=AfmBOoqWi9OLYAb661wb6i9bsAtxLQ1N7DtN2LAi8CPS6Nh_QmxK6usD,guardianindonesia.co.id,guardianindonesia.co.id,,,,,,,,,,,genuine_reference,,0.0,0.0,False,,not_visible,53e02452403a8e08a25ce7ca3d469901,b666c939d9cc3298,success,,genuine,Beauty of Joseon Bamboo Darkspot Serum official,1200,1200,36609,2026-08-15T14:46:37.805890+00:00
169f89e0cba8,BEAUTY_OF_JOSEON_BAMBOO_DARKSPOT_SERUM_NA18250104648,Beauty of Joseon,Bamboo Darkspot Serum,NA18250104648,https://storage.skinsort.com/55kvvt3yfyqpgsnwnbapzxv7dtnf,SafeCart_Dataset\images\genuine_reference\BEAUTY_OF_JOSEON_BAMBOO_DARKSPOT_SERUM_NA18250104648\169f89e0cba8.jpg,https://skinsort.com/products/beauty-of-joseon/bamboo-darkspot-serum,skinsort.com,skinsort.com,,,,,,,,,,,genuine_reference,,0.0,0.0,False,,not_visible,ae45bee30b927d465d4bb339d4b73345,aec1933ef185961a,success,,genuine,Beauty of Joseon Bamboo Darkspot Serum official,318,500,14132,2026-08-15T14:46:38.014135+00:00
a82f1779a736,BEAUTY_OF_JOSEON_BAMBOO_DARKSPOT_SERUM_NA18250104648,Beauty of Joseon,Bamboo Darkspot Serum,NA18250104648,https://guardianindonesia.co.id/media/catalog/product/44/3126706~1_20250918163614_6667.png?auto=webp&format=png&width=640&height=800&fit=cover,SafeCart_Dataset\images\genuine_reference\BEAUTY_OF_JOSEON_BAMBOO_DARKSPOT_SERUM_NA18250104648\a82f1779a736.jpg,https://guardianindonesia.co.id/boj-bamboo-ds-srm20-p-3126706.html?srsltid=AfmBOop6OClU8oG9CZIqKoIjkxeirPLozUG0uUwLhv3CocIvjn0vxaPO,guardianindonesia.co.id,guardianindonesia.co.id,,,,,,,,,,,genuine_reference,,0.0,0.0,False,,not_visible,53ba41ccfd632dc5859f797ebd8c636b,b666c939d9cc3298,success,near_duplicate_of:a11f6a15679d,genuine,Beauty of Joseon Bamboo Darkspot Serum official website,800,800,22630,2026-08-15T14:46:42.675369+00:00
38135082d8fd,BEAUTY_OF_JOSEON_BAMBOO_DARKSPOT_SERUM_NA18250104648,Beauty of Joseon,Bamboo Darkspot Serum,NA18250104648,https://beautyofjoseon.com/cdn/shop/files/mo_89750dbc-bef4-433b-b301-194406d5812e.webp?v=1768543872&width=2160,SafeCart_Dataset\images\genuine_reference\BEAUTY_OF_JOSEON_BAMBOO_DARKSPOT_SERUM_NA18250104648\38135082d8fd.jpg,https://beautyofjoseon.com/?srsltid=AfmBOoqbiH8EtA92yupYi1BD0BFCEpXIXQpAxMa40HQa16pzTawsmYvZ,beautyofjoseon.com,beautyofjoseon.com,,,,,,,,,,,genuine_reference,,0.0,0.0,False,,not_visible,8b675aa42591855af24e8f78dbd1b8ba,f96686793c246393,success,,genuine,Beauty of Joseon Bamboo Darkspot Serum official website,2160,3000,338063,2026-08-15T14:46:52.569623+00:00
dc377e5ea042,BEAUTY_OF_JOSEON_BAMBOO_DARKSPOT_SERUM_NA18250104648,Beauty of Joseon,Bamboo Darkspot Serum,NA18250104648,https://p16-common-sign.tiktokcdn-us.com/tos-no1a-p-0037-no/oU2haTEQIFgpqscfHfFkhGTjoMyBlEAPDBPRB4~tplv-photomode-video-share-card:630:630:20.jpeg?dr=9616&refresh_token=850d87a4&x-expires=1818230400&x-signature=%2FFSLwMyrrhas8979BkG1bhNN23k%3D&t=4d5b0474&ps=13740610&shp=55bbe6a9&shcp=f07906a3&idc=useast5&ftpl=1,SafeCart_Dataset\images\reported_counterfeit_candidate\BEAUTY_OF_JOSEON_BAMBOO_DARKSPOT_SERUM_NA18250104648\dc377e5ea042.jpg,https://www.tiktok.com/@fakecip/video/7597850471411322134,www.tiktok.com,tiktok.com,,,,,,Fake vs Original Beauty of Joseon Glow Serum Proplis ... Perbedaan Skintific Dark Spot Serum 377 Asli Vs Palsu. Temukan cara membedakan Skintific Dark Spot Serum 377 asli dan palsu agar tidak tertipu.,,palsu; fake,MODERATE_EVIDENCE,3.0,reported_counterfeit_candidate,,0.0,0.0,False,,not_visible,4e3d9df8cfd80c2222402377b936d1c2,c36dc3cb34507f30,success,,counterfeit_evidence,https://www.tiktok.com/@fakecip/video/7597850471411322134,630,630,60834,2026-08-15T14:46:53.761266+00:00
7442b7daf6bb,FACERINNA_RETINOL_ANTI_AGING_SERUM_NA18252000312,FACERINNA,Retinol Anti Aging Serum,NA18252000312,https://storage.skinsort.com/y5jg6pher8xb0a4jgvffwjiw3ggt,SafeCart_Dataset\images\genuine_reference\FACERINNA_RETINOL_ANTI_AGING_SERUM_NA18252000312\7442b7daf6bb.jpg,https://skinsort.com/products/facerinna/retinol-anti-aging-serum,skinsort.com,skinsort.com,,,,,,,,,,,genuine_reference,,0.0,0.0,False,,not_visible,8029235acecb84c589b085423a3c552f,e6cc99339926cccc,success,,genuine,FACERINNA Retinol Anti Aging Serum official,880,880,31550,2026-08-15T14:45:13.775117+00:00
aa5d5a777d80,FACERINNA_RETINOL_ANTI_AGING_SERUM_NA18252000312,FACERINNA,Retinol Anti Aging Serum,NA18252000312,https://storage.skinsort.com/dxsb5ftxpmubgi0p2k824qtbief3,SafeCart_Dataset\images\genuine_reference\FACERINNA_RETINOL_ANTI_AGING_SERUM_NA18252000312\aa5d5a777d80.jpg,https://skinsort.com/products/facerinna/retinol-anti-aging-serum,skinsort.com,skinsort.com,,,,,,,,,,,genuine_reference,,0.0,0.0,False,,not_visible,1183d9ec8a47095497408c402cab4ff1,e68c99739966cc8c,success,near_duplicate_of:7442b7daf6bb,genuine,FACERINNA Retinol Anti Aging Serum official,880,880,29440,2026-08-15T14:45:13.956568+00:00
04b8087888c6,FACERINNA_RETINOL_ANTI_AGING_SERUM_NA18252000312,FACERINNA,Retinol Anti Aging Serum,NA18252000312,https://img.lazcdn.com/g/p/88426f6ee2dd43d1f094e83ce44631b0.jpg_720x720q80.jpg,SafeCart_Dataset\images\genuine_reference\FACERINNA_RETINOL_ANTI_AGING_SERUM_NA18252000312\04b8087888c6.jpg,https://h5.lazada.co.id/products/facerinna-retinol-anti-aging-serum-20ml-i8658370124.html,h5.lazada.co.id,h5.lazada.co.id,,,,,,,,,,,genuine_reference,,0.0,0.0,False,,not_visible,90734a3229dce39399772f1e92d720fb,e68d59a209f22ccf,success,,genuine,FACERINNA Retinol Anti Aging Serum official,720,720,53423,2026-08-15T14:45:18.143423+00:00
77b8fe59a75f,FACERINNA_RETINOL_ANTI_AGING_SERUM_NA18252000312,FACERINNA,Retinol Anti Aging Serum,NA18252000312,https://www.static-src.com/wcsstore/Indraprastha/images/catalog/full/catalog-image/108/MTA-184095278/facerinna_facerinna_retinol_anti_aging_serum_20ml_-_skin_renewal_gentle_serum_retinoid_anti-aging_antiagingserum-20-facerinna_full03_tb3asjug.webp,SafeCart_Dataset\images\genuine_reference\FACERINNA_RETINOL_ANTI_AGING_SERUM_NA18252000312\77b8fe59a75f.jpg,https://www.blibli.com/p/facerinna-retinol-anti-aging-serum-20ml-skin-renewal-gentle-serum-retinoid-anti-aging-antiagingserum-20-facerinna/ps--FUB-70021-00604,www.blibli.com,blibli.com,,,,,,,,,,,genuine_reference,,0.0,0.0,False,,not_visible,de24d1fe9b49e1ae6ddcdbe0061ef5f8,e69999339966cc26,success,,genuine,FACERINNA Retinol Anti Aging Serum official,800,800,28262,2026-08-15T14:45:18.318802+00:00
dd7c8526fa91,FACERINNA_RETINOL_ANTI_AGING_SERUM_NA18252000312,FACERINNA,Retinol Anti Aging Serum,NA18252000312,https://down-id.img.susercontent.com/file/id-11134207-7ra0l-mbqc6z8jsg5ief,SafeCart_Dataset\images\genuine_reference\FACERINNA_RETINOL_ANTI_AGING_SERUM_NA18252000312\dd7c8526fa91.jpg,https://shopee.co.id/Facerinna-Retinol-Anti-Aging-Serum-20ml-i.30736001.42057147504,shopee.co.id,shopee.co.id,,,,,,,,,,,genuine_reference,,0.0,0.0,False,,not_visible,ed0318cb3c788493aaa01c0a41e73e97,e68d59a209f22ccf,success,near_duplicate_of:04b8087888c6,genuine,FACERINNA Retinol Anti Aging Serum official,800,800,64374,2026-08-15T14:45:19.192379+00:00
b021ce3ce7a0,FACERINNA_RETINOL_ANTI_AGING_SERUM_NA18252000312,FACERINNA,Retinol Anti Aging Serum,NA18252000312,https://www.static-src.com/wcsstore/Indraprastha/images/catalog/full/catalog-image/108/MTA-184095278/facerinna_facerinna_retinol_anti_aging_serum_20ml_-_skin_renewal_gentle_serum_retinoid_anti-aging_antiagingserum-20-facerinna_full01_dd0nh6vz.webp,SafeCart_Dataset\images\genuine_reference\FACERINNA_RETINOL_ANTI_AGING_SERUM_NA18252000312\b021ce3ce7a0.jpg,https://www.blibli.com/p/facerinna-retinol-anti-aging-serum-20ml-skin-renewal-gentle-serum-retinoid-anti-aging-antiagingserum-20-facerinna/ps--FUB-70021-00604,www.blibli.com,blibli.com,,,,,,,,,,,genuine_reference,,0.0,0.0,False,,not_visible,6500128294d4f7ae2632b79c63da505b,a6c9c937d062dc36,success,,genuine,FACERINNA Retinol Anti Aging Serum official,800,800,61549,2026-08-15T14:45:19.374091+00:00
625b517953ef,FACERINNA_RETINOL_ANTI_AGING_SERUM_NA18252000312,FACERINNA,Retinol Anti Aging Serum,NA18252000312,https://medias.watsons.co.th/publishing/WTCTH-327853-front-zoom.jpg?version=1779737640,SafeCart_Dataset\images\genuine_reference\FACERINNA_RETINOL_ANTI_AGING_SERUM_NA18252000312\625b517953ef.jpg,https://www.watsons.co.th/en/facerinna-facerinna-retinol-anti-aging-serum-20-ml./p/BP_327853?srsltid=AfmBOopEspIbgYhylLVRONyu5GoNy3weSKU2oxTCJKS3iIWfJkyWQJHm,www.watsons.co.th,watsons.co.th,,,,,,,,,,,genuine_reference,,0.0,0.0,False,,not_visible,7736bf58c26fe67b025ce55753e0586d,b3cc99339266cccc,success,,genuine,FACERINNA Retinol Anti Aging Serum official,880,880,55027,2026-08-15T14:45:19.627730+00:00
90c4eb084971,FACERINNA_RETINOL_ANTI_AGING_SERUM_NA18252000312,FACERINNA,Retinol Anti Aging Serum,NA18252000312,https://i.ebayimg.com/images/g/E1YAAeSwLWJpQjpy/s-l400.jpg,SafeCart_Dataset\images\genuine_reference\FACERINNA_RETINOL_ANTI_AGING_SERUM_NA18252000312\90c4eb084971.jpg,https://www.ebay.com/itm/147036714692,www.ebay.com,ebay.com,,,,,,,,,,,genuine_reference,,0.0,0.0,False,,not_visible,a8c896f5c034af865549f87aed16a29b,e897956a9195b26c,success,,genuine,FACERINNA Retinol Anti Aging Serum official website,400,400,29205,2026-08-15T14:45:22.728918+00:00
