brand_name,product_name,product_id,url,images_from_sociolla,images_from_serper,total_images,serper_status
796_3ce,BLUR WATER TINT,97817,https://www.sociolla.com/lip-tint/69475-blur-water-tint,0,0,0,ok
796_3ce,MINI MULTI EYE COLOR PALETTE,97833,https://www.sociolla.com/eyeshadow/69491-phan-mat-3ce-mini-multi-eye-color-palette,0,0,0,ok
796_3ce,MULTI EYE COLOR PALETTE,97802,https://www.sociolla.com/eyeshadow/69460-phan-mat-3ce-multi-eye-color-palette,0,0,0,ok
796_3ce,VELVET LIP TINT,97810,https://www.sociolla.com/lip-cream/69468-son-kem-li-3ce-velvet-lip-tint,0,0,0,ok
796_3ce,FACE BLUSH,97801,https://www.sociolla.com/blush/69459-phan-ma-hong-3ce-face-blush,0,0,0,ok
796_3ce,LIP COLOR,97822,https://www.sociolla.com/lip-matte/69480-son-th-i-3ce-matte-lip-color,0,0,0,ok
796_3ce,LIQUID PRIMER EYE SHADOW,98363,https://www.sociolla.com/eyeshadow/70021-liquid-primer-eye-shadow,0,0,0,ok
796_3ce,Waterproof Mega Volume Mascara,107427,https://www.sociolla.com/mascara/79085-waterproof-mega-volume-mascara,0,0,0,ok
796_3ce,EYE SWITCH,98312,https://www.sociolla.com/eyeshadow/69970-eye-switch,0,0,0,ok
796_3ce,SYRUP LAYERING TINT,98430,https://www.sociolla.com/lip-tint/70088-syrup-layering-tint,0,0,0,ok
796_3ce,NEW TAKE FACE BLUSHER,98431,https://www.sociolla.com/blush/70089-new-take-face-blusher,0,0,0,ok
796_3ce,[ 3CE x TOILETPAPER]   VELVET LIP TINT,98435,https://www.sociolla.com/lip-tint/70093-3ce-x-toiletpaper-velvet-lip-tint,0,0,0,ok
584_aeris-beaute,Golden Silk - Individual Brushes S9-Eye Smudge,104083,https://www.sociolla.com/face-brushes/75741-golden-silk-individual-brushes-s9-eye-smudge,0,0,0,ok
584_aeris-beaute,The Onyx 2.0 - Individual Brushes X11-Brow,104059,https://www.sociolla.com/face-brushes/75717-the-onyx-2-0-individual-brushes-x11-brow,0,0,0,ok
584_aeris-beaute,Aeris Beauté x Sociolla Smart Sonic Facial Cleanser,95484,https://www.sociolla.com/facial-tools/67142-aeris-beaute-x-sociolla-smart-sonic-facial-cleanser,0,0,0,ok
2086_ariul,Tell Me Your Wish Hand Essence,72693,https://www.sociolla.com/hand-foot-cream/25873-tell-me-your-wish-hand-essence-romantic,0,0,0,ok
2086_ariul,Easy Acne Calming (Sheet Mask + Wash Off Mask),101622,https://www.sociolla.com/skin-care-set/73280-easy-acne-calming-sheet-mask-wash-off-mask,0,0,0,ok
2086_ariul,Pack of 6 - 7Days Mask Lemon,90707,https://www.sociolla.com/sheet-mask/62365-pack-of-6-7days-mask-lemon,0,0,0,ok
504_avoskin,YSB Niacinamide + Centella Asiatica Concentrated Serum Mask,89738,https://www.sociolla.com/sheet-mask/61396-ysb-niacinamide-centella-asiatica-concentrated-serum-mask,0,0,0,ok
504_avoskin,B1G1 YSB Serum Infused Cleanser Spirulina + Witch Hazel + Glycolic Acid,108033,https://www.sociolla.com/skin-care-set/79691-b1g1-ysb-serum-infused-cleanser-spirulina-witch-hazel-glycolic-acid,0,0,0,ok
504_avoskin,YSB Serum Infused Cleanser Spirulina Twin Bundle,103784,https://www.sociolla.com/default-category/75442-ysb-serum-infused-cleanser-spirulina-twin-bundle,0,0,0,ok
1284_barenbliss,BNB Bundle Glow Lip Serum + Matte Tint,103712,https://www.sociolla.com/makeup-palettes-set/75370-glow-lip-serum-x-matte-tint,0,0,0,ok
1284_barenbliss,BNB Bundle Matte Tint + Lip Cream,103704,https://www.sociolla.com/makeup-palettes-set/75362-matte-tint-x-lip-cream,0,0,0,ok
1284_barenbliss,BNB Bundle Kiwi Tint + Lip Cream,103705,https://www.sociolla.com/makeup-palettes-set/75363-lip-cream-x-kiwi-tint,0,0,0,ok
1284_barenbliss,Double Joy Inside Holiday Edition Cushion Kit (cushion + refill),100978,https://www.sociolla.com/cushion/72636-double-joy-inside-holiday-edition-cushion-kit-cushion-refill,0,0,0,ok
15662_beauty-secrets,Japan Cherry B Fragrance Mist,105336,https://www.sociolla.com/default-category/76994-beauty-secrets-fragrance-mist-japan-cherry-b,0,0,0,ok
731_bhumi,HPR Retinol Serum,81329,https://www.sociolla.com/face-serum/52987-hpr-retinol-serum,0,0,0,ok
15349_bies,Blossom Garden EDP Travel Size,87440,https://www.sociolla.com/eau-de-parfum/59098-blossom,0,0,0,ok
252_bio-essence,Twinpack Bio Essence Bio-Gold Water Essence 30ml - Perawatan Wajah Anti Aging,92062,https://www.sociolla.com/skincare/63720-twinpack-bio-essence-bio-gold-water-essence-30ml-perawatan-wajah-anti-aging,0,0,0,ok
2188_biyu,MIni Oil Control Cleanser pH Balanced,87587,https://www.sociolla.com/face-wash/59245-mini-oil-control-cleanser,0,0,0,ok
237_blp-beauty,Makeup Seal & Lock x Face Base,107169,https://www.sociolla.com/makeup-palettes-set/78827-makeup-seal-and-lock-x-face-base,0,0,0,ok
237_blp-beauty,Face Glow,33507,https://www.sociolla.com/blush/10506-face-glow,0,0,0,ok
1356_botanical-essentials,Hygiene Kit YLANG 3x60ml FREE Pouch Canvas,93193,https://www.sociolla.com/bath-body/64851-hygiene-kit-ylang-3x60ml-free-pouch-canvas,0,0,0,ok
1138_breylee,Tea Tree Acne Pimple Patch 0.3mm,104404,https://www.sociolla.com/acne-pimple-patch/76062-tea-tree-acne-pimple-patch-0-3mm,0,0,0,ok
1138_breylee,Tea Tree Acne Treatment Cream,86028,https://www.sociolla.com/acne-treatment-sealing-gel-cream/57686-krim-treatment-wajah-berjerawat,0,0,0,ok
1138_breylee,Freezing Mint Teeth Brightening Powder 30G,105162,https://www.sociolla.com/tooth-whitening/76820-freezing-mint-teeth-brightening-powder-30g,0,0,0,ok
1138_breylee,Set Of 3 Aloe Vera Facial Mask,105181,https://www.sociolla.com/skin-care-set/76839-set-of-3-aloe-vera-facial-mask,0,0,0,ok
15059_careso,Clean EDT 5ml,92714,https://www.sociolla.com/eau-de-toilette/64372-clean-edt-5ml,0,0,0,ok
15599_dazzle-me,Slay All Day 02,104121,https://www.sociolla.com/makeup-palettes-set/75779-slay-all-day-02,0,0,0,ok
1043_dear-klairs,Daily Skin Softening Water,90500,https://www.sociolla.com/toner/62158-daily-skin-softening-water,0,0,0,ok
1043_dear-klairs,Skincare Trial Kit,92968,https://www.sociolla.com/skin-care-set/64626-skincare-trial-kit,0,0,0,ok
1985_dear-me-beauty,Dear Me Beauty X KFC Perfect Matte Eyeliner,92177,https://www.sociolla.com/eyeliner/63835-perfect-matte-eyeliner,0,0,0,ok
1985_dear-me-beauty,Dear Me Beauty x Carl and Claire - Dear Bonita Kit,94633,https://www.sociolla.com/bath-body-set/66291-dear-me-beauty-x-carl-and-claire-dear-bonita-kit,0,0,0,ok
1985_dear-me-beauty,Dear Me Beauty x Heavenly Blush Sleeping Mask,102119,https://www.sociolla.com/sleeping-mask/73777-dear-me-beauty-x-heavenly-blush-sleeping-mask,0,0,0,ok
277_derma-angel,Acne Hero Kit PB,107828,https://www.sociolla.com/skin-care-set/79486-acne-hero-kit-pb,0,0,0,ok
277_derma-angel,Acne Hero Kit,106602,https://www.sociolla.com/skin-care-set/78260-acne-hero-kit,0,0,0,ok
277_derma-angel,Acne Care Kit,106604,https://www.sociolla.com/skin-care-set/78262-acne-care-kit,0,0,0,ok
15026_dew-it,Dew It In The Shower - Radiant Body Wash,95490,https://www.sociolla.com/bath-body/67148-dew-it-in-the-shower-ready-set-glow-body-wash,0,0,0,ok
15026_dew-it,Easy to Dew Brush,95491,https://www.sociolla.com/body-sponge/67149-easy-to-dew-brush,0,0,0,ok
15026_dew-it,Dew It On The Go - Brightening Deo,95492,https://www.sociolla.com/bath-body/67150-dew-it-on-the-go-brightening-deo,0,0,0,ok
1946_elise,Elise Professional Lash Adhesive 4.5ml,106457,https://www.sociolla.com/eyelash-glue/78115-elise-professional-lash-adhesive-4-5ml,0,0,0,ok
1946_elise,Elise Tokyo 62,106447,https://www.sociolla.com/false-eyelashes/78105-elise-tokyo-62,0,0,0,ok
1946_elise,Elise Tokyo 63,106448,https://www.sociolla.com/false-eyelashes/78106-elise-tokyo-63,0,0,0,ok
1946_elise,Elise Tokyo 70,106451,https://www.sociolla.com/false-eyelashes/78109-elise-tokyo-70,0,0,0,ok
1946_elise,Elise Tokyo 75,106454,https://www.sociolla.com/false-eyelashes/78112-elise-tokyo-75,0,0,0,ok
324_elsheskin,Radiant Supple Serum,86055,https://www.sociolla.com/face-serum/57713-elsheskin-radiant-supple-serum,0,0,0,ok
324_elsheskin,Radiant Skin Serum,20137,https://www.sociolla.com/face-serum/9486-radiant-skin-serum,0,0,0,ok
1689_embryolisse,Embryolisse Beauty bundle C,108754,https://www.sociolla.com/skin-care-set/80412-embryolisse-beauty-bundle-c,0,0,0,ok
1689_embryolisse,Embryolisse Beauty bundle B,108753,https://www.sociolla.com/skin-care-set/80411-embryolisse-beauty-bundle-b,0,0,0,ok
1368_esscentials-indonesia,PREP YOUR DAY - Power Spray Refill,94572,https://www.sociolla.com/default-category/66230-prep-your-day-power-spray-refill,0,0,0,ok
15577_evalash,Bulu Mata Invisible Magnetic Eyelash - SPARKLE,105726,https://www.sociolla.com/false-eyelashes/77384-invisible-magnetic-eyelash-sparkle,0,0,0,ok
15301_eze-nails,Spot-On Manicure Extremely Patient,85477,https://www.sociolla.com/nail-treatment/57135-spot-on-manicure-extremely-patient,0,0,0,ok
15301_eze-nails,Spot-On Manicure Crazily Creative,85483,https://www.sociolla.com/nail-treatment/57141-spot-on-manicure-crazily-creative,0,0,0,ok
15301_eze-nails,Spot-On Manicure Wisdom,85468,https://www.sociolla.com/nail-treatment/57126-spot-on-manicure-wisdom,0,0,0,ok
15301_eze-nails,Spot-On Manicure Imperfection,85460,https://www.sociolla.com/nail-treatment/57118-spot-on-manicure-imperfection,0,0,0,ok
15301_eze-nails,Spot-On Manicure Honesty in Lime,85458,https://www.sociolla.com/nail-treatment/57116-spot-on-manicure-honesty-in-lime,0,0,0,ok
15301_eze-nails,Spot-On Manicure Madly Tenacious,85449,https://www.sociolla.com/nails/57107-spot-on-manicure-madly-tenacious,0,0,0,ok
15301_eze-nails,Spot-On Manicure Matte Queen,89935,https://www.sociolla.com/default-category/61593-spot-on-manicure-matte-queen,0,0,0,ok
15301_eze-nails,Spot On Manicure - She's Full of Solutions,93234,https://www.sociolla.com/bath-body/64892-spot-on-manicure-she-s-full-of-solutions,0,0,0,ok
15301_eze-nails,Spot-On Manicure Self-Made,89934,https://www.sociolla.com/default-category/61592-spot-on-manicure-self-made,0,0,0,ok
15301_eze-nails,Spot On Manicure - She's Compassionate,93355,https://www.sociolla.com/default-category/65013-spot-on-manicure-she-s-compassionate,0,0,0,ok
15301_eze-nails,Spot On Manicure Andi in Glassy Shell,88105,https://www.sociolla.com/nail-arts/59763-spot-on-manicure-andi-in-glassy-shell,0,0,0,ok
15301_eze-nails,Spot-On Manicure Kindness in Pink Metallic,85466,https://www.sociolla.com/nail-treatment/57124-spot-on-manicurekindness-in-pink-metallic,0,0,0,ok
15301_eze-nails,Matching Nude Nails + FREE Refeel Manicure,93263,https://www.sociolla.com/nail-treatment/64921-matching-nude-nails-free-refeel-manicure,0,0,0,ok
342_focallure,10 COLOR EYESHADOW PALETTE,92619,https://www.sociolla.com/eyeshadow/64277-10-color-eyeshadow-palette-fa158-01,0,0,0,quota_limit_reached
342_focallure,TRUEMATTE LIQUID LIPSTICK,92661,https://www.sociolla.com/lip-cream/64319-truematte-liquid-lipstick,0,0,0,quota_limit_reached
342_focallure,VOLUMIZING MASCARA,92704,https://www.sociolla.com/makeup/64362-volumizing-mascara,0,0,0,quota_limit_reached
342_focallure,AIR FIT MATTE LIQUID LIPSTICK,98002,https://www.sociolla.com/lipstick/69660-air-fit-matte-liquid-lipstick,0,0,0,quota_limit_reached
342_focallure,GLOSSY TINT,92634,https://www.sociolla.com/lip-tint/64292-glossy-tint,0,0,0,quota_limit_reached
342_focallure,PORELESS MATTE AIR CUSHION FOUNDATION,92627,https://www.sociolla.com/cushion/64285-poreless-matte-air-cushion-foundation,0,0,0,quota_limit_reached
342_focallure,POWDER,92705,https://www.sociolla.com/pressed-powder/64363-powder,0,0,0,quota_limit_reached
342_focallure,PLUMP HIGH SHINE LIP GLOW,92703,https://www.sociolla.com/makeup/64361-plump-high-shine-lip-glow,0,0,0,quota_limit_reached
342_focallure,EYELINER,92701,https://www.sociolla.com/eyeliner/64359-eyeliner,0,0,0,quota_limit_reached
342_focallure,PURE NATURAL LIP OIL SOFTEN MOISTURIZED REPAIRED MULTI-USES WATERPROOF LIP CARE,95899,https://www.sociolla.com/default-category/67557-pure-natural-lip-oil-soften-moisturized-repaired-multi-uses-waterproof-lip-care,0,0,0,quota_limit_reached
342_focallure,COLLAGEN CRYSTAL 24K GOLD PURE LUXURY EYE MASK,92655,https://www.sociolla.com/eye-mask/64313-collagen-crystal-24k-gold-pure-luxury-eye-mask,0,0,0,quota_limit_reached
342_focallure,2 IN 1 LIQUID LIPSTICK MATTE DUAL STICK,95901,https://www.sociolla.com/lip-cream/67559-2-in-1-liquid-lipstick-matte-dual-stick,0,0,0,quota_limit_reached
342_focallure,SETTING POWDER,92730,https://www.sociolla.com/makeup/64388-setting-powder,0,0,0,quota_limit_reached
342_focallure,PURE MATTE LIPSTICK,92632,https://www.sociolla.com/lipstick/64290-pure-matte-lipstick,0,0,0,quota_limit_reached
342_focallure,LASTING WATERPROOF LIQUID EYELINER,92628,https://www.sociolla.com/eyeliner/64286-lasting-waterproof-liquid-eyeliner,0,0,0,quota_limit_reached
342_focallure,WATERPROOF LASHPRIMER & MASCARA 2IN1,92621,https://www.sociolla.com/mascara/64279-waterproof-lashprimer-and-mascara-2in1,0,0,0,quota_limit_reached
342_focallure,STAY MATTE LIP INK,92728,https://www.sociolla.com/makeup/64386-stay-matte-lip-ink,0,0,0,quota_limit_reached
342_focallure,LONGLASH WATERPROOF MASCARA,92624,https://www.sociolla.com/mascara/64282-longlash-waterproof-mascara,0,0,0,quota_limit_reached
342_focallure,BROW STYLING SOAP,92625,https://www.sociolla.com/eyebrows/64283-brow-styling-soap,0,0,0,quota_limit_reached
342_focallure,PERFECTLY DEFINED GEL EYELINER,92639,https://www.sociolla.com/eyeliner/64297-perfectly-defined-gel-eyeliner,0,0,0,quota_limit_reached
342_focallure,WATERPROOF MASCARA & EYELINER 2IN1,92620,https://www.sociolla.com/mascara/64278-waterproof-mascara-and-eyeliner-2in1,0,0,0,quota_limit_reached
342_focallure,SOFT SUN CREAM,98003,https://www.sociolla.com/sunscreen/69661-soft-sun-cream,0,0,0,quota_limit_reached
342_focallure,HIGHLIGHTER & CONTOUR MULTI STICK,92698,https://www.sociolla.com/makeup/64356-highlighter-and-contour-multi-stick,0,0,0,quota_limit_reached
342_focallure,COLLAGEN CRYSTAL MOISTURIZING LIP MASK,92657,https://www.sociolla.com/lip-mask/64315-collagen-crystal-moisturizing-lip-mask,0,0,0,quota_limit_reached
342_focallure,CREAMY LIP & CHEEK DUO,92645,https://www.sociolla.com/lip-cream/64303-creamy-lip-and-cheek-duo,0,0,0,quota_limit_reached
342_focallure,HIGHLIGHTER & BRONZER DUO,92702,https://www.sociolla.com/makeup/64360-highlighter-and-bronzer-duo,0,0,0,quota_limit_reached
342_focallure,Highlighter & Contour Multi Stick,30854,https://www.sociolla.com/contour/10130-highlighter-and-contour-multi-stick,0,0,0,quota_limit_reached
342_focallure,Fluid Foundation,30866,https://www.sociolla.com/foundation/10142-fluid-foundation,0,0,0,quota_limit_reached
342_focallure,PORELESS MATTE LOOSE POWDER,92630,https://www.sociolla.com/loose-powder/64288-poreless-matte-loose-powder,0,0,0,quota_limit_reached
342_focallure,MASCARA,92700,https://www.sociolla.com/makeup/64358-mascara,0,0,0,quota_limit_reached
342_focallure,OIL - CONTROL STAY - MATTE POWDER,92638,https://www.sociolla.com/compact-powder/64296-oil-control-stay-matte-powder,0,0,0,quota_limit_reached
342_focallure,BLUSH & HIGHLIGHTER PALETTE,92711,https://www.sociolla.com/face-palette/64369-blush-and-highlighter-palette,0,0,0,quota_limit_reached
342_focallure,ACNE-CARE SHEET FACE MASK,92659,https://www.sociolla.com/sheet-mask/64317-acne-care-sheet-face-mask,0,0,0,quota_limit_reached
342_focallure,PURE NATURAL LIP OIL SOFTEN MOISTURIZED REPAIRED MULTI-USES WATERPROOF LIP CARE,95900,https://www.sociolla.com/default-category/67558-pure-natural-lip-oil-soften-moisturized-repaired-multi-uses-waterproof-lip-care,0,0,0,quota_limit_reached
342_focallure,WATERPROOF VOLUMIZING MASCARA,92618,https://www.sociolla.com/mascara/64276-waterproof-volumizing-mascara,0,0,0,quota_limit_reached
342_focallure,TINTED BROW INK PEN,92622,https://www.sociolla.com/brow-tint/64280-tinted-brow-ink-pen,0,0,0,quota_limit_reached
342_focallure,COLLAGEN CRYSTAL HYDRA-GEL EYE MASK,92656,https://www.sociolla.com/default-category/64314-collagen-crystal-hydra-gel-eye-mask,0,0,0,quota_limit_reached
342_focallure,AUTO BROWS PEN,92706,https://www.sociolla.com/eyebrows/64364-auto-brows-pen,0,0,0,quota_limit_reached
342_focallure,FLAWLESS LONGWEAR FOUNDATION,92644,https://www.sociolla.com/liquid-foundation/64302-flawless-longwear-foundation,0,0,0,quota_limit_reached
342_focallure,PERFECTION VELVET BLUSH,92637,https://www.sociolla.com/blush/64295-perfection-velvet-blush,0,0,0,quota_limit_reached
342_focallure,CHOCOLATE SOLEIL MATTE BRONZER,92635,https://www.sociolla.com/bronzer/64293-chocolate-soleil-matte-bronzer,0,0,0,quota_limit_reached
342_focallure,SHIMMERING SKIN PRESSED HIGHLIGHTER,92636,https://www.sociolla.com/highlighter/64294-shimmering-skin-pressed-highlighter,0,0,0,quota_limit_reached
342_focallure,Plump High Shine Lip Glow,84802,https://www.sociolla.com/lip-gloss/56460-plump-high-shine-lip-glow,0,0,0,quota_limit_reached
342_focallure,ALL-IN-ONE CONCEALER PALETTE,92646,https://www.sociolla.com/default-category/64304-all-in-one-concealer-palette,0,0,0,quota_limit_reached
342_focallure,Staymax Matte Lip Ink,84796,https://www.sociolla.com/lip-cream/56454-staymax-matte-lip-ink,0,0,0,quota_limit_reached
342_focallure,ULTRA MATTE LIQUID LIPSTICK,92642,https://www.sociolla.com/lipstick/64300-ultra-matte-liquid-lipstick,0,0,0,quota_limit_reached
342_focallure,SILKY LIP CREAM,92654,https://www.sociolla.com/default-category/64312-silky-lip-cream,0,0,0,quota_limit_reached
342_focallure,BRIGHTENING SHEET FACE MASK,92658,https://www.sociolla.com/sheet-mask/64316-brightening-sheet-face-mask,0,0,0,quota_limit_reached
342_focallure,SILKY SHAPING EYEBROW PENCIL,92631,https://www.sociolla.com/eyebrows/64289-silky-shaping-eyebrow-pencil,0,0,0,quota_limit_reached
342_focallure,PRRESSED POWDER,30859,https://www.sociolla.com/pressed-powder/10135-pressed-powder,0,0,0,quota_limit_reached
342_focallure,ACNE PIMPLE PATCH,92626,https://www.sociolla.com/acne-pimple-patch/64284-acne-pimple-patch,0,0,0,quota_limit_reached
342_focallure,BLURMAX PORE-MINIMIZE PRIMER,92710,https://www.sociolla.com/makeup/64368-blurmax-pore-minimize-primer,0,0,0,quota_limit_reached
342_focallure,LONGLASTING CUSHION FOUNDATION,92623,https://www.sociolla.com/cushion/64281-longlasting-cushion-foundation,0,0,0,quota_limit_reached
342_focallure,GLOW MAX HYDRATING PRIMER,92617,https://www.sociolla.com/face-primer/64275-glow-max-hydrating-primer,0,0,0,quota_limit_reached
342_focallure,SUPERFINE LIQUID EYELINER,92707,https://www.sociolla.com/makeup/64365-superfine-liquid-eyeliner,0,0,0,quota_limit_reached
638_for-skins-sake,Premium Round Cotton Pads by FSS,35472,https://www.sociolla.com/cotton-pad/13638-premium-round-cotton-pads-by-fss,0,0,0,quota_limit_reached
638_for-skins-sake,A Total Cleanse Kit - Bloom,106570,https://www.sociolla.com/facial-tools/78228-a-total-cleanse-kit-bloom,0,0,0,quota_limit_reached
638_for-skins-sake,Glycolic Acid Gel 10% with Tranexamic Acid,103691,https://www.sociolla.com/face-gel/75349-glycolic-acid-gel-10-with-tranexamic-acid,0,0,0,quota_limit_reached
638_for-skins-sake,A Total Cleanse Kit - Palm Beach,106571,https://www.sociolla.com/facial-tools/78229-a-total-cleanse-kit-palm-beach,0,0,0,quota_limit_reached
638_for-skins-sake,A Total Cleanse Kit - Gardenia,106569,https://www.sociolla.com/facial-tools/78227-a-total-cleanse-kit-gardenia,0,0,0,quota_limit_reached
638_for-skins-sake,Day-to-Day Beauty Pack,106568,https://www.sociolla.com/facial-tools/78226-day-to-day-beauty-pack,0,0,0,quota_limit_reached
638_for-skins-sake,Premium Round Cotton Pads (5 Packs),71664,https://www.sociolla.com/cotton-pad/24844-premium-round-cotton-pads-5-packs,0,0,0,quota_limit_reached
638_for-skins-sake,Premium Round Cotton Pads (3 Packs),70259,https://www.sociolla.com/cotton-pad/16750-premium-round-cotton-pads-buy-2-get-1-free,0,0,0,quota_limit_reached
638_for-skins-sake,The Glorious Set,106563,https://www.sociolla.com/facial-tools/78221-the-glorious-set,0,0,0,quota_limit_reached
638_for-skins-sake,Mandelic Acid Gel 5% with Niacinamide,103689,https://www.sociolla.com/face-gel/75347-mandelic-acid-gel-5-with-niacinamide,0,0,0,quota_limit_reached
638_for-skins-sake,Weightless Sunscreen SPF 50 PA ++++ [New Formula],98025,https://www.sociolla.com/sunscreen/69683-weightless-sunscreen-spf-50-pa,0,0,0,quota_limit_reached
638_for-skins-sake,Jade Roller by FSS,35474,https://www.sociolla.com/facial-tools/13636-jade-roller-by-fss,0,0,0,quota_limit_reached
638_for-skins-sake,Velvet Sunscreen SPF 50 PA ++++,97039,https://www.sociolla.com/sunscreen/68697-velvet-sunscreen-spf-50-pa,0,0,0,quota_limit_reached
638_for-skins-sake,Duo Mini Sunscreen,102326,https://www.sociolla.com/sunscreen/73984-duo-mini-sunscreen,0,0,0,quota_limit_reached
638_for-skins-sake,Lactic Acid Gel 10% with Alpha Arbutin,103690,https://www.sociolla.com/face-gel/75348-lactic-acid-gel-10-with-alpha-arbutin,0,0,0,quota_limit_reached
638_for-skins-sake,Rose Roller by FSS,35476,https://www.sociolla.com/facial-tools/13637-rose-roller-by-fss,0,0,0,quota_limit_reached
638_for-skins-sake,Rosy Glam,106565,https://www.sociolla.com/facial-tools/78223-rosy-glam,0,0,0,quota_limit_reached
638_for-skins-sake,Greeny Glam,106564,https://www.sociolla.com/facial-tools/78222-greeny-glam,0,0,0,quota_limit_reached
638_for-skins-sake,Pink Essentials Bundle,106567,https://www.sociolla.com/facial-tools/78225-pink-essentials-bundle,0,0,0,quota_limit_reached
638_for-skins-sake,Green Essentials Bundle,106566,https://www.sociolla.com/facial-tools/78224-green-essentials-bundle,0,0,0,quota_limit_reached
638_for-skins-sake,Jade Roller + Vitamin C Serum + Cleanser,95508,https://www.sociolla.com/skincare/67166-jade-roller-vitamin-c-serum-cleanser,0,0,0,quota_limit_reached
638_for-skins-sake,Double Retinol Kit,82439,https://www.sociolla.com/default-category/54097-double-retinol-kit,0,0,0,quota_limit_reached
638_for-skins-sake,Ultra Thin Toning Pads,92921,https://www.sociolla.com/scrub-exfoliator/64579-ultra-thin-toning-pads,0,0,0,quota_limit_reached
638_for-skins-sake,Vitamin C Serum by FSS,23276,https://www.sociolla.com/default-category/13603-vitamin-c-serum-by-fss,0,0,0,quota_limit_reached
638_for-skins-sake,Rose Roller + Hyaluronic Acid Serum + Cleanser,95507,https://www.sociolla.com/skincare/67165-rose-roller-hyaluronic-acid-serum-cleanser,0,0,0,quota_limit_reached
638_for-skins-sake,Retinol Overnight Cream by FSS,35742,https://www.sociolla.com/face-cream-lotion/13976-retinol-overnight-cream-by-fss,0,0,0,quota_limit_reached
638_for-skins-sake,Hyaluronic Acid Serum by FSS,23275,https://www.sociolla.com/face-serum/13602-hyaluronic-acid-serum-by-fss,0,0,0,quota_limit_reached
638_for-skins-sake,Hyaluronic Acid Serum + Matrixyl Eye Gel Set,71663,https://www.sociolla.com/default-category/24843-hyaluronic-acid-serum-matrixyl-eye-gel-set,0,0,0,quota_limit_reached
638_for-skins-sake,Hyaluronic Acid Serum + Vitamin C Serum,82438,https://www.sociolla.com/skin-care-set/54096-hyaluronic-acid-serum-vitamin-c-serum,0,0,0,quota_limit_reached
15555_fordive,Atlantis,98257,https://www.sociolla.com/eau-de-parfum/69915-atlantis,0,0,0,quota_limit_reached
15555_fordive,1970,98258,https://www.sociolla.com/eau-de-parfum/69916-1970,0,0,0,quota_limit_reached
15555_fordive,Feeling Good,98255,https://www.sociolla.com/eau-de-parfum/69913-feeling-good,0,0,0,quota_limit_reached
778_freeman-beauty,Marble Pore Cleansing Peel Off Mask 14ml Sachet,93029,https://www.sociolla.com/peel-off-mask/64687-marble-pore-cleansing-peel-off-mask-14ml-sachet,0,0,0,quota_limit_reached
778_freeman-beauty,Indonesian Coconut Face Scrub 175ml,93030,https://www.sociolla.com/scrub-exfoliator/64688-indonesian-coconut-face-scrub-175ml,0,0,0,quota_limit_reached
15555_fordive,Love Yourself,98256,https://www.sociolla.com/eau-de-parfum/69914-love-yourself,0,0,0,quota_limit_reached
778_freeman-beauty,Feeling Beautiful Renewing Cucumber Peel-Off Gel Mask 15ml Sachet,93026,https://www.sociolla.com/peel-off-mask/64684-feeling-beautiful-renewing-cucumber-peel-off-gel-mask-15ml-sachet,0,0,0,quota_limit_reached
778_freeman-beauty,Feeling Beautiful Polishing Charcoal & Black Sugar Gel Mask & Scrub 175ml,19797,https://www.sociolla.com/wash-off-mask/16924-feeling-beautiful-polishing-charcoal-and-black-sugar-gel-mask-and-scrub,0,0,0,quota_limit_reached
778_freeman-beauty,Feeling Beautiful Hydrating Glacier Water and Pink Peony Gel Cream Mask 15ml Sachet,93028,https://www.sociolla.com/sleeping-mask/64686-feeling-beautiful-hydrating-glacier-water-and-pink-peony-gel-cream-mask-15ml-sachet,0,0,0,quota_limit_reached
778_freeman-beauty,Indian Turmeric Gel Cream Mask 175ml,96659,https://www.sociolla.com/sleeping-mask/68317-indian-turmeric-gel-cream-mask-175ml,0,0,0,quota_limit_reached
778_freeman-beauty,Feeling Beautiful Anti-Stress Dead Sea Minerals Clay Mask 15ml Sachet,93027,https://www.sociolla.com/clay-mask/64685-feeling-beautiful-anti-stress-dead-sea-minerals-clay-mask-15ml-sachet,0,0,0,quota_limit_reached
778_freeman-beauty,Feeling Beautiful Hydrating Glacier Water and Pink Peony Gel Cream Mask 175ml,31174,https://www.sociolla.com/sleeping-mask/16929-feeling-beautiful-hydrating-glacier-water-and-pink-peony-gel-cream-mask,0,0,0,quota_limit_reached
778_freeman-beauty,French Pink Clay Peel Off Mask 175ml,96658,https://www.sociolla.com/peel-off-mask/68316-french-pink-clay-peel-off-mask-175ml,0,0,0,quota_limit_reached
778_freeman-beauty,Feeling Beautiful Deep Clearing Manuka Honey & Tea Tree Oil Clay Mask and Cleanser 175ml,19804,https://www.sociolla.com/clay-mask/16933-feeling-beautiful-deep-clearing-manuka-honey-and-tea-tree-oil-clay-mask-and-cleanser,0,0,0,quota_limit_reached
778_freeman-beauty,Feeling Beautiful Oil Absorbing Mint & Lemon Clay Mask 175ml,19807,https://www.sociolla.com/clay-mask/16930-feeling-beautiful-oil-absorbing-mint-and-lemon-clay-mask,0,0,0,quota_limit_reached
778_freeman-beauty,Feeling Beautiful Renewing Cucumber Peel-Off Gel Mask 175ml,19805,https://www.sociolla.com/peel-off-mask/16926-feeling-beautiful-renewing-cucumber-peel-off-gel-mask,0,0,0,quota_limit_reached
778_freeman-beauty,Feeling Beautiful Purifying Avocado & Oatmeal Clay Mask 175ml,19799,https://www.sociolla.com/clay-mask/16923-feeling-beautiful-purifying-avocado-and-oatmeal-clay-mask,0,0,0,quota_limit_reached
778_freeman-beauty,Hawaiian Black Salt Peel Off Mask 175ml,96660,https://www.sociolla.com/peel-off-mask/68318-hawaiian-black-salt-peel-off-mask-175ml,0,0,0,quota_limit_reached
778_freeman-beauty,Deep Cleansing Green Tea Body Sugar Scrub 175ml,93031,https://www.sociolla.com/body-scrub-exfoliants/64689-deep-cleansing-green-tea-body-sugar-scrub-175ml,0,0,0,quota_limit_reached
778_freeman-beauty,Freeman Bundle Acne Series Vol.1 Mask,97063,https://www.sociolla.com/clay-mask/68721-freeman-bundle-acne-series-vol-1-mask,0,0,0,quota_limit_reached
778_freeman-beauty,Charcoal + Sea Salt Sheet Mask,96638,https://www.sociolla.com/sheet-mask/68296-charcoal-sea-salt-sheet-mask,0,0,0,quota_limit_reached
778_freeman-beauty,Feeling Beautiful Soothing Watermelon & Aloe Cooling Gel Mask 175ml,93024,https://www.sociolla.com/wash-off-mask/64682-feeling-beautiful-soothing-watermelon-and-aloe-cooling-gel-mask-175ml,0,0,0,quota_limit_reached
778_freeman-beauty,Feeling Beautiful Clearing Sweet Tea & Lemon Peel-Off Clay Mask 175ml,19801,https://www.sociolla.com/clay-mask/16932-feeling-beautiful-clearing-sweet-tea-and-lemon-peel-off-clay-mask,0,0,0,quota_limit_reached
778_freeman-beauty,Freeman Bundle Unwind Mask,97067,https://www.sociolla.com/clay-mask/68725-freeman-bundle-unwind-mask,0,0,0,quota_limit_reached
778_freeman-beauty,"Freeman Bundle Bye, Pores! Mask",97066,https://www.sociolla.com/clay-mask/68724-freeman-bundle-bye-pores-mask,0,0,0,quota_limit_reached
778_freeman-beauty,Pore Cleansing Strawberry + Mint Sheet Mask,96634,https://www.sociolla.com/sheet-mask/68292-pore-cleansing-strawberry-mint-sheet-mask,0,0,0,quota_limit_reached
778_freeman-beauty,Hydrating Aloe + Seaberry Sheet Mask,96623,https://www.sociolla.com/sheet-mask/68281-hydrating-aloe-seaberry-sheet-mask,0,0,0,quota_limit_reached
778_freeman-beauty,Feeling Beautiful Detoxifying Charcoal & Black Sugar Mud Mask 175ml,19798,https://www.sociolla.com/wash-off-mask/16925-feeling-beautiful-detoxifying-charcoal-and-black-sugar-mud-mask,0,0,0,quota_limit_reached
778_freeman-beauty,Feeling Beautiful Cleansing Apple Cider Vinegar Clay Mask and Scrub 175ml,19802,https://www.sociolla.com/clay-mask/16922-feeling-beautiful-cleansing-apple-cider-vinegar-clay-mask-and-scrub,0,0,0,quota_limit_reached
778_freeman-beauty,Hydrating Strawberry Milk Body Sugar Scrub 175ml,93032,https://www.sociolla.com/body-scrub-exfoliants/64690-hydrating-strawberry-milk-body-sugar-scrub-175ml,0,0,0,quota_limit_reached
778_freeman-beauty,Bare Foot Hydrating Peppermint & Plum Foot Lotion 150ml,93034,https://www.sociolla.com/hand-foot-cream/64692-bare-foot-hydrating-peppermint-and-plum-foot-lotion-150ml,0,0,0,quota_limit_reached
778_freeman-beauty,Bare Foot Repairing Cracked Heels Neem Oil & Shea Butter Foot Treatment 100ml,93037,https://www.sociolla.com/hand-foot-cream/64695-bare-foot-repairing-cracked-heels-neem-oil-and-shea-butter-foot-treatment-100ml,0,0,0,quota_limit_reached
778_freeman-beauty,Barefoot Healing Overnight Foot Treatment 124ml,93036,https://www.sociolla.com/hand-foot-cream/64694-barefoot-healing-overnight-foot-treatment-124ml,0,0,0,quota_limit_reached
778_freeman-beauty,Feeling Beautiful Anti-Stress Dead Sea Minerals Clay Mask 175ml,19806,https://www.sociolla.com/clay-mask/16927-feeling-beautiful-anti-stress-dead-sea-minerals-clay-mask,0,0,0,quota_limit_reached
307_garnier,Men Acno Fight Scrub In Foam Skin Care,74394,https://www.sociolla.com/scrub-exfoliator/27574-men-acno-fight-scrub-in-foam-skin-care,0,0,0,quota_limit_reached
307_garnier,Micellar Water Vitamin C,83848,https://www.sociolla.com/makeup-remover/55506-micellar-cleansing-water-vitamin-c,0,0,0,quota_limit_reached
307_garnier,Hydrabomb Serum Mask,19764,https://www.sociolla.com/sheet-mask/9262-serum-mask,0,0,0,quota_limit_reached
307_garnier,Bright Complete Vitamin C 30X Booster Serum,63861,https://www.sociolla.com/face-serum/16738-light-complete-vitamin-c-30x-booster-serum,0,0,0,quota_limit_reached
307_garnier,Men Turbolight Oil Control Matcha Gel,74408,https://www.sociolla.com/face-wash/27588-men-turbolight-oil-control-matcha-gel,0,0,0,quota_limit_reached
307_garnier,Fructis Hair Food 3 in 1 Aloe Vera Hair Mask,89081,https://www.sociolla.com/hair-mask/60739-fructis-hair-food-3-in-1-aloe-vera-hair-mask,0,0,0,quota_limit_reached
307_garnier,Men Acno Fight Peel Off Mask,74404,https://www.sociolla.com/peel-off-mask/27584-acno-fight-peel-off-mask,0,0,0,quota_limit_reached
307_garnier,Clinical Ampoule Mask Anti-Spot,89196,https://www.sociolla.com/sheet-mask/60854-clinical-ampoule-mask-anti-spot,0,0,0,quota_limit_reached
307_garnier,Clinical Ampoule Mask Replumping,89197,https://www.sociolla.com/sheet-mask/60855-clinical-ampoule-mask-replumping,0,0,0,quota_limit_reached
307_garnier,Bright Complete Vitamin C Ampoule Serum,95668,https://www.sociolla.com/ampoule/67326-bright-complete-vitamin-c-ampoule-serum,0,0,0,quota_limit_reached
307_garnier,Hyaluron Starter kit X Chelsea Islan,85383,https://www.sociolla.com/skincare/57041-garnier-hyaluron-starter-kit-x-chelsea-islan,0,0,0,quota_limit_reached
307_garnier,Bright Complete Clear Up Anti Acne Serum Mask,87276,https://www.sociolla.com/sheet-mask/58934-bright-complete-clear-up-anti-acne-serum-mask,0,0,0,quota_limit_reached
307_garnier,Eye Serum Mask Orange,73840,https://www.sociolla.com/default-category/27020-eye-serum-mask-orange,0,0,0,quota_limit_reached
307_garnier,2X Power Serum Mask,97020,https://www.sociolla.com/sheet-mask/68678-garnier-2x-power-serum-mask,0,0,0,quota_limit_reached
307_garnier,Garnier Light Complete White Speed Serum Cream Extra SPF 19/PA+++,19469,https://www.sociolla.com/default-category/8868-garnier-light-complete-white-speed-serum-cream-extra-spf-19-pa,0,0,0,quota_limit_reached
307_garnier,Men Turbo Light Oil Control 3 in 1 Charcoal,74399,https://www.sociolla.com/face-wash/27579-men-turbo-light-oil-control-3-in-1-charcoal,0,0,0,quota_limit_reached
307_garnier,Clinical Ampoule Mask Detox,89149,https://www.sociolla.com/sheet-mask/60807-clinical-ampoule-mask-detox,0,0,0,quota_limit_reached
307_garnier,Sakura Night Cream,19467,https://www.sociolla.com/face-cream-lotion/8866-sakura-night-cream,0,0,0,quota_limit_reached
307_garnier,Sakura White Whip Foam,35690,https://www.sociolla.com/face-wash/13888-sakura-white-whip-foam,0,0,0,quota_limit_reached
307_garnier,Pure Active Sensitive Gel,30835,https://www.sociolla.com/cleansing-gel/8950-pure-active-sensitive-gel,0,0,0,quota_limit_reached
307_garnier,Men Turbolight Oil Control Brightening Icy Scrub Skin Care,74398,https://www.sociolla.com/default-category/27578-men-turbolight-oil-control-brightening-icy-scrub-skin-care,0,0,0,quota_limit_reached
307_garnier,Men Neril Loss Guard Hair Fall Treatment Shampoo,76125,https://www.sociolla.com/shampoo/47783-garnier-men-neril-loss-guard-hair-fall-treatment-shampoo,0,0,0,quota_limit_reached
307_garnier,Light Complete Night Yoghurt,19470,https://www.sociolla.com/face-cream-lotion/8869-garnier-light-complete-night-yoghurt,0,0,0,quota_limit_reached
307_garnier,Sakura Serum Day Cream,19463,https://www.sociolla.com/face-cream-lotion/8862-sakura-serum-day-cream-spf-21,0,0,0,quota_limit_reached
307_garnier,Men Turbolight Oil Control Cooling Foam,74396,https://www.sociolla.com/face-wash/27576-men-turbolight-oil-control-cooling-foam,0,0,0,quota_limit_reached
307_garnier,Men Serum Mask Power White Skin Care,74406,https://www.sociolla.com/sheet-mask/27586-serum-mask-men-power-white-skin-care,0,0,0,quota_limit_reached
307_garnier,Men Power White Super Duo Foam,74395,https://www.sociolla.com/face-wash/27575-men-power-white-super-duo-foam,0,0,0,quota_limit_reached
307_garnier,Bright Complete Whip Foam,95670,https://www.sociolla.com/cleansing-cream/67328-bright-complete-whip-foam,0,0,0,quota_limit_reached
307_garnier,Men Acno Fight Wasabi Brightening Foam,74393,https://www.sociolla.com/face-wash/27573-men-acno-fight-wasabi-brightening-foam,0,0,0,quota_limit_reached
307_garnier,Sakura Glow Hyaluron Water - Glow Essence,85380,https://www.sociolla.com/essence/57038-garnier-sakura-glow-hyaluron-water-glow-essence,0,0,0,quota_limit_reached
307_garnier,Micellar Water Biphase,19485,https://www.sociolla.com/micellar-water/8861-micellar-water-biphase,0,0,0,quota_limit_reached
307_garnier,Pure Charcoal Serum Mask Black Algae,34216,https://www.sociolla.com/sheet-mask/11436-pure-charcoal-black-algae,0,0,0,quota_limit_reached
307_garnier,Fructis Hair Food Macadamia Shampoo,89082,https://www.sociolla.com/shampoo/60740-fructis-hair-food-macadamia-shampoo,0,0,0,quota_limit_reached
307_garnier,Serum Mask Sakura White Water-Glow,82745,https://www.sociolla.com/sheet-mask/54403-garnier-serum-mask-sakura-white-water-glow,0,0,0,quota_limit_reached
307_garnier,Color Naturals Hair Color Cat Rambut,20721,https://www.sociolla.com/hair-color/36029-garnier-color-naturals-hair-color-cat-rambut,0,0,0,quota_limit_reached
307_garnier,Fructis Hair Food Aloe Vera Shampoo,89083,https://www.sociolla.com/shampoo/60741-fructis-hair-food-aloe-vera-shampoo,0,0,0,quota_limit_reached
307_garnier,Micellar Water,19471,https://www.sociolla.com/makeup-remover/8871-garnier-micellar-water,0,0,0,quota_limit_reached
307_garnier,Color Naturals Ultra Color Cat Rambut,70730,https://www.sociolla.com/hair-color/23910-ultra-color,0,0,0,quota_limit_reached
307_garnier,Bright Complete Super UV Spot Proof Sunscreen,78782,https://www.sociolla.com/sunscreen/50440-garnier-light-complete-super-uv-spot-proof-sunscreen,0,0,0,quota_limit_reached
307_garnier,Serum Mask Light Complete,34241,https://www.sociolla.com/sheet-mask/11450-serum-mask-light-complete,0,0,0,quota_limit_reached
307_garnier,Fructis Hair Food Banana Shampoo,89084,https://www.sociolla.com/shampoo/60742-fructis-hair-food-banana-shampoo,0,0,0,quota_limit_reached
307_garnier,Serum Mask Bright Up,35437,https://www.sociolla.com/sheet-mask/13522-garnier-serum-mask-bright-up,0,0,0,quota_limit_reached
307_garnier,Fructis Hair Food Macadamia Conditioner,89087,https://www.sociolla.com/conditioner/60745-fructis-hair-food-macadamia-conditioner,0,0,0,quota_limit_reached
307_garnier,Fructis Hair Food Aloe Vera Conditioner,89086,https://www.sociolla.com/conditioner/60744-fructis-hair-food-aloe-vera-conditioner,0,0,0,quota_limit_reached
307_garnier,Garnier Hydrabomb Serum Mask Lavender,34213,https://www.sociolla.com/sheet-mask/11434-hydrabomb-lavender-oil,0,0,0,quota_limit_reached
307_garnier,Sakura Cleanser,19466,https://www.sociolla.com/face-wash/8865-sakura-cleanser,0,0,0,quota_limit_reached
307_garnier,Men Neril Loss Guard Hair Fall Treatment Tonic,76126,https://www.sociolla.com/hair-tonic/47784-garnier-men-neril-loss-guard-hair-fall-treatment-tonic,0,0,0,quota_limit_reached
307_garnier,Bright Complete Anti Acne Booster Serum,96863,https://www.sociolla.com/face-serum/68521-garnier-bright-complete-anti-acne-booster-serum,0,0,0,quota_limit_reached
1131_gentle-hour,Call It A Day Cleansing Balm,82109,https://www.sociolla.com/cleansing-balm/53767-call-it-a-day-cleansing-balm,0,0,0,quota_limit_reached
1131_gentle-hour,Lip It Up Nourishing Lip Oil,102604,https://www.sociolla.com/lip-gloss/74262-lip-it-up-nourishing-lip-oil,0,0,0,quota_limit_reached
1131_gentle-hour,Clean Start Hydrating Jelly Cleanser Twinpack,109079,https://www.sociolla.com/skin-care-set/80737-clean-start-hydrating-jelly-cleanser-twinpack,0,0,0,quota_limit_reached
1131_gentle-hour,Clean Start Hydrating Jelly Cleanser,82110,https://www.sociolla.com/face-wash/53768-clean-start-hydrating-jelly-cleanser,0,0,0,quota_limit_reached
1131_gentle-hour,Call It A Day Cleansing Balm Twin Pack,109070,https://www.sociolla.com/skin-care-set/80728-call-it-a-day-cleansing-balm-twin-pack,0,0,0,quota_limit_reached
1131_gentle-hour,Gentle Hour Lip It Up Nourishing Lip Oil Bundle,102610,https://www.sociolla.com/lip-gloss/74268-gentle-hour-lip-it-up-nourishing-lip-oil-bundle,0,0,0,quota_limit_reached
1131_gentle-hour,Cleansing Duo,82493,https://www.sociolla.com/default-category/54151-cleansing-duo,0,0,0,quota_limit_reached
1386_gillette,GILLETTE Venus Sensitive Razor 3s,74802,https://www.sociolla.com/default-category/27982-gillette-venus-sensitive-razor-3s,0,0,0,quota_limit_reached
1386_gillette,Gillette Venus Alat Cukur Wanita Snap Extra Smooth Razor Isi Ulang,87253,https://www.sociolla.com/default-category/58911-gillette-venus-alat-cukur-wanita-snap-extra-smooth-razor-isi-ulang,0,0,0,quota_limit_reached
1386_gillette,Venus Comfort Glide White Tea Razor 2s (New Packaging),87095,https://www.sociolla.com/default-category/58753-venus-comfort-glide-white-tea-razor-2s-new-packaging,0,0,0,quota_limit_reached
1386_gillette,Gillette Pisau Cukur Wanita Simply Venus - Isi 4,74798,https://www.sociolla.com/shaver-and-clipper/27978-gillette-pisau-cukur-wanita-simply-venus-isi-4,0,0,0,quota_limit_reached
1386_gillette,Gilllette Venus Alat Cukur Wanita Smooth Razor Pisau Cukur Isi Ulang,86001,https://www.sociolla.com/default-category/57659-gilllette-venus-alat-cukur-wanita-smooth-razor-pisau-cukur-isi-ulang,0,0,0,quota_limit_reached
1386_gillette,Gillette Foamy Shave Cream Lemon Lime,74749,https://www.sociolla.com/shaving-cream-gel/27929-gillette-foamy-shave-cream-lemon-lime,0,0,0,quota_limit_reached
1386_gillette,Gillette Foamy Shave Cream Menthol,74750,https://www.sociolla.com/shaving-cream-gel/27930-gillette-foamy-shave-cream-menthol,0,0,0,quota_limit_reached
1386_gillette,Gillette Pisau Cukur Blue 3 Biru - Isi 4,74788,https://www.sociolla.com/shaver-clipper/27968-gillette-pisau-cukur-blue-3-biru-isi-4,0,0,0,quota_limit_reached
1386_gillette,Gillete Mach 3 Turbo 3D Alat Cukur +4 Refill+ Free Cover Pisau Cukur,87345,https://www.sociolla.com/default-category/59003-gillete-mach-3-turbo-3d-alat-cukur-4-refill-free-cover-pisau-cukur,0,0,0,quota_limit_reached
1386_gillette,Gillette Venus Krim Alat Cukur Wanita Satin Care Aloe Vera,87252,https://www.sociolla.com/default-category/58910-gillette-venus-krim-alat-cukur-wanita-satin-care-aloe-vera,0,0,0,quota_limit_reached
1386_gillette,Gillette Isi Ulang Fusion Proglide - Isi 4,74782,https://www.sociolla.com/shaver-clipper/27962-gillette-isi-ulang-fusion-proglide-isi-4,0,0,0,quota_limit_reached
1386_gillette,Gillette Pisau Cukur Mach 3 Turbo,74795,https://www.sociolla.com/shaver-and-clipper/27975-gillette-pisau-cukur-mach-3-turbo,0,0,0,quota_limit_reached
1386_gillette,Gillette Isi Ulang Mach 3 - Isi 4,74783,https://www.sociolla.com/shaver-clipper/27963-gillette-isi-ulang-mach-3-isi-4,0,0,0,quota_limit_reached
1386_gillette,Isi Ulang Fusion Proglide Isi 4X2,79392,https://www.sociolla.com/default-category/51050-isi-ulang-fusion-proglide-isi-4x2,0,0,0,quota_limit_reached
1386_gillette,Gillette Pisau Cukur Fusion Proglide Base Flexball,74793,https://www.sociolla.com/shaver-clipper/27973-gillette-pisau-cukur-fusion-proglide-base-flexball,0,0,0,quota_limit_reached
1386_gillette,Gilllette Venus Alat Cukur Wanita Comfortglide Olay Razor Pisau Cukur Isi Ulang,86003,https://www.sociolla.com/razor/57661-gilllette-venus-alat-cukur-wanita-comfortglide-olay-razor-pisau-cukur-isi-ulang,0,0,0,quota_limit_reached
1386_gillette,GILLETTE Simply Venus Hybrid 4up,74799,https://www.sociolla.com/default-category/27979-gillette-simply-venus-hybrid-4up,0,0,0,quota_limit_reached
1386_gillette,Gillette Isi Ulang Mach 3 Turbo - Isi 4,74967,https://www.sociolla.com/shaver-clipper/28147-gillette-isi-ulang-mach-3-turbo-isi-4,0,0,0,quota_limit_reached
1386_gillette,Isi Ulang Mach 3 Isi 4X2,79389,https://www.sociolla.com/default-category/51047-isi-ulang-mach-3-isi-4x2,0,0,0,quota_limit_reached
1386_gillette,Gillette Gel Shave Moisture,74752,https://www.sociolla.com/default-category/27932-gillette-gel-shave-moisture,0,0,0,quota_limit_reached
1386_gillette,Cartridge Mach 3 Turbo Isi 4 X2,79390,https://www.sociolla.com/default-category/51048-cartridge-mach-3-turbo-isi-4-x2,0,0,0,quota_limit_reached
1386_gillette,Gilllette Venus Alat Cukur Wanita Extra Smooth Razor Pisau Cukur Isi Ulang,86002,https://www.sociolla.com/razor/57660-gilllette-venus-alat-cukur-wanita-extra-smooth-razor-pisau-cukur-isi-ulang,0,0,0,quota_limit_reached
15684_glad2glow,Centella 2% Salicylic Acid Overnight Acne Spot Treatment,106377,https://www.sociolla.com/acne-treatment-sealing-gel-cream/78035-centella-2-salicylic-acid-overnight-acne-spot-treatment,0,0,0,quota_limit_reached
15684_glad2glow,Light Sunscreen Spf50 Pa+++,106378,https://www.sociolla.com/sunscreen/78036-light-sunscreen-spf50-pa,0,0,0,quota_limit_reached
15684_glad2glow,Yuja Symwhite 377 Dark Spot Moisturizer,107855,https://www.sociolla.com/face-cream-lotion/79513-yuja-symwhite-377-dark-spot-moisturizer,0,0,0,quota_limit_reached
15684_glad2glow,Centella Allantoin Soothing Gel Moisturizer,106382,https://www.sociolla.com/face-gel/78040-centella-allantoin-soothing-gel-moisturizer,0,0,0,quota_limit_reached
15684_glad2glow,Centella 2% Salicylic Acid Power Acne Serum,106372,https://www.sociolla.com/face-serum/78030-centella-2-salicylic-acid-power-acne-serum,0,0,0,quota_limit_reached
15684_glad2glow,Volcano 3D Acid Pore Clay Mask,108578,https://www.sociolla.com/clay-mask/80236-volcano-3d-acid-pore-clay-mask,0,0,0,quota_limit_reached
15684_glad2glow,Blueberry 5% Ceramide Moisturizer,106374,https://www.sociolla.com/face-cream-lotion/78032-blueberry-5-ceramide-moisturizer,0,0,0,quota_limit_reached
15684_glad2glow,Pomegranate 5% Niacinamide Brightening Moisturizer,106525,https://www.sociolla.com/face-gel/78183-pomegranate-5-niacinamide-brightening-moisturizer,0,0,0,quota_limit_reached
15684_glad2glow,Centella Salicylic Acid Night Acne Patch,106380,https://www.sociolla.com/acne-pimple-patch/78038-centella-salicylic-acid-night-acne-patch,0,0,0,quota_limit_reached
15684_glad2glow,Centella Salicylic Acid Day Acne Patch,106381,https://www.sociolla.com/acne-pimple-patch/78039-centella-salicylic-acid-day-acne-patch,0,0,0,quota_limit_reached
15684_glad2glow,Volcano 3D Acid Pore Clay Stick,108577,https://www.sociolla.com/clay-mask/80235-volcano-3d-acid-pore-clay-stick,0,0,0,quota_limit_reached
15684_glad2glow,Centella 2% Ceramide Soothing Toner,106370,https://www.sociolla.com/toner/78028-centella-2-ceramide-soothing-toner,0,0,0,quota_limit_reached
15684_glad2glow,Milk Amino Acids Gentle Cleanser,107856,https://www.sociolla.com/face-wash/79514-milk-amino-acids-gentle-cleanser,0,0,0,quota_limit_reached
15684_glad2glow,Mugwort Salicylic Acid Acne Clay Stick,106379,https://www.sociolla.com/clay-mask/78037-mugwort-salicylic-acid-acne-clay-stick,0,0,0,quota_limit_reached
15684_glad2glow,Blackberry Aha Bha Pha Daily Exfoliating Toner,106371,https://www.sociolla.com/toner/78029-blackberry-aha-bha-pha-daily-exfoliating-toner,0,0,0,quota_limit_reached
15684_glad2glow,Real Mugwort Salicylic Acid Acne Control Clay Mask,106375,https://www.sociolla.com/clay-mask/78033-real-mugwort-salicylic-acid-acne-control-clay-mask,0,0,0,quota_limit_reached
15659_glamfix,Maxi Curl Lash Curler,105097,https://www.sociolla.com/default-category/76755-maxi-curl-lash-curler,0,0,0,quota_limit_reached
15684_glad2glow,Pomegranate 10% Niacinamide Power Bright Serum,106373,https://www.sociolla.com/face-serum/78031-pomegranate-10-niacinamide-power-bright-serum,0,0,0,quota_limit_reached
15684_glad2glow,Blueberry Ceramide Low Ph Gel Cleanser,107857,https://www.sociolla.com/face-wash/79515-blueberry-ceramide-low-ph-gel-cleanser,0,0,0,quota_limit_reached
15684_glad2glow,Berry Peptide Brightening Eye Cream,106376,https://www.sociolla.com/eye-cream/78034-berry-peptide-brightening-eye-cream,0,0,0,quota_limit_reached
15684_glad2glow,Yuja Symwhite 377 Dark Spot Serum,106505,https://www.sociolla.com/face-serum/78163-yuja-symwhite-377-dark-spot-serum,0,0,0,quota_limit_reached
15659_glamfix,Eyebrow Trimmer,87293,https://www.sociolla.com/eyebrows/58951-glamfix-eyebrow-timmer,0,0,0,quota_limit_reached
15659_glamfix,Flawless Powder Brush,105083,https://www.sociolla.com/face-brushes/76741-flawless-powder-brush,0,0,0,quota_limit_reached
15659_glamfix,Fabulous Beauty Sponge Complete Sculpture,83548,https://www.sociolla.com/sponge-applicators/55206-glam-fix-fabulous-beauty-sponge-complete-sculpture,0,0,0,quota_limit_reached
15659_glamfix,Camelia Loose Powder Puff,83593,https://www.sociolla.com/sponge-applicators/55251-glam-fix-camelia-loose-powder-puff,0,0,0,quota_limit_reached
15659_glamfix,Excellent Brush Set,83584,https://www.sociolla.com/brush-set/55242-glam-fix-excellent-brush-set,0,0,0,quota_limit_reached
15659_glamfix,Flawless Aircushion Puff,105085,https://www.sociolla.com/sponge-applicators/76743-flawless-aircushion-puff,0,0,0,quota_limit_reached
15659_glamfix,Professional Aircushion Puff,83594,https://www.sociolla.com/sponge-applicators/55252-glam-fix-professional-aircushion-puff,0,0,0,quota_limit_reached
15659_glamfix,GLAMFIX Perfect Blink Lashes Natural 03 New,105100,https://www.sociolla.com/false-eyelashes/76758-glamfix-perfect-blink-lashes-natural-03-new,0,0,0,quota_limit_reached
15659_glamfix,Adhesive Lash Liner,105094,https://www.sociolla.com/eyelash-glue/76752-adhesive-lash-liner,0,0,0,quota_limit_reached
15659_glamfix,Perfect Blink Lashes Natural New,86744,https://www.sociolla.com/false-eyelashes/58402-glamfix-perfect-blink-lashes-natural-new,0,0,0,quota_limit_reached
15659_glamfix,Finishing Powder Puff,83595,https://www.sociolla.com/sponge-applicators/55253-glam-fix-finishing-powder-puff,0,0,0,quota_limit_reached
15659_glamfix,Flawless Loose Powder Puff,105086,https://www.sociolla.com/sponge-applicators/76744-flawless-loose-powder-puff,0,0,0,quota_limit_reached
15659_glamfix,GLAMFIX Perfect Blink Lashes Natural 04 New,105099,https://www.sociolla.com/false-eyelashes/76757-glamfix-perfect-blink-lashes-natural-04-new,0,0,0,quota_limit_reached
15659_glamfix,Perfecting Concealer Brush,83554,https://www.sociolla.com/face-brushes/55212-glam-fix-glow-concealer-brush,0,0,0,quota_limit_reached
15659_glamfix,Fancy Eyeshadow Brush,83555,https://www.sociolla.com/eye-brushes/55213-glam-fix-fancy-eyeshadow-brush,0,0,0,quota_limit_reached
15659_glamfix,Delicate Contour Brush,83557,https://www.sociolla.com/face-brushes/55215-glam-fix-delicate-contour-brush,0,0,0,quota_limit_reached
15659_glamfix,Flawless Eyeshadow Blending Brush,105078,https://www.sociolla.com/eye-brushes/76736-flawless-eyeshadow-blending-brush,0,0,0,quota_limit_reached
15659_glamfix,NAIL FILE DUO,105098,https://www.sociolla.com/nail-clippers-files/76756-nail-file-duo,0,0,0,quota_limit_reached
15659_glamfix,Flawless Eyeshadow Brush,105079,https://www.sociolla.com/eye-brushes/76737-flawless-eyeshadow-brush,0,0,0,quota_limit_reached
15659_glamfix,Flawless Eyebrow Brush,105077,https://www.sociolla.com/eye-brushes/76735-flawless-eyebrow-brush,0,0,0,quota_limit_reached
15659_glamfix,Classic Powder Brush,83585,https://www.sociolla.com/face-brushes/55243-glam-fix-classic-powder-brush,0,0,0,quota_limit_reached
15659_glamfix,Stars Compact Sponge Circle,83599,https://www.sociolla.com/sponge-applicators/55257-glam-fix-stars-compact-sponge-circle,0,0,0,quota_limit_reached
15659_glamfix,Excellent Brush Set Lake Blue,105084,https://www.sociolla.com/brush-set/76742-excellent-brush-set-lake-blue,0,0,0,quota_limit_reached
15659_glamfix,Facial Cleansing Brush,88582,https://www.sociolla.com/brush-cleanser-tools/60240-glamfix-facial-cleansing-brush,0,0,0,quota_limit_reached
15659_glamfix,Delicate Blush Brush,83556,https://www.sociolla.com/face-brushes/55214-glam-fix-delicate-powder-brush,0,0,0,quota_limit_reached
15659_glamfix,Summer Pocket Puff,83596,https://www.sociolla.com/sponge-applicators/55254-glam-fix-summer-pocket-puff,0,0,0,quota_limit_reached
15659_glamfix,Eyelash Curler,105095,https://www.sociolla.com/default-category/76753-eyelash-curler,0,0,0,quota_limit_reached
15659_glamfix,Cellulose Cleansing Sponge,82463,https://www.sociolla.com/facial-tools/54121-glamfix-cellulose-cleansing-sponge,0,0,0,quota_limit_reached
15659_glamfix,Eye Blending Brush,105075,https://www.sociolla.com/eye-brushes/76733-eye-blending-brush,0,0,0,quota_limit_reached
15659_glamfix,Essential Brush Set,88584,https://www.sociolla.com/brush-set/60242-glamfix-essential-brush-set,0,0,0,quota_limit_reached
15659_glamfix,GLAMFIX Natural Lash Adhesive,105101,https://www.sociolla.com/eyelash-glue/76759-glamfix-natural-lash-adhesive,0,0,0,quota_limit_reached
15659_glamfix,Blossom Beauty Sponge Orange,105089,https://www.sociolla.com/sponge-applicators/76747-blossom-beauty-sponge-orange,0,0,0,quota_limit_reached
15659_glamfix,Precision Eyeshadow Brush,86742,https://www.sociolla.com/eye-brushes/58400-glamfix-precision-eyeshadow-brush,0,0,0,quota_limit_reached
15659_glamfix,Expert Puff,105093,https://www.sociolla.com/sponge-applicators/76751-expert-puff,0,0,0,quota_limit_reached
15659_glamfix,Flawless Contour Brush,105076,https://www.sociolla.com/face-brushes/76734-flawless-contour-brush,0,0,0,quota_limit_reached
15659_glamfix,Stars Compact Sponge Square,83598,https://www.sociolla.com/sponge-applicators/55256-glam-fix-stars-compact-sponge-square,0,0,0,quota_limit_reached
15659_glamfix,PRESSED POWDER PUFF 2,105087,https://www.sociolla.com/sponge-applicators/76745-pressed-powder-puff-2,0,0,0,quota_limit_reached
15659_glamfix,Flawless Highlighter Brush,105081,https://www.sociolla.com/face-brushes/76739-flawless-highlighter-brush,0,0,0,quota_limit_reached
15659_glamfix,Flawless Fan Brush,105080,https://www.sociolla.com/face-brushes/76738-flawless-fan-brush,0,0,0,quota_limit_reached
15659_glamfix,FRESH HAIR REMOVAL RAZOR,105096,https://www.sociolla.com/shaver-and-clipper/76754-fresh-hair-removal-razor,0,0,0,quota_limit_reached
15659_glamfix,Cotton Candy Puff,105092,https://www.sociolla.com/sponge-applicators/76750-cotton-candy-puff,0,0,0,quota_limit_reached
15659_glamfix,Blossom Beauty Sponge Peachy,105088,https://www.sociolla.com/sponge-applicators/76746-blossom-beauty-sponge-peachy,0,0,0,quota_limit_reached
15659_glamfix,Blossom Lightweight Pressed Powder Puff,105091,https://www.sociolla.com/sponge-applicators/76749-blossom-lightweight-pressed-powder-puff,0,0,0,quota_limit_reached
15659_glamfix,Fabulous Beauty Sponge Precise Complexion,83547,https://www.sociolla.com/sponge-applicators/55205-glam-fix-fabulous-beauty-sponge-precise-complexion,0,0,0,quota_limit_reached
15470_glow-better,Effortless Glow Acne Defense Daily Spot Treatment,101377,https://www.sociolla.com/acne-treatment-sealing-gel-cream/73035-effortless-glow-acne-defense-daily-spot-treatment,0,0,0,quota_limit_reached
15659_glamfix,Fabulous Beauty Sponge Teardrop,83549,https://www.sociolla.com/sponge-applicators/55207-glam-fix-fabulous-beauty-sponge-teardrop,0,0,0,quota_limit_reached
15659_glamfix,Blossom Beauty Sponge Lemon,105090,https://www.sociolla.com/sponge-applicators/76748-blossom-beauty-sponge-lemon,0,0,0,quota_limit_reached
15470_glow-better,Effortless Glow Cloud Skin Recipe Brightening Essence,98561,https://www.sociolla.com/essence/70219-effortless-glow-cloud-skin-recipe-brightening-essence,0,0,0,quota_limit_reached
15470_glow-better,Effortless Glow Best Version of Your Skin Tinted Eye Cream,98169,https://www.sociolla.com/eye-cream/69827-effortless-glow-best-version-of-your-skin-tinted-eye-cream,0,0,0,quota_limit_reached
15470_glow-better,Effortless Glow Cloud Skin Recipe Advance Moisturizer,96761,https://www.sociolla.com/face-gel/68419-effortless-glow-cloud-skin-recipe-advance-moisturizer,0,0,0,quota_limit_reached
15470_glow-better,Glow Better Instant Potion: Glowing sat set & ready to go!,99429,https://www.sociolla.com/skin-care-set/71087-glow-better-instant-potion-glowing-sat-set-and-ready-to-go,0,0,0,quota_limit_reached
15470_glow-better,Coconut Juice Cleanser,95242,https://www.sociolla.com/skincare/66900-coconut-juice-cleanser,0,0,0,quota_limit_reached
15470_glow-better,Glow Better Coconut Series,96451,https://www.sociolla.com/skin-care-set/68109-glow-better-coconut-series,0,0,0,quota_limit_reached
15470_glow-better,Coconut Juice Hydrating Serum,95244,https://www.sociolla.com/face-serum/66902-coconut-juice-hydrating-serum,0,0,0,quota_limit_reached
15470_glow-better,Cloud Skin Recipe Exfoliating Serum,96760,https://www.sociolla.com/face-serum/68418-cloud-skin-recipe-exfoliating-serum,0,0,0,quota_limit_reached
15470_glow-better,Coconut Juice Gel Moisturizer,95247,https://www.sociolla.com/face-gel/66905-coconut-juice-gel-moisturizer,0,0,0,quota_limit_reached
15663_glowlabs,Peptide Moist jar,105350,https://www.sociolla.com/face-cream-lotion/77008-peptide-moist-jar,0,0,0,quota_limit_reached
297_goban,Ultra Waterproof Liquid Eyeliner,89038,https://www.sociolla.com/eyeliner/60696-ultra-waterproof-liquid-eyeliner,0,0,0,quota_limit_reached
297_goban,Satin Lip Gloss,34842,https://www.sociolla.com/lip-gloss/12447-satin-lip-gloss,0,0,0,quota_limit_reached
297_goban,Translucent Setting Powder,79688,https://www.sociolla.com/loose-powder/51346-translucent-setting-powder,0,0,0,quota_limit_reached
297_goban,Lip Matte,1920,https://www.sociolla.com/lip-cream/7787-lip-matte,0,0,0,quota_limit_reached
297_goban,Perfect Cover Longwear Liquid Concealer,86625,https://www.sociolla.com/concealer/58283-perfect-cover-longwear-liquid-concealer,0,0,0,quota_limit_reached
297_goban,Black Diamond Ultra Waterproof Liquid Eyeliner,34201,https://www.sociolla.com/eyeliner/11426-black-diamond-ultra-waterproof-liquid-eyeliner,0,0,0,quota_limit_reached
297_goban,Sunkissed Blushing Powder,71823,https://www.sociolla.com/blush/25003-sunkissed-blushing-powder,0,0,0,quota_limit_reached
297_goban,Melted Matte Lip MLBB,35325,https://www.sociolla.com/lip-cream/13288-melted-matte-lip-mlbb,0,0,0,quota_limit_reached
297_goban,Goban Ultra Precise Brow Pencil,92590,https://www.sociolla.com/brow-pencil/64248-goban-ultra-precise-brow-pencil,0,0,0,quota_limit_reached
297_goban,Sunkissed Matte Bronzing Powder FREE Lip Matte,89041,https://www.sociolla.com/bronzer/60699-sunkissed-matte-bronzing-powder-free-lip-matte,0,0,0,quota_limit_reached
297_goban,Lip Matte FREE Satin Lip Gloss,89039,https://www.sociolla.com/lip-cream/60697-lip-matte-free-satin-lip-gloss,0,0,0,quota_limit_reached
297_goban,Sunkissed Matte Bronzing Powder,71824,https://www.sociolla.com/bronzer/25004-sunkissed-matte-bronzing-powder,0,0,0,quota_limit_reached
297_goban,Choco Shadow,109031,https://www.sociolla.com/makeup-palettes-set/80689-choco-shadow,0,0,0,quota_limit_reached
297_goban,Melted Matte Lip MLBB FREE Satin Lip Gloss,89040,https://www.sociolla.com/default-category/60698-melted-matte-lip-mlbb-free-satin-lip-gloss,0,0,0,quota_limit_reached
15493_gorjes,Magnificent Ace Multi Toner and Essence,96313,https://www.sociolla.com/toner/67971-magnificent-ace-multi-toner-and-essence,0,0,0,quota_limit_reached
297_goban,Rainy Winds,109032,https://www.sociolla.com/makeup-palettes-set/80690-rainy-winds,0,0,0,quota_limit_reached
297_goban,Bronz of the Sun,109030,https://www.sociolla.com/makeup-palettes-set/80688-bronz-of-the-sun,0,0,0,quota_limit_reached
297_goban,Perfect Cover Longwear Liquid FREE Melted Matte Lip MLBB,89042,https://www.sociolla.com/default-category/60700-perfect-cover-longwear-liquid-free-melted-matte-lip-mlbb,0,0,0,quota_limit_reached
15493_gorjes,Complete Magnificent Ace Set,99708,https://www.sociolla.com/skin-care-set/71366-complete-magnificent-ace-set,0,0,0,quota_limit_reached
15493_gorjes,Magnificent Ace Serum,96312,https://www.sociolla.com/face-serum/67970-magnificent-ace-serum,0,0,0,quota_limit_reached
15493_gorjes,AcneHero Toner Essence + Serum,105677,https://www.sociolla.com/default-category/77335-acnehero-toner-essence-serum,0,0,0,quota_limit_reached
15493_gorjes,AcneHero Biomimetic Peptide Serum,105607,https://www.sociolla.com/face-serum/77265-acnehero-biomimetic-peptide-serum,0,0,0,quota_limit_reached
15493_gorjes,Magnificent Ace Moisturizer,102386,https://www.sociolla.com/face-cream-lotion/74044-magnificent-ace-moisturizer,0,0,0,quota_limit_reached
15493_gorjes,Gorjes Glorious 13 Face Light Oil,103871,https://www.sociolla.com/face-serum/75529-gorjes-glorious-13-face-light-oil,0,0,0,quota_limit_reached
15528_grace-and-glow,Daisy Hair Vitamin Mist,97685,https://www.sociolla.com/hair-mist/69343-daisy-hair-vitamin-mist,0,0,0,quota_limit_reached
15493_gorjes,AcneHero Toner and Essence,105610,https://www.sociolla.com/toner/77268-acnehero-toner-and-essence,0,0,0,quota_limit_reached
15528_grace-and-glow,English Pear Anti Acne and Scar Solution Body Serum,97712,https://www.sociolla.com/body-lotion-body-serum/69370-english-pear-anti-acne-and-scar-solution-body-serum,0,0,0,quota_limit_reached
15528_grace-and-glow,Secret Bombshell Anti Oil and Repair Solution Shampoo,97702,https://www.sociolla.com/shampoo/69360-secret-bombshell-anti-oil-and-repair-solution-shampoo,0,0,0,quota_limit_reached
15528_grace-and-glow,Black Opium Brightening Booster Body Wash,97678,https://www.sociolla.com/body-wash/69336-black-opium-brightening-booster-body-wash,0,0,0,quota_limit_reached
15528_grace-and-glow,Black Opium Mist,97686,https://www.sociolla.com/hair-mist/69344-black-opium-mist,0,0,0,quota_limit_reached
15528_grace-and-glow,Black Opium Ultra Bright and Glow Solution Body Serum,97709,https://www.sociolla.com/body-lotion-body-serum/69367-black-opium-ultra-bright-and-glow-solution-body-serum,0,0,0,quota_limit_reached
15528_grace-and-glow,Black Opium Deodorant Serum,97692,https://www.sociolla.com/deodorant/69350-black-opium-deodorant-serum,0,0,0,quota_limit_reached
15528_grace-and-glow,Peony Mist,97689,https://www.sociolla.com/hair-mist/69347-peony-mist,0,0,0,quota_limit_reached
15528_grace-and-glow,Rouge540 Clay Body Scrub,97703,https://www.sociolla.com/body-scrub-exfoliants/69361-rouge540-clay-body-scrub,0,0,0,quota_limit_reached
15528_grace-and-glow,Miss Moisture & Glow Solution Body Wash,97691,https://www.sociolla.com/body-wash/69349-miss-moisture-and-glow-solution-body-wash,0,0,0,quota_limit_reached
15528_grace-and-glow,English Pear Deodorant Serum,97699,https://www.sociolla.com/deodorant/69357-english-pear-deodorant-serum,0,0,0,quota_limit_reached
15528_grace-and-glow,Rouge540 Glow and Firm Scrub Solution Body Wash,97688,https://www.sociolla.com/body-wash/69346-rouge540-glow-and-firm-scrub-solution-body-wash,0,0,0,quota_limit_reached
15528_grace-and-glow,White Truffle Acne Body Wash,97700,https://www.sociolla.com/body-wash/69358-white-truffle-acne-body-wash,0,0,0,quota_limit_reached
15528_grace-and-glow,English Pear Anti Acne Solution Body Wash,97679,https://www.sociolla.com/body-wash/69337-english-pear-anti-acne-solution-body-wash,0,0,0,quota_limit_reached
15528_grace-and-glow,Peony Blush Soft & Glow Solution Body Wash,97697,https://www.sociolla.com/body-wash/69355-peony-blush-soft-and-glow-solution-body-wash,0,0,0,quota_limit_reached
15528_grace-and-glow,Peony Blush Bright & Glow Solution Body Serum,97681,https://www.sociolla.com/body-lotion-body-serum/69339-peony-blush-bright-and-glow-solution-body-serum,0,0,0,quota_limit_reached
15528_grace-and-glow,Miss Mosture Solution Body serum,97718,https://www.sociolla.com/body-lotion-body-serum/69376-miss-mosture-solution-body-serum,0,0,0,quota_limit_reached
15528_grace-and-glow,Rouge540 Glow and Firm Scrub Solution Body Serum,97683,https://www.sociolla.com/body-lotion-body-serum/69341-rouge540-glow-and-firm-scrub-solution-body-serum,0,0,0,quota_limit_reached
15528_grace-and-glow,Rouge540 Deodorant Serum,97695,https://www.sociolla.com/deodorant/69353-rouge540-deodorant-serum,0,0,0,quota_limit_reached
14894_guele-cosmetics,LUME Baked Blush,104762,https://www.sociolla.com/blush/76420-lume-baked-blush,0,0,0,quota_limit_reached
15528_grace-and-glow,Amethyst Anti Dandruff Shampoo,97705,https://www.sociolla.com/shampoo/69363-amethyst-anti-dandruff-shampoo,0,0,0,quota_limit_reached
14894_guele-cosmetics,Bare Cushion,89458,https://www.sociolla.com/cushion/61116-bare-cushion,0,0,0,quota_limit_reached
14894_guele-cosmetics,Guéle Lip Moist,81917,https://www.sociolla.com/lip-primer/53575-guele-lip-moist,0,0,0,quota_limit_reached
14894_guele-cosmetics,Guèle Lip Moss,108786,https://www.sociolla.com/lip-cream/80444-guele-lip-moss,0,0,0,quota_limit_reached
14894_guele-cosmetics,Lip Fleur,106973,https://www.sociolla.com/lip-tint/78631-lip-fleur,0,0,0,quota_limit_reached
14894_guele-cosmetics,Eyebrow + Fineliner,104143,https://www.sociolla.com/makeup-palettes-set/75801-eyebrow-fineliner,0,0,0,quota_limit_reached
14894_guele-cosmetics,Guéle Fineliner,102632,https://www.sociolla.com/eyeliner/74290-guele-fineliner,0,0,0,quota_limit_reached
14894_guele-cosmetics,Eyebrow Pencil,70413,https://www.sociolla.com/brow-pencil/23602-eyebrow-pencil,0,0,0,quota_limit_reached
14894_guele-cosmetics,Lashcara,107859,https://www.sociolla.com/mascara/79517-lashcara,0,0,0,quota_limit_reached
14894_guele-cosmetics,Brow Cara,79612,https://www.sociolla.com/makeup/51270-guele-brow-cara,0,0,0,quota_limit_reached
14894_guele-cosmetics,Eyeliner,73009,https://www.sociolla.com/eyeliner/26189-eyeliner,0,0,0,quota_limit_reached
15668_ha-eun-beauty,Persona Series Marvelous,105749,https://www.sociolla.com/false-eyelashes/77407-persona-series-marvelous,0,0,0,quota_limit_reached
15668_ha-eun-beauty,Persona Series Adorable,105743,https://www.sociolla.com/false-eyelashes/77401-persona-series-adorable,0,0,0,quota_limit_reached
15668_ha-eun-beauty,Persona Series Angelic,105744,https://www.sociolla.com/false-eyelashes/77402-persona-series-angelic,0,0,0,quota_limit_reached
15668_ha-eun-beauty,Persona Series Lovely,105745,https://www.sociolla.com/false-eyelashes/77403-persona-series-lovely,0,0,0,quota_limit_reached
15668_ha-eun-beauty,Persona Series Goddes,105746,https://www.sociolla.com/false-eyelashes/77404-persona-series-goddes,0,0,0,quota_limit_reached
15668_ha-eun-beauty,Persona Series Charm,105742,https://www.sociolla.com/false-eyelashes/77400-persona-series-charm,0,0,0,quota_limit_reached
15668_ha-eun-beauty,Persona Series Gorgeous,105747,https://www.sociolla.com/false-eyelashes/77405-persona-series-gorgeous,0,0,0,quota_limit_reached
288_hada-labo,Make Up Remover Tamagohada Ultimate Mild Peeling,1674,https://www.sociolla.com/face-wash/7387-tamagohada-ultimate-mild-peeling-face-wash-make-up-remover,0,0,0,quota_limit_reached
15668_ha-eun-beauty,Persona Series Hotties,105748,https://www.sociolla.com/false-eyelashes/77406-persona-series-hotties,0,0,0,quota_limit_reached
288_hada-labo,Hada Labo Gokujyun Alpha Ultimate Anti-aging Sheet Mask,91267,https://www.sociolla.com/sheet-mask/62925-hada-labo-gokujyun-alpha-ultimate-anti-aging-sheet-mask,0,0,0,quota_limit_reached
288_hada-labo,Anti Aging Mask and Essence Set,93153,https://www.sociolla.com/skin-care-set/64811-anti-aging-mask-and-essence-set,0,0,0,quota_limit_reached
288_hada-labo,Perfect 3D Gel,1663,https://www.sociolla.com/face-gel/7371-perfect-3d-gel,0,0,0,quota_limit_reached
288_hada-labo,Gokujyun Ultimate Moisturizing Lotion,1662,https://www.sociolla.com/toner/7370-gokujyun-ultimate-moisturizing-lotion,0,0,0,quota_limit_reached
288_hada-labo,Gokujyun Ultimate Moisturizing Milk,1665,https://www.sociolla.com/face-cream-lotion/7373-gokujyun-ultimate-moisturizing-milk,0,0,0,quota_limit_reached
288_hada-labo,Hada Labo Gokujyun Alfa Ultimate Anti Aging Essence,91264,https://www.sociolla.com/face-serum/62922-hada-labo-gokujyun-alfa-ultimate-anti-aging-essence,0,0,0,quota_limit_reached
288_hada-labo,Hada Labo Gokujyun Ultimate Moisturizing Sheet Mask,91265,https://www.sociolla.com/sheet-mask/62923-hada-labo-gokujyun-ultimate-moisturizing-sheet-mask,0,0,0,quota_limit_reached
288_hada-labo,Shirojyun Ultimate White Essence,84473,https://www.sociolla.com/face-serum/56131-shirojyun-ultimate-white-essence,0,0,0,quota_limit_reached
288_hada-labo,Hada Labo Shirojyun Ultimate Whiteninging Sheet Mask,91266,https://www.sociolla.com/sheet-mask/62924-hada-labo-shirojyun-ultimate-whiteninging-sheet-mask,0,0,0,quota_limit_reached
288_hada-labo,Whitening Mask and Essence Set,93154,https://www.sociolla.com/skin-care-set/64812-whitening-mask-and-essence-set,0,0,0,quota_limit_reached
288_hada-labo,Gokujyun Ultimate Moisturizing Face Wash,1661,https://www.sociolla.com/face-wash/7369-gokujyun-ultimate-moisturizing-face-wash,0,0,0,quota_limit_reached
288_hada-labo,Shirojyun Ultimate Whitening Face Wash,1668,https://www.sociolla.com/face-wash/7378-shirojyun-ultimate-whitening-face-wash,0,0,0,quota_limit_reached
288_hada-labo,Face Wash Tamagohada Ultimate Mild Peeling,1673,https://www.sociolla.com/default-category/7386-tamagohada-ultimate-mild-peeling-face-wash,0,0,0,quota_limit_reached
288_hada-labo,Gokujyun Premium,84434,https://www.sociolla.com/toner/56092-gokujyun-premium,0,0,0,quota_limit_reached
288_hada-labo,Gokujyun Ultimate Moisturizing Cleansing Oil,1660,https://www.sociolla.com/cleansing-oil/7367-gokujyun-ultimate-moisturizing-cleansing-oil,0,0,0,quota_limit_reached
288_hada-labo,Gokujyun Ultimate Moisturizing Light Lotion,1664,https://www.sociolla.com/essence/7372-gokujyun-ultimate-moisturizing-light-lotion,0,0,0,quota_limit_reached
288_hada-labo,Shirojyun Ultimate Whitening Milk,1670,https://www.sociolla.com/face-cream-lotion/7380-shirojyun-ultimate-whitening-milk,0,0,0,quota_limit_reached
288_hada-labo,Shirojyun Ultimate Whitening Lotion,1669,https://www.sociolla.com/toner/7379-shirojyun-ultimate-whitening-lotion,0,0,0,quota_limit_reached
288_hada-labo,Lotion Tamagohada Mild Peeling,84474,https://www.sociolla.com/peeling/56132-tamagohada-mild-peeling-lotion,0,0,0,quota_limit_reached
288_hada-labo,Gokujyun Alpha Ultimate Anti Aging Lotion,1671,https://www.sociolla.com/face-cream-lotion/7382-gokujyun-alpha-ultimate-anti-aging-lotion,0,0,0,quota_limit_reached
288_hada-labo,Gokujyun Lotion,84436,https://www.sociolla.com/toner/56094-gokujyun-lotion,0,0,0,quota_limit_reached
920_hale,BLUE Brightening Facial Oil,92747,https://www.sociolla.com/face-oil/64405-blue-brightening-facial-oil,0,0,0,quota_limit_reached
920_hale,CLEAR Plant Derived Squalane Oil,92746,https://www.sociolla.com/face-oil/64404-clear-plant-derived-squalane-oil,0,0,0,quota_limit_reached
920_hale,All Rounder Gel Cream Moisturizer,84938,https://www.sociolla.com/face-cream-lotion/56596-all-rounder-gel-cream-moisturizer,0,0,0,quota_limit_reached
920_hale,Comfort Zone Moisturizer,83601,https://www.sociolla.com/face-cream-lotion/55259-comfort-zone-moisturizer,0,0,0,quota_limit_reached
920_hale,Shake Zit Off,89564,https://www.sociolla.com/face-mist/61222-shake-zit-off,0,0,0,quota_limit_reached
920_hale,Brightening Potion,86213,https://www.sociolla.com/face-serum/57871-brightening-potion,0,0,0,quota_limit_reached
920_hale,HALE Smooth Like Butter Bifida & 5 Ceramides Cream Moisturizer,103696,https://www.sociolla.com/acne-treatment-sealing-gel-cream/75354-hale-smooth-like-butter-bifida-and-5-ceramides-cream-moisturizer,0,0,0,quota_limit_reached
920_hale,"Hit Refresh, Energizing Face Mist",89568,https://www.sociolla.com/face-mist/61226-hit-refresh-energizing-face-mist,0,0,0,quota_limit_reached
920_hale,Zit Off & Hit Refresh Bundle,89708,https://www.sociolla.com/skin-care-set/61366-zit-off-and-hit-refresh-bundle,0,0,0,quota_limit_reached
920_hale,Even Tone Potion,103695,https://www.sociolla.com/face-serum/75353-even-tone-potion,0,0,0,quota_limit_reached
920_hale,Triobiotics,103693,https://www.sociolla.com/face-serum/75351-triobiotics,0,0,0,quota_limit_reached
920_hale,The Relief All Purpose Salve,103692,https://www.sociolla.com/acne-treatment-sealing-gel-cream/75350-the-relief-all-purpose-salve,0,0,0,quota_limit_reached
920_hale,Sheen. Tinted Lip Balm + UV Filter,75252,https://www.sociolla.com/lip-balm/28432-sheen-tinted-lip-balm-uv-filter,0,0,0,quota_limit_reached
920_hale,Reborn AHA-BHA-PHA Peeling Gel,97169,https://www.sociolla.com/scrub-exfoliator/68827-reborn-aha-bha-pha-peeling-gel,0,0,0,quota_limit_reached
920_hale,Stay Toned. Balancing Essence Toner,74288,https://www.sociolla.com/toner/27468-stay-toned-balancing-essence-toner,0,0,0,quota_limit_reached
920_hale,"Honey, I Dew! Gel Cleanser",83124,https://www.sociolla.com/face-wash/54782-honey-i-dew,0,0,0,quota_limit_reached
920_hale,Clear & Hydrated Skin Bundle (Clay Mask + Essence Toner),74383,https://www.sociolla.com/skin-care-set/27563-clear-and-hydrated-skin-bundle-clay-mask-essence-toner,0,0,0,quota_limit_reached
920_hale,"Let's Clay! Licorice, Green Tea & Charcoal Clay Mask",74286,https://www.sociolla.com/clay-mask/27466-let-s-clay-licorice-green-tea-and-charcoal-clay-mask,0,0,0,quota_limit_reached
920_hale,"Let's Clay! Licorice, Green Tea & Charcoal Clay Mask Twinpack",74381,https://www.sociolla.com/skin-care-set/27561-let-s-clay-licorice-green-tea-and-charcoal-clay-mask-twinpack,0,0,0,quota_limit_reached
920_hale,Forever Young,103694,https://www.sociolla.com/face-serum/75352-forever-young,0,0,0,quota_limit_reached
920_hale,Foamwork pH 5.0-6.0 Foaming Cleanser,88795,https://www.sociolla.com/face-wash/60453-foamwork-ph-5-0-6-0-foaming-cleanser,0,0,0,quota_limit_reached
920_hale,Exfoliating Potion,89597,https://www.sociolla.com/face-serum/61255-exfoliating-potion,0,0,0,quota_limit_reached
920_hale,Stay Toned. Balancing Essence Toner Twinpack,74382,https://www.sociolla.com/default-category/27562-stay-toned-balancing-essence-toner-twinpack,0,0,0,quota_limit_reached
15289_handduk-by-today,Handduk Coral Velvet (Hair Towel),84832,https://www.sociolla.com/hair-accessories/56490-handduk-coral-velvet-hair-towel,0,0,0,quota_limit_reached
15289_handduk-by-today,Good Hair Day Set,99877,https://www.sociolla.com/default-category/71535-good-hair-day-set,0,0,0,quota_limit_reached
15289_handduk-by-today,Women On The Go Set,99874,https://www.sociolla.com/hair-care-set/71532-women-on-the-go-set,0,0,0,quota_limit_reached
15289_handduk-by-today,SPRAYED 3 in 1 Hair Spray - Hair Sanitizer | Hair Mist | Quick Dry Hair Spray,97598,https://www.sociolla.com/hair-mist/69256-sprayed-3-in-1-hair-spray,0,0,0,quota_limit_reached
15289_handduk-by-today,Stay Dry Wrist Towel,104341,https://www.sociolla.com/towel/75999-stay-dry-wrist-towel,0,0,0,quota_limit_reached
15289_handduk-by-today,Handduk Waffle (Hair Towel),84830,https://www.sociolla.com/hair-accessories/56488-handduk-waffle-hair-towel,0,0,0,quota_limit_reached
989_haple,Pure Rose Water,21558,https://www.sociolla.com/toner/14805-pure-rose-water,0,0,0,quota_limit_reached
15289_handduk-by-today,Detangle Hair Brush,89860,https://www.sociolla.com/hair-brushes-combs/61518-detangle-hair-brush,0,0,0,quota_limit_reached
989_haple,Lacroix Gentle Scrub Face Wash,63726,https://www.sociolla.com/face-wash/16542-lacroix-face-wash,0,0,0,quota_limit_reached
989_haple,Licorice Water,36343,https://www.sociolla.com/face-mist/14808-licorice-water,0,0,0,quota_limit_reached
989_haple,Greentea Water,81914,https://www.sociolla.com/face-mist/53572-greentea-water,0,0,0,quota_limit_reached
989_haple,Cosmic Bakuchiol + Mugwort Acne-Care Toner,96338,https://www.sociolla.com/toner/67996-cosmic-bakuchiol-mugwort-acne-care-toner,0,0,0,quota_limit_reached
989_haple,Halley Face Wash,36342,https://www.sociolla.com/face-wash/14807-halley-face-wash,0,0,0,quota_limit_reached
989_haple,Grapeseed Oil,36340,https://www.sociolla.com/face-oil/14802-grapeseed-oil,0,0,0,quota_limit_reached
989_haple,Cosmic Bakuchiol + Ceramide Acne-Care Mosturizer,96340,https://www.sociolla.com/face-cream-lotion/67998-cosmic-bakuchiol-ceramide-acne-care-mosturizer,0,0,0,quota_limit_reached
989_haple,Haple Pure Shea Butter,102332,https://www.sociolla.com/face-cream-lotion/73990-haple-pure-shea-butter,0,0,0,quota_limit_reached
989_haple,Cloud Glow Booster,36346,https://www.sociolla.com/face-mist/14810-cloud-glow-booster,0,0,0,quota_limit_reached
989_haple,Centella Cloud Booster,36350,https://www.sociolla.com/booster/14811-centella-cloud-booster,0,0,0,quota_limit_reached
989_haple,Rose Gel,63225,https://www.sociolla.com/face-gel/15819-rose-gel,0,0,0,quota_limit_reached
989_haple,La Luna Anti-Aging Serum,77874,https://www.sociolla.com/anti-aging/49532-la-luna-anti-aging-serum,0,0,0,quota_limit_reached
989_haple,Almond Oil,20724,https://www.sociolla.com/face-oil/14801-almond-oil,0,0,0,quota_limit_reached
989_haple,Cosmic Bakuchiol + Probiotic Acne-Care Serum,96339,https://www.sociolla.com/face-serum/67997-cosmic-bakuchiol-probiotic-acne-care-serum,0,0,0,quota_limit_reached
989_haple,Sky Rose Moisturizer,63728,https://www.sociolla.com/face-cream-lotion/16544-sky-rose-moisturizer,0,0,0,quota_limit_reached
989_haple,Sunshine Lotion,90452,https://www.sociolla.com/face-cream-lotion/62110-sunshine-lotion,0,0,0,quota_limit_reached
989_haple,Blue Tanzylene Sensitive Barrier Moisturizer 40ml,106230,https://www.sociolla.com/acne-treatment-sealing-gel-cream/77888-blue-tanzylene-sensitive-barrier-moisturizer-40ml,0,0,0,quota_limit_reached
989_haple,Ivey Face Wash,36345,https://www.sociolla.com/face-wash/14809-ivey-face-wash,0,0,0,quota_limit_reached
989_haple,Blue Tanzylene Sensitive Barrier Serum 30ml,106225,https://www.sociolla.com/face-serum/77883-blue-tanzylene-sensitive-barrier-serum-30ml,0,0,0,quota_limit_reached
989_haple,Sunshine Essence,89673,https://www.sociolla.com/essence/61331-sunshine-essence,0,0,0,quota_limit_reached
989_haple,Shea Butter,63724,https://www.sociolla.com/body-butter-cream/16541-shea-butter,0,0,0,quota_limit_reached
989_haple,Sunshine Booster,88223,https://www.sociolla.com/booster/59881-sunshine-booster,0,0,0,quota_limit_reached
989_haple,B1G1 Lullaby Sleeping Mask,99426,https://www.sociolla.com/skincare/71084-lullaby-sleeping-mask,0,0,0,quota_limit_reached
989_haple,Cosmic Bakuchiol Bundle,96954,https://www.sociolla.com/default-category/68612-cosmic-bakuchiol-bundle,0,0,0,quota_limit_reached
989_haple,B1G1 Moonlight Glow - AHA Toner,99424,https://www.sociolla.com/skincare/71082-moonlight-glow-aha-toner,0,0,0,quota_limit_reached
989_haple,B1G1 Midnight Sky - BHA Toner,99423,https://www.sociolla.com/skincare/71081-midnight-sky-bha-toner,0,0,0,quota_limit_reached
705_harlette,Oatmilk Sleeping Mask,36825,https://www.sociolla.com/sleeping-mask/15359-oatmilk-sleeping-mask,0,0,0,quota_limit_reached
705_harlette,Waterymelon Deep Hydration Emulsion,75965,https://www.sociolla.com/face-serum/38331-waterymelon-deep-hydration-emulsion,0,0,0,quota_limit_reached
705_harlette,Waterymelon Deep Hydration Toner,75964,https://www.sociolla.com/toner/38330-waterymelon-deep-hydration-toner,0,0,0,quota_limit_reached
705_harlette,Trial Size - Harlette Waterymelon Deep Hydration Emulsion,90089,https://www.sociolla.com/face-serum/61747-harlette-waterymelon-deep-hydration-emulsion,0,0,0,quota_limit_reached
705_harlette,Trial Size - Harlette Waterymelon Deep Hydration Toner,90088,https://www.sociolla.com/toner/61746-trial-size-harlette-waterymelon-deep-hydration-toner,0,0,0,quota_limit_reached
705_harlette,Trial Size - Harlette Oatmilk Day Creme with SPF 15,90086,https://www.sociolla.com/2286-face-cream-and-lotion/61744-trial-size-harlette-oatmilk-day-creme-with-spf-15,0,0,0,quota_limit_reached
705_harlette,Unscented Waterymelon Deep Hydration Toner,86079,https://www.sociolla.com/toner/57737-unscented-waterymelon-deep-hydration-toner,0,0,0,quota_limit_reached
705_harlette,Oatmilk Day Creme,36827,https://www.sociolla.com/face-cream-lotion/15360-oatmilk-day-creme,0,0,0,quota_limit_reached
705_harlette,Trial Size - Harlette Oatmilk Sleeping Mask,90085,https://www.sociolla.com/2363-sleeping-mask/61743-trial-size-harlette-oatmilk-sleeping-mask,0,0,0,quota_limit_reached
705_harlette,Chill Oat Calming Serum,100069,https://www.sociolla.com/face-serum/71727-chill-oat-calming-serum,0,0,0,quota_limit_reached
705_harlette,Oatmilk Gentle Facial Wash,36826,https://www.sociolla.com/face-wash/15358-oatmilk-gentle-facial-wash,0,0,0,quota_limit_reached
705_harlette,Trial Size - Harlette Oatmilk Gentle Facial Wash,90087,https://www.sociolla.com/face-wash/61745-trial-size-harlette-oatmilk-gentle-facial-wash,0,0,0,quota_limit_reached
247_hatomugi,Skin Conditioner,1216,https://www.sociolla.com/face-cream-lotion/5205-skin-conditioner-,0,0,0,quota_limit_reached
247_hatomugi,Skin Conditioning Milk,88973,https://www.sociolla.com/face-cream-lotion/60631-skin-conditioning-milk,0,0,0,quota_limit_reached
247_hatomugi,Skin Conditioning Milk,91091,https://www.sociolla.com/face-cream-lotion/62749-skin-conditioning-milk,0,0,0,quota_limit_reached
247_hatomugi,Skin Conditioning Gel,31099,https://www.sociolla.com/face-gel/11439-skin-conditioning-gel,0,0,0,quota_limit_reached
1244_hayejin,Blessing Of Sprout Calming Cleanser,86913,https://www.sociolla.com/face-wash/58571-blessing-of-sprout-calming-cleanser,0,0,0,quota_limit_reached
1244_hayejin,Blessing Of Sprout Enriched Serum Sheet Mask,99710,https://www.sociolla.com/sheet-mask/71368-blessing-of-sprout-enriched-serum-sheet-mask,0,0,0,quota_limit_reached
1244_hayejin,Blessing of Sprout Calming Trial Kit,99520,https://www.sociolla.com/default-category/71178-blessing-of-sprout-calming-trial-kit,0,0,0,quota_limit_reached
1244_hayejin,Blessing Of Sprout Enriched Serum,86910,https://www.sociolla.com/face-serum/58568-blessing-of-sprout-enriched-serum,0,0,0,quota_limit_reached
1244_hayejin,Blessing Of Sprout CICA-Full System Ampoule,99521,https://www.sociolla.com/treatment/71179-blessing-of-sprout-cica-full-system-ampoule,0,0,0,quota_limit_reached
1244_hayejin,Blessing Of Sprout Radiance Toner,86911,https://www.sociolla.com/toner/58569-blessing-of-sprout-radiance-toner,0,0,0,quota_limit_reached
1244_hayejin,Blessing Of Sprout Eye Cream,91748,https://www.sociolla.com/eye-care/63406-blessing-of-sprout-eye-cream,0,0,0,quota_limit_reached
1244_hayejin,Starter Kit Blessing Of Sprout ( 3 Types),86914,https://www.sociolla.com/skin-care-set/58572-starter-kit-blessing-of-sprout-3-types,0,0,0,quota_limit_reached
1244_hayejin,Blessing Of Sprout Vitality Cream,86912,https://www.sociolla.com/face-cream-lotion/58570-blessing-of-sprout-vitality-cream,0,0,0,quota_limit_reached
576_heimish,All Clean Balm Mandarin,104971,https://www.sociolla.com/cleansing-balm/76629-all-clean-balm-mandarin,0,0,0,quota_limit_reached
576_heimish,Bulgarian Rose Hydrogel Eyepatch,64013,https://www.sociolla.com/eye-mask/16969-bulgarian-rose-hydrogel-eyepatch,0,0,0,quota_limit_reached
576_heimish,All Clean Balm,20552,https://www.sociolla.com/cleansing-balm/11831-all-clean-balm,0,0,0,quota_limit_reached
576_heimish,All Clean Green Foam,21897,https://www.sociolla.com/face-wash/13683-all-clean-green-foam,0,0,0,quota_limit_reached
576_heimish,Marine Care Eye Cream,98592,https://www.sociolla.com/eye-care/70250-marine-care-eye-cream,0,0,0,quota_limit_reached
576_heimish,All Clean Balm Deluxe,104972,https://www.sociolla.com/cleansing-balm/76630-all-clean-balm-deluxe,0,0,0,quota_limit_reached
576_heimish,Matcha Biome Hydrogel Eye Patch,104970,https://www.sociolla.com/eye-mask/76628-matcha-biome-hydrogel-eye-patch,0,0,0,quota_limit_reached
576_heimish,Bulgarian Rose Mist Serum,21896,https://www.sociolla.com/face-mist/11833-bulgarian-rose-mist-serum,0,0,0,quota_limit_reached
576_heimish,Black Tea Mask Pack,70831,https://www.sociolla.com/wash-off-mask/24011-black-tea-mask-pack,0,0,0,quota_limit_reached
576_heimish,Bulgarian Rose Satin Cream,70824,https://www.sociolla.com/face-cream-lotion/24004-bulgarian-rose-satin-cream,0,0,0,quota_limit_reached
576_heimish,Artless Glow Base SPF 50+ PA+++,19167,https://www.sociolla.com/face-primer/11832-artless-glow-base-spf-50-pa,0,0,0,quota_limit_reached
576_heimish,All Clean White Clay Foam,21901,https://www.sociolla.com/face-wash/11830-all-clean-white-clay-foam,0,0,0,quota_limit_reached
576_heimish,All Clean Low pH Balancing Vegan Toner,98580,https://www.sociolla.com/toner/70238-all-clean-low-ph-balancing-vegan-toner,0,0,0,quota_limit_reached
1328_herbal-essences,Herbal Essences Argan Oil Of Morocco Shampoo 400 ml x2 + Conditioner,80327,https://www.sociolla.com/hair-care-set/51985-herbal-essences-argan-oil-of-morocco-shampoo-400-ml-x2-conditioner,0,0,0,quota_limit_reached
1328_herbal-essences,Herbal Essences Bio Repair Argan Oil Of Morocco Pack of 2,75805,https://www.sociolla.com/shampoo/28988-herbal-essences-bio-repair-argan-oil-of-morocco-pack-of-2,0,0,0,quota_limit_reached
1328_herbal-essences,Herbal Essences Bio Repair Argan Oil Of Morocco Pack of 3,75809,https://www.sociolla.com/default-category/28992-herbal-essences-bio-repair-argan-oil-of-morocco-pack-of-3,0,0,0,quota_limit_reached
1328_herbal-essences,Bio Repair Argan Oil Of Morocco Shampoo,74725,https://www.sociolla.com/shampoo/27905-bio-repair-argan-oil-of-morocco-shampoo,0,0,0,quota_limit_reached
1328_herbal-essences,Bio Clean White Strawberry & Sweet Mint Shampoo,74720,https://www.sociolla.com/shampoo/27900-bio-clean-white-strawberry-and-sweet-mint-shampo,0,0,0,quota_limit_reached
1328_herbal-essences,Bio Repair Argan Oil Of Morocco Conditioner,74724,https://www.sociolla.com/conditioner/27904-bio-repair-argan-oil-of-morocco-conditioner,0,0,0,quota_limit_reached
1328_herbal-essences,Herbal Essences Bio Clean White Strawberry & Sweet Mint Shampoo Pack of 2,75806,https://www.sociolla.com/default-category/28989-herbal-essences-bio-clean-white-strawberry-and-sweet-mint-shampoo-pack-of-2,0,0,0,quota_limit_reached
1328_herbal-essences,Herbal Essences Bio Hydrate Coconut Milk Shampoo Pack of 3,75807,https://www.sociolla.com/default-category/28990-herbal-essences-bio-hydrate-coconut-milk-shampoo-pack-of-3,0,0,0,quota_limit_reached
1328_herbal-essences,Herbal Essences Bio Clean White Strawberry & Sweet Mint Shampoo Pack of 3,75810,https://www.sociolla.com/default-category/28993-herbal-essences-bio-clean-white-strawberry-and-sweet-mint-shampoo-pack-of-3,0,0,0,quota_limit_reached
1328_herbal-essences,Herbal Essences Bio Hydrate Coconut Milk Shampoo - Conditioner Set,75799,https://www.sociolla.com/default-category/28982-herbal-essences-bio-hydrate-coconut-milk-shampoo-conditioner-set,0,0,0,quota_limit_reached
1328_herbal-essences,Herbal Essences Bio Hydrate Coconut Milk Shampoo Pack of 2,75803,https://www.sociolla.com/default-category/28986-herbal-essences-bio-hydrate-coconut-milk-shampoo-pack-of-2,0,0,0,quota_limit_reached
1328_herbal-essences,Herbal Essences Bio Moisture Rosemary & Herbs Shampoo - Conditioner Set,80326,https://www.sociolla.com/default-category/51984-herbal-essences-bio-moisture-rosemary-and-herbs-shampoo-conditioner-set,0,0,0,quota_limit_reached
1328_herbal-essences,Herbal Essences White Strawberry & Sweet Mint Shampoo 400 ml x2 + Conditioner,80349,https://www.sociolla.com/hair-care-set/52007-herbal-essences-white-strawberry-and-sweet-mint-shampoo-400-ml-x2-conditioner,0,0,0,quota_limit_reached
1328_herbal-essences,Herbal Essences Bio Smooth Golden Moringa Oil Shampoo Pack of 3,75808,https://www.sociolla.com/shampoo/28991-herbal-essences-bio-smooth-golden-moringa-oil-shampoo-pack-of-3,0,0,0,quota_limit_reached
1328_herbal-essences,Herbal Essences Bio Smooth Golden Moringa Oil Shampoo - Conditioner Set,75800,https://www.sociolla.com/default-category/28983-herbal-essences-bio-smooth-golden-moringa-oil-shampoo-conditioner-set,0,0,0,quota_limit_reached
1328_herbal-essences,Herbal Essences Bio Smooth Golden Moringa Oil Shampoo Pack of 2,75804,https://www.sociolla.com/default-category/28987-herbal-essences-bio-smooth-golden-moringa-oil-shampoo-pack-of-2,0,0,0,quota_limit_reached
1328_herbal-essences,Herbal Essences Bio Volume White Grapefruit & Mosa Mint Shampoo - Conditioner Set,80325,https://www.sociolla.com/default-category/51983-herbal-essences-bio-volume-white-grapefruit-and-mosa-mint-shampoo-conditioner-set,0,0,0,quota_limit_reached
758_herborist,Mineral Body Scrub Sea Salt & Kaolin,104336,https://www.sociolla.com/body-scrub-exfoliants/75994-mineral-body-scrub-sea-salt-and-kaolin,0,0,0,quota_limit_reached
758_herborist,Lulur Tradisional Bali,23078,https://www.sociolla.com/body-scrub-exfoliants/16431-lulur-tradisional-bali,0,0,0,quota_limit_reached
758_herborist,Mineral Body Scrub Sea Salt & Volcanic Mud,104339,https://www.sociolla.com/body-scrub-exfoliants/75997-mineral-body-scrub-sea-salt-and-volcanic-mud,0,0,0,quota_limit_reached
758_herborist,Mineral Body Scrub Sea Salt & Gold,104337,https://www.sociolla.com/body-cleanser/75995-mineral-body-scrub-sea-salt-and-gold,0,0,0,quota_limit_reached
758_herborist,Olive Oil + Collagen 150ml,104335,https://www.sociolla.com/body-oil/75993-olive-oil-collagen-150ml,0,0,0,quota_limit_reached
758_herborist,Juice For Skin Body Serum Raspberry Tomato,104332,https://www.sociolla.com/body-lotion-body-serum/75990-juice-for-skin-body-serum-raspberry-tomato,0,0,0,quota_limit_reached
758_herborist,Facial Wash Gel Rose,88343,https://www.sociolla.com/face-wash/60001-facial-wash-gel-rose,0,0,0,quota_limit_reached
758_herborist,Body Wash Zaitun,63650,https://www.sociolla.com/body-wash/16450-body-wash-zaitun,0,0,0,quota_limit_reached
758_herborist,Juice For Skin Body Serum Apple Brocolli,104334,https://www.sociolla.com/body-lotion-body-serum/75992-juice-for-skin-body-serum-apple-brocolli,0,0,0,quota_limit_reached
758_herborist,Body Butter,12191,https://www.sociolla.com/body-butter-cream/16448-body-butter,0,0,0,quota_limit_reached
758_herborist,Juice For Skin Body Serum Orange Carrot,104333,https://www.sociolla.com/body-lotion-body-serum/75991-juice-for-skin-body-serum-orange-carrot,0,0,0,quota_limit_reached
758_herborist,Sampo Gel Aloe Vera,63636,https://www.sociolla.com/shampoo/16441-sampo-gel-aloe-vera,0,0,0,quota_limit_reached
15516_hmns,Unrosed,104560,https://www.sociolla.com/eau-de-parfum/76218-unrosed,0,0,0,quota_limit_reached
15516_hmns,Essence of The Sun,97095,https://www.sociolla.com/eau-de-parfum/68753-essence-of-the-sun,0,0,0,quota_limit_reached
15516_hmns,Fairytale Fantasy Hair & Body Mist,107862,https://www.sociolla.com/body-mist/79520-fairytale-fantasy-hair-and-body-mist,0,0,0,quota_limit_reached
15516_hmns,Alpha,97093,https://www.sociolla.com/eau-de-parfum/68751-alpha,0,0,0,quota_limit_reached
15516_hmns,Drops of Sunshine Hair & Body Mist,100375,https://www.sociolla.com/default-category/72033-drops-of-sunshine-hair-and-body-mist,0,0,0,quota_limit_reached
15516_hmns,My 1st O Hair & Body Mist,100377,https://www.sociolla.com/default-category/72035-my-1st-o-hair-and-body-mist,0,0,0,quota_limit_reached
15516_hmns,Orgsm,97094,https://www.sociolla.com/eau-de-parfum/68752-orgsm,0,0,0,quota_limit_reached
15516_hmns,Farhampton,104584,https://www.sociolla.com/eau-de-parfum/76242-farhampton,0,0,0,quota_limit_reached
15516_hmns,The Perfection,104554,https://www.sociolla.com/eau-de-parfum/76212-the-perfection,0,0,0,quota_limit_reached
15516_hmns,Symphony of Flowers Hair & Body Mist,107863,https://www.sociolla.com/body-mist/79521-symphony-of-flowers-hair-and-body-mist,0,0,0,quota_limit_reached
394_holika-holika,Pig-nose Clear Black Head 3-Step Kit,27020,https://www.sociolla.com/nose-pack/11616-pig-nose-clear-black-head-3-step-kit,0,0,0,quota_limit_reached
15516_hmns,Addict,100556,https://www.sociolla.com/eau-de-parfum/72214-addict,0,0,0,quota_limit_reached
394_holika-holika,Holi Pop Double Eyelid Liner,91258,https://www.sociolla.com/eyeliner/62916-holi-pop-double-eyelid-liner,0,0,0,quota_limit_reached
15516_hmns,Darker Shade of Orgsm,106599,https://www.sociolla.com/eau-de-parfum/78257-darker-shade-of-orgsm,0,0,0,quota_limit_reached
394_holika-holika,Water Vibe Tint,101595,https://www.sociolla.com/lip-tint/73253-water-vibe-tint,0,0,0,quota_limit_reached
394_holika-holika,Heart Crush Glow Tint Air,70941,https://www.sociolla.com/makeup/24121-heart-crush-glow-tint-air,0,0,0,quota_limit_reached
394_holika-holika,Aloe 99% Soothing Gel (Fresh Moisturizing),34322,https://www.sociolla.com/face-gel/11611-aloe-99-soothing-gel-fresh-moisturizing-,0,0,0,quota_limit_reached
394_holika-holika,Pig-nose Clear Black Head 3-Step Kit - Strong,73962,https://www.sociolla.com/sheet-mask/27142-pig-nose-clear-black-head-3-step-kit-strong,0,0,0,quota_limit_reached
394_holika-holika,Holi Pop Jelly Tint,10846,https://www.sociolla.com/lip-tint/11613-holi-pop-jelly-tint,0,0,0,quota_limit_reached
394_holika-holika,Enprani Smooth Skin Body Peeling,75197,https://www.sociolla.com/body-scrub-exfoliants/28377-enprani-smooth-skin-body-peeling,0,0,0,quota_limit_reached
394_holika-holika,Pure Essence Mask Sheet,34323,https://www.sociolla.com/sheet-mask/11612-pure-essence-mask-sheet,0,0,0,quota_limit_reached
394_holika-holika,Tail Lasting Brush Liner EX,83267,https://www.sociolla.com/eyeliner/54925-tail-lasting-brush-liner-ex,0,0,0,quota_limit_reached
394_holika-holika,Foggy Blur Tint (Like Shell Collection),105147,https://www.sociolla.com/lip-tint/76805-foggy-blur-tint-like-shell-collection,0,0,0,quota_limit_reached
394_holika-holika,Butter Blur Tint,91791,https://www.sociolla.com/lip-tint/63449-butter-blur-tint,0,0,0,quota_limit_reached
394_holika-holika,Holi Pop Water Tint,10845,https://www.sociolla.com/lip-tint/11614-holi-pop-water-tint,0,0,0,quota_limit_reached
394_holika-holika,Mellow Layering Stick Shadow,107657,https://www.sociolla.com/eyeshadow/79315-mellow-layering-stick-shadow,0,0,0,quota_limit_reached
394_holika-holika,Mellow Gliding Pencil Liner,89638,https://www.sociolla.com/eyeliner/61296-mellow-gliding-pencil-liner,0,0,0,quota_limit_reached
394_holika-holika,Devil's Plumper - Hellfire Glowy Topper,73633,https://www.sociolla.com/lip-gloss/26813-devil-s-plumper-hellfire-glowy-topper,0,0,0,quota_limit_reached
394_holika-holika,My Fave Mood Eye Palette,100455,https://www.sociolla.com/eyeshadow/72113-my-fave-mood-eye-palette,0,0,0,quota_limit_reached
394_holika-holika,Shell Glow Highlighter (Like Shell Collection),105146,https://www.sociolla.com/highlighter/76804-shell-glow-highlighter-like-shell-collection,0,0,0,quota_limit_reached
394_holika-holika,Glitz Eyeliner (Like Shell Collection),105148,https://www.sociolla.com/eyeliner/76806-glitz-eyeliner-like-shell-collection,0,0,0,quota_limit_reached
394_holika-holika,Lash Correcting Mascara Long Extension,83266,https://www.sociolla.com/mascara/54924-lash-correcting-mascara,0,0,0,quota_limit_reached
394_holika-holika,Brow Correcting Shaper,89639,https://www.sociolla.com/brow-mascara/61297-brow-correcting-shaper,0,0,0,quota_limit_reached
394_holika-holika,Wonder Drawing 24hr Auto Eyebrow,10838,https://www.sociolla.com/eyebrows/11620-wonder-drawing-24hr-auto-eyebrow,0,0,0,quota_limit_reached
394_holika-holika,Among Us Lash Correcting Mascara,89642,https://www.sociolla.com/mascara/61300-among-us-lash-correcting-mascara,0,0,0,quota_limit_reached
394_holika-holika,My Fave Mood Eye Palette (Like Shell Collection),105145,https://www.sociolla.com/eyeshadow/76803-my-fave-mood-eye-palette-like-shell-collection,0,0,0,quota_limit_reached
394_holika-holika,Lash Correcting Mascara Hyper Curling,73007,https://www.sociolla.com/mascara/26187-lash-correcting-mascara-hyper-curling,0,0,0,quota_limit_reached
394_holika-holika,Lash Correcting Mascara Define Volume,73008,https://www.sociolla.com/mascara/26188-lash-correcting-mascara-hyper-volume,0,0,0,quota_limit_reached
394_holika-holika,Hard Cover Liquid Concealer,36625,https://www.sociolla.com/concealer/15122-hard-cover-liquid-concealer,0,0,0,quota_limit_reached
394_holika-holika,Heart Crush Jelly Velvet Tint,99717,https://www.sociolla.com/lip-tint/71375-heart-crush-jelly-velvet-tint,0,0,0,quota_limit_reached
394_holika-holika,Eye Spanglitter,71487,https://www.sociolla.com/eyeshadow/24667-eye-spanglitter,0,0,0,quota_limit_reached
394_holika-holika,Eye Metal Glitter,19840,https://www.sociolla.com/eyeshadow/11618-eye-metal-glitter,0,0,0,quota_limit_reached
394_holika-holika,Good Cera Super Ceramide Lip Oil Stick,86754,https://www.sociolla.com/lip-care/58412-good-cera-super-ceramide-lip-oil-stick,0,0,0,quota_limit_reached
394_holika-holika,My Fave Mood Eye Palette (Pinkology Collection),101617,https://www.sociolla.com/default-category/73275-my-fave-mood-eye-palette-pinkology-collection,0,0,0,quota_limit_reached
394_holika-holika,Makgeolli Brightening Mask Sheet,27345,https://www.sociolla.com/sheet-mask/11615-makgeolli-brightening-mask-sheet,0,0,0,quota_limit_reached
394_holika-holika,My Fave Mood Eye Palette (Matte Magique Collection),101596,https://www.sociolla.com/default-category/73254-my-fave-mood-eye-palette-matte-magique-collection,0,0,0,quota_limit_reached
394_holika-holika,Among Us Daily Fresh Cleansing Foam Olive,89701,https://www.sociolla.com/face-wash/61359-among-us-daily-fresh-cleansing-foam-olive,0,0,0,quota_limit_reached
394_holika-holika,Honey Royalactin Glow Cream,86747,https://www.sociolla.com/face-cream-lotion/58405-honey-royalactin-glow-cream,0,0,0,quota_limit_reached
394_holika-holika,Honey Royalactin Intensive Eye Cream,86745,https://www.sociolla.com/eye-care/58403-honey-royalactin-intensive-eye-cream,0,0,0,quota_limit_reached
394_holika-holika,My Fave Mood Eye Palette (Butter & Better Collection),101621,https://www.sociolla.com/default-category/73279-my-fave-mood-eye-palette-butter-and-better-collection,0,0,0,quota_limit_reached
394_holika-holika,Piece Matching Shadow Palette,27394,https://www.sociolla.com/eyeshadow/31495-piece-matching-shadow-palette,0,0,0,quota_limit_reached
394_holika-holika,Neat Knit Eye Bundle,100564,https://www.sociolla.com/makeup-palettes-set/72222-neat-knit-eye-bundle,0,0,0,quota_limit_reached
394_holika-holika,Among Us Color Changing Reuseable cup,89976,https://www.sociolla.com/travel-bottles-makeup-case/61634-among-us-color-changing-reuseable-cup,0,0,0,quota_limit_reached
394_holika-holika,Magic Tool Nail Edge Buffer,73957,https://www.sociolla.com/default-category/27137-magic-tool-nail-edge-buffer,0,0,0,quota_limit_reached
394_holika-holika,Magic Tool Nail Nippers,73958,https://www.sociolla.com/nail-clippers-files/27138-magic-tool-nail-nippers,0,0,0,quota_limit_reached
394_holika-holika,Makgeolli Brightening Mask Bundle,99782,https://www.sociolla.com/skin-care-set/71440-makgeolli-brightening-mask-bundle,0,0,0,quota_limit_reached
394_holika-holika,Piece Matching Nail Remover,27451,https://www.sociolla.com/nail-polish-remover/35867-piece-matching-nail-remover,0,0,0,quota_limit_reached
394_holika-holika,New Baby Silky Hand Mask Sheet,97110,https://www.sociolla.com/default-category/68768-new-baby-silky-hand-mask-sheet,0,0,0,quota_limit_reached
394_holika-holika,Piece Matching Nails Care,73952,https://www.sociolla.com/nail-polish/27132-piece-matching-nails-care,0,0,0,quota_limit_reached
394_holika-holika,Super Easy Aegyosal Bundle,99781,https://www.sociolla.com/make-up-set/71439-super-easy-aegyosal-bundle,0,0,0,quota_limit_reached
394_holika-holika,Devil's Plumper  - Hellgate Matte Primer,73632,https://www.sociolla.com/default-category/26812-devil-s-plumper-hellgate-matte-primer,0,0,0,quota_limit_reached
394_holika-holika,Lash Correcting Care,86018,https://www.sociolla.com/eyelash-serum/57676-lash-correcting-care,0,0,0,quota_limit_reached
394_holika-holika,Daily Fresh Cleansing Foam,34304,https://www.sociolla.com/face-wash/11627-daily-fresh-cleansing-foam,0,0,0,quota_limit_reached
394_holika-holika,Among Us Petit Bb Shimmering,89706,https://www.sociolla.com/bb-cc-cream/61364-among-us-petit-bb-shimmering,0,0,0,quota_limit_reached
394_holika-holika,Tail Lasting Sharp Pen Liner,34311,https://www.sociolla.com/eyeliner/11624-tail-lasting-sharp-pen-liner,0,0,0,quota_limit_reached
394_holika-holika,Good Cera Ceramide Cream In Serum,86752,https://www.sociolla.com/face-serum/58410-good-cera-ceramide-cream-in-serum,0,0,0,quota_limit_reached
394_holika-holika,Ac Mild Red Spot Patch,34298,https://www.sociolla.com/acne-blemish-treatments/11632-ac-mild-red-spot-patch,0,0,0,quota_limit_reached
394_holika-holika,Aloe 99% Soothing Gel Jelly Mask Sheet,73964,https://www.sociolla.com/sheet-mask/27144-aloe-99-soothing-gel-jelly-mask-sheet,0,0,0,quota_limit_reached
394_holika-holika,Wonder Drawing Skinny Eyebrow,10841,https://www.sociolla.com/eyebrows/11622-wonder-drawing-skinny-eyebrow,0,0,0,quota_limit_reached
394_holika-holika,Prime Youth Gold Caviar Gold Foil Mask,75198,https://www.sociolla.com/sheet-mask/28378-prime-youth-gold-caviar-gold-foil-mask,0,0,0,quota_limit_reached
394_holika-holika,Pig-nose Clear Black Head Perfect Sticker,34321,https://www.sociolla.com/nose-pack/11617-pig-nose-clear-black-head-perfect-sticker,0,0,0,quota_limit_reached
394_holika-holika,Honey Royalactin Serum Mist,86743,https://www.sociolla.com/face-mist/58401-honey-royalactin-serum-mist,0,0,0,quota_limit_reached
394_holika-holika,Waterdrop Tint Bomb,71489,https://www.sociolla.com/lip-tint/24669-waterdrop-tint-bomb,0,0,0,quota_limit_reached
394_holika-holika,Hard Cover Glow Cushion EX,64064,https://www.sociolla.com/cake-foundation/17077-hard-cover-glow-cushion-ex,0,0,0,quota_limit_reached
394_holika-holika,Terrazzo Shadow Palette,73004,https://www.sociolla.com/eyeshadow/26184-terrazzo-shadow-palette,0,0,0,quota_limit_reached
394_holika-holika,Magic Tool Nail Cuticle Pusher,73960,https://www.sociolla.com/nail-clippers-files/27140-magic-tool-nail-cuticle-pusher,0,0,0,quota_limit_reached
394_holika-holika,Make Up Sun Cream Tone Up,27326,https://www.sociolla.com/face-cream-lotion/13613-make-up-sun-cream-tone-up,0,0,0,quota_limit_reached
394_holika-holika,Among Us Moisture Hand Cream Berry Berry,89704,https://www.sociolla.com/hand-foot-cream/61362-among-us-moisture-hand-cream-berry-berry,0,0,0,quota_limit_reached
394_holika-holika,Among Us Daily Fresh Cleansing Foam Rice,89703,https://www.sociolla.com/face-wash/61361-among-us-daily-fresh-cleansing-foam-rice,0,0,0,quota_limit_reached
394_holika-holika,Watermelon Mask Sheet,64062,https://www.sociolla.com/sheet-mask/17079-watermelon-mask-sheet,0,0,0,quota_limit_reached
15048_im-from,Rice Toner,75217,https://www.sociolla.com/toner/28397-rice-toner,0,0,0,quota_limit_reached
394_holika-holika,Baby Silky Mask Sheet Bundle,104534,https://www.sociolla.com/hand-foot-mask/76192-baby-silky-mask-sheet-bundle,0,0,0,quota_limit_reached
15048_im-from,Mugwort Sheet Mask,75213,https://www.sociolla.com/sheet-mask/28393-mugwort-sheet-mask,0,0,0,quota_limit_reached
15048_im-from,Fig Scrub Mask,95485,https://www.sociolla.com/wash-off-mask/67143-fig-scrub-mask,0,0,0,quota_limit_reached
15048_im-from,Mugwort Mask,75205,https://www.sociolla.com/wash-off-mask/28385-mugwort-mask,0,0,0,quota_limit_reached
15048_im-from,Ginseng Eye Cream,75225,https://www.sociolla.com/eye-cream/28405-ginseng-eye-cream,0,0,0,quota_limit_reached
15048_im-from,Mugwort Essence,75212,https://www.sociolla.com/essence/28392-mugwort-essence,0,0,0,quota_limit_reached
15048_im-from,Rice Sunscreen,102516,https://www.sociolla.com/sunscreen/74174-rice-sunscreen,0,0,0,quota_limit_reached
15048_im-from,Honey Glowing Set,87048,https://www.sociolla.com/default-category/58706-honey-glowing-set,0,0,0,quota_limit_reached
15048_im-from,Honey Serum,82036,https://www.sociolla.com/face-serum/53694-honey-serum,0,0,0,quota_limit_reached
15048_im-from,Rice Mask,90071,https://www.sociolla.com/wash-off-mask/61729-mat-na-i-m-from-duong-sang-va-ngua-vet-tham-rice-mask-110gr,0,0,0,quota_limit_reached
15048_im-from,Ginseng Serum,75223,https://www.sociolla.com/face-serum/28403-ginseng-serum,0,0,0,quota_limit_reached
15048_im-from,Honey Nourishing Set,87047,https://www.sociolla.com/skin-care-set/58705-honey-nourishing-set,0,0,0,quota_limit_reached
15048_im-from,Rice Serum,90011,https://www.sociolla.com/face-serum/61669-rice-serum,0,0,0,quota_limit_reached
15048_im-from,Mugwort Calming Set,87045,https://www.sociolla.com/default-category/58703-mugwort-calming-set,0,0,0,quota_limit_reached
15048_im-from,Mugwort Acne Treatment Kit,87044,https://www.sociolla.com/skin-care-set/58702-mugwort-acne-treatment-kit,0,0,0,quota_limit_reached
15048_im-from,Mask Trial Kit,83757,https://www.sociolla.com/skin-care-set/55415-mask-trial-kit,0,0,0,quota_limit_reached
15048_im-from,Mugwort Mask Miniature,75206,https://www.sociolla.com/wash-off-mask/28386-mugwort-mask-miniature,0,0,0,quota_limit_reached
15048_im-from,Mugwort Cream,75214,https://www.sociolla.com/face-cream-lotion/28394-mugwort-cream,0,0,0,quota_limit_reached
15048_im-from,Beet Refresh Pad,101167,https://www.sociolla.com/toner/72825-beet-refresh-pad,0,0,0,quota_limit_reached
15048_im-from,Beet Energy Ampoule,101168,https://www.sociolla.com/ampoule/72826-beet-energy-ampoule,0,0,0,quota_limit_reached
15048_im-from,Mugwort Trial Kit,83758,https://www.sociolla.com/default-category/55416-mugwort-trial-kit,0,0,0,quota_limit_reached
15048_im-from,Fig Boosting Essence,90007,https://www.sociolla.com/essence/61665-fig-boosting-essence,0,0,0,quota_limit_reached
15048_im-from,Honey Mask,75220,https://www.sociolla.com/face-mask/28400-honey-mask,0,0,0,quota_limit_reached
15048_im-from,Vitamin Fruit Serum,101170,https://www.sociolla.com/face-serum/72828-vitamin-fruit-serum,0,0,0,quota_limit_reached
15048_im-from,Honey Mask,92238,https://www.sociolla.com/wash-off-mask/63896-honey-mask,0,0,0,quota_limit_reached
15048_im-from,Mugwort Gel Cleanser,103405,https://www.sociolla.com/cleansing-gel/75063-mugwort-gel-cleanser,0,0,0,quota_limit_reached
15048_im-from,Fig Cleansing Balm,90010,https://www.sociolla.com/cleansing-balm/61668-fig-cleansing-balm,0,0,0,quota_limit_reached
15048_im-from,Mugwort Spot Gel,75215,https://www.sociolla.com/face-gel/28395-mugwort-spot-gel,0,0,0,quota_limit_reached
15048_im-from,Mugwort Best Selling Duo,80810,https://www.sociolla.com/default-category/52468-mugwort-best-selling-duo,0,0,0,quota_limit_reached
15048_im-from,I'm From Best Selling Kit,87049,https://www.sociolla.com/skin-care-set/58707-i-m-from-best-selling-kit,0,0,0,quota_limit_reached
15048_im-from,Rice Brightening Duo,80813,https://www.sociolla.com/skin-care-set/52471-rice-brightening-duo,0,0,0,quota_limit_reached
15048_im-from,Beet Purifying Mask,101169,https://www.sociolla.com/wash-off-mask/72827-beet-purifying-mask,0,0,0,quota_limit_reached
15048_im-from,Mugwort Soothing Care,80812,https://www.sociolla.com/after-sun-care/52470-mugwort-soothing-care,0,0,0,quota_limit_reached
15048_im-from,Rice Cream,90012,https://www.sociolla.com/face-cream-lotion/61670-rice-cream,0,0,0,quota_limit_reached
15048_im-from,Honey Glow Cream,82037,https://www.sociolla.com/face-cream-lotion/53695-honey-glow-cream,0,0,0,quota_limit_reached
15048_im-from,Honey Moisturizing Set,87046,https://www.sociolla.com/skin-care-set/58704-honey-moisturizing-set,0,0,0,quota_limit_reached
15048_im-from,Vitamin Tree Water Gel,75218,https://www.sociolla.com/face-cream-lotion/28398-vitamin-tree-water-gel,0,0,0,quota_limit_reached
15048_im-from,Ginseng Mask,75222,https://www.sociolla.com/wash-off-mask/28402-ginseng-mask,0,0,0,quota_limit_reached
15048_im-from,Fig Scrub Mask,90008,https://www.sociolla.com/cleanser/61666-fig-scrub-mask,0,0,0,quota_limit_reached
15048_im-from,Pear Soothing Pad,94349,https://www.sociolla.com/toner/66007-pear-soothing-pad,0,0,0,quota_limit_reached
15048_im-from,Pear Serum,94347,https://www.sociolla.com/face-serum/66005-pear-serum,0,0,0,quota_limit_reached
15048_im-from,Double Glow Effect,92213,https://www.sociolla.com/skin-care-set/63871-double-glow-effect,0,0,0,quota_limit_reached
878_immeme,My Custom Blush,94195,https://www.sociolla.com/blush/65853-my-custom-blush,0,0,0,quota_limit_reached
15048_im-from,Rice Mask Miniature,97038,https://www.sociolla.com/wash-off-mask/68696-rice-mask-miniature,0,0,0,quota_limit_reached
15048_im-from,Honey Mask Miniature,75221,https://www.sociolla.com/wash-off-mask/28401-honey-mask-miniature,0,0,0,quota_limit_reached
878_immeme,Pep Balm,72671,https://www.sociolla.com/lip-balm/25851-pep-balm,0,0,0,quota_limit_reached
878_immeme,Jewel Topping Glitter Duo,97134,https://www.sociolla.com/eyeshadow/68792-jewel-topping-glitter-duo,0,0,0,quota_limit_reached
878_immeme,I'm Meme Mystery Blur Tint NEW,83991,https://www.sociolla.com/lip-tint/55649-son-kem-i-m-meme-mystery-blur-tint,0,0,0,quota_limit_reached
878_immeme,Bare Lips,72675,https://www.sociolla.com/k-beauty-makeup-nov/25855-bare-lips,0,0,0,quota_limit_reached
878_immeme,Color Key Ring Water Gel Tint,88925,https://www.sociolla.com/face-gel/60583-color-key-ring-water-gel-tint,0,0,0,quota_limit_reached
878_immeme,AFTERNOON TEA BLUSHER + PEP BALM BUNDLE,73022,https://www.sociolla.com/makeup-palettes-set/26202-afternoon-tea-blusher-pep-balm-bundle,0,0,0,quota_limit_reached
878_immeme,What's In My Bag Palette,94192,https://www.sociolla.com/default-category/65850-what-s-in-my-bag-palette,0,0,0,quota_limit_reached
878_immeme,Stick Shadow Shimmer,97132,https://www.sociolla.com/eyeshadow/68790-stick-shadow-shimmer,0,0,0,quota_limit_reached
878_immeme,I'm Bare Lips Oil 001 Original,83839,https://www.sociolla.com/lip-gloss/55497-dau-duong-moi-i-m-meme-i-m-bare-lips-oil,0,0,0,quota_limit_reached
878_immeme,I'M MEME I'm Bare Lips Treatment 001 Original,83840,https://www.sociolla.com/lip-mask/55498-sap-duong-moi-i-m-meme-i-m-bare-lips-treatment,0,0,0,quota_limit_reached
878_immeme,Brow Master-Cara,87649,https://www.sociolla.com/brow-kit/59307-i-m-meme-brow-master-cara,0,0,0,quota_limit_reached
878_immeme,Multi Cube,87667,https://www.sociolla.com/default-category/59325-i-m-meme-multi-cube,0,0,0,quota_limit_reached
878_immeme,Afternoon Tea Blusher Palette,72676,https://www.sociolla.com/blush/25856-afternoon-tea-blusher-palette,0,0,0,quota_limit_reached
878_immeme,I'm Afternoon Tea Contour Palette,97133,https://www.sociolla.com/default-category/68791-i-m-afternoon-tea-contour-palette,0,0,0,quota_limit_reached
878_immeme,I'm Fitting Blender,86316,https://www.sociolla.com/sponge-applicators/57974-i-m-fitting-blender,0,0,0,quota_limit_reached
878_immeme,Mystery Blur Tint,72672,https://www.sociolla.com/makeup/25852-mystery-blur-tint,0,0,0,quota_limit_reached
878_immeme,Mystery Flash Tint,76040,https://www.sociolla.com/lip-tint/47698-mystery-flash-tint,0,0,0,quota_limit_reached
878_immeme,Pink Blur Tone-Up Sun Base,87675,https://www.sociolla.com/default-category/59333-i-m-meme-pink-blur-tone-up-sun-base-40-ml,0,0,0,quota_limit_reached
878_immeme,I'm Bare Cheek Liquid,83846,https://www.sociolla.com/blush/55504-kem-ma-hong-i-m-meme-i-m-bare-cheek-liquid,0,0,0,quota_limit_reached
878_immeme,Oil Cut Pact 001 Skin Mattifying,83789,https://www.sociolla.com/compact-powder/55447-phan-phu-nen-i-m-meme-i-m-oil-cut-pact,0,0,0,quota_limit_reached
878_immeme,I'm Bare Lips Color Balm,82156,https://www.sociolla.com/lip-balm/53814-i-m-bare-lips-color-balm,0,0,0,quota_limit_reached
878_immeme,Oil Cut Sun Base,83788,https://www.sociolla.com/liquid-foundation/55446-kem-chong-nang-i-m-meme-super-light-oil-cut-sun-base-spf50,0,0,0,quota_limit_reached
878_immeme,I'M Concealer,88928,https://www.sociolla.com/concealer/60586-i-m-concealer,0,0,0,quota_limit_reached
878_immeme,Color Pattern Palette,88926,https://www.sociolla.com/eyeshadow/60584-color-pattern-palette,0,0,0,quota_limit_reached
878_immeme,Pink Blur Tone-Up Pact,87674,https://www.sociolla.com/compact-powder/59332-i-m-meme-pink-blur-tone-up-pact-10g,0,0,0,quota_limit_reached
878_immeme,I'M MEME Lash Master-Cara,87648,https://www.sociolla.com/mascara/59306-i-m-meme-lash-master-cara,0,0,0,quota_limit_reached
878_immeme,AFTERNOON TEA BLUSHER + MYSTERY SATIN TINT BUNDLE,73024,https://www.sociolla.com/makeup-palettes-set/26204-afternoon-tea-blusher-mystery-satin-tint-bundle,0,0,0,quota_limit_reached
878_immeme,AFTERNOON TEA BLUSHER + MYSTERY BLUR TINT BUNDLE,73023,https://www.sociolla.com/makeup-palettes-set/26203-afternoon-tea-blusher-mystery-blur-tint-bundle,0,0,0,quota_limit_reached
878_immeme,Tic Toc Tint Lip Cashmere,72674,https://www.sociolla.com/default-category/25854-tic-tok-tint-lip-cashmere,0,0,0,quota_limit_reached
878_immeme,Cover-Up Matte Fit Cushion,88927,https://www.sociolla.com/cake-foundation/60585-cover-up-matte-fit-cushion,0,0,0,quota_limit_reached
2093_implora,Implora Jelly Tint,100264,https://www.sociolla.com/lip-tint/71922-implora-jelly-tint,0,0,0,quota_limit_reached
878_immeme,Mini Brush Kit,86317,https://www.sociolla.com/brush-set/57975-mini-brush-kit,0,0,0,quota_limit_reached
2093_implora,Urban Lip Cream Matte,82386,https://www.sociolla.com/lip-cream/54044-urban-lip-cream-matte,0,0,0,quota_limit_reached
2093_implora,Eyebrow Pencil,82389,https://www.sociolla.com/brow-pencil/54047-eyebrow-pencil,0,0,0,quota_limit_reached
2093_implora,Serum 1% Liporetinol,100330,https://www.sociolla.com/face-serum/71988-serum-1-liporetinol,0,0,0,quota_limit_reached
2093_implora,Hydra Veil Sleeping Mask,105861,https://www.sociolla.com/sleeping-mask/77519-hydra-veil-sleeping-mask,0,0,0,quota_limit_reached
2093_implora,Serum Wajah,88154,https://www.sociolla.com/face-serum/59812-implora-serum-wajah,0,0,0,quota_limit_reached
2093_implora,Cheek & Liptint,82385,https://www.sociolla.com/lip-tint/54043-cheek-and-liptint,0,0,0,quota_limit_reached
2093_implora,Lip Velvet,88044,https://www.sociolla.com/lip-cream/59702-lip-velvet-attractive,0,0,0,quota_limit_reached
2093_implora,New Softbrow Pensil,88046,https://www.sociolla.com/brow-pencil/59704-new-softbrow-pensil,0,0,0,quota_limit_reached
2093_implora,NEW Eyeshadow Palette,88060,https://www.sociolla.com/eyeshadow/59718-new-eyeshadow-palette,0,0,0,quota_limit_reached
2093_implora,Lip Moist Essence,105860,https://www.sociolla.com/lip-serum/77518-lip-moist-essence,0,0,0,quota_limit_reached
2093_implora,Lip Moist Serum,105859,https://www.sociolla.com/lip-serum/77517-lip-moist-serum,0,0,0,quota_limit_reached
2093_implora,Implora Perfect Shield Sunscreen SPF-40 PA ++++,100266,https://www.sociolla.com/sunscreen/71924-implora-perfect-shield-sunscreen-spf-40-pa,0,0,0,quota_limit_reached
2093_implora,Serum Birdnest Skin Nourish,100268,https://www.sociolla.com/face-serum/71926-implora-serum,0,0,0,quota_limit_reached
2093_implora,Seamless Liquid Foundation,83233,https://www.sociolla.com/liquid-foundation/54891-liquid-foudation,0,0,0,quota_limit_reached
650_indoganic,Brow & Lash Serum,28378,https://www.sociolla.com/eyelash-serum/15215-brow-and-lash-serum,0,0,0,quota_limit_reached
2093_implora,Serum Bakuchiol,100329,https://www.sociolla.com/face-serum/71987-serum-bakuchiol,0,0,0,quota_limit_reached
2093_implora,Serum Salmon DNA,100270,https://www.sociolla.com/face-serum/71928-implora-serum,0,0,0,quota_limit_reached
650_indoganic,Perfect Duo for Anti Acne & Anti Aging Mini,98520,https://www.sociolla.com/skin-care-set/70178-perfect-duo-for-anti-acne-and-anti-aging-mini,0,0,0,quota_limit_reached
650_indoganic,Anti Aging Combo Facial Roller,98513,https://www.sociolla.com/skin-care-set/70171-anti-aging-combo-facial-roller,0,0,0,quota_limit_reached
650_indoganic,Beauty Bakuchiol Intensive Face Oil,84666,https://www.sociolla.com/face-oil/56324-beauty-bakuchiol-intensive-face-oil,0,0,0,quota_limit_reached
650_indoganic,Honey Sugar Scrub,88996,https://www.sociolla.com/lip-scrub/60654-honey-sugar-scrub,0,0,0,quota_limit_reached
650_indoganic,Beauty Camellia Deep Cleansing Oil,85684,https://www.sociolla.com/cleansing-oil/57342-beauty-camellia-deep-cleansing-oil,0,0,0,quota_limit_reached
650_indoganic,Rose Quartz Facial Roller,35798,https://www.sociolla.com/facial-tools/14063-rose-quartz-facial-roller,0,0,0,quota_limit_reached
650_indoganic,Rosehip Oil & Vitamin C Face Oil,106396,https://www.sociolla.com/face-serum/78054-rosehip-oil-and-vitamin-c-face-oil,0,0,0,quota_limit_reached
650_indoganic,Lip & Cheek Paint,101557,https://www.sociolla.com/default-category/73215-lip-and-cheek-paint,0,0,0,quota_limit_reached
650_indoganic,Lip Oil Serum,107777,https://www.sociolla.com/lip-balm/79435-lip-oil-serum,0,0,0,quota_limit_reached
650_indoganic,Rose Quartz Facial Roller Mini,35799,https://www.sociolla.com/facial-tools/14064-rose-quartz-facial-roller-mini,0,0,0,quota_limit_reached
650_indoganic,Calendula Gentle Gel Cleanser (Refill),104255,https://www.sociolla.com/face-wash/75913-calendula-gentle-gel-cleanser-refill,0,0,0,quota_limit_reached
650_indoganic,Multi-Hyalu H20 Toner,94166,https://www.sociolla.com/toner/65824-multi-hyalu-h20-toner,0,0,0,quota_limit_reached
650_indoganic,Perfect Duo for Anti Aging & Hydration,98524,https://www.sociolla.com/skin-care-set/70182-perfect-duo-for-anti-aging-and-hydration,0,0,0,quota_limit_reached
650_indoganic,Try Me Set,99445,https://www.sociolla.com/skin-care-set/71103-indoganic-beauty,0,0,0,quota_limit_reached
650_indoganic,Indoganic Beauty X Regina Blancha Lip & Cheek Paint,92731,https://www.sociolla.com/default-category/64389-indoganic-beauty-x-regina-blancha-lip-and-cheek-paint,0,0,0,quota_limit_reached
650_indoganic,Bundle Indoganic Beauty Lip & Cheek Paint,102382,https://www.sociolla.com/lip-cream/74040-bundle-indoganic-beauty-lip-and-cheek-paint,0,0,0,quota_limit_reached
650_indoganic,Beauty Day & Night Repair cream,88449,https://www.sociolla.com/face-cream-lotion/60107-beauty-day-and-night-repair-cream,0,0,0,quota_limit_reached
650_indoganic,Beauty Calendula Gentle Gel Cleanser,98458,https://www.sociolla.com/face-wash/70116-beauty-calendula-gentle-gel-cleanser,0,0,0,quota_limit_reached
650_indoganic,Multi-Hyalu H20 Serum,94167,https://www.sociolla.com/face-serum/65825-multi-hyalu-h20-serum,0,0,0,quota_limit_reached
650_indoganic,Bundle Maximal Hydration (Full Size),98507,https://www.sociolla.com/skin-care-set/70165-bundle-maximal-hydration-full-size,0,0,0,quota_limit_reached
650_indoganic,BundleMaximal  Hydration (Try Me Set),98502,https://www.sociolla.com/skin-care-set/70160-bundlemaximal-hydration-try-me-set,0,0,0,quota_limit_reached
650_indoganic,Perfect Duo for clean and plumpy Skin,98529,https://www.sociolla.com/skin-care-set/70187-perfect-duo-for-clean-and-plumpy-skin,0,0,0,quota_limit_reached
650_indoganic,Double Cleansing (100ml),99427,https://www.sociolla.com/default-category/71085-double-cleansing-100ml,0,0,0,quota_limit_reached
650_indoganic,Anti Aging Combo Mini Roller,98510,https://www.sociolla.com/skin-care-set/70168-anti-aging-combo-mini-roller,0,0,0,quota_limit_reached
650_indoganic,Camellia Deep Cleansing Oil (Refill),104254,https://www.sociolla.com/face-wash/75912-camellia-deep-cleansing-oil-refill,0,0,0,quota_limit_reached
650_indoganic,Double Cleansing (20ml),99428,https://www.sociolla.com/skin-care-set/71086-double-cleansing-20ml,0,0,0,quota_limit_reached
650_indoganic,Perfect Duo For Glowing Skin,98532,https://www.sociolla.com/skin-care-set/70190-perfect-duo-for-glowing-skin,0,0,0,quota_limit_reached
650_indoganic,"Beauty Rose Essence C with Vitamin C, Niacinamide, Rose Hydrosol, 8 Botanical Extracts",86932,https://www.sociolla.com/essence/58590-beauty-rose-essence-c-with-vitamin-c-niacinamide-rose-hydrosol-8-botanical-extracts,0,0,0,quota_limit_reached
650_indoganic,Pore Minimizing Toner,94165,https://www.sociolla.com/toner/65823-pore-minimizing-toner,0,0,0,quota_limit_reached
316_innisfree,Special Care Mask Foot,84225,https://www.sociolla.com/sheet-mask/55883-special-care-mask-foot-20ml,0,0,0,quota_limit_reached
316_innisfree,Innisfree Vitamin C Green Tea Enzyme Brightening Serum,104436,https://www.sociolla.com/face-serum/76094-vitamin-c-green-tea-enzyme-brightening-serum,0,0,0,quota_limit_reached
316_innisfree,Innisfree Retinol Cica Moisture Recovery Serum,92577,https://www.sociolla.com/face-serum/64235-retinol-cica-moisture-recovery-serum,0,0,0,quota_limit_reached
316_innisfree,Volcanic Pore BHA Cleansing Foam,100133,https://www.sociolla.com/face-wash/71791-volcanic-pore-bha-cleansing-foam,0,0,0,quota_limit_reached
316_innisfree,Apple Seed Cleansing Oil 150ML,83900,https://www.sociolla.com/cleansing-oil/55558-apple-seed-cleansing-oil-150ml,0,0,0,quota_limit_reached
316_innisfree,Jeju Cherry Blossom Skin Fit Tone Up Cream SPF 50+ PA++++ 50ml,100128,https://www.sociolla.com/sunscreen/71786-jeju-cherry-blossom-skin-fit-tone-up-cream-spf-50-pa-50ml,0,0,0,quota_limit_reached
316_innisfree,Black Tea Treatment Essence,100118,https://www.sociolla.com/essence/71776-black-tea-treatment-essence,0,0,0,quota_limit_reached
316_innisfree,My Perfumed Body Green Tangerine Body Lotion,84071,https://www.sociolla.com/body-lotion-body-serum/55729-my-perfumed-body-green-tangerine-body-lotion-330ml,0,0,0,quota_limit_reached
316_innisfree,Squeeze Energy Mask Pomegranate,102201,https://www.sociolla.com/sheet-mask/73859-squeeze-energy-mask-pomegranate,0,0,0,quota_limit_reached
316_innisfree,Squeeze Energy Mask Acai Berry,102214,https://www.sociolla.com/sheet-mask/73872-squeeze-energy-mask-acai-berry,0,0,0,quota_limit_reached
316_innisfree,Dewy Tint Lip Balm,102269,https://www.sociolla.com/lip-balm/73927-dewy-tint-lip-balm,0,0,0,quota_limit_reached
316_innisfree,Squeeze Energy Mask Manuka Honey,102204,https://www.sociolla.com/sheet-mask/73862-squeeze-energy-mask-manuka-honey,0,0,0,quota_limit_reached
316_innisfree,Canola Honey Lip Balm,106290,https://www.sociolla.com/lip-balm/77948-canola-honey-lip-balm,0,0,0,quota_limit_reached
316_innisfree,Green Tea seed cream,83882,https://www.sociolla.com/face-cream-lotion/55540-green-tea-seed-cream,0,0,0,quota_limit_reached
316_innisfree,Dewy Treatment Lip Balm,102268,https://www.sociolla.com/lip-balm/73926-dewy-treatment-lip-balm,0,0,0,quota_limit_reached
316_innisfree,No Sebum Mineral Powder,84077,https://www.sociolla.com/loose-powder/55735-no-sebum-mineral-powder-5g,0,0,0,quota_limit_reached
316_innisfree,Green Tea Hydrating Amino Acid Cleansing Foam,100396,https://www.sociolla.com/face-wash/72054-green-tea-hydrating-amino-acid-cleansing-foam,0,0,0,quota_limit_reached
316_innisfree,Squeeze Energy Mask Aloe,102221,https://www.sociolla.com/sheet-mask/73879-squeeze-energy-mask-aloe,0,0,0,quota_limit_reached
316_innisfree,No Sebum Mineral Pact,102267,https://www.sociolla.com/loose-powder/73925-no-sebum-mineral-pact,0,0,0,quota_limit_reached
316_innisfree,Green Tea Seed Eye and Face Ball,100393,https://www.sociolla.com/eye-serum/72051-green-tea-seed-eye-and-face-ball,0,0,0,quota_limit_reached
316_innisfree,Auto Eyebrow Pencil 0.3g,83860,https://www.sociolla.com/eyebrows/55518-auto-eyebrow-pencil-0-3g,0,0,0,quota_limit_reached
316_innisfree,Squeeze Energy Mask Centella,102226,https://www.sociolla.com/sheet-mask/73884-squeeze-energy-mask-centella,0,0,0,quota_limit_reached
316_innisfree,Squeeze Energy Mask Green Tea,102405,https://www.sociolla.com/sheet-mask/74063-squeeze-energy-mask-green-tea,0,0,0,quota_limit_reached
316_innisfree,Special Care Mask Hand,84226,https://www.sociolla.com/sheet-mask/55884-special-care-mask-hand-20ml,0,0,0,quota_limit_reached
316_innisfree,Innisfree Super Volcanic Pore Clay Mask 2X,100143,https://www.sociolla.com/clay-mask/71801-super-volcanic-pore-clay-mask-2x,0,0,0,quota_limit_reached
316_innisfree,Squeeze energy Mask Kombucha,102232,https://www.sociolla.com/sheet-mask/73890-squeeze-energy-mask-kombucha,0,0,0,quota_limit_reached
316_innisfree,Bija Trouble Facial Foam,83897,https://www.sociolla.com/face-wash/55555-bija-trouble-facial-foam-150ml,0,0,0,quota_limit_reached
316_innisfree,My Perfumed Body Green Tangerine Cleanser,102262,https://www.sociolla.com/body-wash/73920-my-perfumed-body-green-tangerine-cleanser,0,0,0,quota_limit_reached
316_innisfree,Intensive Long Lasting Sunscreen SPF50+ PA++++,97961,https://www.sociolla.com/sunscreen/69619-intensive-long-lasting-sunscreen-spf50-pa,0,0,0,quota_limit_reached
316_innisfree,Black Tea Youth Enhancing ampoule,83870,https://www.sociolla.com/ampoule/55528-black-tea-youth-ampoule-30ml,0,0,0,quota_limit_reached
316_innisfree,Bija Trouble Lotion,83904,https://www.sociolla.com/face-cream-lotion/55562-bija-trouble-lotion-100ml,0,0,0,quota_limit_reached
316_innisfree,Green Tea Hydrating Amino Acid Cleansing Water,100391,https://www.sociolla.com/micellar-water/72049-green-tea-hydrating-amino-acid-cleansing-water,0,0,0,quota_limit_reached
316_innisfree,Innisfree Hyaluronic Moist Sunscreen SPF50+ PA++++ 50ml,100122,https://www.sociolla.com/sunscreen/71780-hyaluronic-moist-sunscreen-spf50-pa-50ml,0,0,0,quota_limit_reached
316_innisfree,Green Tea Seed  Hyaluronic Serum,76279,https://www.sociolla.com/190-face-serum/47937-green-tea-seed-hyaluronic-serum,0,0,0,quota_limit_reached
316_innisfree,Bija Trouble Skin Toner,83919,https://www.sociolla.com/toner/55577-bija-trouble-skin-toner,0,0,0,quota_limit_reached
316_innisfree,Black Tea Youth Enhancing Cream,83873,https://www.sociolla.com/face-cream-lotion/55531-black-tea-youth-cream-45ml,0,0,0,quota_limit_reached
316_innisfree,Retinol Cica Ampoule Holiday Set,107445,https://www.sociolla.com/face-serum/79103-retinol-cica-ampoule-holiday-set,0,0,0,quota_limit_reached
316_innisfree,My Perfumed Body Cotton Flower Body Lotion,84061,https://www.sociolla.com/body-lotion-body-serum/55719-my-perfumed-body-cotton-flower-body-lotion-330ml,0,0,0,quota_limit_reached
316_innisfree,Cherry Blossom Jelly Cream 50ml (21),78455,https://www.sociolla.com/face-gel/50113-gel-duong-am-sang-da-jeju-cherry-blossom-jelly-cream,0,0,0,quota_limit_reached
316_innisfree,Trouble Care For Clear Skin Set,106291,https://www.sociolla.com/skin-care-set/77949-trouble-care-for-clear-skin-set,0,0,0,quota_limit_reached
316_innisfree,My Perfumed Body Cotton Flower Body Cleanser,84059,https://www.sociolla.com/body-lotion-body-serum/55717-my-perfumed-body-cotton-flower-body-cleanser-330ml,0,0,0,quota_limit_reached
316_innisfree,Squeeze Energy Mask Rose,102223,https://www.sociolla.com/sheet-mask/73881-squeeze-energy-mask-rose,0,0,0,quota_limit_reached
316_innisfree,Bija Cica Balm EX 40ML,76303,https://www.sociolla.com/face-cream-lotion/47961-kem-duong-lam-diu-da-mun-bija-cica-balm-ex,0,0,0,quota_limit_reached
316_innisfree,VitaC Serum Holiday Set,107446,https://www.sociolla.com/face-serum/79104-vitac-serum-holiday-set,0,0,0,quota_limit_reached
316_innisfree,Apple Seed Lip & Eye Make Up Remover,78460,https://www.sociolla.com/cleansing-oil/50118-dau-tay-trang-mat-moi-tao-apple-seed-lip-and-eye-makeup-remover,0,0,0,quota_limit_reached
316_innisfree,Squeeze Energy Mask Heartleaf,102228,https://www.sociolla.com/sheet-mask/73886-squeeze-energy-mask-heartleaf,0,0,0,quota_limit_reached
316_innisfree,Squeeze energy Mask Yuzu,102231,https://www.sociolla.com/sheet-mask/73889-squeeze-energy-mask-yuzu,0,0,0,quota_limit_reached
316_innisfree,Canola Honey Lip Balm Intensive Moisture,102270,https://www.sociolla.com/lip-balm/73928-canola-honey-lip-balm-intensive-moisture,0,0,0,quota_limit_reached
316_innisfree,Black Tea Youth Enhancing Skin,102266,https://www.sociolla.com/toner/73924-black-tea-youth-enhancing-skin,0,0,0,quota_limit_reached
15680_isoi,Blemish Care Up Serum,106261,https://www.sociolla.com/ampoule/77919-blemish-care-up-serum,0,0,0,quota_limit_reached
15680_isoi,Moisture Dr. Cream,106265,https://www.sociolla.com/face-cream-lotion/77923-moisture-dr-cream,0,0,0,quota_limit_reached
15680_isoi,Blemish Care Cream Plus,106262,https://www.sociolla.com/face-cream-lotion/77920-blemish-care-cream-plus,0,0,0,quota_limit_reached
15680_isoi,Blemish Care Tonic Essence,106260,https://www.sociolla.com/toner/77918-blemish-care-tonic-essence,0,0,0,quota_limit_reached
15680_isoi,Moisture Dr. Ampoule,106264,https://www.sociolla.com/ampoule/77922-moisture-dr-ampoule,0,0,0,quota_limit_reached
217_jacquelle,Diamond Brush Series - S. Tapered Multitasker Brush,101894,https://www.sociolla.com/face-brushes/73552-diaomond-brush-series-s-tapered-multitasker-brush,0,0,0,quota_limit_reached
172_itsy-nail,Sunny Side Up,29928,https://www.sociolla.com/nails/2444-sunny-side-up,0,0,0,quota_limit_reached
217_jacquelle,Jacquelle Rose Extract Oil Control Paper - Blotting Paper/Kertas Minyak Wajah,94359,https://www.sociolla.com/blotting-paper/66017-jacquelle-rose-extract-oil-control-paper-blotting-paper,0,0,0,quota_limit_reached
217_jacquelle,Lip Velvet SPY X FAMILY Collection,107733,https://www.sociolla.com/lip-cream/79391-lip-velvet-spy-x-family-collection,0,0,0,quota_limit_reached
217_jacquelle,Eyeshadow Friendship - Winnie The Pooh Edition,107149,https://www.sociolla.com/eyeshadow/78807-eyeshadow-friendship-winnie-the-pooh-edition,0,0,0,quota_limit_reached
217_jacquelle,Jacquelle BlushHer Blush x Shani Amelia - Disney 100 Winnie The Pooh Edition,105028,https://www.sociolla.com/blush/76686-jacquelle-blushher-blush-x-shani-amelia-disney-100-winnie-the-pooh-edition,0,0,0,quota_limit_reached
217_jacquelle,Jacquelle Cushion Case x Shani Amelia  - Disney 100 Winnie The Pooh Edition,105027,https://www.sociolla.com/sponge-applicators/76685-jacquelle-cushion-case-x-shani-amelia-disney-100-winnie-the-pooh-edition,0,0,0,quota_limit_reached
217_jacquelle,Jacquelle Tinted Lipcloud x Shani Amelia - Disney 100 Winnie The Pooh Edition,105026,https://www.sociolla.com/lip-tint/76684-jacquelle-tinted-lipcloud-x-shani-amelia-disney-100-winnie-the-pooh-edition,0,0,0,quota_limit_reached
217_jacquelle,Clean Carbon Facial Cleansing Brush - Disney Mickey Mouse Edition,98533,https://www.sociolla.com/facial-tools/70191-clean-carbon-facial-cleansing-brush-disney-mickey-mouse-edition,0,0,0,quota_limit_reached
217_jacquelle,Tinted Lip Cloud SPY X FAMILY Collection,100838,https://www.sociolla.com/lip-tint/72496-tinted-lip-cloud-spy-x-family-collection,0,0,0,quota_limit_reached
217_jacquelle,Jacquelle Corrector Concealer,93020,https://www.sociolla.com/concealer/64678-jacquelle-corrector-concealer,0,0,0,quota_limit_reached
217_jacquelle,2in1 Eyessential Pen - Disney Mickey & Minnie edition (Eyeliner & Brow),97589,https://www.sociolla.com/eyeliner/69247-2in1-eyessential-pen-disney-mickey-and-minnie-edition-eyeliner-and-brow,0,0,0,quota_limit_reached
217_jacquelle,Precisely What I Want Set,104355,https://www.sociolla.com/makeup-palettes-set/76013-precisely-what-i-want-set,0,0,0,quota_limit_reached
217_jacquelle,Rose Golden Perfect Brush Set,91043,https://www.sociolla.com/default-category/62701-rose-golden-perfect-brush-set,0,0,0,quota_limit_reached
217_jacquelle,Slim Eyetractive (Eyeliner Pen) Brush Waterproof,97591,https://www.sociolla.com/eyeliner/69249-slim-eyetractive-eyeliner-pen-brush-waterproof,0,0,0,quota_limit_reached
217_jacquelle,Magic Wash,35060,https://www.sociolla.com/facial-tools/12888-jacquelle-magic-wash,0,0,0,quota_limit_reached
217_jacquelle,Premium Invisible Eyelid Moon Light - Refill,30284,https://www.sociolla.com/eye-tape/3326-premium-invisible-eyelid-moon-light-refill,0,0,0,quota_limit_reached
217_jacquelle,Slim Brow (2in1 Pensil Alis & Spoolie),97592,https://www.sociolla.com/eyebrows/69250-slim-brow-2in1-pensil-alis-and-spoolie,0,0,0,quota_limit_reached
217_jacquelle,Rose Golden Travel Size Brush Set,64113,https://www.sociolla.com/default-category/17160-rose-golden-travel-size-brush-set,0,0,0,quota_limit_reached
217_jacquelle,Magic Wash Makeup Remover - Disney Winnie The Pooh edition,98534,https://www.sociolla.com/facial-tools/70192-magic-wash-makeup-remover-disney-winnie-the-pooh-edition,0,0,0,quota_limit_reached
217_jacquelle,Magic Wash SPY X FAMILY Collection - ANYA,104237,https://www.sociolla.com/brush-cleanser-tools/75895-magic-wash-spy-x-family-collection-anya,0,0,0,quota_limit_reached
217_jacquelle,Brush Cleanser Soap,85624,https://www.sociolla.com/brush-cleanser-tools/57282-brush-cleanser-soap,0,0,0,quota_limit_reached
217_jacquelle,BlushHer - Disney 100 Mickey & Minnie Collection,107893,https://www.sociolla.com/blush/79551-blushher-disney-100-mickey-and-minnie-collection,0,0,0,quota_limit_reached
217_jacquelle,Rose Extract Oil Control Paper - Blotting Paper/Kertas Minyak Wajah (SPY X FAMILY Collection),105870,https://www.sociolla.com/blotting-paper/77528-rose-extract-oil-control-paper-blotting-paper-spy-x-family-collection,0,0,0,quota_limit_reached
217_jacquelle,Diamond Brush Series - L. Tapered Multitasker Brush,101891,https://www.sociolla.com/face-brushes/73549-diaomond-brush-series-l-tapered-multitasker-brush,0,0,0,quota_limit_reached
217_jacquelle,Blur Effect UV Protector : Hybrid Sunscreen SPF 50 PA++++,92406,https://www.sociolla.com/sunscreen/64064-blur-effect-uv-protector-hybrid-sunscreen-spf-50-pa,0,0,0,quota_limit_reached
217_jacquelle,Tinted Lip Cloud,101898,https://www.sociolla.com/lip-tint/73556-tinted-lip-cloud,0,0,0,quota_limit_reached
217_jacquelle,Blur Effect Two Way Cake (TWC),94364,https://www.sociolla.com/pressed-powder/66022-blur-effect-two-way-cake-twc,0,0,0,quota_limit_reached
217_jacquelle,Blur Effect Foundation,64110,https://www.sociolla.com/foundation/17157-blur-effect-foundation,0,0,0,quota_limit_reached
217_jacquelle,Jacquelle Parfume Elegant Eau De Parfume SPY X FAMILY Collection,103734,https://www.sociolla.com/eau-de-parfum/75392-jacquelle-parfume-elegant-eau-de-parfume-spy-x-family-collection,0,0,0,quota_limit_reached
217_jacquelle,Eyeshadow Palette SPY X FAMILY Collection,100837,https://www.sociolla.com/eyeshadow/72495-eyeshadow-palette-spy-x-family-collection,0,0,0,quota_limit_reached
217_jacquelle,Bronze Copper Brush Set,72833,https://www.sociolla.com/brush-set/26013-bronze-copper-brush-set,0,0,0,quota_limit_reached
217_jacquelle,Lip Cloud (Hybrid Lip Cream & Lip Care) - Satin Finish Lip Eye Cheek,98536,https://www.sociolla.com/lip-cream/70194-lip-cloud-hybrid-lip-cream-and-lip-care-satin-finish-lip-eye-cheek,0,0,0,quota_limit_reached
217_jacquelle,Eyetractive,79789,https://www.sociolla.com/eyeliner/51447-eyetractive,0,0,0,quota_limit_reached
217_jacquelle,EggGang Beauty Blender,34016,https://www.sociolla.com/sponge-applicators/11138-egggang-beauty-blender,0,0,0,quota_limit_reached
217_jacquelle,Sunscreen x Two Way Cake,95555,https://www.sociolla.com/default-category/67213-sunscreen-x-two-way-cake,0,0,0,quota_limit_reached
217_jacquelle,Disney Alice in Wonderland (Chesire Cat) Edition - Facial Sleeping Mask Bundle,90457,https://www.sociolla.com/skin-care-set/62115-disney-alice-in-wonderland-chesire-cat-edition-facial-sleeping-mask-bundle,0,0,0,quota_limit_reached
217_jacquelle,Jacquelle Electric Rose Quartz Face Massager,85533,https://www.sociolla.com/facial-tools/57191-jacquelle-electric-rose-quartz-face-massager,0,0,0,quota_limit_reached
217_jacquelle,Two Sided Rose Quartz Face Roller Massager - Jade Roller 2in1,87112,https://www.sociolla.com/default-category/58770-two-sided-rose-quartz-face-roller-massager-jade-roller-2in1,0,0,0,quota_limit_reached
217_jacquelle,Butter Clay Mask Disney Alice in Wonderland Edition,90453,https://www.sociolla.com/sheet-mask/62111-butter-clay-mask-disney-alice-in-wonderland-edition,0,0,0,quota_limit_reached
217_jacquelle,Diamond Brush Series - Fluffly Powder Brush,101888,https://www.sociolla.com/face-brushes/73546-diaomond-brush-series-fluffly-powder-brush,0,0,0,quota_limit_reached
217_jacquelle,Jacquelle Cushion Case Piglet x Blur Effeect Foundation - Disney 100 Winnie The Pooh Edition,105518,https://www.sociolla.com/makeup-palettes-set/77176-jacquelle-cushion-case-piglet-x-blur-effeect-foundation-disney-100-winnie-the-pooh-edition,0,0,0,quota_limit_reached
217_jacquelle,Brow Bar,104709,https://www.sociolla.com/eyebrows/76367-brow-bar,0,0,0,quota_limit_reached
217_jacquelle,Browssential,79792,https://www.sociolla.com/brow-kit/51450-browssential,0,0,0,quota_limit_reached
217_jacquelle,Beauty Brush Collection - Sea Shell (Set of 7),19442,https://www.sociolla.com/brush-set/8829-beauty-brush-collection-sea-shell-set-of-7,0,0,0,quota_limit_reached
217_jacquelle,Jacquelle Cushion Case Pooh x Blur Effeect Foundation - Disney 100 Winnie The Pooh Edition,105517,https://www.sociolla.com/makeup-palettes-set/77175-jacquelle-cushion-case-pooh-x-blur-effeect-foundation-disney-100-winnie-the-pooh-edition,0,0,0,quota_limit_reached
217_jacquelle,Aqua Lace Invisible Eyelid Tape,75363,https://www.sociolla.com/eye-tape/28546-aqua-lace-invisible-eyelid-tape,0,0,0,quota_limit_reached
217_jacquelle,Yogurt Sleeping Mask Brightening Nighttime Mask,105871,https://www.sociolla.com/sleeping-mask/77529-yogurt-sleeping-mask-brightening-nighttime-mask,0,0,0,quota_limit_reached
217_jacquelle,Spy x Family Collections with Limited Gift Box,100835,https://www.sociolla.com/makeup-palettes-set/72493-spy-x-family-collections-with-limited-gift-box,0,0,0,quota_limit_reached
217_jacquelle,Jacquelle Creamy Clay Mask - Disney Princess Ariel edition,96705,https://www.sociolla.com/clay-mask/68363-jacquelle-creamy-clay-mask-disney-princess-ariel-edition,0,0,0,quota_limit_reached
217_jacquelle,Clear Gloss Serum SPY X FAMILY Collection,100771,https://www.sociolla.com/lip-gloss/72429-clear-gloss-serum-spy-x-family-collection,0,0,0,quota_limit_reached
217_jacquelle,Jacquelle Magic Wash Purple Shell Makeup Remover,96706,https://www.sociolla.com/brush-cleanser-tools/68364-jacquelle-magic-wash-purple-shell-makeup-remover,0,0,0,quota_limit_reached
217_jacquelle,Glitter Gloss Serum - Disney 100 Mickey & Minnie Collection,107896,https://www.sociolla.com/lip-gloss/79554-glitter-gloss-serum-disney-100-mickey-and-minnie-collection,0,0,0,quota_limit_reached
217_jacquelle,Deep Cleansing Facial Wash SPY X FAMILY Collection,100505,https://www.sociolla.com/face-wash/72163-deep-cleansing-facial-wash-spy-x-family-collection,0,0,0,quota_limit_reached
217_jacquelle,Bunny Headband,34733,https://www.sociolla.com/hair-accessories/12176-bunny-headband,0,0,0,quota_limit_reached
217_jacquelle,Lip Cloud - Disney 100 Mickey & Minnie Collection,107890,https://www.sociolla.com/lip-cream/79548-lip-cloud-disney-100-mickey-and-minnie-collection,0,0,0,quota_limit_reached
217_jacquelle,Jacquelle Friendship Gift Set - Disney 100 Winnie The Pooh Edition,107772,https://www.sociolla.com/makeup-palettes-set/79430-jacquelle-friendship-gift-set-disney-100-winnie-the-pooh-edition,0,0,0,quota_limit_reached
217_jacquelle,Butter Clay Mask Moist and Calming Clay Mask,103733,https://www.sociolla.com/clay-mask/75391-butter-clay-mask-moist-and-calming-clay-mask,0,0,0,quota_limit_reached
217_jacquelle,Ribbon Headband,88994,https://www.sociolla.com/hair-accessories/60652-ribbon-headband,0,0,0,quota_limit_reached
217_jacquelle,Jacquelle LIMITED Makeup Collection x Shani Amelia - Disney 100 Winnie The Pooh Edition,105414,https://www.sociolla.com/makeup-palettes-set/77072-jacquelle-limited-makeup-collection-x-shani-amelia-disney-100-winnie-the-pooh-edition,0,0,0,quota_limit_reached
217_jacquelle,[Shani Amelia’s Pick] Jacquelle Magic Wash Makeup Remover Best Friend Bundle - Disney Winnie The Pooh edition,102291,https://www.sociolla.com/face-brushes/73949-shani-amelia-s-pick-jacquelle-magic-wash-makeup-remover-best-friend-bundle-disney-winnie-the-pooh-edition,0,0,0,quota_limit_reached
217_jacquelle,Jacquelle Be Fabulous Fellas Makeup Bundle x Shani Amelia - Disney 100 Winnie The Pooh Edition,105415,https://www.sociolla.com/makeup-palettes-set/77073-jacquelle-be-fabulous-fellas-makeup-bundle-x-shani-amelia-disney-100-winnie-the-pooh-edition,0,0,0,quota_limit_reached
217_jacquelle,Love Holder,63102,https://www.sociolla.com/default-category/15673-love-holder,0,0,0,quota_limit_reached
217_jacquelle,Premium Pink Polkadot Round Mirror,83456,https://www.sociolla.com/sociolla-gift-set/55114-premium-pink-polkadot-round-mirror,0,0,0,quota_limit_reached
217_jacquelle,Rose Extract Oil Control Paper - Blotting Paper/Kertas Minyak Wajah (Winnie The Pooh Collection),106992,https://www.sociolla.com/blotting-paper/78650-rose-extract-oil-control-paper-blotting-paper-winnie-the-pooh-collection,0,0,0,quota_limit_reached
217_jacquelle,Perfect Brow Goals Set,104358,https://www.sociolla.com/makeup/76016-perfect-brow-goals-set,0,0,0,quota_limit_reached
217_jacquelle,Magic Remover,1853,https://www.sociolla.com/facial-tools/7678-magic-remover,0,0,0,quota_limit_reached
217_jacquelle,Invisible Fit Eyelid,2236,https://www.sociolla.com/eye-tape/8169-invisible-fit-eyelid-,0,0,0,quota_limit_reached
217_jacquelle,Invisible Eyelid Tape Sea Flow - Yellow,1461,https://www.sociolla.com/eye-tape/6853-invisible-eyelid-tape-sea-flow-yellow,0,0,0,quota_limit_reached
217_jacquelle,[BUNDLE] Jacquelle Disney Princess Ariel edition Bundle - Exclusive Gift Box,96707,https://www.sociolla.com/clay-mask/68365-bundle-jacquelle-disney-princess-ariel-edition-bundle-exclusive-gift-box,0,0,0,quota_limit_reached
217_jacquelle,Jacquelle Diamond Brush Series - Bundle Triple Brush,102357,https://www.sociolla.com/brush-set/74015-jacquelle-diamond-brush-series-bundle-triple-brush,0,0,0,quota_limit_reached
217_jacquelle,Power Pair 5 in 1 Set,104868,https://www.sociolla.com/makeup-palettes-set/76526-power-pair-5-in-1-set,0,0,0,quota_limit_reached
217_jacquelle,3 in 1 EggGang,63105,https://www.sociolla.com/sponge-applicators/15675-3-in-1-egggang,0,0,0,quota_limit_reached
217_jacquelle,[Shani Amelia’s Pick] Jacquelle Pore Treatment Creamy Clay Mask - Disney Princess Ariel edition & Magic Wash Purple Shell,102347,https://www.sociolla.com/skin-care-set/74005-shani-amelia-s-pick-jacquelle-pore-treatment-creamy-clay-mask-disney-princess-ariel-edition-and-magic-wash-purple,0,0,0,quota_limit_reached
217_jacquelle,Jacquelle Pore and Acne Prone Care Bundle - Disney Princess Ariel edition,97225,https://www.sociolla.com/skin-care-set/68883-jacquelle-pore-and-acne-prone-care-bundle-disney-princess-ariel-edition,0,0,0,quota_limit_reached
217_jacquelle,Better Together,79793,https://www.sociolla.com/default-category/51451-better-together,0,0,0,quota_limit_reached
217_jacquelle,EggSoldier holder,34018,https://www.sociolla.com/sponge-applicators/11144-eggsoldier-holder,0,0,0,quota_limit_reached
217_jacquelle,Sanrio Gudetama Basic Flow,19745,https://sociolla.com/eye-tape/9280-sanrio-gudetama-basic-flow.html,0,0,0,quota_limit_reached
217_jacquelle,[Shani Amelia’s Pick] Jacquelle Creamy Clay Mask - Disney Princess Ariel edition,102352,https://www.sociolla.com/clay-mask/74010-shani-amelia-s-pick-jacquelle-creamy-clay-mask-disney-princess-ariel-edition,0,0,0,quota_limit_reached
217_jacquelle,Stainless Steel Mirror,77663,https://www.sociolla.com/mirror/49321-stainless-steel-mirror,0,0,0,quota_limit_reached
217_jacquelle,Sea Shell 02,20289,https://www.sociolla.com/default-category/9563-sea-shell-02,0,0,0,quota_limit_reached
217_jacquelle,Sea Shell 05,20292,https://www.sociolla.com/default-category/9566-sea-shell-05,0,0,0,quota_limit_reached
217_jacquelle,Lace Invisible Eyelid Tape Sanrio Hello Kitty,19747,https://www.sociolla.com/default-category/9282-lace-invisible-eyelid-tape-sanrio-hello-kitty,0,0,0,quota_limit_reached
217_jacquelle,Sea Shell 03,20290,https://www.sociolla.com/default-category/9564-sea-shell-03,0,0,0,quota_limit_reached
217_jacquelle,Sea Shell 04,20291,https://www.sociolla.com/face-brushes/9565-sea-shell-04,0,0,0,quota_limit_reached
217_jacquelle,Sea Shell 07,20294,https://www.sociolla.com/default-category/9568-sea-shell-07,0,0,0,quota_limit_reached
217_jacquelle,Beauty Brush - Sculpt Your Face,19445,https://sociolla.com/accessories/8833-beauty-brush-sculpt-your-face.html,0,0,0,quota_limit_reached
217_jacquelle,Disney Alice in Wonderland Edition - Facial Bundle Gift Box,90458,https://www.sociolla.com/default-category/62116-disney-alice-in-wonderland-edition-facial-bundle-kol-pr-box,0,0,0,quota_limit_reached
217_jacquelle,Jacquelle EYE & BROW Expert Gift Bundle - PR Box,98145,https://www.sociolla.com/default-category/69803-jacquelle-eye-and-brow-expert-gift-bundle-pr-box,0,0,0,quota_limit_reached
217_jacquelle,Tinted Lipcloud - Disney Winnie The Pooh edition,91253,https://www.sociolla.com/lip-cream/62911-tinted-lipcloud-disney-winnie-the-pooh-edition,0,0,0,quota_limit_reached
217_jacquelle,Beginner Dream Big Brush Set,36486,https://www.sociolla.com/default-category/14986-beginner-dream-big-brush-set,0,0,0,quota_limit_reached
217_jacquelle,Yogurt Sleeping Mask Disney Alice in Wonderland (Chesire Cat) Edition,90454,https://www.sociolla.com/sleeping-mask/62112-yogurt-sleeping-mask-disney-alice-in-wonderland-chesire-cat-edition,0,0,0,quota_limit_reached
217_jacquelle,Yogurt Sleeping Mask / Moisturizer (Probiotic) Disney Rapunzel Edition,87838,https://www.sociolla.com/face-cream-lotion/59496-yogurt-sleeping-mask-moisturizer-probiotic-disney-rapunzel-editiion,0,0,0,quota_limit_reached
217_jacquelle,Jacquelle Disney Edition Primer Lipo Mask,85531,https://www.sociolla.com/sheet-mask/57189-jacquelle-disney-edition-primer-lipo-mask,0,0,0,quota_limit_reached
217_jacquelle,Jacquelle Glow Up with 3pcs Bright Mask,86463,https://www.sociolla.com/skin-care-set/58121-jacquelle-glow-up-with-3pcs-bright-mask,0,0,0,quota_limit_reached
217_jacquelle,Jacquelle Glow Up with 3pcs Anti Aging Mask,86462,https://www.sociolla.com/skin-care-set/58120-jacquelle-glow-up-with-3pcs-anti-aging-mask,0,0,0,quota_limit_reached
217_jacquelle,Crab Headband,81413,https://www.sociolla.com/hair-accessories/53071-crab-headband,0,0,0,quota_limit_reached
217_jacquelle,Magic Gloss Serum SPY X FAMILY Collection,100772,https://www.sociolla.com/lip-gloss/72430-magic-gloss-serum-spy-x-family-collection,0,0,0,quota_limit_reached
217_jacquelle,Jacquelle Disney Edition Complete Me! Face Palette,83453,https://www.sociolla.com/default-category/55111-jacquelle-disney-edition-complete-me-face-palette,0,0,0,quota_limit_reached
217_jacquelle,Beauty Blender - Beauty Tower,27504,https://www.sociolla.com/sponge-applicators/10127-beauty-blender-beauty-tower,0,0,0,quota_limit_reached
217_jacquelle,Brow Bar - Disney Marie The Cat Edition,89855,https://www.sociolla.com/brow-kit/61513-brow-bar-disney-marie-the-cat-edition,0,0,0,quota_limit_reached
217_jacquelle,More Than A Sweet Lips,104357,https://www.sociolla.com/default-category/76015-more-than-a-sweet-lips,0,0,0,quota_limit_reached
217_jacquelle,BlushHer - Disney Marie The Cat Edition,89854,https://www.sociolla.com/blush/61512-blushher-disney-marie-the-cat-edition,0,0,0,quota_limit_reached
217_jacquelle,Sea Shell 06,20293,https://www.sociolla.com/eye-brushes/9567-sea-shell-06,0,0,0,quota_limit_reached
217_jacquelle,Beauty Brush - Wing It Out,19453,https://www.sociolla.com/default-category/8841-beauty-brush-wing-it-out,0,0,0,quota_limit_reached
217_jacquelle,Beauty Brush - Undercover,19448,https://www.sociolla.com/face-brushes/8836-beauty-brush-undercover,0,0,0,quota_limit_reached
217_jacquelle,Jacquelle Disney Minnie Mouse & Daisy Duck Edition Makeup Big Box,88993,https://www.sociolla.com/skin-care-set/60651-jacquelle-disney-bff-edition-makeup-big-box,0,0,0,quota_limit_reached
217_jacquelle,YOY by Jacquelle Disney Edition LipTwins,83454,https://www.sociolla.com/default-category/55112-yoy-by-jacquelle-disney-edition-liptwins,0,0,0,quota_limit_reached
217_jacquelle,Premium Essential Vegan Brush set,71782,https://www.sociolla.com/brush-set/24962-premium-essential-vegan-brush-set,0,0,0,quota_limit_reached
217_jacquelle,Facial Cleansing Brush Clean Carbon + Kitten Headband,69241,https://www.sociolla.com/234-brush-sets/14564-facial-cleansing-brush-clean-carbon-kitten-headband,0,0,0,quota_limit_reached
217_jacquelle,Facial Cleansing Brush Mini,75364,https://www.sociolla.com/default-category/28547-facial-cleansing-brush-mini,0,0,0,quota_limit_reached
669_jarte-beauty,Acne Spot Treatment,104235,https://www.sociolla.com/acne-pimple-patch/75893-acne-spot-treatment,0,0,0,quota_limit_reached
669_jarte-beauty,Browsolutely Precise Pencil - Jarte Beauty x Donny Liem,98751,https://www.sociolla.com/default-category/70409-browsolutely-precise-pencil-jarte-beauty-x-donny-liem,0,0,0,quota_limit_reached
669_jarte-beauty,Cica Care Facial Wash,104761,https://www.sociolla.com/face-wash/76419-cica-care-facial-wash,0,0,0,quota_limit_reached
669_jarte-beauty,Cica Care Gel Moisturizer,104236,https://www.sociolla.com/face-cream-lotion/75894-cica-care-gel-moisturizer,0,0,0,quota_limit_reached
669_jarte-beauty,Blank Space Eau De Parfum,106268,https://www.sociolla.com/eau-de-parfum/77926-blank-space-eau-de-parfum,0,0,0,quota_limit_reached
669_jarte-beauty,CICA Care Ampoule,82113,https://www.sociolla.com/ampoule/53771-cica-care-ampoule,0,0,0,quota_limit_reached
669_jarte-beauty,Jarte Beauty x Dillah Probokusumo - Scandal Eau De Parfum,106270,https://www.sociolla.com/eau-de-parfum/77928-jarte-beauty-x-dillah-probokusumo-scandal-eau-de-parfum,0,0,0,quota_limit_reached
669_jarte-beauty,CICA Care Toner,82112,https://www.sociolla.com/toner/53770-cica-care-toner,0,0,0,quota_limit_reached
669_jarte-beauty,Block It Out Sunscreen,97243,https://www.sociolla.com/sunscreen/68901-block-it-out-sunscreen,0,0,0,quota_limit_reached
669_jarte-beauty,Jarte Beauty x Amelia Bunjamin - Close To Skin Eau De Parfum,106269,https://www.sociolla.com/eau-de-parfum/77927-jarte-beauty-x-amelia-bunjamin-close-to-skin-eau-de-parfum,0,0,0,quota_limit_reached
669_jarte-beauty,Bye Bye Acne (Spot Treatment),80611,https://www.sociolla.com/acne-blemish-treatments/52269-bye-bye-acne-spot-treatment,0,0,0,quota_limit_reached
669_jarte-beauty,Minty Might Mask,72764,https://www.sociolla.com/wash-off-mask/25944-minty-might-mask,0,0,0,quota_limit_reached
669_jarte-beauty,BrowDuo - 2in1 Brow Pencil & Brow Mascara,86841,https://www.sociolla.com/brow-kit/58499-browduo-2in1-brow-pencil-and-brow-mascara,0,0,0,quota_limit_reached
669_jarte-beauty,CICA Care Gentle Wash,82098,https://www.sociolla.com/face-wash/53756-cica-care-gentle-wash,0,0,0,quota_limit_reached
1194_jergens,Soothing Aloe,102784,https://www.sociolla.com/body-lotion-body-serum/74442-soothing-aloe,0,0,0,quota_limit_reached
1194_jergens,Ultra Care,102783,https://www.sociolla.com/body-lotion-body-serum/74441-ultra-care,0,0,0,quota_limit_reached
1194_jergens,Nourishing Honey,102785,https://www.sociolla.com/body-lotion-body-serum/74443-nourishing-honey,0,0,0,quota_limit_reached
1194_jergens,Deep Restoring Argan,102786,https://www.sociolla.com/body-lotion-body-serum/74444-deep-restoring-argan,0,0,0,quota_limit_reached
15586_jmella,In France Disney Femme Fatale No. 02 Body Lotion,107139,https://www.sociolla.com/body-lotion-body-serum/78797-in-france-disney-femme-fatale-no-02-body-lotion,0,0,0,quota_limit_reached
15586_jmella,In France Disney Femme Fatale No. 02 Body Wash,107143,https://www.sociolla.com/body-wash/78801-in-france-disney-femme-fatale-no-02-body-wash,0,0,0,quota_limit_reached
15586_jmella,In France Blooming Peony No. 01 Perfume Hand Cream,106276,https://www.sociolla.com/hand-foot-cream/77934-in-france-blooming-peony-no-01-perfume-hand-cream,0,0,0,quota_limit_reached
15586_jmella,In France Disney Blooming Peony No. 01 Body Lotion,107138,https://www.sociolla.com/body-lotion-body-serum/78796-in-france-disney-blooming-peony-no-01-body-lotion,0,0,0,quota_limit_reached
15586_jmella,In France Disney Sparkling Rosé No. 05 Body Lotion,107141,https://www.sociolla.com/body-lotion-body-serum/78799-in-france-disney-sparkling-rose-no-05-body-lotion,0,0,0,quota_limit_reached
15586_jmella,In France Disney Blooming Peony No. 01 Body Wash,107142,https://www.sociolla.com/body-wash/78800-in-france-disney-blooming-peony-no-01-body-wash,0,0,0,quota_limit_reached
15586_jmella,In France Disney Queen 5' No. 04 Body Lotion,107140,https://www.sociolla.com/body-lotion-body-serum/78798-in-france-disney-queen-5-no-04-body-lotion,0,0,0,quota_limit_reached
15586_jmella,In France Blooming Peony  No. 01 Cleansing Water,106273,https://www.sociolla.com/micellar-water/77931-in-france-blooming-peony-no-01-cleansing-water,0,0,0,quota_limit_reached
15586_jmella,In France Disney Queen 5' No. 04 Body Wash,107144,https://www.sociolla.com/body-wash/78802-in-france-disney-queen-5-no-04-body-wash,0,0,0,quota_limit_reached
633_joylab,Eye On Diet,34619,https://www.sociolla.com/eye-cream/13422-eye-on-diet,0,0,0,quota_limit_reached
633_joylab,Joylab Package - Happy Eye,97049,https://www.sociolla.com/skincare/68707-joylab-package-happy-eye,0,0,0,quota_limit_reached
633_joylab,Acne Hero Serum,92918,https://www.sociolla.com/face-serum/64576-acne-hero-serum,0,0,0,quota_limit_reached
633_joylab,The Incredible Cera+Bright Body Wash,90292,https://www.sociolla.com/body-wash/61950-the-incredible-cera-bright-body-wash,0,0,0,quota_limit_reached
633_joylab,The Incredible Dream Glow Body Lotion,90293,https://www.sociolla.com/body-lotion-body-serum/61951-the-incredible-dream-glow-body-lotion,0,0,0,quota_limit_reached
633_joylab,The Incredible Dream Glow Body Wash,90294,https://www.sociolla.com/body-wash/61952-the-incredible-dream-glow-body-wash,0,0,0,quota_limit_reached
633_joylab,The Incredible Cera+Bright Body Lotion,90290,https://www.sociolla.com/body-lotion-body-serum/61948-the-incredible-cera-bright-body-lotion,0,0,0,quota_limit_reached
633_joylab,Skintone Moisture Tint Happy - Tinted Moisturizer,74092,https://www.sociolla.com/face-cream-lotion/27272-skintone-moisture-tint-happy-tinted-moisturizer,0,0,0,quota_limit_reached
633_joylab,Skintone Moisture Tint Joy,87003,https://www.sociolla.com/tinted-moisturizer/58661-skintone-moisture-tint-joy,0,0,0,quota_limit_reached
633_joylab,Joylab Package - Dream Glow Series,101464,https://www.sociolla.com/skincare/73122-joylab-package-dream-glow-series,0,0,0,quota_limit_reached
633_joylab,Joylab Package - Cera+Bright Series,101463,https://www.sociolla.com/skincare/73121-joylab-package-cera-bright-series,0,0,0,quota_limit_reached
633_joylab,Aqua Sun-Day SPF50+ PA++++,97845,https://www.sociolla.com/sunscreen/69503-aqua-sun-day-spf50-pa,0,0,0,quota_limit_reached
633_joylab,Moisture Bomb Serum,92920,https://www.sociolla.com/face-serum/64578-moisture-bomb-serum,0,0,0,quota_limit_reached
633_joylab,Twinkle Twin Lashes - Bulu Mata Palsu,34621,https://www.sociolla.com/false-eyelashes/13425-twinkle-twin-lashes-bulu-mata-palsu,0,0,0,quota_limit_reached
633_joylab,Joylab Hi! Bright Crème Moisturizer,99715,https://www.sociolla.com/face-cream-lotion/71373-joylab-hi-bright-creme-moisturizer,0,0,0,quota_limit_reached
633_joylab,Berry Bounce Facial Toner,63735,https://www.sociolla.com/toner/16586-berry-bounce-facial-toner,0,0,0,quota_limit_reached
633_joylab,Skin'o'tic Serum,94327,https://www.sociolla.com/face-serum/65985-skin-o-tic-serum,0,0,0,quota_limit_reached
633_joylab,Joylab Package - Hi! Bright Series,101460,https://www.sociolla.com/skincare/73118-joylab-package-hi-bright-series,0,0,0,quota_limit_reached
633_joylab,Joylab Package - Skinotic Series,101462,https://www.sociolla.com/skincare/73120-joylab-package-skinotic-series,0,0,0,quota_limit_reached
633_joylab,Wonderskin Power Serum,85322,https://www.sociolla.com/face-serum/56980-wonderskin-power-serum,0,0,0,quota_limit_reached
633_joylab,Joylab Package - Wonderskin Series,101466,https://www.sociolla.com/skincare/73124-joylab-package-wonderskin-series,0,0,0,quota_limit_reached
633_joylab,Joylab Package - Hair Treatment Series,101465,https://www.sociolla.com/skin-care-set/73123-joylab-package-hair-treatment-series,0,0,0,quota_limit_reached
633_joylab,Joylab Gotta Matcha Facial Wash,63328,https://www.sociolla.com/face-wash/15983-joylab-gotta-matcha-facial-wash,0,0,0,quota_limit_reached
633_joylab,The Incredible Pro-Treatment Shampoo,90296,https://www.sociolla.com/shampoo/61954-the-incredible-pro-treatment-shampoo,0,0,0,quota_limit_reached
633_joylab,NEW Skin’o’tic Moisture Gel,97061,https://www.sociolla.com/face-gel/68719-skin-o-tic-moisture-gel,0,0,0,quota_limit_reached
633_joylab,Gotta Smooth Gentle Exfoliating Cleanser,94326,https://www.sociolla.com/skincare/65984-gotta-smooth-gentle-exfoliating-cleanser,0,0,0,quota_limit_reached
633_joylab,Hi! Bright Eye Gel Crème,87002,https://www.sociolla.com/eye-care/58660-hi-bright-eye-gel-creme,0,0,0,quota_limit_reached
633_joylab,Moisture Bomb Pudding Gel Creme,35735,https://www.sociolla.com/face-cream-lotion/13964-moisture-bomb-pudding-gel-creme,0,0,0,quota_limit_reached
633_joylab,Acne Hero Spot Gel,97062,https://www.sociolla.com/acne-blemish-treatments/68720-acne-hero-spot-gel,0,0,0,quota_limit_reached
633_joylab,Hi! Bright Serum,91029,https://www.sociolla.com/face-serum/62687-hi-bright-serum,0,0,0,quota_limit_reached
633_joylab,Here We Glow Serum,91028,https://www.sociolla.com/face-serum/62686-here-we-glow-serum,0,0,0,quota_limit_reached
633_joylab,Joylab Package - For Glowing Skin,97052,https://www.sociolla.com/skincare/68710-joylab-package-for-glowing-skin,0,0,0,quota_limit_reached
633_joylab,Citrus Comb Facial Toner,63734,https://www.sociolla.com/toner/16585-citrus-comb-facial-toner,0,0,0,quota_limit_reached
633_joylab,Skintone Moisture Tint Jolly - Tinted Moisturizer,74093,https://www.sociolla.com/face-cream-lotion/27273-skintone-moisture-tint-jolly-tinted-moisturizer,0,0,0,quota_limit_reached
633_joylab,I Love Sun-Day SPF 50 PA+++,91371,https://www.sociolla.com/sunscreen/63029-i-love-sun-day-spf-50-pa,0,0,0,quota_limit_reached
633_joylab,Disco Lip Gloss,34620,https://www.sociolla.com/lip-gloss/13424-disco-lip-gloss,0,0,0,quota_limit_reached
633_joylab,Brighter Sun Day SPF 50 PA++,64014,https://www.sociolla.com/sunscreen/16978-brighter-sun-day-spf-50-pa,0,0,0,quota_limit_reached
633_joylab,Wonderskin Energy Lotion,85321,https://www.sociolla.com/default-category/56979-wonderskin-energy-lotion,0,0,0,quota_limit_reached
633_joylab,Wonderskin Ultimate Cream,85323,https://www.sociolla.com/face-cream-lotion/56981-wonderskin-ultimate-cream,0,0,0,quota_limit_reached
633_joylab,The Incredible Fresh Pits Deodorant Stick,90295,https://www.sociolla.com/deodorant/61953-the-incredible-fresh-pits-deodorant-stick,0,0,0,quota_limit_reached
633_joylab,Matcha Soy Milk Extra Hydrating Cleanser,91366,https://www.sociolla.com/face-wash/63024-matcha-soy-milk-extra-hydrating-cleanser,0,0,0,quota_limit_reached
633_joylab,The Incredible Pro-Treatment Keratin Hair Mask,90297,https://www.sociolla.com/hair-mask/61955-the-incredible-pro-treatment-keratin-hair-mask,0,0,0,quota_limit_reached
596_jumiso,Rich-Nourishment Sheet Mask,34780,https://www.sociolla.com/sheet-mask/12305-rich-nourishment-sheet-mask,0,0,0,quota_limit_reached
633_joylab,Skintone Moisture Tint Bliss,87004,https://www.sociolla.com/tinted-moisturizer/58662-skintone-moisture-tint-bliss,0,0,0,quota_limit_reached
633_joylab,Joylab Package - Acne Hero Series,101461,https://www.sociolla.com/skincare/73119-joylab-package-acne-hero-series,0,0,0,quota_limit_reached
596_jumiso,Waterfull Hyaluronic Acid Toner,91291,https://www.sociolla.com/toner/62949-waterfull-hyaluronic-acid-toner,0,0,0,quota_limit_reached
596_jumiso,Water Splash Sheet Mask,34781,https://www.sociolla.com/sheet-mask/12306-water-splash-sheet-mask,0,0,0,quota_limit_reached
596_jumiso,Waterfull Hyaluronic Acid Cream,91290,https://www.sociolla.com/face-cream-lotion/62948-waterfull-hyaluronic-acid-cream,0,0,0,quota_limit_reached
596_jumiso,First Skin Lightening Sheet Mask,34753,https://www.sociolla.com/sheet-mask/12304-first-skin-lightening-sheet-mask,0,0,0,quota_limit_reached
596_jumiso,All Day Vitamin Nourishing & Recharging Wash-off Mask,88136,https://www.sociolla.com/wash-off-mask/59794-all-day-vitamin-nourishing-and-recharging-wash-off-mask,0,0,0,quota_limit_reached
596_jumiso,All Day Brightening and Balancing Facial Serum,70838,https://www.sociolla.com/face-serum/24018-all-day-brightening-and-balancing-facial-serum,0,0,0,quota_limit_reached
596_jumiso,"Whoa, Whoa Soothing Sheet Mask",34782,https://www.sociolla.com/sheet-mask/12307-whoa-whoa-soothing-sheet-mask,0,0,0,quota_limit_reached
596_jumiso,Soothing Cica & Aloe Facial Serum,88137,https://www.sociolla.com/face-serum/59795-soothing-cica-and-aloe-facial-serum,0,0,0,quota_limit_reached
596_jumiso,Pore Rest AHA.BHA.PHA Blackhead Wipe Toner Pad,98628,https://www.sociolla.com/scrub-exfoliator/70286-pore-rest-aha-bha-pha-blackhead-wipe-toner-pad,0,0,0,quota_limit_reached
596_jumiso,Chewy-Elasticity Sheet Mask,34752,https://www.sociolla.com/sheet-mask/12303-chewy-elasticity-sheet-mask,0,0,0,quota_limit_reached
596_jumiso,Yes I'm Toner AHA 5%,74256,https://www.sociolla.com/toner/27436-yes-i-m-toner-aha-5,0,0,0,quota_limit_reached
596_jumiso,All Day Vitamin Clean & Mild Facial Cleanser,86678,https://www.sociolla.com/cleansing-gel/58336-all-day-vitamin-clean-and-mild-facial-cleanser,0,0,0,quota_limit_reached
596_jumiso,Pore Rest PHA9 Deep Purifying Facial Toner,98634,https://www.sociolla.com/toner/70292-pore-rest-pha9-deep-purifying-facial-toner,0,0,0,quota_limit_reached
596_jumiso,Pore Rest LHA Sebum Control Facial Cream,98632,https://www.sociolla.com/face-cream-lotion/70290-pore-rest-lha-sebum-control-facial-cream,0,0,0,quota_limit_reached
596_jumiso,Snail EX Ultimate Barrier Facial Cream,98641,https://www.sociolla.com/face-cream-lotion/70299-snail-ex-ultimate-barrier-facial-cream,0,0,0,quota_limit_reached
596_jumiso,Pore Rest BHA Blackhead Clearing Facial Cleanser,98631,https://www.sociolla.com/face-wash/70289-pore-rest-bha-blackhead-clearing-facial-cleanser,0,0,0,quota_limit_reached
596_jumiso,Snail EX Ultimate Boost Facial Essence,98676,https://www.sociolla.com/essence/70334-snail-ex-ultimate-boost-facial-essence,0,0,0,quota_limit_reached
596_jumiso,AC Spot Cream,86676,https://www.sociolla.com/acne-blemish-treatments/58334-ac-spot-cream,0,0,0,quota_limit_reached
15647_kaleido,Acne / Pimple Patch Day,104325,https://www.sociolla.com/acne-pimple-patch/75983-acne-pimple-patch-day,0,0,0,quota_limit_reached
15647_kaleido,Acne Patch Playful Series (Butterfly & Flower Edition),104327,https://www.sociolla.com/acne-pimple-patch/75985-acne-patch-playful-series-butterfly-and-flower-edition,0,0,0,quota_limit_reached
15647_kaleido,Pore Patch [2 Customizable Pore Strip + 2 Nose Strip],104326,https://www.sociolla.com/acne-pimple-patch/75984-pore-patch-2-customizable-pore-strip-2-nose-strip,0,0,0,quota_limit_reached
15647_kaleido,Acne / Pimple Patch Night,104324,https://www.sociolla.com/acne-pimple-patch/75982-acne-pimple-patch-night,0,0,0,quota_limit_reached
15647_kaleido,Acne Patch Rescue Series - Microneedle Patch for Cystic Acne and Dark Spots [9 Microneedling Dots],104323,https://www.sociolla.com/acne-pimple-patch/75981-acne-patch-rescue-series-microneedle-patch-for-cystic-acne-and-dark-spots-9-microneedling-dots,0,0,0,quota_limit_reached
15647_kaleido,Acne Patch Playful Series (Hologram Edition),104329,https://www.sociolla.com/acne-pimple-patch/75987-acne-patch-playful-series-hologram-edition,0,0,0,quota_limit_reached
15647_kaleido,Acne Wand,104330,https://www.sociolla.com/acne-pimple-patch/75988-acne-wand,0,0,0,quota_limit_reached
15647_kaleido,Acne Patch Playful Series (Sparkle & Cloud Edition),104328,https://www.sociolla.com/acne-pimple-patch/75986-acne-patch-playful-series-sparkle-and-cloud-edition,0,0,0,quota_limit_reached
580_karis-cosmetics,Expert Multi Blender,32982,https://www.sociolla.com/sponge-applicators/11918-expert-multi-blender,0,0,0,quota_limit_reached
580_karis-cosmetics,205 Flat Concealer Brush,33032,https://www.sociolla.com/face-brushes/11909-205-flat-concealer-brush,0,0,0,quota_limit_reached
580_karis-cosmetics,Mini Multi Blender,35332,https://www.sociolla.com/sponge-applicators/13316-mini-multi-blender,0,0,0,quota_limit_reached
580_karis-cosmetics,118 Small Tapered Powder Brush,79542,https://www.sociolla.com/face-brushes/51200-118-small-tapered-powder-brush,0,0,0,quota_limit_reached
580_karis-cosmetics,208 Fine Brow & Liner Brush,34498,https://www.sociolla.com/eye-brushes/11912-208-fine-brow-and-liner-brush,0,0,0,quota_limit_reached
580_karis-cosmetics,117 Small Round Blending Brush,79539,https://www.sociolla.com/eye-brushes/51197-117-small-round-blending-brush,0,0,0,quota_limit_reached
580_karis-cosmetics,209 Flat Brow Brush,35418,https://www.sociolla.com/eye-brushes/13458-209-flat-brow-brush,0,0,0,quota_limit_reached
580_karis-cosmetics,115 Round Blending Brush,32976,https://sociolla.com/eye-brush/11905-115-round-blending-brush.html,0,0,0,quota_limit_reached
580_karis-cosmetics,106 Pencil Brush,32988,https://www.sociolla.com/eye-brushes/11899-106-pencil-brush,0,0,0,quota_limit_reached
580_karis-cosmetics,101 Large Powder Brush,33037,https://sociolla.com/face-brush/11895-101-large-powder-brush.html,0,0,0,quota_limit_reached
580_karis-cosmetics,102 Angled Contour Brush,33036,https://www.sociolla.com/accessories/11896-102-angled-contour-brush,0,0,0,quota_limit_reached
580_karis-cosmetics,212 Mascara Fan Brush,79546,https://www.sociolla.com/eye-brushes/51204-212-mascara-fan-brush,0,0,0,quota_limit_reached
580_karis-cosmetics,213 Silicone Mask Brush,79547,https://www.sociolla.com/default-category/51205-213-silicone-mask-brush,0,0,0,quota_limit_reached
580_karis-cosmetics,116 Tapered Powder Brush,35417,https://sociolla.com/face-brush/13457-116-tapered-powder-brush.html,0,0,0,quota_limit_reached
580_karis-cosmetics,201 Flat Buffing Brush,33039,https://sociolla.com/face-brush/11906-201-flat-buffing-brush.html,0,0,0,quota_limit_reached
580_karis-cosmetics,111 Round Large Powder Brush,32981,https://sociolla.com/face-brush/11902-111-round-large-powder-brush.html,0,0,0,quota_limit_reached
580_karis-cosmetics,302 Duo Fiber Stippling Brush,32989,https://sociolla.com/face-brush/11914-302-duo-fiber-stippling-brush.html,0,0,0,quota_limit_reached
580_karis-cosmetics,109 Angled Blending Brush,32986,https://www.sociolla.com/default-category/11900-109-angled-blending-brush,0,0,0,quota_limit_reached
580_karis-cosmetics,211 Dual-Ended Brow Brush,79545,https://www.sociolla.com/eye-brushes/51203-211-dual-ended-brow-brush,0,0,0,quota_limit_reached
580_karis-cosmetics,301 Duo Fiber Fan Brush,34497,https://sociolla.com/face-brush/11913-301-duo-fiber-fan-brush.html,0,0,0,quota_limit_reached
580_karis-cosmetics,112 Tapered Highlighter Brush,32980,https://sociolla.com/face-brush/11903-112-tapered-highlighter-brush.html,0,0,0,quota_limit_reached
580_karis-cosmetics,110 Convertible Lip Brush,33031,https://sociolla.com/lip-brush/11901-110-convertible-lip-brush.html,0,0,0,quota_limit_reached
580_karis-cosmetics,Essential Eye Kit,34496,https://www.sociolla.com/brush-set/11915-essential-eye-kit,0,0,0,quota_limit_reached
580_karis-cosmetics,202 Angled Buffing Brush,33030,https://sociolla.com/face-brush/11907-202-angled-buffing-brush.html,0,0,0,quota_limit_reached
580_karis-cosmetics,Mini Travel Brush Kit,95701,https://www.sociolla.com/brush-set/67359-mini-travel-brush-kit,0,0,0,quota_limit_reached
580_karis-cosmetics,107 Eye Shader Brush,95702,https://www.sociolla.com/eye-brushes/67360-107-eye-shader-brush,0,0,0,quota_limit_reached
580_karis-cosmetics,206 Brow & Lash Spoolie Brush,32985,https://sociolla.com/eye-brush/11910-206-brow-and-lash-spoolie-brush.html,0,0,0,quota_limit_reached
580_karis-cosmetics,113 Medium Shader Brush,32979,https://www.sociolla.com/accessories/11904-113-medium-shader-brush,0,0,0,quota_limit_reached
1007_keana-nadeshiko,KEANA Baking Soda Nose Cream Pack,77275,https://www.sociolla.com/face-cream-lotion/48933-kem-lam-giam-mun-dau-den,0,0,0,quota_limit_reached
580_karis-cosmetics,103 Round Blush Brush,33035,https://sociolla.com/face-brush/11897-103-round-blush-brush.html,0,0,0,quota_limit_reached
580_karis-cosmetics,105 Tapered Blending Brush,32983,https://www.sociolla.com/default-category/11898-105-tapered-blending-brush,0,0,0,quota_limit_reached
1007_keana-nadeshiko,KEANA Rice Mask,77281,https://www.sociolla.com/sheet-mask/48939-mat-na-cam-gao-dang-dap,0,0,0,quota_limit_reached
580_karis-cosmetics,210 Pointed Liner Brush,35419,https://sociolla.com/eye-brush/13459-210-fine-tip-liner-brush.html,0,0,0,quota_limit_reached
1007_keana-nadeshiko,KEANA Rice Cream,77279,https://www.sociolla.com/face-cream-lotion/48937-kem-duong-da-cam-gao,0,0,0,quota_limit_reached
1007_keana-nadeshiko,KEANA Baking Soda Face Foam,77283,https://www.sociolla.com/face-wash/48941-sua-rua-mat-tao-bot-cho-nam,0,0,0,quota_limit_reached
1007_keana-nadeshiko,KEANA Baking Soda Scrub Wash,77276,https://www.sociolla.com/face-wash/48934-keana-baking-soda-scrub-wash,0,0,0,quota_limit_reached
1007_keana-nadeshiko,KEANA Rice Toner,77282,https://www.sociolla.com/toner/48940-keana-rice-toner,0,0,0,quota_limit_reached
1007_keana-nadeshiko,KEANA Baking Soda Cleansing Gel,86814,https://www.sociolla.com/cleansing-gel/58472-keana-baking-soda-cleansing-gel,0,0,0,quota_limit_reached
580_karis-cosmetics,207 Flat Contour Brush,32978,https://sociolla.com/face-brush/11911-207-flat-contour-brush.html,0,0,0,quota_limit_reached
1007_keana-nadeshiko,KEANA Rice Pack,77278,https://www.sociolla.com/wash-off-mask/48936-keana-rice-pack,0,0,0,quota_limit_reached
1007_keana-nadeshiko,HAMIGAKI NADESHIKO Baking Soda Glossy Toothpaste,86816,https://www.sociolla.com/toothpaste/58474-hamigaki-nadeshiko-baking-soda-glossy-toothpaste,0,0,0,quota_limit_reached
1007_keana-nadeshiko,KEANA Baking Soda Soap,86815,https://www.sociolla.com/body-wash/58473-keana-baking-soda-soap,0,0,0,quota_limit_reached
1007_keana-nadeshiko,Asian's Best Glowing Skin,108084,https://www.sociolla.com/skin-care-set/79742-asian-s-best-glowing-skin,0,0,0,quota_limit_reached
15681_kelaya,Hair Treatment Shampoo Kemiri & Extract Aloe Vera,106284,https://www.sociolla.com/shampoo/77942-hair-treatment-shampoo-kemiri-and-extract-aloe-vera,0,0,0,quota_limit_reached
1007_keana-nadeshiko,HAMIGAKI NADESHIKO Baking Soda Fresh Mouthwash,86817,https://www.sociolla.com/mouthwash/58475-hamigaki-nadeshiko-baking-soda-fresh-mouthwash,0,0,0,quota_limit_reached
15607_kitschy,Blemish Hero All Over Face Acne Treatment,101495,https://www.sociolla.com/acne-blemish-treatments/73153-blemish-hero-all-over-face-acne-treatment,0,0,0,quota_limit_reached
15607_kitschy,Golden Hour extrait de Perfume,108400,https://www.sociolla.com/eau-de-parfum/80058-golden-hour-extrait-de-perfume,0,0,0,quota_limit_reached
15607_kitschy,Super Dew Hybrid Toner,101498,https://www.sociolla.com/toner/73156-super-dew-hybrid-toner,0,0,0,quota_limit_reached
15607_kitschy,Skin Symphony Extrait de Parfum,108397,https://www.sociolla.com/eau-de-parfum/80055-skin-symphony-extrait-de-parfum,0,0,0,quota_limit_reached
15607_kitschy,Date Night extrait de Perfume,108396,https://www.sociolla.com/eau-de-parfum/80054-date-night-extrait-de-perfume,0,0,0,quota_limit_reached
15607_kitschy,Feels Day Dream Extrait De Parfum,108395,https://www.sociolla.com/eau-de-parfum/80053-feels-day-dream-extrait-de-parfum,0,0,0,quota_limit_reached
15607_kitschy,Wonder Mask Triple Exfoliating Mask,101450,https://www.sociolla.com/wash-off-mask/73108-wonder-mask-triple-exfoliating-mask,0,0,0,quota_limit_reached
15607_kitschy,Forever Vacation extrait de Perfume,108398,https://www.sociolla.com/eau-de-parfum/80056-forever-vacation-extrait-de-perfume,0,0,0,quota_limit_reached
15607_kitschy,A-Bloom Universal retinol Complex,108394,https://www.sociolla.com/face-serum/80052-a-bloom-universal-retinol-complex,0,0,0,quota_limit_reached
15607_kitschy,Power Glow Activated Serum,101475,https://www.sociolla.com/face-serum/73133-power-glow-activated-serum,0,0,0,quota_limit_reached
15607_kitschy,Extra Bounce Jelly Moisturizer,101484,https://www.sociolla.com/face-gel/73142-extra-bounce-jelly-moisturizer,0,0,0,quota_limit_reached
15607_kitschy,Acne Hero Acne Spot Treatment,101496,https://www.sociolla.com/acne-blemish-treatments/73154-acne-hero-acne-spot-treatment,0,0,0,quota_limit_reached
15607_kitschy,Light Cloud Gel Cream Moisturizer,101479,https://www.sociolla.com/face-gel/73137-light-cloud-gel-cream-moisturizer,0,0,0,quota_limit_reached
15607_kitschy,Crystal Clear Gentle Daily Cleanser,101497,https://www.sociolla.com/face-wash/73155-crystal-clear-gentle-daily-cleanser,0,0,0,quota_limit_reached
15607_kitschy,Feels Memory Lane Extrait de Parfum,108399,https://www.sociolla.com/eau-de-parfum/80057-feels-memory-lane-extrait-de-parfum,0,0,0,quota_limit_reached
15607_kitschy,Violet Glow Youth Restart Serum,108392,https://www.sociolla.com/face-serum/80050-violet-glow-youth-restart-serum,0,0,0,quota_limit_reached
15607_kitschy,Lush C Oil,108393,https://www.sociolla.com/face-oil/80051-lush-c-oil,0,0,0,quota_limit_reached
521_klavuu,Completed Revitalizing Pearl Eye Cream,33853,https://www.sociolla.com/eye-cream/10811-completed-revitalizing-pearl-eye-cream,0,0,0,quota_limit_reached
521_klavuu,Revitalizing Pearl Treatment Toner,21328,https://www.sociolla.com/toner/10809-revitalizing-pearl-treatment-toner,0,0,0,quota_limit_reached
521_klavuu,Urban Pearlsation High Coverage Tension Cushion EX (Refill Set),100716,https://www.sociolla.com/cushion/72374-urban-pearlsation-high-coverage-tension-cushion-ex-refill-set,0,0,0,quota_limit_reached
521_klavuu,Urban Pearlsation High Coverage Tension Cushion EX,100715,https://www.sociolla.com/cushion/72373-urban-pearlsation-high-coverage-tension-cushion-ex,0,0,0,quota_limit_reached
521_klavuu,Enriched Divine Pearl Cream,33852,https://www.sociolla.com/face-cream-lotion/10810-enriched-divine-pearl-cream-,0,0,0,quota_limit_reached
521_klavuu,The Origin Deep Ocean Gel Comforter,96897,https://www.sociolla.com/face-gel/68555-the-origin-deep-ocean-gel-comforter,0,0,0,quota_limit_reached
521_klavuu,Special Divine Pearl Serum,22162,https://www.sociolla.com/face-serum/10808-special-divine-pearl-serum,0,0,0,quota_limit_reached
521_klavuu,Phytoncide Peeling Gel,96886,https://www.sociolla.com/peeling/68544-phytoncide-peeling-gel,0,0,0,quota_limit_reached
521_klavuu,Revitalizing Facial Cleansing Foam,96892,https://www.sociolla.com/face-wash/68550-revitalizing-facial-cleansing-foam,0,0,0,quota_limit_reached
521_klavuu,BLUE PEARLSATION High Coverage Marine Collagen Aqua Cushion SPF50+ PA+++,76022,https://www.sociolla.com/cushion/47680-blue-pearlsation-high-coverage-marine-collagen-aqua-cushion-spf50-pa,0,0,0,quota_limit_reached
521_klavuu,UV Protection Fresh Sun Gel SPF 50+ PA++++,76015,https://www.sociolla.com/sunscreen/47673-uv-protection-fresh-sun-gel-spf-50-pa,0,0,0,quota_limit_reached
521_klavuu,Real Vegan Collagen Cream,101887,https://www.sociolla.com/face-cream-lotion/73545-real-vegan-collagen-cream,0,0,0,quota_limit_reached
521_klavuu,Real Vegan Collagen Ampoule,101889,https://www.sociolla.com/ampoule/73547-real-vegan-collagen-ampoule,0,0,0,quota_limit_reached
521_klavuu,The Origin Ocean Essence Water & Ocean Booster Shot,96898,https://www.sociolla.com/essence/68556-the-origin-essence-water-and-the-origin-ocean-booster-shot,0,0,0,quota_limit_reached
521_klavuu,Nourishing Care Lip Sleeping Pack,100714,https://www.sociolla.com/lip-mask/72372-nourishing-care-lip-sleeping-pack,0,0,0,quota_limit_reached
521_klavuu,Healthy Glowing Skin Look,108085,https://www.sociolla.com/skin-care-set/79743-healthy-glowing-skin-look,0,0,0,quota_limit_reached
521_klavuu,The Origin Ampoule Dipping Pad,96896,https://www.sociolla.com/ampoule/68554-the-origin-ampoule-dipping-pad,0,0,0,quota_limit_reached
521_klavuu,BLUE PEARLSATION High Coverage Marine Collagen Aqua Cushion SPF50+ PA+++ (REFILL SET),76025,https://www.sociolla.com/cushion/47683-blue-pearlsation-high-coverage-marine-collagen-aqua-cushion-spf50-pa-refill-set,0,0,0,quota_limit_reached
521_klavuu,BLUE PEARLSATION High Coverage Marine Collagen Aqua Cushion SPF50+ PA+++ (REFILL),76023,https://www.sociolla.com/cushion/47681-blue-pearlsation-high-coverage-marine-collagen-aqua-cushion-spf50-pa-refill,0,0,0,quota_limit_reached
521_klavuu,The Origin Ocean Booster Shot,96894,https://www.sociolla.com/booster/68552-the-origin-ocean-booster-shot,0,0,0,quota_limit_reached
739_kleveru,Sea Buckthorn Cleansing Gel,72347,https://www.sociolla.com/cleansing-gel/25527-sea-buckthorn-cleansing-gel,0,0,0,quota_limit_reached
739_kleveru,Sea Bukcthorn Essence Toner,75122,https://www.sociolla.com/toner/28302-sea-bukcthorn-essence-toner,0,0,0,quota_limit_reached
739_kleveru,Rose and Sea Buckthorn Pink Mask,83907,https://www.sociolla.com/clay-mask/55565-rose-and-sea-buckthorn-pink-mask,0,0,0,quota_limit_reached
739_kleveru,NAT Brightening Serum,103404,https://www.sociolla.com/face-serum/75062-nat-brightening-serum,0,0,0,quota_limit_reached
739_kleveru,Day & Night Series FREE Vit C 5ml,91327,https://www.sociolla.com/face-cream-lotion/62985-day-and-night-series-free-vit-c,0,0,0,quota_limit_reached
739_kleveru,Buy 2 Sea Buckthorn Cleansing Gel FREE VIT C 10% Ferulic 5ml,105448,https://www.sociolla.com/skin-care-set/77106-buy-2-sea-buckthorn-cleansing-gel-free-vit-c-10-ferulic-5ml,0,0,0,quota_limit_reached
739_kleveru,Cleansing Gel + Toner FREE Sea Buckthorn Barrier Serum,104540,https://www.sociolla.com/skin-care-set/76198-cleansing-gel-toner-free-sea-buckthorn-barrier-serum,0,0,0,quota_limit_reached
739_kleveru,Sea Buckthorn Night Cream,88976,https://www.sociolla.com/face-cream-lotion/60634-sea-buckthorn-night-cream,0,0,0,quota_limit_reached
739_kleveru,VIT C 10% FERULIC,85946,https://www.sociolla.com/face-serum/57604-vit-c-10-ferulic,0,0,0,quota_limit_reached
739_kleveru,Toner & Pink Mask FREE Vit C 5ml,91328,https://www.sociolla.com/skin-care-set/62986-toner-and-pink-mask-free-vit-c,0,0,0,quota_limit_reached
739_kleveru,Rhodiola Peptide Acne Serum,101637,https://www.sociolla.com/treatment/73295-rhodiola-peptide-acne-serum,0,0,0,quota_limit_reached
739_kleveru,Adios Acne Spot Treatment,101638,https://www.sociolla.com/face-serum/73296-adios-acne-spot-treatment,0,0,0,quota_limit_reached
739_kleveru,NAT Brightening Serum FREE VIT C 10% Ferulic 5ml,105449,https://www.sociolla.com/skin-care-set/77107-free-vit-c-10-ferulic-5ml,0,0,0,quota_limit_reached
739_kleveru,Rhodiola Moisturizer Gel,105484,https://www.sociolla.com/face-cream-lotion/77142-rhodiola-moisturizer-gel,0,0,0,quota_limit_reached
739_kleveru,Sea Buckthorn Day Cream,88975,https://www.sociolla.com/face-cream-lotion/60633-sea-buckthorn-day-cream,0,0,0,quota_limit_reached
739_kleveru,Centella and Spirulina Green Mask,83906,https://www.sociolla.com/clay-mask/55564-centella-and-spirulina-green-mask,0,0,0,quota_limit_reached
530_kose,Sekkisei Essential Souffle,36886,https://www.sociolla.com/face-cream-lotion/15412-essentials-souffle,0,0,0,quota_limit_reached
739_kleveru,Sea Buckthorn Barrier Serum,99764,https://www.sociolla.com/face-serum/71422-sea-buckthorn-barrier-serum,0,0,0,quota_limit_reached
530_kose,Sekkisei Lotion,33952,https://www.sociolla.com/face-cream-lotion/10986-sekkisei-lotion,0,0,0,quota_limit_reached
530_kose,Sekkisei Clear Wellness Face Oil Treatment,97209,https://www.sociolla.com/face-oil/68867-sekkisei-clear-wellness-face-oil-treatment,0,0,0,quota_limit_reached
530_kose,One by KOSE The Wrinkless S,72371,https://www.sociolla.com/default-category/25551-the-wrinkless,0,0,0,quota_limit_reached
530_kose,Sekkisei Supreme Washing Cream,33977,https://www.sociolla.com/face-wash/11022-supreme-washing-cream,0,0,0,quota_limit_reached
530_kose,Sekkisei Clear Wellness Whipped Shield Cream,97210,https://www.sociolla.com/face-cream-lotion/68868-sekkisei-clear-wellness-whipped-shield-cream,0,0,0,quota_limit_reached
530_kose,Sekkisei Clear Wellness Smoothing Milk,97211,https://www.sociolla.com/face-cream-lotion/68869-sekkisei-clear-wellness-smoothing-milk,0,0,0,quota_limit_reached
530_kose,Sekkisei White CC Cream,63275,https://www.sociolla.com/default-category/15929-sekkisei-white-cc-cream,0,0,0,quota_limit_reached
530_kose,Sekkisei White BB Cream,63274,https://www.sociolla.com/default-category/15928-sekkisei-white-bb-cream,0,0,0,quota_limit_reached
530_kose,Sekkisei Supreme Makeup Base,63276,https://www.sociolla.com/2471-face-primer/15930-sekkisei-supreme-makeup-base,0,0,0,quota_limit_reached
530_kose,Sekkisei Clear Wellness Natural Drip,81414,https://www.sociolla.com/toner/53072-sekkisei-clear-wellness-natural-drip,0,0,0,quota_limit_reached
530_kose,Sekkisei Clear Wellness Pure Conc,81418,https://www.sociolla.com/toner/53076-sekkisei-clear-wellness-pure-conc,0,0,0,quota_limit_reached
530_kose,[DISNEY EDITION] Sekkisei Clear Wellness Gentle Wash,106040,https://www.sociolla.com/face-wash/77698-disney-edition-sekkisei-clear-wellness-gentle-wash,0,0,0,quota_limit_reached
530_kose,Sekkisei Clear Wellness Refining Milk,81419,https://www.sociolla.com/face-cream-lotion/53077-sekkisei-clear-wellness-refining-milk,0,0,0,quota_limit_reached
530_kose,Sekkisei Clear Wellness Water Shield Cream,97208,https://www.sociolla.com/face-gel/68866-sekkisei-clear-wellness-water-shield-cream,0,0,0,quota_limit_reached
530_kose,Sekkisei Clear Wellness Cleansing Gel,81420,https://www.sociolla.com/cleansing-gel/53078-sekkisei-clear-wellness-cleansing-gel,0,0,0,quota_limit_reached
530_kose,Sekkisei Snow CC Powder Case Only,104388,https://www.sociolla.com/face-palette/76046-sekkisei-snow-cc-powder-case-only,0,0,0,quota_limit_reached
530_kose,Sekkisei Supreme Powder Foundation Case Only,104384,https://www.sociolla.com/face-palette/76042-sekkisei-supreme-powder-foundation-case-only,0,0,0,quota_limit_reached
530_kose,Sekkisei Supreme Powder Foundation Refill Only,104381,https://www.sociolla.com/pressed-powder/76039-sekkisei-supreme-powder-foundation-refill-only,0,0,0,quota_limit_reached
530_kose,Sekkisei Snow CC Powder Refill Only,104387,https://www.sociolla.com/pressed-powder/76045-sekkisei-snow-cc-powder-refill-only,0,0,0,quota_limit_reached
530_kose,Sekkisei Cream Excellent,22565,https://www.sociolla.com/face-cream-lotion/10994-cream-excellent,0,0,0,quota_limit_reached
530_kose,Sekkisei Eye Cream N,63279,https://www.sociolla.com/eye-care/15933-sekkisei-eye-cream-n,0,0,0,quota_limit_reached
530_kose,Sekkisei Emulsion,22577,https://www.sociolla.com/face-cream-lotion/10996-emulsion,0,0,0,quota_limit_reached
530_kose,Sekkisei White UV Emulsion,33960,https://www.sociolla.com/default-category/11009-white-uv-emulsion-,0,0,0,quota_limit_reached
530_kose,Sekkisei Snowy Loose Powder,104389,https://www.sociolla.com/loose-powder/76047-sekkisei-snowy-loose-powder,0,0,0,quota_limit_reached
530_kose,Sekkisei White UV Gel,33964,https://www.sociolla.com/sunscreen/11013-white-uv-gel-spf50-pa,0,0,0,quota_limit_reached
530_kose,Sekkisei Clear Whitening Mask,33961,https://www.sociolla.com/default-category/10992-clear-whitening-mask,0,0,0,quota_limit_reached
530_kose,Sekkisei Treatment Cleansing Oil,33955,https://www.sociolla.com/cleansing-oil/11004-treatment-cleansing-oil-,0,0,0,quota_limit_reached
530_kose,Sekkisei Clear Treatment Essence,33956,https://www.sociolla.com/essence/10988-clear-treatment-essence,0,0,0,quota_limit_reached
530_kose,Sekkisei Clear Wellness Gentle Wash,81421,https://www.sociolla.com/face-wash/53079-sekkisei-clear-wellness-gentle-wash,0,0,0,quota_limit_reached
530_kose,Sekkisei Clear Wellness Hydrating Gel,81415,https://www.sociolla.com/face-gel/53073-sekkisei-clear-wellness-hydrating-gel,0,0,0,quota_limit_reached
530_kose,Sekkisei Cleansing Cream,22557,https://www.sociolla.com/face-wash/10989-cleansing-cream,0,0,0,quota_limit_reached
530_kose,Sekkisei Clear Wellness Facial Soap,81417,https://www.sociolla.com/face-wash/53075-sekkisei-clear-wellness-facial-soap,0,0,0,quota_limit_reached
530_kose,Sekkisei Clear Wellness Milk Cleanser,81416,https://www.sociolla.com/cleansing-cream/53074-sekkisei-clear-wellness-milk-cleanser,0,0,0,quota_limit_reached
530_kose,One by Kose Balancing Tuner,72362,https://www.sociolla.com/default-category/25542-balancing-tuner,0,0,0,quota_limit_reached
530_kose,Sekkisei Herbal Gel,33978,https://www.sociolla.com/face-gel/11003-herbal-gel-,0,0,0,quota_limit_reached
530_kose,Sekkisei White Liquid Wash,33957,https://www.sociolla.com/default-category/11007-white-liquid-wash,0,0,0,quota_limit_reached
530_kose,Sekkisei Skincare UV Milk,33963,https://www.sociolla.com/sunscreen/11012-white-uv-milk-spf-50-pa,0,0,0,quota_limit_reached
530_kose,Sekkisei White Powder Wash,22592,https://www.sociolla.com/default-category/11008-white-powder-wash,0,0,0,quota_limit_reached
530_kose,Sekkisei White Washing Foam,33962,https://www.sociolla.com/default-category/11011-white-washing-foam-,0,0,0,quota_limit_reached
530_kose,Sekkisei Clear Cleansing Oil,33958,https://www.sociolla.com/cleansing-oil/10990-clear-cleansing-oil,0,0,0,quota_limit_reached
1232_kundal,Kundal Hair Serum,86353,https://www.sociolla.com/hair-serum/58011-kundal-hair-serum,0,0,0,quota_limit_reached
1232_kundal,Kundal Body Wash,86354,https://www.sociolla.com/body-wash/58012-kundal-body-wash,0,0,0,quota_limit_reached
1232_kundal,KUNDAL Pure Body Mist,105360,https://www.sociolla.com/default-category/77018-kundal-pure-body-mist,0,0,0,quota_limit_reached
1232_kundal,Kundal Nature Shampoo,86351,https://www.sociolla.com/shampoo/58009-kundal-nature-shampoo,0,0,0,quota_limit_reached
1232_kundal,Kundal Body Lotion,86355,https://www.sociolla.com/body-lotion-body-serum/58013-kundal-body-lotion,0,0,0,quota_limit_reached
1232_kundal,Kundal Protein Treatment,86352,https://www.sociolla.com/hair-mask/58010-kundal-protein-treatment,0,0,0,quota_limit_reached
1232_kundal,Kundal Scalp Care and Caffeine Shampoo,99126,https://www.sociolla.com/default-category/70784-kundal-scalp-care-and-caffeine-shampoo,0,0,0,quota_limit_reached
1232_kundal,Kundal Tea Tree Deep Cleansing Shampoo,99127,https://www.sociolla.com/shampoo/70785-kundal-tea-tree-deep-cleansing-shampoo,0,0,0,quota_limit_reached
1232_kundal,Head Spa & Scalp Care+ Solution Scalp Spray 100ml,99129,https://www.sociolla.com/hair-tonic/70787-head-spa-and-scalp-care-solution-scalp-spray-100ml,0,0,0,quota_limit_reached
1232_kundal,Kundal Cool and Clear Scalp Refreshing Shampoo 500ml,99128,https://www.sociolla.com/shampoo/70786-kundal-cool-and-clear-scalp-refreshing-shampoo-500ml,0,0,0,quota_limit_reached
1101_lador,Lador Hydro LPP Treatment,79684,https://www.sociolla.com/conditioner/51342-lador-hydro-lpp-treatment,0,0,0,quota_limit_reached
15699_kusuma-kosmetika,Balm Blush,106948,https://www.sociolla.com/blush/78606-balm-blush,0,0,0,quota_limit_reached
1232_kundal,Kundal Cool Body Wash,102412,https://www.sociolla.com/body-wash/74070-kundal-cool-body-wash,0,0,0,quota_limit_reached
1101_lador,Lador Dermatical Hair Loss Shampoo,87790,https://www.sociolla.com/shampoo/59448-lador-dermatical-hair-loss-shampoo,0,0,0,quota_limit_reached
1101_lador,Lador Travel Kit Wonderful on the Go,105299,https://www.sociolla.com/default-category/76957-lador-travel-kit-wonderful-on-the-go,0,0,0,quota_limit_reached
1101_lador,Lador Dermatical Scalp Tonic,79710,https://www.sociolla.com/hair-tonic/51368-lador-dermatical-scalp-tonic,0,0,0,quota_limit_reached
1101_lador,Lador Triplex 3 Natural Shampoo,79697,https://www.sociolla.com/shampoo/51355-lador-triplex-3-natural-shampoo,0,0,0,quota_limit_reached
1101_lador,Lador Keratin Power Glue,79694,https://www.sociolla.com/leave-in-treatment/51352-lador-keratin-power-glue,0,0,0,quota_limit_reached
1101_lador,Lador Wonder Bubble,82503,https://www.sociolla.com/shampoo/54161-lador-wonder-bubble,0,0,0,quota_limit_reached
1101_lador,Lador Root Re-boot Vitalizing Shampoo,105295,https://www.sociolla.com/shampoo/76953-lador-root-re-boot-vitalizing-shampoo,0,0,0,quota_limit_reached
1101_lador,Lador Root Re-Boot Awakening Shampoo,105294,https://www.sociolla.com/shampoo/76952-lador-root-re-boot-awakening-shampoo,0,0,0,quota_limit_reached
1101_lador,Lador Travel Kit Keratin Hair on the Go,105298,https://www.sociolla.com/default-category/76956-lador-travel-kit-keratin-hair-on-the-go,0,0,0,quota_limit_reached
1101_lador,Lador Root Re-boot Purifying Shampoo,105297,https://www.sociolla.com/shampoo/76955-lador-root-re-boot-purifying-shampoo,0,0,0,quota_limit_reached
1101_lador,Lador Wonder Hair Oil,87796,https://www.sociolla.com/hair-oil/59454-lador-wonder-hair-oil,0,0,0,quota_limit_reached
1101_lador,Lador Keratin LPP Shampoo,79681,https://www.sociolla.com/shampoo/51339-lador-keratin-lpp-shampoo,0,0,0,quota_limit_reached
1101_lador,ACV Vinegar Treatment,92149,https://www.sociolla.com/conditioner/63807-acv-vinegar-treatment,0,0,0,quota_limit_reached
1101_lador,Lador Perfumed Hair Oil Hinoki,104319,https://www.sociolla.com/hair-oil/75977-lador-perfumed-hair-oil-hinoki,0,0,0,quota_limit_reached
1101_lador,Lador Herbalism Shampoo,87793,https://www.sociolla.com/shampoo/59451-lador-herbalism-shampoo,0,0,0,quota_limit_reached
1101_lador,Lador Perfumed Hair Oil La Pitta,104318,https://www.sociolla.com/hair-oil/75976-lador-perfumed-hair-oil-la-pitta,0,0,0,quota_limit_reached
1101_lador,Lador Root Re-boot Activating Shampoo,105296,https://www.sociolla.com/shampoo/76954-lador-root-re-boot-activating-shampoo,0,0,0,quota_limit_reached
1101_lador,ACV Vinegar Shampoo,92148,https://www.sociolla.com/shampoo/63806-acv-vinegar-shampoo,0,0,0,quota_limit_reached
1101_lador,Lador Dermatical Active Ampoule,87791,https://www.sociolla.com/hair-serum/59449-lador-dermatical-active-ampoule,0,0,0,quota_limit_reached
1101_lador,Lador Perfumed Hair Oil Osmanthus,104320,https://www.sociolla.com/hair-oil/75978-lad-hc-lphoom801,0,0,0,quota_limit_reached
1101_lador,Lador Herbalism Treatment,87795,https://www.sociolla.com/conditioner/59453-lador-herbalism-treatment,0,0,0,quota_limit_reached
1101_lador,Wonder Balm,82099,https://www.sociolla.com/hair-oil/53757-wonder-balm,0,0,0,quota_limit_reached
1101_lador,Lador Damage Protector Acid Conditioner,79692,https://www.sociolla.com/conditioner/51350-lador-damage-protector-acid-conditioner,0,0,0,quota_limit_reached
1101_lador,Lador Perfect Hair Fill-Up,79695,https://www.sociolla.com/hair-mask/51353-lador-perfect-hair-fill-up,0,0,0,quota_limit_reached
1101_lador,Lador Damage Protector Acid Shampoo,79690,https://www.sociolla.com/shampoo/51348-lador-damage-protector-acid-shampoo,0,0,0,quota_limit_reached
1101_lador,Wonder Tear,82101,https://www.sociolla.com/hair-oil/53759-wonder-tear,0,0,0,quota_limit_reached
1101_lador,Lador Scalp Scaling,79700,https://www.sociolla.com/hair-mask/51358-lador-scalp-scaling,0,0,0,quota_limit_reached
1101_lador,Lador Tea Tree Scalp Clinic Hair Pack,85259,https://www.sociolla.com/hair-mask/56917-lador-tea-tree-scalp-clinic-hair-pack,0,0,0,quota_limit_reached
1101_lador,Lador Anti Dandruff Shampoo,79696,https://www.sociolla.com/shampoo/51354-lador-anti-dandruff-shampoo,0,0,0,quota_limit_reached
1101_lador,Anti Yellow Shampoo,90146,https://www.sociolla.com/shampoo/61804-anti-yellow-shampoo,0,0,0,quota_limit_reached
1101_lador,Lador Wonder Pic,85260,https://www.sociolla.com/hair-mist/56918-lador-wonder-pic,0,0,0,quota_limit_reached
1101_lador,Lador Wonder Full Hair Serum 100ml,107210,https://www.sociolla.com/hair-serum/78868-lador-wonder-full-hair-serum-100ml,0,0,0,quota_limit_reached
15707_lab-on-hair,Hair Scalp Spray,107357,https://www.sociolla.com/hair-tonic/79015-hair-scalp-spray,0,0,0,quota_limit_reached
15707_lab-on-hair,Hair Fall Control Shampoo,107355,https://www.sociolla.com/shampoo/79013-hair-fall-control-shampoo,0,0,0,quota_limit_reached
744_lacoco,Lacoco Aloe Vera Soothing Mist Mini,97944,https://www.sociolla.com/face-mist/69602-lacoco-aloe-vera-soothing-mist-mini,0,0,0,quota_limit_reached
15707_lab-on-hair,Hair Density Ampoule,107356,https://www.sociolla.com/default-category/79014-hair-density-ampoule,0,0,0,quota_limit_reached
744_lacoco,Watermelon Glow Mask FREE Amazonian Charcoal Glow Mask,105892,https://www.sociolla.com/skin-care-set/77550-watermelon-glow-mask-free-amazonian-charcoal-glow-mask,0,0,0,quota_limit_reached
744_lacoco,Lacoco Grape Fruit Acne Fighter Serum,97927,https://www.sociolla.com/face-serum/69585-lacoco-grape-fruit-acne-fighter-serum,0,0,0,quota_limit_reached
744_lacoco,Dark Spot Essence,71517,https://www.sociolla.com/essence/24697-dark-spot-essence,0,0,0,quota_limit_reached
744_lacoco,Watermelon Glow Mask X Amazonian Charcoal Glow Mask,77958,https://www.sociolla.com/default-category/49616-watermelon-glow-mask-x-amazonian-charcoal-glow-mask,0,0,0,quota_limit_reached
744_lacoco,Lacoco Ultimate  glowmask,75111,https://www.sociolla.com/skin-care-set/28291-lacoco-ultimate-glowmask,0,0,0,quota_limit_reached
744_lacoco,Lacoco Best Seller Package,72043,https://www.sociolla.com/skin-care-set/25223-lacoco-best-seller-package,0,0,0,quota_limit_reached
744_lacoco,2% Watermelon Glow Mask,23269,https://www.sociolla.com/sleeping-mask/16170-watermelon-glow-mask,0,0,0,quota_limit_reached
744_lacoco,Intensive Treatment Eye Serum,23271,https://www.sociolla.com/eye-treatments/16175-intensive-treatment-eye-serum,0,0,0,quota_limit_reached
744_lacoco,Barbie™ x Lacoco Watermelon Glow Mask,91216,https://www.sociolla.com/sleeping-mask/62874-barbie-x-watermelon-glow-mask,0,0,0,quota_limit_reached
744_lacoco,Bust Fit Concentrate Serum,74941,https://www.sociolla.com/bust-treatment/28121-bust-fit-concentrate-serum,0,0,0,quota_limit_reached
744_lacoco,Amazonian Charcoal Glow Mask,23272,https://www.sociolla.com/clay-mask/16171-amazonian-charcoal-glow-mask,0,0,0,quota_limit_reached
744_lacoco,2% Bakuchiol Day Cream,87912,https://www.sociolla.com/face-cream-lotion/59570-2-bakuchiol-day-cream,0,0,0,quota_limit_reached
744_lacoco,Bakuchiol Sheet Mask,87915,https://www.sociolla.com/sheet-mask/59573-bakuchiol-sheet-mask,0,0,0,quota_limit_reached
744_lacoco,Lacoco Watermelon Glow Hydrating Toner,97929,https://www.sociolla.com/toner/69587-lacoco-watermelon-glow-hydrating-toner,0,0,0,quota_limit_reached
744_lacoco,Lacoco Watermelon Glow Sheet Mask,97931,https://www.sociolla.com/sheet-mask/69589-lacoco-watermelon-glow-sheet-mask,0,0,0,quota_limit_reached
744_lacoco,2% Bakuchiol Night Cream,87913,https://www.sociolla.com/face-cream-lotion/59571-2-bakuchiol-night-cream,0,0,0,quota_limit_reached
744_lacoco,Lacoco Watermelon Brightening Eye Patch,97946,https://www.sociolla.com/eye-mask/69604-lacoco-watermelon-brightening-eye-patch,0,0,0,quota_limit_reached
744_lacoco,Hydrating Divine Essence,23273,https://www.sociolla.com/essence/16174-hydrating-divine-essence,0,0,0,quota_limit_reached
744_lacoco,Amazonian Devine Bundle,83577,https://www.sociolla.com/skin-care-set/55235-amazonian-devine-bundle,0,0,0,quota_limit_reached
744_lacoco,Bakuchiol day & Night Set,88767,https://www.sociolla.com/skin-care-set/60425-bakuchiol-day-and-night-set,0,0,0,quota_limit_reached
744_lacoco,Daily UV Counter SPF 50 PA ++++,71518,https://www.sociolla.com/sunscreen/24698-daily-uv-counter-spf-50-pa,0,0,0,quota_limit_reached
744_lacoco,Aloe Vera Soothing Mist,23270,https://www.sociolla.com/face-mist/16173-aloe-vera-soothing-mist,0,0,0,quota_limit_reached
744_lacoco,Barbie™ x Lacoco Hydrating Divine Essence,91218,https://www.sociolla.com/essence/62876-barbie-x-hydrating-divine-essence,0,0,0,quota_limit_reached
744_lacoco,Watermelon Glow Mask GWP x Aloe Vera Soothing Mist,91488,https://www.sociolla.com/skin-care-set/63146-watermelon-glow-mask-gwp-x-aloe-vera-soothing-mist,0,0,0,quota_limit_reached
744_lacoco,Aloe Vera Soothing Mist X Amazonian Charcoal Glow Mask,77959,https://www.sociolla.com/default-category/49617-aloe-vera-soothing-mist-x-amazonian-charcoal-glow-mask,0,0,0,quota_limit_reached
744_lacoco,Woman Hygiene Treatment Package,82693,https://www.sociolla.com/default-category/54351-woman-hygiene-treatment-package,0,0,0,quota_limit_reached
744_lacoco,5% Bakuchiol Essence,87914,https://www.sociolla.com/essence/59572-5-bakuchiol-essence,0,0,0,quota_limit_reached
744_lacoco,Cosvie Woman Hygiene Treatment Essence,74942,https://www.sociolla.com/feminine-wash/28122-cosvie-woman-hygiene-treatment-essence,0,0,0,quota_limit_reached
744_lacoco,Ultimate Golden Swallow Facial Foam,23268,https://www.sociolla.com/face-wash/16172-ultimate-golden-swallow-facial-foam,0,0,0,quota_limit_reached
744_lacoco,Barbie™ x Lacoco Bust Fit Concentrate Serum,91217,https://www.sociolla.com/breast-care/62875-barbie-x-bust-fit-concentrate-serum,0,0,0,quota_limit_reached
744_lacoco,Watermelon Glow Mask GWP x Aloe Vera Soothing Mist,90480,https://www.sociolla.com/skin-care-set/62138-watermelon-glow-mask-gwp-x-aloe-vera-soothing-mist,0,0,0,quota_limit_reached
1345_lae-sa-luay,Serum,92455,https://www.sociolla.com/hair-serum/64113-serum,0,0,0,quota_limit_reached
1345_lae-sa-luay,HAIR SPA SMOOTH KERATIN,92453,https://www.sociolla.com/conditioner/64111-hair-spa,0,0,0,quota_limit_reached
1345_lae-sa-luay,Shampoo,92454,https://www.sociolla.com/shampoo/64112-shampoo,0,0,0,quota_limit_reached
782_lagom,Cellup Gel To Water Cleanser,21487,https://www.sociolla.com/face-wash/17102-cellup-gel-to-water-cleanser,0,0,0,quota_limit_reached
782_lagom,Cellus Deep Moisture Cream,21489,https://www.sociolla.com/face-cream-lotion/17104-cellus-deep-moisture-cream,0,0,0,quota_limit_reached
782_lagom,Cellup Micro Foam Cleanser,21488,https://www.sociolla.com/face-wash/17103-cellup-micro-foam-cleanser,0,0,0,quota_limit_reached
782_lagom,Cellus White Moisture Cream,21492,https://www.sociolla.com/face-cream-lotion/17106-cellus-white-moisture-cream,0,0,0,quota_limit_reached
782_lagom,Cellus Mild Moisture Cream,21490,https://www.sociolla.com/face-cream-lotion/17105-cellus-mild-moisture-cream,0,0,0,quota_limit_reached
228_lamica,FACE SCULPTING SET,83234,https://www.sociolla.com/default-category/54892-face-sculpting-set,0,0,0,quota_limit_reached
228_lamica,Basic Face Set,83236,https://www.sociolla.com/default-category/54894-basic-face-set,0,0,0,quota_limit_reached
228_lamica,Flawless Face Set,83235,https://www.sociolla.com/default-category/54893-flawless-face-set,0,0,0,quota_limit_reached
228_lamica,Sleek eyebrow set,83239,https://www.sociolla.com/default-category/54897-sleek-eyebrow-set,0,0,0,quota_limit_reached
228_lamica,Acrylic Mixing Palette,83240,https://www.sociolla.com/palette/54898-acrylic-mixing-palette,0,0,0,quota_limit_reached
228_lamica,Basic Eye Set,83237,https://www.sociolla.com/default-category/54895-basic-eye-set,0,0,0,quota_limit_reached
228_lamica,Instant Brush Sanitizer,83241,https://www.sociolla.com/brush-cleanser-tools/54899-instant-brush-sanitizer,0,0,0,quota_limit_reached
228_lamica,Lamica X Bubah Alfian Set,1347,https://www.sociolla.com/brush-set/6034-lamica-x-bubah-alfian-set,0,0,0,quota_limit_reached
101_laneige,Radian-C Sun Cream SPF 50+ PA++++,100635,https://www.sociolla.com/sunscreen/72293-radian-c-sun-cream-spf-50-pa,0,0,0,quota_limit_reached
101_laneige,Waterbank Blue HA Cleansing Foam,95923,https://www.sociolla.com/face-wash/67581-sua-rua-mat-laneige-water-bank-blue-ha-cleansing-foam-150g,0,0,0,quota_limit_reached
101_laneige,Waterbank Blue HA Cream (dry),95929,https://www.sociolla.com/face-cream-lotion/67587-kem-duong-am-danh-cho-da-thuong-va-da-kho-laneige-water-bank-blue-ha-cream-dry-50ml,0,0,0,quota_limit_reached
101_laneige,Waterbank Blue HA Emulsion for Oily Skin,95935,https://www.sociolla.com/face-cream-lotion/67593-sua-duong-danh-cho-da-dau-va-da-hon-hop-laneige-water-bank-blue-ha-emulsion-oily-120ml,0,0,0,quota_limit_reached
101_laneige,NEO Cushion Glow,102233,https://www.sociolla.com/cushion/73891-neo-cushion-glow,0,0,0,quota_limit_reached
101_laneige,Water Sleeping Mask_EX,84311,https://www.sociolla.com/sleeping-mask/55969-laneige-mask,0,0,0,quota_limit_reached
101_laneige,NEO Cushion Matte,102234,https://www.sociolla.com/cushion/73892-neo-cushion-matte,0,0,0,quota_limit_reached
101_laneige,Waterbank Blue HA Toner (oily),95933,https://www.sociolla.com/toner/67591-nuoc-can-bang-duong-am-danh-cho-da-dau-va-da-hon-hop-laneige-water-bank-blue-ha-toner-oily-160ml,0,0,0,quota_limit_reached
101_laneige,Radian-C Spot Serum,100634,https://www.sociolla.com/face-serum/72292-radian-c-spot-serum,0,0,0,quota_limit_reached
101_laneige,Glowy Makeup Serum,102215,https://www.sociolla.com/face-oil/73873-glowy-makeup-serum,0,0,0,quota_limit_reached
101_laneige,Waterbank Blue HA Cream for Oily Skin,95936,https://www.sociolla.com/face-cream-lotion/67594-kem-duong-am-danh-cho-da-dau-va-da-hon-hop-laneige-water-bank-blue-ha-cream-oily-50ml,0,0,0,quota_limit_reached
101_laneige,Waterbank Blue HA Trial Kit for Oily (6EA),104913,https://www.sociolla.com/default-category/76571-waterbank-blue-ha-trial-kit-for-oily-6ea,0,0,0,quota_limit_reached
101_laneige,Neo Essential Blurring Powder,104359,https://www.sociolla.com/loose-powder/76017-neo-essential-blurring-powder,0,0,0,quota_limit_reached
101_laneige,Radian-C Cream,100633,https://www.sociolla.com/face-cream-lotion/72291-radian-c-cream,0,0,0,quota_limit_reached
101_laneige,Radian-C Double Active Brightening Essence,104350,https://www.sociolla.com/essence/76008-radian-c-double-active-brightening-essence,0,0,0,quota_limit_reached
101_laneige,Lip Sleeping Mask Apple Lime,102237,https://www.sociolla.com/lip-mask/73895-lip-sleeping-mask-apple-lime,0,0,0,quota_limit_reached
101_laneige,Radian-C Advanced Effector,100632,https://www.sociolla.com/booster/72290-radian-c-advanced-effector,0,0,0,quota_limit_reached
101_laneige,Water Bank Blue Hyaluronic Cleansing Gel,103816,https://www.sociolla.com/cleansing-gel/75474-water-bank-blue-hyaluronic-cleansing-gel,0,0,0,quota_limit_reached
101_laneige,Lip Sleeping Mask EX Grapefruit,103077,https://www.sociolla.com/lip-mask/74735-lip-sleeping-mask-ex-grapefruit,0,0,0,quota_limit_reached
101_laneige,Water Bank Blue Hyaluronic Eye Cream,95938,https://www.sociolla.com/eye-care/67596-kem-duong-mat-laneige-water-bank-blue-ha-eye-cream-25ml,0,0,0,quota_limit_reached
101_laneige,Laneige Lip Sleeping Mask EX Berry,92917,https://www.sociolla.com/lip-care/64575-mat-na-ngu-danh-cho-moi-laneige-lip-sleeping-mask_berry-20gr,0,0,0,quota_limit_reached
101_laneige,Waterbank Blue HA Toner (dry),95927,https://www.sociolla.com/default-category/67585-nuoc-can-bang-duong-am-danh-cho-da-thuong-va-da-kho-laneige-water-bank-blue-ha-toner-dry-160ml,0,0,0,quota_limit_reached
101_laneige,Waterbank Blue HA Serum,95937,https://www.sociolla.com/face-serum/67595-tinh-chat-duong-am-laneige-water-bank-blue-ha-serum-50ml,0,0,0,quota_limit_reached
101_laneige,Cica Sleeping Mask,92916,https://www.sociolla.com/sleeping-mask/64574-mat-na-ngu-cica-laneige-cica-sleeping-mask-60ml,0,0,0,quota_limit_reached
101_laneige,Waterbank Blue HA Emulsion for Dry Skin,95924,https://www.sociolla.com/face-cream-lotion/67582-sua-duong-danh-cho-da-thuong-va-da-kho-laneige-water-bank-blue-ha-emulsion-dry-120ml,0,0,0,quota_limit_reached
101_laneige,Neo Cushion Glow Pouch Set,105595,https://www.sociolla.com/cushion/77253-neo-cushion-glow-pouch-set,0,0,0,quota_limit_reached
101_laneige,Perfect Renew 3X Emulsion,103812,https://www.sociolla.com/face-cream-lotion/75470-perfect-renew-3x-emulsion,0,0,0,quota_limit_reached
101_laneige,Neo Cushion Matte Pouch Set,105594,https://www.sociolla.com/cushion/77252-neo-cushion-matte-pouch-set,0,0,0,quota_limit_reached
101_laneige,Water Bank Blue Hyaluronic Cleansing Oil,103815,https://www.sociolla.com/cleansing-oil/75473-water-bank-blue-hyaluronic-cleansing-oil,0,0,0,quota_limit_reached
101_laneige,Perfect Renew 3X Skin Refiner,103811,https://www.sociolla.com/toner/75469-perfect-renew-3x-skin-refiner,0,0,0,quota_limit_reached
101_laneige,Perfect Renew 3X Signature Serum,103813,https://www.sociolla.com/face-serum/75471-perfect-renew-3x-signature-serum,0,0,0,quota_limit_reached
101_laneige,Perfect Renew 3X Cream,103814,https://www.sociolla.com/face-cream-lotion/75472-perfect-renew-3x-cream,0,0,0,quota_limit_reached
101_laneige,BTS X AP Lip Sleeping Trio Set,103387,https://www.sociolla.com/default-category/75045-bts-x-ap-lip-sleeping-trio-set,0,0,0,quota_limit_reached
155_lavie-lash,Lavielash x Marlene Hariman,83093,https://www.sociolla.com/false-eyelashes/54751-lavielash-x-marlene-hariman,0,0,0,quota_limit_reached
155_lavie-lash,Brush-On Lash Adhesive Glue,35774,https://www.sociolla.com/eyelash-glue/14019-brush-on-lash-adhesive-glue,0,0,0,quota_limit_reached
155_lavie-lash,Lavielash x Gelangelicca,83094,https://www.sociolla.com/false-eyelashes/54752-lavielash-x-gelangelicca,0,0,0,quota_limit_reached
155_lavie-lash,Plush Silk Lash - Starlet,35758,https://www.sociolla.com/false-eyelashes/14009-plush-silk-lash-starlet,0,0,0,quota_limit_reached
155_lavie-lash,Line N' Lash,94317,https://www.sociolla.com/eyeliner/65975-line-n-lash,0,0,0,quota_limit_reached
155_lavie-lash,Lavie Lash - Chloe,35753,https://www.sociolla.com/false-eyelashes/14022-lavie-lash-chloe,0,0,0,quota_limit_reached
155_lavie-lash,Precision Brow Tech,35745,https://www.sociolla.com/default-category/14002-precision-brow-tech,0,0,0,quota_limit_reached
155_lavie-lash,Clear Line N' Lash,103851,https://www.sociolla.com/eyelash-glue/75509-clear-line-n-lash,0,0,0,quota_limit_reached
155_lavie-lash,Lash Applicator,35775,https://www.sociolla.com/default-category/14018-lash-applicator,0,0,0,quota_limit_reached
155_lavie-lash,Lavie Lash by Ryan Ogilvy - Sunset,91827,https://www.sociolla.com/false-eyelashes/63485-lavie-lash-by-ryan-ogilvy-sunset,0,0,0,quota_limit_reached
155_lavie-lash,Au Naturel - Heather,29560,https://www.sociolla.com/default-category/1602-au-naturel-heather,0,0,0,quota_limit_reached
155_lavie-lash,Fleur,35747,https://www.sociolla.com/false-eyelashes/14003-fleur,0,0,0,quota_limit_reached
155_lavie-lash,Maison De Poupee,2346,https://www.sociolla.com/false-eyelashes/8311-maison-de-poupee,0,0,0,quota_limit_reached
155_lavie-lash,Lavie Lash by Fauzia Hanum - Latte,91071,https://www.sociolla.com/false-eyelashes/62729-lavie-lash-by-fauzia-hanum-latte,0,0,0,quota_limit_reached
155_lavie-lash,Lavie Lash by Ryan Ogilvy - Sunrise,91826,https://www.sociolla.com/false-eyelashes/63484-lavie-lash-by-ryan-ogilvy-sunrise,0,0,0,quota_limit_reached
155_lavie-lash,Amaryllis,35748,https://www.sociolla.com/false-eyelashes/14004-amaryllis,0,0,0,quota_limit_reached
155_lavie-lash,Lavie 3 D,77507,https://www.sociolla.com/false-eyelashes/49165-lavie-3-d,0,0,0,quota_limit_reached
155_lavie-lash,Luna Maya - Spotlight Vol 1,35770,https://www.sociolla.com/170-false-eyelashes/14017-luna-maya-spotlight-vol-1,0,0,0,quota_limit_reached
155_lavie-lash,Lavie 3D,63342,https://www.sociolla.com/false-eyelashes/16010-lavie-3d,0,0,0,quota_limit_reached
155_lavie-lash,Lavie Lash by Fauzia Hanum - Noir,91072,https://www.sociolla.com/false-eyelashes/62730-lavie-lash-by-fauzia-hanum-noir,0,0,0,quota_limit_reached
155_lavie-lash,Cirque Du Lavie,2323,https://www.sociolla.com/default-category/8281-cirque-du-lavie,0,0,0,quota_limit_reached
155_lavie-lash,Demi Goddess,2227,https://www.sociolla.com/false-eyelashes/8160-demi-goddess,0,0,0,quota_limit_reached
155_lavie-lash,Lavie Lash by Dany Barca - Dua,91068,https://www.sociolla.com/false-eyelashes/62726-lavie-lash-by-dany-barca-dua,0,0,0,quota_limit_reached
155_lavie-lash,Lavie Lash by Marlene Hariman - No Over,91065,https://www.sociolla.com/false-eyelashes/62723-lavie-lash-by-marlene-hariman-no-over,0,0,0,quota_limit_reached
155_lavie-lash,Amaryllis Value Pack,35765,https://www.sociolla.com/170-false-eyelashes/14013-amaryllis-value-pack,0,0,0,quota_limit_reached
155_lavie-lash,Rosie Value Pack,35767,https://www.sociolla.com/170-false-eyelashes/14015-rosie-value-pack,0,0,0,quota_limit_reached
155_lavie-lash,Lavie Lash by Dany Barca - Satu,91067,https://www.sociolla.com/false-eyelashes/62725-lavie-lash-by-dany-barca-satu,0,0,0,quota_limit_reached
155_lavie-lash,Lavie Package B,91940,https://www.sociolla.com/makeup-palettes-set/63598-lavie-package-b,0,0,0,quota_limit_reached
155_lavie-lash,Lavie Package A,91943,https://www.sociolla.com/makeup-palettes-set/63601-lavie-package-a,0,0,0,quota_limit_reached
155_lavie-lash,Lavie Lash by Dany Barca - Essential,91069,https://www.sociolla.com/false-eyelashes/62727-lavie-lash-by-dany-barca-essential,0,0,0,quota_limit_reached
155_lavie-lash,Lavie Lash by Marlene Hariman - No Drama Petite,91064,https://www.sociolla.com/false-eyelashes/62722-lavie-lash-by-marlene-hariman-no-drama-petite,0,0,0,quota_limit_reached
155_lavie-lash,Best Seller Value Pack,35764,https://www.sociolla.com/false-eyelashes/14012-best-seller-value-pack,0,0,0,quota_limit_reached
155_lavie-lash,Laviebeauty x Ari Izam - Eyelid Fit,105450,https://www.sociolla.com/eye-tape/77108-laviebeauty-x-ari-izam-eyelid-fit,0,0,0,quota_limit_reached
155_lavie-lash,Bluebell Value Pack,35769,https://www.sociolla.com/170-false-eyelashes/14016-bluebell-value-pack,0,0,0,quota_limit_reached
155_lavie-lash,Bonita,35755,https://www.sociolla.com/false-eyelashes/14008-bonita,0,0,0,quota_limit_reached
155_lavie-lash,Accents,2147,https://www.sociolla.com/makeup/8075-accents,0,0,0,quota_limit_reached
155_lavie-lash,Gold Getter Eyeshadow,83092,https://www.sociolla.com/eyeshadow/54750-gold-getter-eyeshadow,0,0,0,quota_limit_reached
155_lavie-lash,Au Naturel,2134,https://www.sociolla.com/false-eyelashes/8060-au-naturel,0,0,0,quota_limit_reached
155_lavie-lash,Plush Silk Lash - Vixen,35761,https://www.sociolla.com/false-eyelashes/14010-plush-silk-lash-vixen,0,0,0,quota_limit_reached
155_lavie-lash,Fairydust - Tink,495,https://www.sociolla.com/false-eyelashes/2925-fairydust-tink,0,0,0,quota_limit_reached
155_lavie-lash,Bluebell,35750,https://www.sociolla.com/false-eyelashes/14006-bluebell,0,0,0,quota_limit_reached
155_lavie-lash,Rosie,35749,https://www.sociolla.com/false-eyelashes/14005-rosie,0,0,0,quota_limit_reached
155_lavie-lash,Fleur Value Pack,35766,https://www.sociolla.com/170-false-eyelashes/14014-fleur-value-pack,0,0,0,quota_limit_reached
155_lavie-lash,Demi Goddess - Athena,29570,https://www.sociolla.com/default-category/1612-demi-goddess-athena,0,0,0,quota_limit_reached
155_lavie-lash,Snowdrop,35752,https://www.sociolla.com/false-eyelashes/14007-snowdrop,0,0,0,quota_limit_reached
15517_lavojoy,Bubble Crush Body Serum Magical Duet,106324,https://www.sociolla.com/body-lotion-body-serum/77982-bubble-crush-body-serum-magical-duet,0,0,0,quota_limit_reached
15517_lavojoy,Hold Me Tight Pro Conditioner Spring Wonder,105930,https://www.sociolla.com/conditioner/77588-hold-me-tight-pro-conditioner-spring-wonder,0,0,0,quota_limit_reached
15517_lavojoy,Hold Me Tight Pro Shampoo Spring Wonder,105929,https://www.sociolla.com/shampoo/77587-hold-me-tight-pro-shampoo-spring-wonder,0,0,0,quota_limit_reached
15517_lavojoy,Flora's Whisper Body Perfume,108097,https://www.sociolla.com/eau-de-parfum/79755-flora-s-whisper-body-perfume,0,0,0,quota_limit_reached
15517_lavojoy,Roughness Eraser Shower Scrub flora's Secret,102132,https://www.sociolla.com/hair-mask/73790-roughness-eraser-shower-scrub-flora-s-secret,0,0,0,quota_limit_reached
15517_lavojoy,SOS Nourishing Conditioner Lazy Sunday,97098,https://www.sociolla.com/conditioner/68756-sos-nourishing-conditioner-lazy-sunday,0,0,0,quota_limit_reached
15517_lavojoy,Softness Creator Hand Butter,101381,https://www.sociolla.com/hand-foot-cream/73039-softness-creator-hand-butter,0,0,0,quota_limit_reached
15517_lavojoy,So So So Smooth Conditioner Over The Rainbow,100973,https://www.sociolla.com/conditioner/72631-so-so-so-smooth-conditioner-over-the-rainbow,0,0,0,quota_limit_reached
15517_lavojoy,Baby Feet Get Foot Mask Feel My Rhythm,108099,https://www.sociolla.com/hand-foot-cream/79757-baby-feet-get-foot-mask-feel-my-rhythm,0,0,0,quota_limit_reached
15517_lavojoy,Bubble Up Bundle (Body Shower + Body Serum),106850,https://www.sociolla.com/bath-body-set/78508-bubble-up-bundle-body-shower-body-serum,0,0,0,quota_limit_reached
15517_lavojoy,5 Mins Frizz-Free Hair Mask Feel My Rhythm,102130,https://www.sociolla.com/hair-mask/73788-5-mins-frizz-free-hair-mask-feel-my-rhythm,0,0,0,quota_limit_reached
15517_lavojoy,Brightness Code Hand Mask Feel My Rhythm,108098,https://www.sociolla.com/hand-foot-cream/79756-brightness-code-hand-mask-feel-my-rhythm,0,0,0,quota_limit_reached
15517_lavojoy,Bubble Up Shower Mousse Magical Duet,106323,https://www.sociolla.com/body-wash/77981-bubble-up-shower-mousse-magical-duet,0,0,0,quota_limit_reached
15517_lavojoy,Hair We Bloom Shampoo Over The Rainbow,100975,https://www.sociolla.com/shampoo/72633-hair-we-bloom-shampoo-over-the-rainbow,0,0,0,quota_limit_reached
15517_lavojoy,Hold Me Tight Scalp Scrub Lazy Sunday,102131,https://www.sociolla.com/hair-mask/73789-hold-me-tight-scalp-scrub-lazy-sunday,0,0,0,quota_limit_reached
15517_lavojoy,Hair Fall Defense Duo Bundle (Hold Me Tight Pro Shampoo + Conditioner),106849,https://www.sociolla.com/hair-care-set/78507-hair-fall-defense-duo-bundle-hold-me-tight-pro-shampoo-conditioner,0,0,0,quota_limit_reached
15517_lavojoy,Frizz-Free Hair Oil Feel My Rhyme,105585,https://www.sociolla.com/hair-oil/77243-frizz-free-hair-oil-feel-my-rhyme,0,0,0,quota_limit_reached
15517_lavojoy,Hold Me Tight Pro Scalp Essence Spring Wonder,108707,https://www.sociolla.com/hair-treatment/80365-hold-me-tight-pro-scalp-essence-spring-wonder,0,0,0,quota_limit_reached
15517_lavojoy,Sparkling Daydream Body Wash Dancing In The Mist,97100,https://www.sociolla.com/body-wash/68758-sparkling-daydream-body-wash-dancing-in-the-mist,0,0,0,quota_limit_reached
15517_lavojoy,Sparkling Daydream Body Wash Summertrain,97099,https://www.sociolla.com/body-wash/68757-sparkling-daydream-body-wash-summertrain,0,0,0,quota_limit_reached
15517_lavojoy,LVJ lavojoy 5 Mins Frizz-Free Hair Mask Feel My Rhythm (3pcs),102613,https://www.sociolla.com/hair-mask/74271-lvj-lavojoy-5-mins-frizz-free-hair-mask-feel-my-rhythm-3pcs,0,0,0,quota_limit_reached
15517_lavojoy,3in1 Rescue & Restore Hair Fall Care Set (Hold Me Tight Pro Shampoo + Conditioner + Scalp Essence),108851,https://www.sociolla.com/hair-care-set/80509-3in1-rescue-and-restore-hair-fall-care-set-hold-me-tight-pro-shampoo-conditioner-scalp-essence,0,0,0,quota_limit_reached
15517_lavojoy,I'm Feeling Pink and Fresh Bundle (2in1 Bubble Series + Body Scrub + FREE Hand Butter),107752,https://www.sociolla.com/bath-body-set/79410-i-m-feeling-pink-and-fresh-bundle-2in1-bubble-series-body-scrub-free-hand-butter,0,0,0,quota_limit_reached
15517_lavojoy,No More Frizzy Hair Bundle (2in1 Hold Me Tight Pro + Hair Oil + FREE Hair Mask),107753,https://www.sociolla.com/hair-care-set/79411-no-more-frizzy-hair-bundle-2in1-hold-me-tight-pro-hair-oil-free-hair-mask,0,0,0,quota_limit_reached
15517_lavojoy,Enjoy Your Bathtime Limited Box x Sociolla,97968,https://www.sociolla.com/bath-body-set/69626-enjoy-your-bathtime-limited-box-x-sociolla,0,0,0,quota_limit_reached
15517_lavojoy,Summertrain + Dancing in The Mist 2 in 1 Body Wash Set,97237,https://www.sociolla.com/skin-care-set/68895-body-wash-summertrain-plus-body-wash-dancing-in-the-mist-2-in-1-bundle-set-summertrain-body-wash-dancing-in-the,0,0,0,quota_limit_reached
15517_lavojoy,Shampoo Lazy Sunday + Conditioner Lazy Sunday + 5 Mins Frizz-Free Hair Mask Feel My Rhythm,104527,https://www.sociolla.com/hair-care-set/76185-shampoo-lazy-sunday-conditioner-lazy-sunday-5-mins-frizz-free-hair-mask-feel-my-rhythm,0,0,0,quota_limit_reached
15517_lavojoy,Hair Spa At Home Vibes (Hair Mask + Lazy Sunday Shampoo),104526,https://www.sociolla.com/default-category/76184-hair-spa-at-home-vibes-hair-mask-lazy-sunday-shampoo,0,0,0,quota_limit_reached
15517_lavojoy,Make it Soft Body Care (Body Wash Dancing In The Mist + Roughness Eraser Shower Scrub flora's Secret),104525,https://www.sociolla.com/bath-body-set/76183-make-it-soft-body-care-body-wash-dancing-in-the-mist-roughness-eraser-shower-scrub-flora-s-secret,0,0,0,quota_limit_reached
15517_lavojoy,LVJ lavojoy 5 Mins Frizz-Free Hair Mask Feel My Rhythm (5pcs),102614,https://www.sociolla.com/hair-mask/74272-lvj-lavojoy-5-mins-frizz-free-hair-mask-feel-my-rhythm-5pcs,0,0,0,quota_limit_reached
15517_lavojoy,Brightness Code Hand Mask Feel My Rhythm (3pcs),108222,https://www.sociolla.com/hand-foot-cream/79880-brightness-code-hand-mask-feel-my-rhythm-3pcs,0,0,0,quota_limit_reached
15517_lavojoy,Make It Glow Body Care (Body Wash Summertrain + Roughness Eraser Shower Scrub flora's Secret),104524,https://www.sociolla.com/bath-body-set/76182-make-it-glow-body-care-body-wash-summertrain-roughness-eraser-shower-scrub-flora-s-secret,0,0,0,quota_limit_reached
15517_lavojoy,Hair Bloom and Smooth Bundle,101304,https://www.sociolla.com/hair-care-set/72962-hair-bloom-and-smooth-bundle,0,0,0,quota_limit_reached
15517_lavojoy,Hand & Foot Mask Bundle Set,108221,https://www.sociolla.com/hand-foot-cream/79879-hand-and-foot-mask-bundle-set,0,0,0,quota_limit_reached
15517_lavojoy,Best Seller Minis Set (4pcs),107750,https://www.sociolla.com/bath-body-set/79408-best-seller-minis-set-4pcs,0,0,0,quota_limit_reached
15517_lavojoy,Hold Me Tight Shampoo Lazy Sunday Bundle 2,97738,https://www.sociolla.com/shampoo/69396-hold-me-tight-shampoo-lazy-sunday-bundle-2,0,0,0,quota_limit_reached
15517_lavojoy,Healthy Scalp Care (Lazy Sunday Shampoo + Hair We Bloom Scalp Scrub Over the Rainbow),104523,https://www.sociolla.com/hair-care-set/76181-healthy-scalp-care-lazy-sunday-shampoo-hair-we-bloom-scalp-scrub-over-the-rainbow,0,0,0,quota_limit_reached
15517_lavojoy,Hold Me Tight Shampoo Lazy Sunday Bundle 4,97740,https://www.sociolla.com/shampoo/69398-hold-me-tight-shampoo-lazy-sunday-bundle-4,0,0,0,quota_limit_reached
15517_lavojoy,Anti Hair Fall Care (Lazy Sunday Shampoo + Hold Me Tight Scalp Scrub Lazy Sunday),104522,https://www.sociolla.com/hair-care-set/76180-anti-hair-fall-care-lazy-sunday-shampoo-hold-me-tight-scalp-scrub-lazy-sunday,0,0,0,quota_limit_reached
15517_lavojoy,Hold Me Tight Shampoo Lazy Sunday Bundle 3,97739,https://www.sociolla.com/shampoo/69397-hold-me-tight-shampoo-lazy-sunday-bundle-3,0,0,0,quota_limit_reached
15517_lavojoy,"Shampoo Lazy Sunday, Conditioner Lazy Sunday, Body Wash Dancing in The Mist plus Body Serum Dancing in The Mist 4 in 1 Bundle Set",97241,https://www.sociolla.com/hair-care-set/68899-shampoo-lazy-sunday-conditioner-lazy-sunday-body-wash-dancing-in-the-mist-plus-body-serum-dancing-in-the-mist-4-in,0,0,0,quota_limit_reached
15517_lavojoy,Lazy Sunday  Hair Care Set (Shampoo + Conditioner）,97234,https://www.sociolla.com/hair-care-set/68892-lazy-sunday-2-in-1-bundle-shampoo-conditioner,0,0,0,quota_limit_reached
15517_lavojoy,"Shampoo Lazy Sunday, Conditioner Lazy Sunday, Body Wash Summertrain plus Body Serum Summertrain 4 in 1 Bundle Set",97240,https://www.sociolla.com/default-category/68898-shampoo-lazy-sunday-conditioner-lazy-sunday-body-wash-summertrain-plus-body-serum-summertrain-4-in-1-bundle-set,0,0,0,quota_limit_reached
15517_lavojoy,Flora's Whisper Body Perfume Set (Orange Crush + Sea Of Stars + Lost Lily),108220,https://www.sociolla.com/eau-de-parfum/79878-flora-s-whisper-body-perfume-set-orange-crush-sea-of-stars-lost-lily,0,0,0,quota_limit_reached
15517_lavojoy,Hair We Bloom Shampoo Bundle 2,101483,https://www.sociolla.com/shampoo/73141-hair-we-bloom-shampoo-bundle-2,0,0,0,quota_limit_reached
15517_lavojoy,Hair We Bloom Shampoo Bundle 4,101491,https://www.sociolla.com/shampoo/73149-hair-we-bloom-shampoo-bundle-4,0,0,0,quota_limit_reached
15517_lavojoy,Over The Rainbow 2 in 1 Bundle (Shampoo + Conditioner）,101409,https://www.sociolla.com/hair-care-set/73067-over-the-rainbow-2-in-1-bundle-shampoo-conditioner,0,0,0,quota_limit_reached
15517_lavojoy,Hair We Bloom Shampoo Bundle 3,101488,https://www.sociolla.com/shampoo/73146-hair-we-bloom-shampoo-bundle-3,0,0,0,quota_limit_reached
15517_lavojoy,Sparkling Daydream Body Wash Summertrain Bundle 4,97743,https://www.sociolla.com/shampoo/69401-sparkling-daydream-body-wash-summertrain-bundle-4,0,0,0,quota_limit_reached
15517_lavojoy,Sparkling Daydream Body Wash Summertrain Bundle 3,97742,https://www.sociolla.com/body-wash/69400-sparkling-daydream-body-wash-summertrain-bundle-3,0,0,0,quota_limit_reached
15517_lavojoy,Dancing in The Mist Body Wash +  Summertrain Body Serum 2 in 1 Bundle Set,97239,https://www.sociolla.com/body-lotion-body-serum/68897-body-wash-dancing-in-the-mist-plus-body-serum-summertrain-2-in-1-bundle-set-dancing-in-the-mist-body-wash,0,0,0,quota_limit_reached
15517_lavojoy,Sparkling Daydream Body Wash Summertrain Bundle 2,97741,https://www.sociolla.com/body-wash/69399-sparkling-daydream-body-wash-summertrain-bundle-2,0,0,0,quota_limit_reached
15517_lavojoy,Dancing in the Mist Body Care Set (Body Wash + Body Serum),97231,https://www.sociolla.com/body-lotion-body-serum/68889-body-wash-dancing-in-the-mist-plus-body-serum-dancing-in-the-mist-2-in-1-bundle-set-dancing-in-the-mist-body-wash,0,0,0,quota_limit_reached
15517_lavojoy,Lavojoy Love Your Green Bag Exclusive Bundle,104030,https://www.sociolla.com/hair-care-set/75688-ramadan-exclusive-package,0,0,0,quota_limit_reached
15517_lavojoy,Ready To Reset Body Wash Flora's Secret Bundle 2,102222,https://www.sociolla.com/body-wash/73880-ready-to-reset-body-wash-flora-s-secret-bundle-2,0,0,0,quota_limit_reached
15517_lavojoy,Summertrain Body Care Set (Body Wash + Body Serum),97238,https://www.sociolla.com/skin-care-set/68896-body-wash-summertrain-plus-body-serum-summertrain-2-in-1-bundle-set-summertrain-body-wash-summertrain-body-serum,0,0,0,quota_limit_reached
15517_lavojoy,So So So Smooth Conditioner Bundle 2,101492,https://www.sociolla.com/conditioner/73150-so-so-so-smooth-conditioner-bundle-2,0,0,0,quota_limit_reached
15517_lavojoy,Sparkling Daydream Body Wash Dancing In The Mist Bundle 3,97745,https://www.sociolla.com/body-wash/69403-sparkling-daydream-body-wash-dancing-in-the-mist-bundle-3,0,0,0,quota_limit_reached
15517_lavojoy,Sparkling Daydream Body Wash Dancing In The Mist Bundle 4,97746,https://www.sociolla.com/body-wash/69404-sparkling-daydream-body-wash-dancing-in-the-mist-bundle-4,0,0,0,quota_limit_reached
15517_lavojoy,Sparkling Daydream Body Wash Dancing In The Mist Bundle 2,97744,https://www.sociolla.com/body-wash/69402-sparkling-daydream-body-wash-dancing-in-the-mist-bundle-2,0,0,0,quota_limit_reached
15517_lavojoy,Baby Feet Get Foot Mask Feel My Rhythm (3pcs),108223,https://www.sociolla.com/hand-foot-cream/79881-baby-feet-get-foot-mask-feel-my-rhythm-3pcs,0,0,0,quota_limit_reached
15517_lavojoy,SOS Nourishing Conditioner Lazy Sunday Bundle 2,97920,https://www.sociolla.com/conditioner/69578-sos-nourishing-conditioner-lazy-sunday-bundle-2,0,0,0,quota_limit_reached
15517_lavojoy,So So So Smooth Conditioner Bundle 4,101494,https://www.sociolla.com/conditioner/73152-so-so-so-smooth-conditioner-bundle-4,0,0,0,quota_limit_reached
15517_lavojoy,Ready To Reset Body Wash Flora's Secret + Time To Revive Body Serum Flora's Secret,102220,https://www.sociolla.com/bath-body-set/73878-ready-to-reset-body-wash-flora-s-secret-time-to-revive-body-serum-flora-s-secret,0,0,0,quota_limit_reached
15517_lavojoy,So So So Smooth Conditioner Bundle 3,101493,https://www.sociolla.com/conditioner/73151-so-so-so-smooth-conditioner-bundle-3,0,0,0,quota_limit_reached
15517_lavojoy,SOS Nourishing Conditioner Lazy Sunday Bundle 4,97926,https://www.sociolla.com/conditioner/69584-sos-nourishing-conditioner-lazy-sunday-bundle-4,0,0,0,quota_limit_reached
15517_lavojoy,SOS Nourishing Conditioner Lazy Sunday Bundle 3,97924,https://www.sociolla.com/conditioner/69582-sos-nourishing-conditioner-lazy-sunday-bundle-3,0,0,0,quota_limit_reached
15517_lavojoy,Time To Revive Body Serum Flora's Secret Bundle 4,102230,https://www.sociolla.com/body-lotion-body-serum/73888-time-to-revive-body-serum-flora-s-secret-bundle-4,0,0,0,quota_limit_reached
15517_lavojoy,Time To Revive Body Serum Flora's Secret Bundle 3,102229,https://www.sociolla.com/body-lotion-body-serum/73887-time-to-revive-body-serum-flora-s-secret-bundle-3,0,0,0,quota_limit_reached
15517_lavojoy,Time To Revive Body Serum Flora's Secret Bundle 2,102227,https://www.sociolla.com/body-lotion-body-serum/73885-time-to-revive-body-serum-flora-s-secret-bundle-2,0,0,0,quota_limit_reached
15517_lavojoy,Ready To Reset Body Wash Flora's Secret Bundle 3,102224,https://www.sociolla.com/body-cleanser/73882-ready-to-reset-body-wash-flora-s-secret-bundle-3,0,0,0,quota_limit_reached
15517_lavojoy,Let It Glow Body Serum Summertrain,97101,https://www.sociolla.com/body-lotion-body-serum/68759-let-it-glow-body-serum-summertrain,0,0,0,quota_limit_reached
15517_lavojoy,Ready To Reset Body Wash Flora's Secret Bundle 4,102225,https://www.sociolla.com/body-wash/73883-ready-to-reset-body-wash-flora-s-secret-bundle-4,0,0,0,quota_limit_reached
15517_lavojoy,Hair We Bloom Scalp Scrub Over the Rainbow,102212,https://www.sociolla.com/hair-mask/73870-hair-we-bloom-scalp-scrub-over-the-rainbow,0,0,0,quota_limit_reached
15517_lavojoy,Hand Butter Set (3pcs),107749,https://www.sociolla.com/bath-body-set/79407-hand-butter-set-3pcs,0,0,0,quota_limit_reached
15517_lavojoy,Happy 20 Box Hair We Bloom Shampoo Over The Rainbow 5ml x 20pcs,104414,https://www.sociolla.com/shampoo/76072-happy-20-box-hair-we-bloom-shampoo-over-the-rainbow-5ml-x-20pcs,0,0,0,quota_limit_reached
15517_lavojoy,Let It Glow Body Serum Summertrain Bundle 4,97932,https://www.sociolla.com/body-lotion-body-serum/69590-let-it-glow-body-serum-summertrain-bundle-4,0,0,0,quota_limit_reached
15517_lavojoy,Let It Glow Body Serum Summertrain Bundle 3,97930,https://www.sociolla.com/body-lotion-body-serum/69588-let-it-glow-body-serum-summertrain-bundle-3,0,0,0,quota_limit_reached
15517_lavojoy,Let It Glow Body Serum Summertrain Bundle 2,97928,https://www.sociolla.com/body-lotion-body-serum/69586-let-it-glow-body-serum-summertrain-bundle-2,0,0,0,quota_limit_reached
15413_liese,Creamy Bubble Color Chesnut Brown,89863,https://www.sociolla.com/hair-color/61521-creamy-bubble-color-chesnut-brown,0,0,0,quota_limit_reached
15413_liese,Creamy Bubble Color Milk Tea Brown,89862,https://www.sociolla.com/hair-color/61520-creamy-bubble-color-milk-tea-brown,0,0,0,quota_limit_reached
15648_lembang-soap,Sabun Susu Lembang,104364,https://www.sociolla.com/body-wash/76022-sabun-susu-lembang,0,0,0,quota_limit_reached
15413_liese,Creamy Bubble Color Mint Ash,89866,https://www.sociolla.com/hair-color/61524-creamy-bubble-color-mint-ash,0,0,0,quota_limit_reached
15413_liese,Creamy Bubble Color Dark Chocolat,89864,https://www.sociolla.com/hair-color/61522-creamy-bubble-color-dark-chocolat,0,0,0,quota_limit_reached
15413_liese,Creamy Bubble Color Milky Beige,89865,https://www.sociolla.com/hair-color/61523-creamy-bubble-color-milky-beige,0,0,0,quota_limit_reached
15413_liese,Creamy Bubble Color Midnight Ash,89869,https://www.sociolla.com/hair-color/61527-creamy-bubble-color-midnight-ash,0,0,0,quota_limit_reached
15413_liese,Blaune Creamy Foam Color Rose Brown 3R,89871,https://www.sociolla.com/hair-color/61529-blaune-creamy-foam-color-rose-brown-3r,0,0,0,quota_limit_reached
15413_liese,Creamy Bubble Color Deep Violet,89868,https://www.sociolla.com/hair-color/61526-creamy-bubble-color-deep-violet,0,0,0,quota_limit_reached
15413_liese,Creamy Bubble Color Rose Tea Brown,89861,https://www.sociolla.com/styling-cream-foam-mousse/61519-creamy-bubble-color-rose-tea-brown,0,0,0,quota_limit_reached
15413_liese,Blaune Creamy Foam Color Brown 4,89870,https://www.sociolla.com/hair-color/61528-blaune-creamy-foam-color-brown-4,0,0,0,quota_limit_reached
15413_liese,Blaune Creamy Foam Color Natural Ash Brown 2NA,89872,https://www.sociolla.com/hair-color/61530-blaune-creamy-foam-color-natural-ash-brown-2na,0,0,0,quota_limit_reached
14865_like-im-five,Mild Sunscreen,63847,https://www.sociolla.com/sunscreen/16731-mild-sunscreen,0,0,0,quota_limit_reached
15413_liese,Creamy Bubble Color Berry Pink,89867,https://www.sociolla.com/hair-color/61525-creamy-bubble-color-cool-pink,0,0,0,quota_limit_reached
14865_like-im-five,All Day Soothing Gel Lotion - Pack of 2,84053,https://www.sociolla.com/body-lotion-body-serum/55711-all-day-soothing-gel-lotion-pack-of-2,0,0,0,quota_limit_reached
14865_like-im-five,All Day Soothing Gel Lotion,63851,https://www.sociolla.com/body-lotion-body-serum/16734-all-day-soothing-gel-lotion,0,0,0,quota_limit_reached
14865_like-im-five,Fun Bonding Time Pack,74615,https://www.sociolla.com/bath-body-set/27795-fun-bonding-time-pack,0,0,0,quota_limit_reached
14865_like-im-five,Baby's Hypoallergenic Complete Care,84529,https://www.sociolla.com/body-wash/56187-baby-s-hypoallergenic-complete-care,0,0,0,quota_limit_reached
14865_like-im-five,Clean & Moist Hand,75275,https://www.sociolla.com/gift-set-for-the-family/28455-clean-and-moist-hand,0,0,0,quota_limit_reached
14865_like-im-five,Hand Cream Trio,74614,https://www.sociolla.com/hand-foot-cream/27794-hand-cream-trio,0,0,0,quota_limit_reached
14865_like-im-five,Love U Hand Essence,63849,https://www.sociolla.com/hand-foot-cream/16736-love-u-hand-essence,0,0,0,quota_limit_reached
14865_like-im-five,Wash N' Wipes,75278,https://www.sociolla.com/skin-care-set/28458-wash-n-wipes,0,0,0,quota_limit_reached
14865_like-im-five,Love U Hand Butter,63848,https://www.sociolla.com/hand-foot-cream/16732-love-u-hand-butter,0,0,0,quota_limit_reached
14865_like-im-five,Unicorn Edition Top to Toe Refill FREE Pouch,81533,https://www.sociolla.com/2in1-body-wash-head-to-toe-wash/53191-unicorn-edition-top-to-toe-refill-free-pouch,0,0,0,quota_limit_reached
14865_like-im-five,Unicorn Edition Top to Toe Refill + Tote Bag Set,81130,https://www.sociolla.com/bath-body-set/52788-top-to-toe-refill-free-tote-bag,0,0,0,quota_limit_reached
14865_like-im-five,Pure Bebe Wet Wipes 70s (1+1),81129,https://www.sociolla.com/default-category/52787-pure-bebe-wet-wipes-70s-1-1,0,0,0,quota_limit_reached
15706_lilith-and-eve,Goddess Angel Eau De Parfum,107351,https://www.sociolla.com/eau-de-parfum/79009-goddess-angel-eau-de-parfum,0,0,0,quota_limit_reached
15706_lilith-and-eve,Party Rocks Matte Makeup Setting Spray,107348,https://www.sociolla.com/setting-spray/79006-party-rocks-matte-makeup-setting-spray,0,0,0,quota_limit_reached
15706_lilith-and-eve,Daisy Eau De Parfum,107344,https://www.sociolla.com/eau-de-parfum/79002-daisy-eau-de-parfum,0,0,0,quota_limit_reached
15706_lilith-and-eve,Fallen Angel Eau De Parfum,107350,https://www.sociolla.com/eau-de-parfum/79008-fallen-angel-eau-de-parfum,0,0,0,quota_limit_reached
15706_lilith-and-eve,Dream of Heaven Eau De Parfum,107349,https://www.sociolla.com/eau-de-parfum/79007-dream-of-heaven-eau-de-parfum,0,0,0,quota_limit_reached
15706_lilith-and-eve,Night Demon Eau De Parfum,107353,https://www.sociolla.com/eau-de-parfum/79011-night-demon-eau-de-parfum,0,0,0,quota_limit_reached
15706_lilith-and-eve,Black Opium Eau De Parfum,107345,https://www.sociolla.com/eau-de-parfum/79003-black-opium-eau-de-parfum,0,0,0,quota_limit_reached
15706_lilith-and-eve,Loss of Innocence Extrait De Parfum,107354,https://www.sociolla.com/eau-de-parfum/79012-loss-of-innocence-extrait-de-parfum,0,0,0,quota_limit_reached
15706_lilith-and-eve,Forbidden Fruit Eau De Parfum,107347,https://www.sociolla.com/eau-de-parfum/79005-forbidden-fruit-eau-de-parfum,0,0,0,quota_limit_reached
15706_lilith-and-eve,Garden of Eden Eau De Parfum,107346,https://www.sociolla.com/eau-de-parfum/79004-garden-of-eden-eau-de-parfum,0,0,0,quota_limit_reached
15629_lilybyred,lilybyred Am9 to Pm9 Survival Penliner Natural,102941,https://www.sociolla.com/eyeliner/74599-lilybyred-am9-to-pm9-survival-penliner,0,0,0,quota_limit_reached
15629_lilybyred,lilybyred Luv Beam Cheek Balm,106714,https://www.sociolla.com/blush/78372-lilybyred-luv-beam-cheek-balm,0,0,0,quota_limit_reached
15629_lilybyred,lilybyred Luv Beam Glow Veil,104279,https://www.sociolla.com/highlighter/75937-lilybyred-luv-beam-glow-veil,0,0,0,quota_limit_reached
15629_lilybyred,lilybyred Mood Keyboard,106710,https://www.sociolla.com/eyeshadow/78368-lilybyred-mood-keyboard,0,0,0,quota_limit_reached
15629_lilybyred,lilybyred Mood Liar Velvet Tint,102933,https://www.sociolla.com/lip-tint/74591-lilybyred-mood-liar-velvet-tint,0,0,0,quota_limit_reached
15629_lilybyred,lilybyred Glassy Layer Fixing Tint,102932,https://www.sociolla.com/lip-tint/74590-lilybyred-glassy-layer-fixing-tint,0,0,0,quota_limit_reached
15629_lilybyred,lilybyred Luv Beam Cheek(AD),102937,https://www.sociolla.com/blush/74595-lilybyred-luv-beam-cheek-ad,0,0,0,quota_limit_reached
15629_lilybyred,lilybyred Little Bitty Moment Shadow,104285,https://www.sociolla.com/eyeshadow/75943-lilybyred-little-bitty-moment-shadow,0,0,0,quota_limit_reached
15629_lilybyred,lilybyred Skinny Mes Brow Mascara,104280,https://www.sociolla.com/eyebrows/75938-lilybyred-skinny-mes-brow-mascara,0,0,0,quota_limit_reached
15629_lilybyred,lilybyred Smiley Aegyosal Eyeliner,106715,https://www.sociolla.com/eyeliner/78373-lilybyred-smiley-aegyosal-eyeliner,0,0,0,quota_limit_reached
15629_lilybyred,lilybyred Am9 to Pm9 Infinite Mascara,106713,https://www.sociolla.com/mascara/78371-lilybyred-am9-to-pm9-infinite-mascara,0,0,0,quota_limit_reached
15629_lilybyred,lilybyred Hard Flat Brow Pencil,106712,https://www.sociolla.com/eyebrows/78370-lilybyred-hard-flat-brow-pencil,0,0,0,quota_limit_reached
15629_lilybyred,lilybyred Juicy Liar Water Tint,102935,https://www.sociolla.com/lip-tint/74593-lilybyred-juicy-liar-water-tint,0,0,0,quota_limit_reached
15629_lilybyred,lilybyred Starry Eyes Am9 to Pm9 Gel Eyeliner,102939,https://www.sociolla.com/eyeliner/74597-lilybyred-starry-eyes-am9-to-pm9-gel-eyeliner,0,0,0,quota_limit_reached
15629_lilybyred,lilybyred Am9 to Pm9 Survival Colorcara,102936,https://www.sociolla.com/mascara/74594-lilybyred-am9-to-pm9-survival-colorcara,0,0,0,quota_limit_reached
15629_lilybyred,lilybyred Skinny Mes Brow Pencil,102943,https://www.sociolla.com/eyeshadow/74601-lilybyred-skinny-mes-brow-pencil,0,0,0,quota_limit_reached
15629_lilybyred,lilybyred Bloody Liar Coating Tint,102934,https://www.sociolla.com/lip-tint/74592-lilybyred-bloody-liar-coating-tint,0,0,0,quota_limit_reached
15629_lilybyred,lilybyred Magnet Fit Liquid Concealer,102938,https://www.sociolla.com/concealer/74596-lilybyred-magnet-fit-liquid-concealer,0,0,0,quota_limit_reached
15629_lilybyred,lilybyred Mood it Palette,102942,https://www.sociolla.com/eyeshadow/74600-lilybyred-mood-it-palette,0,0,0,quota_limit_reached
15629_lilybyred,lilybyred Romantic Liar Mousse Tint,104277,https://www.sociolla.com/lip-tint/75935-lilybyred-romantic-liar-mousse-tint,0,0,0,quota_limit_reached
15629_lilybyred,lilybyred Mood Cheat Kit,104273,https://www.sociolla.com/eyeshadow/75931-lilybyred-mood-cheat-kit,0,0,0,quota_limit_reached
15629_lilybyred,2 Pcs Lilybyred Am9 to Pm9 Survival Gel Eyeliner - bebas pilih shade,106108,https://www.sociolla.com/eyeliner/77766-2-pcs-lilybyred-am9-to-pm9-survival-gel-eyeliner-bebas-pilih-shade,0,0,0,quota_limit_reached
15629_lilybyred,2 Pcs Lilybyred Am9 to Pm9 Survival Slim Gel Eyeliner - Matt Brown,106109,https://www.sociolla.com/eyeliner/77767-isi-bundle-2-pcs-lilybyred-am9-to-pm9-survival-slim-gel-eyeliner-matt-brown,0,0,0,quota_limit_reached
15629_lilybyred,Smiley Lip Blending Stick,108018,https://www.sociolla.com/lip-liner/79676-smiley-lip-blending-stick,0,0,0,quota_limit_reached
15629_lilybyred,lilybyred Starry Eyes Am9 to Pm9 Slim Gel Eyeliner,102940,https://www.sociolla.com/eyeliner/74598-lilybyred-starry-eyes-am9-to-pm9-slim-gel-eyeliner,0,0,0,quota_limit_reached
821_liplapin,Lip Scrub Cotton Candy,72502,https://www.sociolla.com/juicy-skin-makeup-look-under-100k/25682-lip-scrub-cotton-candy,0,0,0,quota_limit_reached
821_liplapin,Lip Scrub Marshmallow,72503,https://www.sociolla.com/lip-care/25683-lip-scrub-marshmallow,0,0,0,quota_limit_reached
821_liplapin,Tinted Lip Balm Red Rose,72515,https://www.sociolla.com/lip-balm/25695-tinted-lip-balm-red-rose,0,0,0,quota_limit_reached
821_liplapin,Tinted Lip Balm Cocoa Butter,72518,https://www.sociolla.com/default-category/25698-tinted-lip-balm-cocoa-butter,0,0,0,quota_limit_reached
821_liplapin,Moist Lip Set,84759,https://www.sociolla.com/skincare/56417-moist-lip-ramadhan-set,0,0,0,quota_limit_reached
821_liplapin,Lip Scrub Bubble Gum,72507,https://www.sociolla.com/lip-scrub/25687-lip-scrub-bubble-gum,0,0,0,quota_limit_reached
821_liplapin,Lip Tint Glaze,92633,https://www.sociolla.com/lip-tint/64291-lip-tint-glaze,0,0,0,quota_limit_reached
821_liplapin,Hydrating Strawberry Set,84760,https://www.sociolla.com/skin-care-set/56418-hydrating-strawberry-set,0,0,0,quota_limit_reached
821_liplapin,Lip Scrub Peach,72510,https://www.sociolla.com/lip-care/25690-lip-scrub-peach,0,0,0,quota_limit_reached
821_liplapin,Lip Scrub Green Tea,72505,https://www.sociolla.com/lip-care/25685-lip-scrub-green-tea,0,0,0,quota_limit_reached
821_liplapin,Tinted Lip Balm Strawberry Kiss,72516,https://www.sociolla.com/lip-balm/25696-tinted-lip-balm-strawberry-kiss,0,0,0,quota_limit_reached
821_liplapin,Lip Scrub Strawberry,72504,https://www.sociolla.com/lip-care/25684-lip-scrub-strawberry,0,0,0,quota_limit_reached
14867_looke-cosmetics,Holy Lash Elixir,72972,https://www.sociolla.com/mascara/26152-holy-lash-elixir-hades,0,0,0,quota_limit_reached
14867_looke-cosmetics,Celebrating the new cushion,104872,https://www.sociolla.com/makeup-palettes-set/76530-celebrating-the-new-cushion,0,0,0,quota_limit_reached
125_loreal-paris,Extraordinary Oil Gold,68332,https://www.sociolla.com/hair-oil/10199-extraordinary-oil-gold,0,0,0,quota_limit_reached
14867_looke-cosmetics,Perfect Complexion Kit,87845,https://www.sociolla.com/makeup-palettes-set/59503-perfect-complexion-kit,0,0,0,quota_limit_reached
14867_looke-cosmetics,Simple Complexion Kit,87844,https://www.sociolla.com/default-category/59502-simple-complexion-kit,0,0,0,quota_limit_reached
125_loreal-paris,Infallible Matte Resistance Liquid Lipstick,106626,https://www.sociolla.com/lip-cream/78284-infallible-matte-resistance-liquid-lipstick,0,0,0,quota_limit_reached
125_loreal-paris,Infallible 24H Fresh Wear Powder Foundation,101784,https://www.sociolla.com/cake-foundation/73442-infallible-24h-fresh-wear-powder-foundation,0,0,0,quota_limit_reached
125_loreal-paris,Infallible 32H Matte Cover Foundation,103837,https://www.sociolla.com/foundation/75495-infallible-32h-matte-cover-foundation,0,0,0,quota_limit_reached
125_loreal-paris,Extraordinary Oil Pink Hair Serum,19123,https://www.sociolla.com/hair-serum/8691-extraordinary-oil-pink,0,0,0,quota_limit_reached
125_loreal-paris,Infallible Oil Killer High Coverage Powder,89079,https://www.sociolla.com/pressed-powder/60737-infallible-oil-killer-high-coverage-powder-natural-matte-and-24-jam-oil-control,0,0,0,quota_limit_reached
125_loreal-paris,Volume Lash Paradise,20806,https://www.sociolla.com/mascara/9557-volume-lash-paradise,0,0,0,quota_limit_reached
125_loreal-paris,Glycolic Bright Instant Glowing Face Serum,92170,https://www.sociolla.com/face-serum/63828-glycolic-bright-instant-glowing-face-serum,0,0,0,quota_limit_reached
125_loreal-paris,Total Repair Hair Spa Mask,31672,https://www.sociolla.com/hair-mask/10238-total-repair-hair-spa-mask,0,0,0,quota_limit_reached
125_loreal-paris,UV Defender Serum Protector Bright & Clear SPF50+ / PA++++,84706,https://www.sociolla.com/sunscreen/56364-l-oreal-paris-uv-defender-uv-serum-protector-bright-and-clear-spf50-pa,0,0,0,quota_limit_reached
125_loreal-paris,UV Defender Serum Protector Matte & Fresh SPF50+ / PA++++,84704,https://www.sociolla.com/sunscreen/56362-l-oreal-paris-uv-defender-uv-serum-protector-matte-and-fresh-spf50-pa,0,0,0,quota_limit_reached
125_loreal-paris,Glycolic Bright Peeling Toner,102059,https://www.sociolla.com/toner/73717-glycolic-bright-peeling-toner,0,0,0,quota_limit_reached
125_loreal-paris,Rouge Signature Liquid Matte Lipstick,35210,https://www.sociolla.com/lip-matte/13115-liquid-lipstik-matte-rouge-signature-make-up,0,0,0,quota_limit_reached
125_loreal-paris,UV Defender Serum Protector Invisible Fluid Sunscreen SPF50+ PA++++,97201,https://www.sociolla.com/sunscreen/68859-l-oreal-paris-uv-defender-invisible-fluid-sunscreen-spf50-pa,0,0,0,quota_limit_reached
125_loreal-paris,Total Repair 5 Conditioner,97199,https://www.sociolla.com/conditioner/68857-total-repair-5-conditioner,0,0,0,quota_limit_reached
125_loreal-paris,Glycolic Bright Glowing Night Cream,92169,https://www.sociolla.com/face-cream-lotion/63827-glycolic-bright-glowing-night-cream,0,0,0,quota_limit_reached
125_loreal-paris,Excellence Fashion Ultra Lights Cat Rambut,71984,https://www.sociolla.com/hair-color/25164-excellence-fashion-ultra-lights-cat-rambut,0,0,0,quota_limit_reached
125_loreal-paris,Total Repair 5 Shampoo,71486,https://www.sociolla.com/shampoo/24666-total-repair-5-shampoo,0,0,0,quota_limit_reached
125_loreal-paris,Triple Roller 2.5% Hyaluron + Caffeine Eye Serum,97200,https://www.sociolla.com/eye-care/68858-triple-roller-2-5-hyaluron-caffeine-eye-serum,0,0,0,quota_limit_reached
125_loreal-paris,ELSEVE Hyaluron Moisture Hydra Filling Night Cream,100110,https://www.sociolla.com/leave-in-treatment/71768-elseve-hyaluron-moisture-hydra-filling-night-cream,0,0,0,quota_limit_reached
125_loreal-paris,Rouge Signature Wild Nudes Liquid Matte Lipstick,75279,https://www.sociolla.com/lip-cream/28459-rouge-signature-wild-nudes,0,0,0,quota_limit_reached
125_loreal-paris,Infallible Primer,97022,https://www.sociolla.com/makeup/68680-l-oreal-paris-infallible-primer,0,0,0,quota_limit_reached
125_loreal-paris,Infallible 24H Matte Cover Foundation,83795,https://www.sociolla.com/foundation/55453-l-oreal-paris-infallible-24h-matte-cover-foundation-hasil-natural-and-tahan-lama,0,0,0,quota_limit_reached
125_loreal-paris,Extraordinary Oil Premium Conditioner Sleek,87376,https://www.sociolla.com/conditioner/59034-extraordinary-oil-premium-conditioner-sleek,0,0,0,quota_limit_reached
125_loreal-paris,Extraordinary Oil Steam Mask,91542,https://www.sociolla.com/hair-mask/63200-extraordinary-oil-steam-mask-smooth-deep-nourish,0,0,0,quota_limit_reached
125_loreal-paris,Revitalift Hyaluronic Acid Plumping Cream,86991,https://www.sociolla.com/face-cream-lotion/58649-hyaluronic-acid-day-cream,0,0,0,quota_limit_reached
125_loreal-paris,Extraordinary Oil Premium Shampoo Sleek,87374,https://www.sociolla.com/hair-oil/59032-extraordinary-oil-premium-shampoo-sleek,0,0,0,quota_limit_reached
125_loreal-paris,Glycolic Bright Eye Serum,104831,https://www.sociolla.com/eye-serum/76489-glycolic-bright-eye-serum,0,0,0,quota_limit_reached
125_loreal-paris,Revitalift Hyaluronic Acid Hydrating Gel-Cleanser,86992,https://www.sociolla.com/face-wash/58650-hyaluronic-acid-cleanser,0,0,0,quota_limit_reached
125_loreal-paris,Infallible More Than Concealer Makeup NEW FORMULA,99053,https://www.sociolla.com/concealer/70711-infallible-more-than-concealer-makeup-new-formula,0,0,0,quota_limit_reached
125_loreal-paris,Unbelievabrow Longlasting Brow Gel,83793,https://www.sociolla.com/eyebrows/55451-l-oreal-paris-unbelievabrow-longlasting-brow-gel,0,0,0,quota_limit_reached
125_loreal-paris,Revitalift Crystal Deep Purifying Cleansing Gel,95667,https://www.sociolla.com/cleansing-gel/67325-revitalift-crystal-cleanser,0,0,0,quota_limit_reached
125_loreal-paris,Revitalift 1.5% Hyaluronic Acid Serum,75463,https://www.sociolla.com/face-serum/28646-revitalift-1-5-hyaluronic-acid-serum,0,0,0,quota_limit_reached
125_loreal-paris,Exclusive Eye Make Up Box,90680,https://www.sociolla.com/default-category/62338-exclusive-eye-make-up-box,0,0,0,quota_limit_reached
125_loreal-paris,Revitalift Day Cream SPF 35 / PA ++,21087,https://www.sociolla.com/face-cream-lotion/8047-dex-revitalift-white-day-cream,0,0,0,quota_limit_reached
125_loreal-paris,Excellence Fashion Cat Rambut,71982,https://www.sociolla.com/hair-color/25162-excellence-fashion-cat-rambut,0,0,0,quota_limit_reached
125_loreal-paris,Revitalift Crystal Micro Essence Skin Care,35327,https://www.sociolla.com/essence/13296-revitalift-crystal-micro-essence-skin-care,0,0,0,quota_limit_reached
125_loreal-paris,L'OREAL Aura Perfect Clinical Essence (Vit C Serum / Niacinamide),980,https://www.sociolla.com/face-serum/4236-white-perfect-clinical-derm-white-essence-white-perfect,0,0,0,quota_limit_reached
125_loreal-paris,Revitalift Night Cream Dermalift,2123,https://www.sociolla.com/face-cream-lotion/8044-dex-revitalift-night-cream-dermalift,0,0,0,quota_limit_reached
125_loreal-paris,Revitalift Triple Action Eye Cream,73260,https://www.sociolla.com/eye-cream/26440-revitalift-laser-x3-eye-cream,0,0,0,quota_limit_reached
125_loreal-paris,Revitalift Crystal Micro Essence Treatment Mask,73569,https://www.sociolla.com/sheet-mask/26749-revitalift-crystal-miro-essence-treatment-mask,0,0,0,quota_limit_reached
125_loreal-paris,White Perfect Melanin Vanish Day Cream SPF17,978,https://www.sociolla.com/face-cream-lotion/4233-dermo-expertise-white-perfect-melanin-vanish-day-cream-spf17-50-ml,0,0,0,quota_limit_reached
125_loreal-paris,Elseve Total Repair 5 Rapid Reviver,87378,https://www.sociolla.com/conditioner/59036-elseve-total-repair-5-rapid-reviver,0,0,0,quota_limit_reached
125_loreal-paris,Excellence Bleach,92173,https://www.sociolla.com/hair-color/63831-excellence-bleach,0,0,0,quota_limit_reached
125_loreal-paris,Revitalift Triple Action Day Cream,73261,https://www.sociolla.com/eye-cream/26441-revitalift-laser-x3-day-cream,0,0,0,quota_limit_reached
125_loreal-paris,White Perfect Whip Foam,3975,https://www.sociolla.com/face-wash/5986-white-perfect-whip-foam-100ml,0,0,0,quota_limit_reached
125_loreal-paris,Glycolic Bright Instant Glowing Face Serum Mask,92171,https://www.sociolla.com/mask/63829-glycolic-bright-instant-glowing-face-serum-mask,0,0,0,quota_limit_reached
125_loreal-paris,Aura Perfect Scrub,976,https://www.sociolla.com/scrub-exfoliator/4229-dermo-expertise-white-perfect-scrub-100-ml,0,0,0,quota_limit_reached
125_loreal-paris,ELSEVE Hyaluron Moisture Conditioner,100109,https://www.sociolla.com/conditioner/71767-elseve-hyaluron-moisture-conditioner,0,0,0,quota_limit_reached
125_loreal-paris,ELSEVE Hyaluron Moisture Shampoo,100107,https://www.sociolla.com/shampoo/71765-elseve-hyaluron-moisture-shampoo,0,0,0,quota_limit_reached
125_loreal-paris,Infallible Flash Cat Eye Liner,35218,https://www.sociolla.com/eyeliner/13137-eyeliner-flash-cat-eyes,0,0,0,quota_limit_reached
125_loreal-paris,Chiffon Signature Velvet Soft-Matte Liquid Lipstick,88346,https://www.sociolla.com/lipstick/60004-chiffon-signature-velvet-soft-matte-liquid-lipstick,0,0,0,quota_limit_reached
125_loreal-paris,Revitalift Freshmix Mask,83790,https://www.sociolla.com/sheet-mask/55448-l-oreal-paris-revitalift-freshmix-mask-untuk-kulit-cerah-dan-kenyal-dalam-15-menit-35g,0,0,0,quota_limit_reached
125_loreal-paris,Fall Resist 3x Anti Hair-Fall Shampoo,71485,https://www.sociolla.com/shampoo/24665-fall-resist-3x-anti-hair-fall-shampoo,0,0,0,quota_limit_reached
125_loreal-paris,Brow Artist Xpert,20767,https://www.sociolla.com/brow-pencil/9556-brow-artist-xpert,0,0,0,quota_limit_reached
125_loreal-paris,Aura Perfect Clinical Night Cream,19311,https://www.sociolla.com/face-cream-lotion/8796-white-perfect-clinical-night-cream,0,0,0,quota_limit_reached
125_loreal-paris,White Perfect Whitening & Moisturizing Toner,977,https://www.sociolla.com/toner/4232-white-perfect-whitening-and-moisturizing-toner-200-ml-biru-,0,0,0,quota_limit_reached
125_loreal-paris,Youth Code Boosting Essence,19062,https://www.sociolla.com/essence/8797-youth-code-boosting-essence,0,0,0,quota_limit_reached
826_loreca,Blossom Collection - Peony,72909,https://www.sociolla.com/false-eyelashes/26089-blossom-collection-peony,0,0,0,quota_limit_reached
826_loreca,C Curl 11 mm Double Pack,94198,https://www.sociolla.com/false-eyelashes/65856-c-curl-11-mm-double-pack,0,0,0,quota_limit_reached
826_loreca,Classic Collection - Sunset,72907,https://www.sociolla.com/false-eyelashes/26087-classic-collection-sunset,0,0,0,quota_limit_reached
826_loreca,B Curl 11 mm Double Pack,94196,https://www.sociolla.com/false-eyelashes/65854-b-curl-11-mm-double-pack,0,0,0,quota_limit_reached
826_loreca,Multipack Pixie - 3DLash,71268,https://www.sociolla.com/false-eyelashes/24448-multipack-pixie-3dlash,0,0,0,quota_limit_reached
826_loreca,Penelope  - Classic Collection,71185,https://www.sociolla.com/false-eyelashes/24365-penelope-classic-collection,0,0,0,quota_limit_reached
826_loreca,Extension Effect,79713,https://www.sociolla.com/default-category/51371-extention-effect,0,0,0,quota_limit_reached
826_loreca,Rhea  - Classic Collection,71180,https://www.sociolla.com/false-eyelashes/24360-rhea-classic-collection,0,0,0,quota_limit_reached
826_loreca,Blossom Collection - Jasmine,72908,https://www.sociolla.com/false-eyelashes/26088-blossom-collection-jasmine,0,0,0,quota_limit_reached
826_loreca,B Curl 12 mm Double Pack,94197,https://www.sociolla.com/false-eyelashes/65855-b-curl-12-mm-double-pack,0,0,0,quota_limit_reached
826_loreca,Hera  - Classic Collection,71184,https://www.sociolla.com/default-category/24364-hera-classic-collection,0,0,0,quota_limit_reached
826_loreca,Posh - Faux Mink,71262,https://www.sociolla.com/false-eyelashes/24442-posh-faux-mink,0,0,0,quota_limit_reached
826_loreca,Camellia Blossom Collection 3DLash,71189,https://www.sociolla.com/false-eyelashes/24369-blossom-collection-3dlash,0,0,0,quota_limit_reached
826_loreca,Faux Mink - Midnight,72910,https://www.sociolla.com/false-eyelashes/26090-faux-mink-midnight,0,0,0,quota_limit_reached
826_loreca,Loreca X Astari,71272,https://www.sociolla.com/false-eyelashes/24452-loreca-x-astari,0,0,0,quota_limit_reached
826_loreca,J Curl 14 mm Double Pack,94200,https://www.sociolla.com/false-eyelashes/65858-j-curl-14-mm-double-pack,0,0,0,quota_limit_reached
826_loreca,Lavish - Faux Mink,71263,https://www.sociolla.com/default-category/24443-lavish-faux-mink,0,0,0,quota_limit_reached
826_loreca,Better Than Your Extension - So Real,89573,https://www.sociolla.com/false-eyelashes/61231-better-than-your-extension-so-real,0,0,0,quota_limit_reached
826_loreca,Dwarf  - Classic Collection,71182,https://www.sociolla.com/false-eyelashes/24362-dwarf-classic-collection,0,0,0,quota_limit_reached
826_loreca,Faux Mink - Luxe,72911,https://www.sociolla.com/false-eyelashes/26091-faux-mink-luxe,0,0,0,quota_limit_reached
826_loreca,Delfin  - Classic Collection,71181,https://www.sociolla.com/default-category/24361-delfin-classic-collection,0,0,0,quota_limit_reached
826_loreca,Dandelion Blossom Collection 3DLash,71190,https://www.sociolla.com/false-eyelashes/24370-dandelion-blossom-collection-3dlash,0,0,0,quota_limit_reached
826_loreca,Lily Blossom Collection 3DLash,71192,https://www.sociolla.com/false-eyelashes/24372-lily-blossom-collection-3dlash,0,0,0,quota_limit_reached
826_loreca,C Curl 13 mm Double Pack,94199,https://www.sociolla.com/false-eyelashes/65857-c-curl-13-mm-double-pack,0,0,0,quota_limit_reached
826_loreca,Classic Collection - Sunshine,72906,https://www.sociolla.com/false-eyelashes/26086-classic-collection-sunshine,0,0,0,quota_limit_reached
826_loreca,Eyelash Applicator,72912,https://www.sociolla.com/default-category/26092-eyelash-applicator,0,0,0,quota_limit_reached
826_loreca,Glam rose Blossom Collection 3DLash,71188,https://www.sociolla.com/false-eyelashes/24368-glam-rose-blossom-collection-3dlash,0,0,0,quota_limit_reached
826_loreca,Loreca X Nicole,71269,https://www.sociolla.com/false-eyelashes/24449-loreca-x-nicole,0,0,0,quota_limit_reached
826_loreca,Better Than Your Extension - So Glam,89586,https://www.sociolla.com/false-eyelashes/61244-better-than-your-extension-so-glam,0,0,0,quota_limit_reached
826_loreca,Loreca X Alpha,71271,https://www.sociolla.com/false-eyelashes/24451-loreca-x-alpha,0,0,0,quota_limit_reached
826_loreca,Daily rose Blossom Collection 3DLash,71186,https://www.sociolla.com/false-eyelashes/24366-daily-rose-blossom-collection-3dlash,0,0,0,quota_limit_reached
826_loreca,Party rose Blossom Collection 3DLash,71187,https://www.sociolla.com/false-eyelashes/24367-party-rose-blossom-collection-3dlash,0,0,0,quota_limit_reached
826_loreca,Multipack Glam Rose - 3DLash,71266,https://www.sociolla.com/false-eyelashes/24446-multipack-glam-rose-3dlash,0,0,0,quota_limit_reached
826_loreca,Aletheia - Classic Collection,71179,https://www.sociolla.com/default-category/24359-cassandra-classic-collection,0,0,0,quota_limit_reached
826_loreca,Flirt - Faux Mink,71260,https://www.sociolla.com/false-eyelashes/24440-flirt-faux-mink,0,0,0,quota_limit_reached
826_loreca,Lip Kissed,90788,https://www.sociolla.com/lip-cream/62446-lip-kissed,0,0,0,quota_limit_reached
826_loreca,Multipack Camellia - 3DLash,71267,https://www.sociolla.com/false-eyelashes/24447-multipack-camellia-3dlash,0,0,0,quota_limit_reached
826_loreca,Cassandra  - Classic Collection,71183,https://www.sociolla.com/false-eyelashes/24363-cassandra-classic-collection,0,0,0,quota_limit_reached
826_loreca,Better Than Your Extension - So Pretty,89587,https://www.sociolla.com/false-eyelashes/61245-better-than-your-extension-so-pretty,0,0,0,quota_limit_reached
826_loreca,Addiction Bundle,89881,https://www.sociolla.com/default-category/61539-addiction-bundle,0,0,0,quota_limit_reached
826_loreca,Multipack Daily Rose - 3DLash,71264,https://www.sociolla.com/default-category/24444-multipack-daily-rose-3dlash,0,0,0,quota_limit_reached
826_loreca,Loreca Beginner Set,89882,https://www.sociolla.com/makeup-palettes-set/61540-loreca-bundle-set,0,0,0,quota_limit_reached
826_loreca,LORECA X Hanum Mega Addiction Face Palette,85488,https://www.sociolla.com/default-category/57146-loreca-x-hanum-mega-addiction-face-palette,0,0,0,quota_limit_reached
826_loreca,Better Than Your Extension - So Natural,89585,https://www.sociolla.com/false-eyelashes/61243-better-than-your-extension-so-natural,0,0,0,quota_limit_reached
2193_love-beauty-and-planet,Strong & Radiant Vegan Biotin Anti Hair Fall Shampoo,87497,https://www.sociolla.com/shampoo/59155-strong-and-radiant-vegan-biotin-anti-hair-fall-shampoo,0,0,0,quota_limit_reached
826_loreca,LORECA X Hanum Mega Addiction Eyelash,85489,https://www.sociolla.com/false-eyelashes/57147-loreca-x-hanum-mega-addiction-eyelash,0,0,0,quota_limit_reached
2193_love-beauty-and-planet,Love Beauty and Planet Hand Cream Gift Set,86552,https://www.sociolla.com/default-category/58210-love-beauty-and-planet-hand-cream-gift-set,0,0,0,quota_limit_reached
2193_love-beauty-and-planet,Delicious Glow Murumuru Butter & Rose Body Lotion,36240,https://www.sociolla.com/body-lotion-body-serum/43326-delicious-glow-murumuru-butter-and-rose-body-lotion,0,0,0,quota_limit_reached
2193_love-beauty-and-planet,Face Mask Murumuru,81433,https://www.sociolla.com/sheet-mask/53091-face-mask-murumuru,0,0,0,quota_limit_reached
2193_love-beauty-and-planet,Hope And Repair Coconut Oil & Ylang Ylang Shampoo,36215,https://www.sociolla.com/shampoo/38013-hope-and-repair-coconut-oil-and-ylang-ylang-shampoo,0,0,0,quota_limit_reached
2193_love-beauty-and-planet,Blooming Color Murumuru Butter & Rose Shampoo,36177,https://www.sociolla.com/shampoo/43201-blooming-color-murumuru-butter-and-rose-shampoo,0,0,0,quota_limit_reached
2193_love-beauty-and-planet,Smooth And Serene Argan Oil & Lavender Shampoo,36182,https://www.sociolla.com/shampoo/43189-smooth-and-serene-argan-oil-and-lavender-shampoo,0,0,0,quota_limit_reached
1042_lululun,Blue Face Mask (Deep Moisturizing) 32 sheets - Renewal,99646,https://www.sociolla.com/sheet-mask/71304-blue-face-mask-deep-moisturizing-32-sheets-renewal,0,0,0,quota_limit_reached
1042_lululun,White Face Mask (Brightening) 7 sheets - Renewal,99644,https://www.sociolla.com/sheet-mask/71302-white-face-mask-brightening-7-sheets-renewal,0,0,0,quota_limit_reached
1042_lululun,White Face Mask (Brightening) 32 sheets - Renewal,99647,https://www.sociolla.com/sheet-mask/71305-white-face-mask-brightening-32-sheets-renewal,0,0,0,quota_limit_reached
1042_lululun,Precious White (Brightening & Anti-Aging) 32 sheets - Renewal,99639,https://www.sociolla.com/sheet-mask/71297-precious-white-brightening-and-anti-aging-32-sheets-renewal,0,0,0,quota_limit_reached
15704_luna,Long Lasting Tip Concealer Cover fit SPF34/PA++,107188,https://www.sociolla.com/concealer/78846-long-lasting-tip-concealer-cover-fit-spf34-pa,0,0,0,quota_limit_reached
15704_luna,Long Lasting Conceal wear Cushion SPF50+/PA++++ & Refill,107183,https://www.sociolla.com/cushion/78841-long-lasting-conceal-wear-cushion-spf50-pa-and-refill,0,0,0,quota_limit_reached
15704_luna,Water Pact Clear SPF50+/PA+++,107193,https://www.sociolla.com/cushion/78851-water-pact-clear-spf50-pa,0,0,0,quota_limit_reached
15704_luna,Long Lasting Setting Fixer,107192,https://www.sociolla.com/setting-spray/78850-long-lasting-setting-fixer,0,0,0,quota_limit_reached
15704_luna,Long Lasting Conceal Fixing Cushion SPF50+/PA++++ & Refill,107184,https://www.sociolla.com/cushion/78842-long-lasting-conceal-fixing-cushion-spf50-pa-and-refill,0,0,0,quota_limit_reached
15704_luna,Long-Lasting Foundation SPF35/PA++,107194,https://www.sociolla.com/foundation/78852-long-lasting-foundation-spf35-pa,0,0,0,quota_limit_reached
15704_luna,Base Layering Formula Velvet layer,107185,https://www.sociolla.com/face-primer/78843-base-layering-formula-velvet-layer,0,0,0,quota_limit_reached
15704_luna,Base Layering Formula Fitting layer,107187,https://www.sociolla.com/face-primer/78845-base-layering-formula-fitting-layer,0,0,0,quota_limit_reached
15704_luna,Fixer Powder Pact SPF36/PA+++,107191,https://www.sociolla.com/pressed-powder/78849-fixer-powder-pact-spf36-pa,0,0,0,quota_limit_reached
15704_luna,Long Lasting Water Pact OR SPF50+/PA+++ & Refill,107182,https://www.sociolla.com/cushion/78840-long-lasting-water-pact-or-spf50-pa-and-refill,0,0,0,quota_limit_reached
15704_luna,Long Lasting Tip Concealer Big SPF34/PA++,107190,https://www.sociolla.com/concealer/78848-long-lasting-tip-concealer-big-spf34-pa,0,0,0,quota_limit_reached
15704_luna,Long Lasting Tip Concealer Fixing fit SPF34/PA++,107189,https://www.sociolla.com/concealer/78847-long-lasting-tip-concealer-fixing-fit-spf34-pa,0,0,0,quota_limit_reached
15704_luna,Base Layering Formula SPF50+/PA++++ Peach layer,107186,https://www.sociolla.com/face-primer/78844-base-layering-formula-spf50-pa-peach-layer,0,0,0,quota_limit_reached
15691_lunesse,Skin Booster Sleeping Mask,106800,https://www.sociolla.com/sleeping-mask/78458-skin-booster-sleeping-mask,0,0,0,quota_limit_reached
15691_lunesse,Active Cleanser Face Wash,106801,https://www.sociolla.com/face-wash/78459-active-cleanser-face-wash,0,0,0,quota_limit_reached
15691_lunesse,24H Moisture Skin Balancer Cream,106799,https://www.sociolla.com/acne-treatment-sealing-gel-cream/78457-24h-moisture-skin-balancer-cream,0,0,0,quota_limit_reached
15691_lunesse,Hand Shield Antibacterial Spray,106803,https://www.sociolla.com/hand-sanitizer/78461-hand-shield-antibacterial-spray,0,0,0,quota_limit_reached
15691_lunesse,Daily Essential Sunscreen,106802,https://www.sociolla.com/sunscreen/78460-daily-essential-sunscreen,0,0,0,quota_limit_reached
15691_lunesse,Watery Overnight Lip Sleeping Mask,106798,https://www.sociolla.com/lip-mask/78456-watery-overnight-lip-sleeping-mask,0,0,0,quota_limit_reached
15691_lunesse,CicaCalm Toning Essence Pads,108736,https://www.sociolla.com/toner/80394-cicacalm-toning-essence-pads,0,0,0,quota_limit_reached
300_mad-for-makeup,Unbelipable Dew Tinted 6hr Lip Moisturizer,73222,https://www.sociolla.com/lip-tint/26402-unbelievable-dew-tinted-6hr-lip-moisturizer,0,0,0,quota_limit_reached
15691_lunesse,Cera-Glow Toning Essence Pads,108735,https://www.sociolla.com/toner/80393-cera-glow-toning-essence-pads,0,0,0,quota_limit_reached
300_mad-for-makeup,Be BT21 Blendable Eye Palette,92729,https://www.sociolla.com/eyeshadow/64387-be-bt21-blendable-eye-palette,0,0,0,quota_limit_reached
300_mad-for-makeup,SPOTLESS+ Acne Concealer,105409,https://www.sociolla.com/concealer/77067-spotless-acne-concealer,0,0,0,quota_limit_reached
300_mad-for-makeup,BT21 Mad Blendie,92713,https://www.sociolla.com/mad-for-makeup-bt21/64371-bt21-mad-blendie,0,0,0,quota_limit_reached
300_mad-for-makeup,BT21 Rose + French Clay Mask – Pores Filter,92721,https://www.sociolla.com/clay-mask/64379-bt21-rose-french-clay-mask-pores-filter,0,0,0,quota_limit_reached
300_mad-for-makeup,AcneKind - Barrier Pro Gentle Acne Toner + Essence,88704,https://www.sociolla.com/toner/60362-acnekind-barrier-pro-gentle-acne-toner-essence,0,0,0,quota_limit_reached
300_mad-for-makeup,The Kinder Way Kit,88913,https://www.sociolla.com/default-category/60571-the-kinder-way-kit,0,0,0,quota_limit_reached
300_mad-for-makeup,BT21 Mad Mirror,92715,https://www.sociolla.com/mirror/64373-bt21-mad-mirror,0,0,0,quota_limit_reached
300_mad-for-makeup,MAD FOR MAKEUP BT21 Spotless Second Skin Serum Concealer,93270,https://www.sociolla.com/concealer/64928-bt21-spotless-second-skin-serum-concealer,0,0,0,quota_limit_reached
300_mad-for-makeup,21st Century Lip Juicy Serum Tint,92708,https://www.sociolla.com/lip-tint/64366-21st-century-lip-juicy-serum-tint,0,0,0,quota_limit_reached
300_mad-for-makeup,BT21 Yogurt + White Tea Clay Mask – Ugh Acne,92724,https://www.sociolla.com/clay-mask/64382-bt21-yogurt-white-tea-clay-mask-ugh-acne,0,0,0,quota_limit_reached
300_mad-for-makeup,Juicy All Day No-Stick Lip Serum + Vit. C,99549,https://www.sociolla.com/lip-balm/71207-juicy-all-day-no-stick-lip-serum-vit-c,0,0,0,quota_limit_reached
300_mad-for-makeup,Bon Cabe x Mad 8Hr Power Plush Non Drying Lip Velvet,103855,https://www.sociolla.com/lip-cream/75513-bon-cabe-x-mad-8hr-power-plush-non-drying-lip-velvet,0,0,0,quota_limit_reached
300_mad-for-makeup,Better Oval Brush - Highlight & Contour,2446,https://www.sociolla.com/default-category/8434-better-oval-brush-highlight-and-contour,0,0,0,quota_limit_reached
300_mad-for-makeup,OUR Super Empuk Flawless Blender,83502,https://www.sociolla.com/sponge-applicators/55160-our-super-empuk-flawless-blender,0,0,0,quota_limit_reached
300_mad-for-makeup,3in1 Pore Clarifying Treatment Essence+,71519,https://www.sociolla.com/essence/24699-3in1-pore-clarifying-treatment-essence,0,0,0,quota_limit_reached
300_mad-for-makeup,Go Go Fresh 7in1 Booster Water Essence,92727,https://www.sociolla.com/essence/64385-go-go-fresh-7in1-booster-water-essence,0,0,0,quota_limit_reached
300_mad-for-makeup,"OUR ""Roll the Stress Away"" Quartz Roller",83504,https://www.sociolla.com/facial-tools/55162-our-roll-the-stress-away-quartz-roller,0,0,0,quota_limit_reached
300_mad-for-makeup,Incredibrow Brow Enhancer,33951,https://www.sociolla.com/eyebrows/10969-incredibrow-brow-enhancer,0,0,0,quota_limit_reached
300_mad-for-makeup,Kimchi Coolagen Cream Moisturizer,99550,https://www.sociolla.com/face-cream-lotion/71208-kimchi-coolagen-cream-moisturizer,0,0,0,quota_limit_reached
300_mad-for-makeup,Byemish - Acne Blemish Serum (Stable Vit. C),99552,https://www.sociolla.com/face-serum/71210-byemish-acne-blemish-serum-stable-vit-c,0,0,0,quota_limit_reached
300_mad-for-makeup,Byemish - Acne Spot Serum (Retinol CC 1%),99551,https://www.sociolla.com/face-serum/71209-byemish-acne-spot-serum-retinol-cc-1,0,0,0,quota_limit_reached
300_mad-for-makeup,Growcara Clumpfree Fiber Serum Mascara + Biotine & Peptide,80620,https://www.sociolla.com/mascara/52278-growcara,0,0,0,quota_limit_reached
300_mad-for-makeup,Naturally Better Blender,19701,https://www.sociolla.com/default-category/9132-naturally-better-blender,0,0,0,quota_limit_reached
300_mad-for-makeup,Star Hydrocolloid Pimple Patch,70813,https://www.sociolla.com/acne-blemish-treatments/23993-star-hydrocolloid-pimple-patch,0,0,0,quota_limit_reached
300_mad-for-makeup,Deep Water Face & Light Makeup Gel Cleanser,91663,https://www.sociolla.com/makeup-remover/63321-deep-water-face-and-light-makeup-gel-cleanser,0,0,0,quota_limit_reached
242_makarizo,Advisor Vitamax,74977,https://www.sociolla.com/hair-serum/28157-advisor-vitamax,0,0,0,quota_limit_reached
300_mad-for-makeup,OT x Mad Serum Infused Papalette,90238,https://www.sociolla.com/eyeshadow/61896-ot-x-mad-serum-infused-papalette,0,0,0,quota_limit_reached
300_mad-for-makeup,Bloom All Day Hydrating Gel Blush + Serum,83659,https://www.sociolla.com/blush/55317-bloom-all-day-hydrating-gel-blush-serum,0,0,0,quota_limit_reached
300_mad-for-makeup,Purify Acne/ Blackhead Serum Gel Moisturizer,87642,https://www.sociolla.com/face-serum/59300-purify-acne-blackhead-serum-gel-moisturizer,0,0,0,quota_limit_reached
242_makarizo,Hair Energy Scentsations Hair Fragrance,74974,https://www.sociolla.com/hair-mist/28154-hair-energy-scentsations-hair-fragrance,0,0,0,quota_limit_reached
242_makarizo,Hair Energy Fibertherapy Hair & Scalp Creambath Aloe & Melon,74965,https://www.sociolla.com/hair-lotion/28145-hair-energy-fibertherapy-hair-and-scalp-creambath-aloe-and-melon,0,0,0,quota_limit_reached
242_makarizo,Advisor Hair & Scalp Tonic,74976,https://www.sociolla.com/hair-tonic/28156-advisor-hair-and-scalp-tonic,0,0,0,quota_limit_reached
242_makarizo,Hair Energy Fibertherapy Hair & Scalp Creambath Kiwi,74966,https://www.sociolla.com/hair-mask/28146-hair-energy-fibertherapy-hair-and-scalp-creambath-kiwi,0,0,0,quota_limit_reached
242_makarizo,Hair Energy Fibertherapy Hair & Scalp Creambath Royal Jelly,74968,https://www.sociolla.com/hair-lotion/28148-hair-energy-fibertherapy-hair-and-scalp-creambath-royal-jelly,0,0,0,quota_limit_reached
242_makarizo,Hair Energy Fibertherapy Conditioning Shampoo Olive Bottle,74973,https://www.sociolla.com/shampoo/28153-hair-energy-fibertherapy-conditioning-shampoo-olive-bottle,0,0,0,quota_limit_reached
242_makarizo,T1 Pure Care System Micellar Shampoo Bottle,105305,https://www.sociolla.com/shampoo/76963-t1-pure-care-system-micellar-shampoo-bottle,0,0,0,quota_limit_reached
242_makarizo,Hair Energy Fibertherapy Conditioning Shampoo Aloe & Melon Bottle,74970,https://www.sociolla.com/shampoo/28150-hair-energy-fibertherapy-conditioning-shampoo-aloe-and-melon-bottle,0,0,0,quota_limit_reached
242_makarizo,Vitacaps Hair Vitamin Long & Strong,74981,https://www.sociolla.com/hair-vitamin/28161-vitacaps-hair-vitamin-long-and-strong,0,0,0,quota_limit_reached
242_makarizo,T1 Pure Care System Micellar Conditioner Bottle,105306,https://www.sociolla.com/conditioner/76964-t1-pure-care-system-micellar-conditioner-bottle,0,0,0,quota_limit_reached
242_makarizo,Advisor Anti Frizz & Detangling Care Spray,74978,https://www.sociolla.com/leave-in-treatment/28158-advisor-anti-frizz-and-detangling-care-spray,0,0,0,quota_limit_reached
242_makarizo,Hair Energy Fibertherapy Conditioning Shampoo Kiwi Bottle,74971,https://www.sociolla.com/shampoo/28151-hair-energy-fibertherapy-conditioning-shampoo-kiwi-bottle,0,0,0,quota_limit_reached
242_makarizo,Hair Energy Easy Straight DIY 2-Step Permanent Hair Straightening Kit,74975,https://www.sociolla.com/styling-cream-foam-mousse/28155-hair-energy-easy-straight-diy-2-step-permanent-hair-straightening-kit,0,0,0,quota_limit_reached
242_makarizo,Hair Energy Fibertherapy Hair & Scalp Creambath Olive,74969,https://www.sociolla.com/hair-mask/28149-hair-energy-fibertherapy-hair-and-scalp-creambath-olive,0,0,0,quota_limit_reached
242_makarizo,T1 Intensive Care System Equalizer Shampoo,105303,https://www.sociolla.com/shampoo/76961-t1-intensive-care-system-equalizer-shampoo,0,0,0,quota_limit_reached
242_makarizo,Hair Energy Fibertherapy Conditioning Shampoo Royal Jelly Bottle,74972,https://www.sociolla.com/shampoo/28152-hair-energy-fibertherapy-conditioning-shampoo-royal-jelly-bottle,0,0,0,quota_limit_reached
242_makarizo,Hair Energy Fibertherapy Hair & Scalp Creambath Ginseng Extract,105302,https://www.sociolla.com/hair-mask/76960-hair-energy-fibertherapy-hair-and-scalp-creambath-ginseng-extract,0,0,0,quota_limit_reached
242_makarizo,Vitacaps Hair Vitamin Cashmere Smooth,74980,https://www.sociolla.com/hair-vitamin/28160-vitacaps-hair-vitamin-cashmere-smooth,0,0,0,quota_limit_reached
242_makarizo,T1 Intensive Care System Equalizer Conditioner,105304,https://www.sociolla.com/conditioner/76962-t1-intensive-care-system-equalizer-conditioner,0,0,0,quota_limit_reached
242_makarizo,Vitacaps Prismatic Shine & Color Reflect,74979,https://www.sociolla.com/hair-vitamin/28159-vitacaps-prismatic-shine-and-color-reflect,0,0,0,quota_limit_reached
938_makarizo-professional,Barber Daily 2 in 1 Hair Tonic Bottle,75008,https://www.sociolla.com/hair-tonic/28188-barber-daily-2-in-1-hair-tonic-bottle,0,0,0,quota_limit_reached
938_makarizo-professional,Salon Daily Redensifying Hair Tonic Spray Bottle,75001,https://www.sociolla.com/hair-tonic/28181-salon-daily-redensifying-hair-tonic-spray-bottle,0,0,0,quota_limit_reached
938_makarizo-professional,Texture Experience Creambath Black Chocolate Deeply Moisturizing Treatment,74982,https://www.sociolla.com/hair-mask/28162-texture-experience-creambath-black-chocolate-deeply-moisturizing-treatment,0,0,0,quota_limit_reached
938_makarizo-professional,Texture Experience Creambath Strawberry Yoghurt Softening & Shine-Boosting Treatment,74985,https://www.sociolla.com/hair-mask/28165-texture-experience-creambath-strawberry-yoghurt-softening-and-shine-boosting-treatment,0,0,0,quota_limit_reached
938_makarizo-professional,Texture Experience Conditioner Black Chocolate,74992,https://www.sociolla.com/conditioner/28172-texture-experience-conditioner-black-chocolate,0,0,0,quota_limit_reached
938_makarizo-professional,Texture Experience Shampoo Strawberry Yoghurt,74990,https://www.sociolla.com/default-category/28170-texture-experience-shampoo-strawberry-yoghurt,0,0,0,quota_limit_reached
938_makarizo-professional,Texture Experience Conditioner Strawbery Yoghurt,74995,https://www.sociolla.com/conditioner/28175-texture-experience-conditioner-strawbery-yoghurt,0,0,0,quota_limit_reached
938_makarizo-professional,Salon Daily Creambath Pro Pot,74999,https://www.sociolla.com/hair-mask/28179-salon-daily-creambath-pro-pot,0,0,0,quota_limit_reached
938_makarizo-professional,Texture Experience Shampoo + Conditioner Black Chocolate,76676,https://www.sociolla.com/default-category/48334-texture-experience-shampoo-conditioner-black-chocolate,0,0,0,quota_limit_reached
938_makarizo-professional,Texture Experience Shampoo Mint Sorbet,74989,https://www.sociolla.com/default-category/28169-texture-experience-shampoo-mint-sorbet,0,0,0,quota_limit_reached
938_makarizo-professional,Texture Experience Shampoo Black Chocolate,74987,https://www.sociolla.com/default-category/28167-texture-experience-shampoo-black-chocolate,0,0,0,quota_limit_reached
938_makarizo-professional,Honey Dew Nutriv Serum Dusset,75002,https://www.sociolla.com/hair-serum/28182-honey-dew-nutriv-serum-dusset,0,0,0,quota_limit_reached
938_makarizo-professional,Texture Experience Massage & Nourishing Body Oil Green Tea,76695,https://www.sociolla.com/body-oil/48353-texture-experience-massage-and-nourishing-body-oil-green-tea,0,0,0,quota_limit_reached
938_makarizo-professional,Texture Experience Youth Regenerating Body Scrub Green Tea,76694,https://www.sociolla.com/body-scrub-exfoliants/48352-texture-experience-youth-regenerating-body-scrub-green-tea,0,0,0,quota_limit_reached
938_makarizo-professional,Salon Daily Texturizing Mousse,105300,https://www.sociolla.com/styling-cream-foam-mousse/76958-salon-daily-texturizing-mousse,0,0,0,quota_limit_reached
938_makarizo-professional,Texture Experience Creambath Mint Sorbet Purifying & Refreshing Treatment,74984,https://www.sociolla.com/hair-mask/28164-texture-experience-creambath-mint-sorbet-purifying-and-refreshing-treatment,0,0,0,quota_limit_reached
938_makarizo-professional,Barber Daily Strong Compound Pomade Jar,75006,https://www.sociolla.com/wax-gel-pomade/28186-barber-daily-strong-compound-pomade-jar,0,0,0,quota_limit_reached
938_makarizo-professional,Salon Daily Professional Conditioner Pump Bottle,74997,https://www.sociolla.com/conditioner/28177-salon-daily-professional-conditioner-pump-bottle,0,0,0,quota_limit_reached
938_makarizo-professional,Texture Experience Creambath Green Tea Butter Intensive Repair Treatment,74983,https://www.sociolla.com/hair-mask/28163-texture-experience-creambath-green-tea-butter-intensive-repair-treatment,0,0,0,quota_limit_reached
938_makarizo-professional,Salon Daily Hair Mask Pot,75000,https://www.sociolla.com/hair-mask/28180-salon-daily-hair-mask-pot,0,0,0,quota_limit_reached
938_makarizo-professional,Salon Daily Professional Shampoo Pump Bottle,74998,https://www.sociolla.com/default-category/28178-salon-daily-professional-shampoo-pump-bottle,0,0,0,quota_limit_reached
938_makarizo-professional,Texture Experience Shampoo Vanilla Milk,74991,https://www.sociolla.com/shampoo/28171-texture-experience-shampoo-vanilla-milk,0,0,0,quota_limit_reached
938_makarizo-professional,Texture Experience Conditioner Mint Sorbet,74994,https://www.sociolla.com/conditioner/28174-texture-experience-conditioner-mint-sorbet,0,0,0,quota_limit_reached
938_makarizo-professional,Texture Experience Shampoo Green Tea Butter,74988,https://www.sociolla.com/shampoo/28168-texture-experience-shampoo-green-tea-butter,0,0,0,quota_limit_reached
938_makarizo-professional,Salon Daily Hair Spray Strong Hold,105301,https://www.sociolla.com/hair-spray/76959-salon-daily-hair-spray-strong-hold,0,0,0,quota_limit_reached
938_makarizo-professional,Honey Dew Repair Mask Dusset,75003,https://www.sociolla.com/hair-mask/28183-honey-dew-repair-mask-dusset,0,0,0,quota_limit_reached
938_makarizo-professional,Barber Daily Medium Compound Pomade Jar,75005,https://www.sociolla.com/wax-gel-pomade/28185-barber-daily-medium-compound-pomade-jar,0,0,0,quota_limit_reached
938_makarizo-professional,Barber Daily Wet Look Styling Gel Jar,75007,https://www.sociolla.com/wax-gel-pomade/28187-barber-daily-wet-look-styling-gel-jar,0,0,0,quota_limit_reached
938_makarizo-professional,Honey Dew Restructuring Serum,75004,https://www.sociolla.com/hair-serum/28184-honey-dew-restructuring-serum,0,0,0,quota_limit_reached
938_makarizo-professional,Texture Experience Creambath Vanilla Milk Intensely Nourishing Treatment,74986,https://www.sociolla.com/default-category/28166-texture-experience-creambath-vanilla-milk-intensely-nourishing-treatment,0,0,0,quota_limit_reached
938_makarizo-professional,Texture Experience Conditioner Vanilla Milk,74996,https://www.sociolla.com/conditioner/28176-texture-experience-conditioner-vanilla-milk,0,0,0,quota_limit_reached
938_makarizo-professional,Texture Experience Shampoo + Conditioner Mint Sorbet,76678,https://www.sociolla.com/default-category/48336-texture-experience-shampoo-conditioner-mint-sorbet,0,0,0,quota_limit_reached
938_makarizo-professional,Texture Experience Shampoo + Conditioner Strawberry Yoghurt,76679,https://www.sociolla.com/default-category/48337-texture-experience-shampoo-conditioner-strawberry-yoghurt,0,0,0,quota_limit_reached
938_makarizo-professional,Texture Experience Conditioner Green Tea Butter,74993,https://www.sociolla.com/conditioner/28173-texture-experience-conditioner-green-tea-butter,0,0,0,quota_limit_reached
938_makarizo-professional,Texture Experience Shampoo + Conditioner Green Tea,76677,https://www.sociolla.com/default-category/48335-texture-experience-shampoo-conditioner-green-tea,0,0,0,quota_limit_reached
1261_make-over,Color Stick Gloss Crayon,68621,https://www.sociolla.com/lip-crayon/12906-color-stick-gloss-crayon,0,0,0,quota_limit_reached
1261_make-over,Powerstay Transferproof Matte Lip cream,63842,https://www.sociolla.com/lip-cream/16703-powerstay-transferproof-matte-lip-cream,0,0,0,quota_limit_reached
1261_make-over,Intense Matte Lip Cream,1145,https://www.sociolla.com/lip-cream/4738-intense-matte-lip-cream,0,0,0,quota_limit_reached
1261_make-over,Hydrastay Lite Glow Cushion,82409,https://www.sociolla.com/cushion/54067-hydrastay-lite-glow-cushion,0,0,0,quota_limit_reached
1261_make-over,Color Stick Matte Crayon,33846,https://www.sociolla.com/lip-crayon/10840-color-stick-matte-crayon,0,0,0,quota_limit_reached
1261_make-over,Silky Smooth Translucent Powder,430,https://www.sociolla.com/loose-powder/2609-silky-smooth-translucent-powder,0,0,0,quota_limit_reached
1261_make-over,Hydrastay Liquid Tint Blush,86603,https://www.sociolla.com/blush/58261-hydrastay-liquid-tint-blush,0,0,0,quota_limit_reached
1261_make-over,Perfect Cover Two Way Cake 12gr,346,https://www.sociolla.com/pressed-powder/2316-perfect-cover-two-way-cake-12gr,0,0,0,quota_limit_reached
1261_make-over,Hydrastay Glow Fluid Foundation,86604,https://www.sociolla.com/liquid-foundation/58262-hydrastay-glow-fluid-foundation,0,0,0,quota_limit_reached
1261_make-over,Powerstay Total Cover Matte Cream Foundation,63841,https://www.sociolla.com/foundation/16704-powerstay-total-cover-matte-cream-foundation,0,0,0,quota_limit_reached
1261_make-over,Powerstay Eye Palette,35335,https://www.sociolla.com/eyeshadow/13315-powerstay-eye-palette,0,0,0,quota_limit_reached
1261_make-over,Hyperblack Superstay Liner,19614,https://www.sociolla.com/eyeliner/9116-hyperblack-superstay-liner,0,0,0,quota_limit_reached
1261_make-over,Hydrastay Smooth Lip Whip,84405,https://www.sociolla.com/default-category/56063-hydrastay-smooth-lip-whip,0,0,0,quota_limit_reached
1261_make-over,Blush on Single,68035,https://www.sociolla.com/blush/2306-blush-on-single,0,0,0,quota_limit_reached
1261_make-over,Precision Liquid Liner,33847,https://www.sociolla.com/eyeliner/10841-precision-liquid-liner-,0,0,0,quota_limit_reached
1261_make-over,Trivia Eye Shadow,68461,https://www.sociolla.com/eyeshadow/2218-trivia-eye-shadow,0,0,0,quota_limit_reached
1261_make-over,Brow Styler Eye Definer,19613,https://www.sociolla.com/brow-pencil/9115-brow-styler-eye-definer,0,0,0,quota_limit_reached
1261_make-over,Powerstay Brow Definer Mascara,35682,https://www.sociolla.com/default-category/13882-powerstay-brow-definer-mascara,0,0,0,quota_limit_reached
1261_make-over,Ultra Cover Liquid Matte Foundation,68036,https://www.sociolla.com/liquid-foundation/2321-ultra-cover-liquid-matte-foundation,0,0,0,quota_limit_reached
1261_make-over,Camouflage Cream Face Concealer,68027,https://www.sociolla.com/concealer/2308-camouflage-cream-face-concealer,0,0,0,quota_limit_reached
1261_make-over,Perfect Cover Two Way Cake Refill,33492,https://www.sociolla.com/pressed-powder/10688-perfect-cover-two-way-cake-refill,0,0,0,quota_limit_reached
1261_make-over,Powerskin Radiant Tinted Moisturizer,34730,https://www.sociolla.com/tinted-moisturizer/12133-powerskin-radiant-tinted-moisturizer,0,0,0,quota_limit_reached
1261_make-over,Eye Shadow Palette 10gr,1572,https://www.sociolla.com/eyeshadow/7132-eye-shadow-palette-10gr,0,0,0,quota_limit_reached
1261_make-over,Color Hypnose Creamy Lipmatte,77896,https://www.sociolla.com/lipstick/49554-color-hypnose-creamy-lipmatte,0,0,0,quota_limit_reached
1261_make-over,Powerstay Mattifying Transparent Powder,21889,https://www.sociolla.com/loose-powder/9708-powerstay-mattifying-transparent-powder,0,0,0,quota_limit_reached
1261_make-over,Powerstay 24H Weightless Liquid Foundation,103126,https://www.sociolla.com/foundation/74784-powerstay-24h-weightless-liquid-foundation,0,0,0,quota_limit_reached
1261_make-over,Face Contour Kit,7751,https://www.sociolla.com/default-category/2473-face-contour-kit,0,0,0,quota_limit_reached
1261_make-over,Powerskin Liquid Glow Moisturizer,34731,https://www.sociolla.com/face-cream-lotion/12134-liquid-glow-moisturizer,0,0,0,quota_limit_reached
1261_make-over,Riche Glow Face Highlighter,20899,https://www.sociolla.com/highlighter/9652-riche-glow-face-highlighter,0,0,0,quota_limit_reached
1261_make-over,Powerskin Water Charge Moisturizer,34742,https://www.sociolla.com/default-category/12188-powerskin-water-charge-moisturizer,0,0,0,quota_limit_reached
1261_make-over,Cheek Marbles,30448,https://www.sociolla.com/blush/4038-cheek-marbles,0,0,0,quota_limit_reached
1261_make-over,Liquid Eyeliner 1.7 ml,343,https://www.sociolla.com/eyeliner/2312-liquid-eyeliner-17-ml,0,0,0,quota_limit_reached
1261_make-over,Refill Powerstay Demi-Matte Cover Cushion,63427,https://www.sociolla.com/foundation/16137-refill-powerstay-demi-matte-cover-cushion,0,0,0,quota_limit_reached
1261_make-over,Lip balm Nutrition,963,https://www.sociolla.com/lip-balm/4039-lip-balm-nutrition,0,0,0,quota_limit_reached
1261_make-over,Powerstay Color Correcting Primer,34461,https://sociolla.com/face-primer/12904-powerstay-color-correcting-primer.html,0,0,0,quota_limit_reached
1261_make-over,All Purpose Sanitizer,72345,https://www.sociolla.com/sanitizer/25525-all-purpose-sanitizer,0,0,0,quota_limit_reached
1261_make-over,Ultra Hi-Matte Lipstick,338,https://www.sociolla.com/lipstick/2304-ultra-hi-matte-lipstick,0,0,0,quota_limit_reached
1261_make-over,Powerstay Ultra Glow Highlighter,34463,https://sociolla.com/highlighter/12905-powerstay-ultra-glow-highlighter.html,0,0,0,quota_limit_reached
1261_make-over,[LIMITED EDITION] Make Over Glassy Lip Lacquer X Hian Tjen - Lipstik Lip Gloss Make Up,90729,https://www.sociolla.com/lip-gloss/62387-limited-edition-make-over-glassy-lip-lacquer-x-hian-tjen-lipstik-lip-gloss-make-up,0,0,0,quota_limit_reached
1261_make-over,Sparkling Powder,33484,https://www.sociolla.com/eyeshadow/10684-sparkling-powder,0,0,0,quota_limit_reached
908_make-p-rem,UV Defense Me. Daily Sun Fluid SPF 50+ PA++++,87277,https://www.sociolla.com/sunscreen/58935-make-p-rem-uv-defense-me-daily-sun-fluid,0,0,0,quota_limit_reached
1261_make-over,Powerstay Precision Liquid Liner,35683,https://sociolla.com/eyeliner/13883-powerstay-precision-liquid-liner.html,0,0,0,quota_limit_reached
908_make-p-rem,Safe me. Relief Watery Cream,104460,https://www.sociolla.com/face-cream-lotion/76118-safe-me-relief-watery-cream,0,0,0,quota_limit_reached
908_make-p-rem,Safe me. Relief Moisture Mask 15,74397,https://www.sociolla.com/sheet-mask/27577-safe-me-relief-moisture-mask-15,0,0,0,quota_limit_reached
908_make-p-rem,UV Defense Me. Calming Sun Cream SPF 50+ PA++++,87278,https://www.sociolla.com/sunscreen/58936-make-p-rem-uv-defense-me-calming-sun-cream,0,0,0,quota_limit_reached
908_make-p-rem,Safe me. Relief moisture cleansing foam,74414,https://www.sociolla.com/face-wash/27594-safe-me-relief-moisture-cleansing-foam,0,0,0,quota_limit_reached
908_make-p-rem,Safe Me. Relief Moisture Cleansing Oil,85154,https://www.sociolla.com/cleansing-oil/56812-safe-me-relief-moisture-cleansing-oil,0,0,0,quota_limit_reached
908_make-p-rem,Safe me. Relief moisture green ampoule,74424,https://www.sociolla.com/ampoule/27604-safe-me-relief-moisture-green-ampoule,0,0,0,quota_limit_reached
908_make-p-rem,Safe me. Relief moisture cream 12,74425,https://www.sociolla.com/face-cream-lotion/27605-safe-me-relief-moisture-cream-12,0,0,0,quota_limit_reached
908_make-p-rem,Safe me. Relief Watery Ampoule,104461,https://www.sociolla.com/ampoule/76119-safe-me-relief-watery-ampoule,0,0,0,quota_limit_reached
908_make-p-rem,Safe me. Relief essence toner,74423,https://www.sociolla.com/toner/27603-safe-me-relief-moisture-toner,0,0,0,quota_limit_reached
908_make-p-rem,UV defense me. Daily sun essence,97411,https://www.sociolla.com/sunscreen/69069-uv-defense-me-daily-sun-essence,0,0,0,quota_limit_reached
908_make-p-rem,Healthy Skin Essentials for Oily Skin,108074,https://www.sociolla.com/skin-care-set/79732-healthy-skin-essentials-for-oily-skin,0,0,0,quota_limit_reached
908_make-p-rem,Complete Safe Me Range Bundle,85636,https://www.sociolla.com/face-cream-lotion/57294-complete-safe-me-range-bundle,0,0,0,quota_limit_reached
908_make-p-rem,Healthy Skin Essentials for Dry Skin,108076,https://www.sociolla.com/skin-care-set/79734-healthy-skin-essentials-for-dry-skin,0,0,0,quota_limit_reached
908_make-p-rem,Comfort me. Barrier Hole Mask,74452,https://www.sociolla.com/sheet-mask/27632-comfort-me-barrier-hole-mask,0,0,0,quota_limit_reached
908_make-p-rem,Safe me. Relief green cleansing water,74413,https://www.sociolla.com/micellar-water/27593-safe-me-relief-green-cleansing-water,0,0,0,quota_limit_reached
908_make-p-rem,Comfort me. Firming Hole Mask,74454,https://www.sociolla.com/sheet-mask/27634-comfort-me-firming-hole-mask,0,0,0,quota_limit_reached
1385_mama-butter,Hand Cream Orange,95917,https://www.sociolla.com/hand-foot-cream/67575-hand-cream-orange,0,0,0,quota_limit_reached
908_make-p-rem,Comfort me. Brightening Hole Mask,74453,https://www.sociolla.com/sheet-mask/27633-comfort-me-brightening-hole-mask,0,0,0,quota_limit_reached
1385_mama-butter,Hand Cream Fragrance Free,95916,https://www.sociolla.com/hand-foot-cream/67574-hand-cream,0,0,0,quota_limit_reached
1385_mama-butter,Face & Body Cream Fragrance Free,95905,https://www.sociolla.com/body-butter-cream/67563-face-and-body-cream,0,0,0,quota_limit_reached
1385_mama-butter,Body Lotion Fragrance Free,95918,https://www.sociolla.com/body-lotion-body-serum/67576-body-lotion,0,0,0,quota_limit_reached
1385_mama-butter,Body Lotion Orange,95919,https://www.sociolla.com/body-lotion-body-serum/67577-body-lotion-orange,0,0,0,quota_limit_reached
1385_mama-butter,Face & Body Oil Cream Fragrance Free,95907,https://www.sociolla.com/body-butter-cream/67565-face-and-body-oil-cream,0,0,0,quota_limit_reached
1385_mama-butter,Face & Body Cream Orange,95906,https://www.sociolla.com/body-butter-cream/67564-face-and-body-cream-orange,0,0,0,quota_limit_reached
1385_mama-butter,Face & Body Oil Cream Orange,95908,https://www.sociolla.com/body-butter-cream/67566-face-and-body-oil-cream-orange,0,0,0,quota_limit_reached
1385_mama-butter,Lip Treatment Fragrance Free,95909,https://www.sociolla.com/lip-balm/67567-lip-treatment,0,0,0,quota_limit_reached
127_masami,Matcha Blending Sponge,35805,https://www.sociolla.com/sponge-applicators/14058-matcha-blending-sponge,0,0,0,quota_limit_reached
127_masami,Exfloliator Puff,33242,https://www.sociolla.com/default-category/9641-exfloliator-puff,0,0,0,quota_limit_reached
127_masami,Puppy Brush Set 6 Pcs,1148,https://www.sociolla.com/default-category/4748-puppy-brush-set-6-pcs,0,0,0,quota_limit_reached
127_masami,2P Konjac Sponge - Gentle Sensitive (2 pcs),83304,https://www.sociolla.com/facial-tools/54962-konjac-sponge-gentle-sensitive,0,0,0,quota_limit_reached
127_masami,Loose Powder Case 10g,34092,https://www.sociolla.com/travel-bottles-makeup-case/11260-loose-powder-case-10g,0,0,0,quota_limit_reached
127_masami,105 Large Angled Contour Brush,1304,https://www.sociolla.com/accessories/5947-105-large-angled-contour-brush,0,0,0,quota_limit_reached
127_masami,3P Basic Face Kit Rosie Edition,1886,https://sociolla.com/brush-set/7722-3p-basic-face-kit-rosie-edition.html,0,0,0,quota_limit_reached
127_masami,110 S Tapered Blending Brush,1874,https://www.sociolla.com/accessories/7707-110-s-tapered-blending-brush,0,0,0,quota_limit_reached
127_masami,201 Large Angled Shading Brush,89252,https://www.sociolla.com/eye-brushes/60910-201-large-angled-shading-brush,0,0,0,quota_limit_reached
127_masami,308 Small Angled Brush,80604,https://www.sociolla.com/default-category/52262-308-small-angled-brush,0,0,0,quota_limit_reached
127_masami,108 Powder/Blush Brush,1300,https://www.sociolla.com/face-brushes/5943-108-powder-blush-brush,0,0,0,quota_limit_reached
127_masami,Coffee Latex Free Blending Sponge,89261,https://www.sociolla.com/sponge-applicators/60919-coffee-latex-free-blending-sponge,0,0,0,quota_limit_reached
127_masami,Sculpt Blender,19567,https://www.sociolla.com/default-category/9028-sculpt-blender,0,0,0,quota_limit_reached
127_masami,Red Bean Blending Sponge,35803,https://www.sociolla.com/sponge-applicators/14056-red-bean-blending-sponge,0,0,0,quota_limit_reached
127_masami,Breathable Sponge Pouch,80600,https://www.sociolla.com/makeup-pouch/52258-breathable-sponge-pouch,0,0,0,quota_limit_reached
127_masami,2P Konjac Sponge - Deep Cleansing (2pcs),83303,https://www.sociolla.com/facial/54961-konjac-sponge-deep-cleansing,0,0,0,quota_limit_reached
127_masami,Black Sesame Blending Sponge,35804,https://www.sociolla.com/sponge-applicators/14057-black-sesame-blending-sponge,0,0,0,quota_limit_reached
127_masami,Beauty Blender Holder,34095,https://www.sociolla.com/default-category/11262-beauty-blender-holder,0,0,0,quota_limit_reached
127_masami,219 Tapered Blending Brush,80598,https://www.sociolla.com/default-category/52256-219-tapered-blending-brush,0,0,0,quota_limit_reached
127_masami,220 Tapered Blending Brush,80596,https://www.sociolla.com/default-category/52254-220-tapered-blending-brush,0,0,0,quota_limit_reached
127_masami,Cleaning Puff Cellulose (80MM),80601,https://www.sociolla.com/cotton-pad/52259-cleaning-puff-cellulose-80mm,0,0,0,quota_limit_reached
127_masami,321 Sculpting Brush,1871,https://www.sociolla.com/accessories/7704-321-sculpting-brush,0,0,0,quota_limit_reached
127_masami,325 Flat Foundation Brush,89255,https://www.sociolla.com/default-category/60913-325-flat-foundation-brush,0,0,0,quota_limit_reached
127_masami,314 Brow/Lash Brush,1869,https://www.sociolla.com/accessories/7702-314-brow-lash-brush,0,0,0,quota_limit_reached
127_masami,324 Angled Brow Brush,89254,https://www.sociolla.com/eye-brushes/60912-324-angled-brow-brush,0,0,0,quota_limit_reached
127_masami,203 S Angled Shading Brush,89253,https://www.sociolla.com/face-brushes/60911-203-s-angled-shading-brush,0,0,0,quota_limit_reached
127_masami,204 L Fluff Brush,381,https://www.sociolla.com/default-category/2402-204-l-fluff-brush,0,0,0,quota_limit_reached
127_masami,Diamond Brush Cleansing Mat Black MR-56982,89256,https://www.sociolla.com/default-category/60914-diamond-brush-cleansing-mat-black-mr-56982,0,0,0,quota_limit_reached
127_masami,112 Angled Shading Brush,1876,https://www.sociolla.com/default-category/7709-112-angled-shading-brush,0,0,0,quota_limit_reached
127_masami,203 S Angled Shading,90,https://www.sociolla.com/default-category/1015-203-s-angled-shading,0,0,0,quota_limit_reached
127_masami,Automatic Lip Brush pen,2463,https://sociolla.com/lip-brush/8475-automatic-lip-brush-pn.html,0,0,0,quota_limit_reached
127_masami,212 Pencil Brush,80595,https://www.sociolla.com/default-category/52253-212-pencil-brush,0,0,0,quota_limit_reached
127_masami,329 Round Fan Brush,89251,https://www.sociolla.com/face-brushes/60909-329-round-fan-brush,0,0,0,quota_limit_reached
127_masami,109 Buffing Brush,1873,https://www.sociolla.com/accessories/7706-109-buffing-brush,0,0,0,quota_limit_reached
127_masami,Pop & Slide Foundation Brush,89260,https://www.sociolla.com/face-brushes/60918-pop-and-slide-foundation-brush,0,0,0,quota_limit_reached
127_masami,210 Small Blending Brush,80597,https://www.sociolla.com/default-category/52255-210-small-blending-brush,0,0,0,quota_limit_reached
127_masami,115 Tapered Powder Brush,89259,https://www.sociolla.com/face-brushes/60917-115-tapered-powder-brush,0,0,0,quota_limit_reached
127_masami,8P Sponge Wedges Nude SBR,89262,https://www.sociolla.com/sponge-applicators/60920-8p-sponge-wedges-nude-sbr,0,0,0,quota_limit_reached
127_masami,Mini Retractable Powder Brush,24369,https://www.sociolla.com/accessories/9955-mini-retractable-powder-brush,0,0,0,quota_limit_reached
127_masami,Eyelash Curler + Refill,99,https://www.sociolla.com/eyelash-curler/1026-eyelash-curler-refill,0,0,0,quota_limit_reached
127_masami,Loveskin BB Cushion,83111,https://www.sociolla.com/cake-foundation/54769-loveskin-bb-cushion,0,0,0,quota_limit_reached
127_masami,Triangle Ultra Soft Cotton Puff,34128,https://www.sociolla.com/sponge-applicators/11324-velvet-shield-pizza-puff,0,0,0,quota_limit_reached
127_masami,Small Angled Brush,687,https://www.sociolla.com/makeup/3436-small-angled-brush,0,0,0,quota_limit_reached
127_masami,5P Sparkling Brush Kit,80603,https://www.sociolla.com/default-category/52261-5p-sparkling-brush-kit,0,0,0,quota_limit_reached
127_masami,Gentle Sensitive Konjac,1436,https://www.sociolla.com/sponge-applicators/6764-gentle-sensitive-konjac,0,0,0,quota_limit_reached
127_masami,2P Celluose Cleansing Sponge,68057,https://www.sociolla.com/sponge-applicators/2409-2p-celluose-cleansing-sponge,0,0,0,quota_limit_reached
127_masami,Sakura Mochi Latex Free Blending Sponge,89258,https://www.sociolla.com/sponge-applicators/60916-sakura-mochi-latex-free-blending-sponge,0,0,0,quota_limit_reached
127_masami,316 Sponge Eyeshadow Brush + Refill 4 Pieces,1870,https://www.sociolla.com/accessories/7703-316-sponge-eyeshadow-brush-refill-4-pieces,0,0,0,quota_limit_reached
127_masami,Mask Brush,94,https://www.sociolla.com/default-category/1020-mask-brush,0,0,0,quota_limit_reached
127_masami,5P Refill Classic Eyelash Curler,80599,https://www.sociolla.com/default-category/52257-5p-refill-classic-eyelash-curler,0,0,0,quota_limit_reached
127_masami,Galaxy Brush Set,89263,https://www.sociolla.com/default-category/60921-galaxy-brush-set,0,0,0,quota_limit_reached
127_masami,Matcha Cleansing Sponge,80602,https://www.sociolla.com/brush-cleanser-tools/52260-matcha-cleansing-sponge,0,0,0,quota_limit_reached
127_masami,302 Foundation Brush,1305,https://www.sociolla.com/accessories/5948-302-foundation-brush,0,0,0,quota_limit_reached
127_masami,Precision brow sculptor,80591,https://www.sociolla.com/eyebrows/52249-precision-brow-sculptor,0,0,0,quota_limit_reached
127_masami,Mascara/Brow Brush,686,https://www.sociolla.com/makeup/3434-mascara-brow-brush,0,0,0,quota_limit_reached
127_masami,213 S Shader Brush,1297,https://www.sociolla.com/default-category/5939-213-s-shader-brush,0,0,0,quota_limit_reached
127_masami,307 Flat Definer Brush,1299,https://www.sociolla.com/face-brushes/5941-307-flat-definer-brush,0,0,0,quota_limit_reached
127_masami,Brush Guard,68040,https://www.sociolla.com/accessories/2431-brush-guard,0,0,0,quota_limit_reached
127_masami,M Dome Brush,91,https://www.sociolla.com/accessories/1017-m-dome-brush,0,0,0,quota_limit_reached
711_maska,Aqua Blue hydrogel Patch,36924,https://www.sociolla.com/eye-mask/15465-aqua-blue-hydrogel-patch,0,0,0,quota_limit_reached
711_maska,Lightening hydrogel patch,36923,https://www.sociolla.com/default-category/15464-lightening-hydrogel-patch,0,0,0,quota_limit_reached
711_maska,Soothing Ageless hydrogel patch,36925,https://www.sociolla.com/eye-mask/15466-soothing-ageless-hydrogel-patch,0,0,0,quota_limit_reached
711_maska,Nutrient  hydrogel patch,36922,https://www.sociolla.com/eye-mask/15463-nutrient-hydrogel-patch,0,0,0,quota_limit_reached
711_maska,Cheerful bestie,106807,https://www.sociolla.com/default-category/78465-cheerful-bestie,0,0,0,quota_limit_reached
711_maska,Glow Up bestie,106806,https://www.sociolla.com/default-category/78464-glow-up-bestie,0,0,0,quota_limit_reached
711_maska,Rush Hour,98010,https://www.sociolla.com/default-category/69668-rush-hour,0,0,0,quota_limit_reached
711_maska,Chill Honey,98007,https://www.sociolla.com/face-serum/69665-chill-honey,0,0,0,quota_limit_reached
711_maska,Skin Cuddle,98012,https://www.sociolla.com/default-category/69670-skin-cuddle,0,0,0,quota_limit_reached
128_maybelline,Superstay Vinyl Ink Tint,97191,https://www.sociolla.com/lip-tint/68849-superstay-vinyl-ink-tint,0,0,0,quota_limit_reached
128_maybelline,Lash Sensational Sky High Mascara,92395,https://www.sociolla.com/mascara/64053-maybelline-lash-sensational-sky-high-mascara,0,0,0,quota_limit_reached
128_maybelline,Superstay Matte Ink Un-Nude Liquid Lipstick,24931,https://www.sociolla.com/lip-cream/9980-superstay-matte-ink-un-nude-liquid-lipstick,0,0,0,quota_limit_reached
128_maybelline,Tattoo Liner 48H Liquid Pen,105696,https://www.sociolla.com/eyeliner/77354-tattoo-liner-48h-liquid-pen,0,0,0,quota_limit_reached
128_maybelline,Fit Me Matte and Poreless Liquid Foundation,36445,https://www.sociolla.com/foundation/14889-new-fit-me-matte-poreless-foundation-with-pump,0,0,0,quota_limit_reached
128_maybelline,Fit Me Fresh Tint,99931,https://www.sociolla.com/tinted-moisturizer/71589-fit-me-tint,0,0,0,quota_limit_reached
128_maybelline,Lip Lifter Gloss,96861,https://www.sociolla.com/lip-gloss/68519-lip-lifter-gloss,0,0,0,quota_limit_reached
128_maybelline,Superstay Matte Ink,19740,https://www.sociolla.com/lip-cream/9555-superstay-matte-ink,0,0,0,quota_limit_reached
128_maybelline,Volum Express Hyper Curl Mascara,1984,https://www.sociolla.com/mascara/7865-volum-express-hyper-curl-mascara,0,0,0,quota_limit_reached
128_maybelline,Line Tattoo Crayon Liner,95657,https://www.sociolla.com/eyeliner/67315-line-tattoo-crayon-liner,0,0,0,quota_limit_reached
128_maybelline,Lip & Eye Make Up Remover,1986,https://www.sociolla.com/makeup-remover/7868-remover-lip-and-eye-make-up,0,0,0,quota_limit_reached
128_maybelline,Fit Me Matte & Poreless Compact Powder,77079,https://www.sociolla.com/pressed-powder/48737-fit-me-matte-and-poreless-compact-powder,0,0,0,quota_limit_reached
128_maybelline,Hypersharp Extreme Eyeliner,95605,https://www.sociolla.com/eyeliner/67263-maybelline-hypersharp-extreme-eyeliner,0,0,0,quota_limit_reached
128_maybelline,Define and Blend Eyes Make Up,96860,https://www.sociolla.com/eyebrows/68518-define-and-blend-eyes-make-up,0,0,0,quota_limit_reached
128_maybelline,Fit Me Matte and Poreless Cushion,89118,https://www.sociolla.com/cushion/60776-fit-me-matte-and-poreless-cushion,0,0,0,quota_limit_reached
128_maybelline,Magnum Big Shot Mascara,1882,https://www.sociolla.com/mascara/7717-mascara-magnum-big-shot,0,0,0,quota_limit_reached
128_maybelline,Volum Express The Colossal Waterproof Mascara,63080,https://www.sociolla.com/mascara/43280-volum-express-the-colossal-waterproof-mascara,0,0,0,quota_limit_reached
128_maybelline,The Falsies Lash Lift,74500,https://www.sociolla.com/mascara/27680-the-falsies-lash-lift,0,0,0,quota_limit_reached
128_maybelline,Fit Me Matte and Poreless Setting Spray,92396,https://www.sociolla.com/setting-spray/64054-maybelline-fit-me-matte-and-poreless-setting-spray,0,0,0,quota_limit_reached
128_maybelline,Fit Me Matte and Poreless Primer,88276,https://www.sociolla.com/face-primer/59934-fit-me-matte-and-poreless-primer,0,0,0,quota_limit_reached
128_maybelline,Baby Skin Pore Eraser Foundation,1883,https://www.sociolla.com/face-primer/7719-baby-skin-pore-smoother-foundation,0,0,0,quota_limit_reached
128_maybelline,Color Sensational Creamy Matte,96862,https://www.sociolla.com/lipstick/68520-color-sensational-creamy-matte,0,0,0,quota_limit_reached
128_maybelline,Tattoo Brow 36H Pencil,95659,https://www.sociolla.com/brow-pencil/67317-tattoo-brow-36h-pencil,0,0,0,quota_limit_reached
128_maybelline,Fit Me Blush New Formula,98560,https://www.sociolla.com/blush/70218-fit-me-blush-new-formula,0,0,0,quota_limit_reached
128_maybelline,Fit Me Matte and Poreless 24HR Oil Control Powder Foundation,87483,https://www.sociolla.com/cake-foundation/59141-maybelline-fit-me-matte-and-poreless-24hr-oil-control-powder-foundation-full-coverage-and-tahan-lama,0,0,0,quota_limit_reached
128_maybelline,Vinyl Ink Tint + Colossal Mascara FREE Concealer,107172,https://www.sociolla.com/makeup/78830-vinyl-ink-tint-colossal-mascara-free-concealer,0,0,0,quota_limit_reached
128_maybelline,Tattoo Liner + Lash Lift FREE Eyelash Curler,107170,https://www.sociolla.com/makeup/78828-tattoo-liner-lash-lift-free-eyelash-curler,0,0,0,quota_limit_reached
128_maybelline,Fit Me Loose Powder,20765,https://www.sociolla.com/loose-powder/9553-fit-me-loose-powder,0,0,0,quota_limit_reached
128_maybelline,Tattoo Brow 3 Day Styling Gel,97190,https://www.sociolla.com/eyebrows/68848-tattoo-brow-3-day-styling-gel,0,0,0,quota_limit_reached
128_maybelline,Twinpack The Falsie Lash Lift FREE Eyelash Curler,103901,https://www.sociolla.com/mascara/75559-twinpack-the-falsie-lash-lift-free-eyelash-curler,0,0,0,quota_limit_reached
128_maybelline,Fit Me Fresh Tint + Superstay Matte Ink FREE Micellar,107174,https://www.sociolla.com/makeup/78832-fit-me-fresh-tint-superstay-matte-ink-free-micellar,0,0,0,quota_limit_reached
128_maybelline,Twinpack Fit Me Foundation FREE Remover,103898,https://www.sociolla.com/foundation/75556-twinpack-fit-me-foundation-free-remover,0,0,0,quota_limit_reached
128_maybelline,Twinpack Superstay Matte Ink Un-Nude FREE Remover,103904,https://www.sociolla.com/lip-matte/75562-twinpack-superstay-matte-ink-un-nude-free-remover,0,0,0,quota_limit_reached
128_maybelline,Twinpack Volum Express The Colossal FREE Eyelash Curler,103902,https://www.sociolla.com/mascara/75560-twinpack-volum-express-the-colossal-free-eyelash-curler,0,0,0,quota_limit_reached
128_maybelline,Twinpack Superstay Matte Ink,100246,https://www.sociolla.com/lip-cream/71904-twinpack-superstay-matte-ink,0,0,0,quota_limit_reached
128_maybelline,Twinpack Hypersharp FREE Remover,103899,https://www.sociolla.com/eyeliner/75557-twinpack-hypersharp-free-remover,0,0,0,quota_limit_reached
128_maybelline,Twinpack Superstay Matte Ink Pink Edition FREE Remover,103903,https://www.sociolla.com/lip-matte/75561-twinpack-superstay-matte-ink-pink-edition-free-remover,0,0,0,quota_limit_reached
235_mediheal,BUY 2 GET 1 MEDIHEAL MADECASSOSIDE ESSENTIAL MASK,101693,https://www.sociolla.com/sheet-mask/73351-buy-2-get-1-mediheal-madecassoside-essential-mask,0,0,0,quota_limit_reached
235_mediheal,Madecassoside Essential Mask,96175,https://www.sociolla.com/sheet-mask/67833-madecassoside-essential-mask,0,0,0,quota_limit_reached
128_maybelline,Twinpack Line Tattoo Crayon Liner FREE Remover,103900,https://www.sociolla.com/eyeliner/75558-twinpack-line-tattoo-crayon-liner-free-remover,0,0,0,quota_limit_reached
128_maybelline,Color Sensational Creamy Matte,86105,https://www.sociolla.com/lipstick/57763-color-sensational-creamy-matte,0,0,0,quota_limit_reached
235_mediheal,Best Sellers - Advanced Set,103611,https://www.sociolla.com/skin-care-set/75269-best-sellers-advanced-set,0,0,0,quota_limit_reached
235_mediheal,Best Sellers - Basic Set,103610,https://www.sociolla.com/skin-care-set/75268-best-sellers-basic-set,0,0,0,quota_limit_reached
235_mediheal,Brightening Care,103607,https://www.sociolla.com/skin-care-set/75265-brightening-care,0,0,0,quota_limit_reached
235_mediheal,Kiwi Apple Vita Mask,94180,https://www.sociolla.com/sheet-mask/65838-kiwi-apple-vita-mask,0,0,0,quota_limit_reached
235_mediheal,BUY 2 GET 1 MEDIHEAL THE E.G.T NOURISHING AMPOULE MASK,101690,https://www.sociolla.com/sheet-mask/73348-buy-2-get-1-mediheal-the-e-g-t-nourishing-ampoule-mask,0,0,0,quota_limit_reached
235_mediheal,THE H.P.A Glowing Ampoule Mask,19730,https://www.sociolla.com/sheet-mask/9199-hdp-pore-stamping-black-mask-ex,0,0,0,quota_limit_reached
235_mediheal,BUY 2 GET 1 MEDIHEAL THE H.P.A GLOWING AMPOULE MASK,101691,https://www.sociolla.com/sheet-mask/73349-buy-2-get-1-mediheal-the-h-p-a-glowing-ampoule-mask,0,0,0,quota_limit_reached
235_mediheal,P:EP Proatin Mask,35048,https://www.sociolla.com/sheet-mask/12831-p-ep-proatin-mask,0,0,0,quota_limit_reached
235_mediheal,E.G.T Nourishing Ampoule Mask,96177,https://www.sociolla.com/sheet-mask/67835-e-g-t-nourishing-ampoule-mask,0,0,0,quota_limit_reached
235_mediheal,D:NA Proatin Mask,34579,https://www.sociolla.com/sheet-mask/11975-d-na-proatin-mask,0,0,0,quota_limit_reached
235_mediheal,Hydration Care,103608,https://www.sociolla.com/skin-care-set/75266-hydration-care,0,0,0,quota_limit_reached
235_mediheal,Mediheal Aloe Vera Hydrogel (95%),33984,https://www.sociolla.com/face-gel/11038-mediheal-aloe-vera-hydrogel-92,0,0,0,quota_limit_reached
235_mediheal,Vita Essential Mask,20770,https://www.sociolla.com/sheet-mask/3966-vita-lightbeam-essential-mask,0,0,0,quota_limit_reached
235_mediheal,BUY 2 GET 1 MEDIHEAL VITA ESSENTIAL MASK,101696,https://www.sociolla.com/sheet-mask/73354-buy-2-get-1-mediheal-vita-essential-mask,0,0,0,quota_limit_reached
235_mediheal,Watermide Essential Mask,96180,https://www.sociolla.com/sheet-mask/67838-watermide-essential-mask,0,0,0,quota_limit_reached
235_mediheal,BUY 2 GET 1 WATERMIDE ESSENTIAL MASK,101697,https://www.sociolla.com/sheet-mask/73355-buy-2-get-1-watermide-essential-mask,0,0,0,quota_limit_reached
235_mediheal,BUY 2 GET 1 MEDIHEAL COLLAGEN ESSENTIAL MASK,101689,https://www.sociolla.com/sheet-mask/73347-buy-2-get-1-mediheal-collagen-essential-mask,0,0,0,quota_limit_reached
235_mediheal,THE I.P.I Brightening Ampoule Mask,19576,https://www.sociolla.com/sheet-mask/9037-ipi-lightmax-ampoule-mask-ex,0,0,0,quota_limit_reached
235_mediheal,BUY 2 GET 1 MEDIHEAL THE I.P.I BRIGHTENING AMPOULE MASK,101692,https://www.sociolla.com/sheet-mask/73350-buy-2-get-1-mediheal-the-i-p-i-brightening-ampoule-mask,0,0,0,quota_limit_reached
235_mediheal,MEDIHEAL Collagen Nude Gel Mask,100001,https://www.sociolla.com/sheet-mask/71659-mediheal-teatree-nude-gel-mask,0,0,0,quota_limit_reached
235_mediheal,Teatree Essential Mask,19578,https://www.sociolla.com/sheet-mask/9039-teatree-care-solution-essential-mask-ex,0,0,0,quota_limit_reached
235_mediheal,MEDIHEAL Teatree Nude Gel Mask,100000,https://www.sociolla.com/sheet-mask/71658-mediheal-teatree-nude-gel-mask,0,0,0,quota_limit_reached
235_mediheal,Collagen Essential Mask,19728,https://www.sociolla.com/sheet-mask/9197-collagen-impact-essential-mask-ex,0,0,0,quota_limit_reached
235_mediheal,BUY 2 GET 1 MEDIHEAL THE N.M.F AMPOULE MASK,101694,https://www.sociolla.com/sheet-mask/73352-buy-2-get-1-mediheal-the-n-m-f-ampoule-mask,0,0,0,quota_limit_reached
235_mediheal,Lemonlime Vita Ade Mask,63901,https://www.sociolla.com/sheet-mask/16800-lemonlime-vita-ade-mask,0,0,0,quota_limit_reached
235_mediheal,THE N.M.F Ampoule Mask,19577,https://www.sociolla.com/sheet-mask/9038-nmf-aquaring-ampoule-mask-ex,0,0,0,quota_limit_reached
235_mediheal,Gentle Natural Booster Set of 5,98759,https://www.sociolla.com/sheet-mask/70417-gentle-natural-booster-set-of-5,0,0,0,quota_limit_reached
235_mediheal,Anti-aging & Pore Care,103609,https://www.sociolla.com/skin-care-set/75267-anti-aging-and-pore-care,0,0,0,quota_limit_reached
235_mediheal,Set of 5 Collagen Essential (Skin Firming),98757,https://www.sociolla.com/sheet-mask/70415-set-of-5-collagen-essential-skin-firming,0,0,0,quota_limit_reached
235_mediheal,BUY 2 GET 1 MEDIHEAL TEATREE ESSENTIAL MASK,101695,https://www.sociolla.com/sheet-mask/73353-buy-2-get-1-mediheal-teatree-essential-mask,0,0,0,quota_limit_reached
235_mediheal,Oily & Acne-Prone Mask Have (10 pcs),98772,https://www.sociolla.com/sheet-mask/70430-oily-and-acne-prone-mask-have-10-pcs,0,0,0,quota_limit_reached
235_mediheal,Double Revitalizing Care - Nourish & Firm,98746,https://www.sociolla.com/sheet-mask/70404-double-revitalizing-care-nourish-and-firm,0,0,0,quota_limit_reached
235_mediheal,Set of 5 IPI Ampoule (Brightening),98755,https://www.sociolla.com/sheet-mask/70413-set-of-5-ipi-ampoule-brightening,0,0,0,quota_limit_reached
235_mediheal,Clinical Ampoule Booster set of 5,98766,https://www.sociolla.com/sheet-mask/70424-clinical-ampoule-booster-set-of-5,0,0,0,quota_limit_reached
235_mediheal,Set of 5 NMF Ampoule for (Moisturizing),98754,https://www.sociolla.com/sheet-mask/70412-set-of-5-nmf-ampoule-for-moisturizing,0,0,0,quota_limit_reached
235_mediheal,Set of 5 Teatree Essential (Acne Care),98753,https://www.sociolla.com/sheet-mask/70411-set-of-5-teatree-essential-acne-care,0,0,0,quota_limit_reached
235_mediheal,Double Pore Care - Exfoliate & Tighten,98748,https://www.sociolla.com/sheet-mask/70406-double-pore-care-exfoliate-and-tighten,0,0,0,quota_limit_reached
235_mediheal,Double Moisture Care - Hydrate & Plump,98744,https://www.sociolla.com/sheet-mask/70402-double-moisture-care-hydrate-and-plump,0,0,0,quota_limit_reached
235_mediheal,Double Acne Care - Treat & Soothe,98741,https://www.sociolla.com/sheet-mask/70399-double-acne-care-treat-and-soothe,0,0,0,quota_limit_reached
235_mediheal,Milk Brightening Cream,105406,https://www.sociolla.com/face-cream-lotion/77064-milk-brightening-cream,0,0,0,quota_limit_reached
235_mediheal,Milk Brightening Toner,105403,https://www.sociolla.com/toner/77061-milk-brightening-toner,0,0,0,quota_limit_reached
235_mediheal,Mediheal Aloe Vera Hydrogel (95%) Duo Pack,69331,https://www.sociolla.com/sheet-mask/13887-mediheal-aloe-vera-hydrogel-92-duo-pack,0,0,0,quota_limit_reached
235_mediheal,Acne Care,103606,https://www.sociolla.com/skin-care-set/75264-acne-care,0,0,0,quota_limit_reached
235_mediheal,Milk Brightening Serum,105404,https://www.sociolla.com/face-serum/77062-milk-brightening-serum,0,0,0,quota_limit_reached
235_mediheal,Hydra Soothing Mask,72952,https://www.sociolla.com/sheet-mask/26132-hydra-soothing-mask,0,0,0,quota_limit_reached
235_mediheal,APE Proatin Mask,31152,https://www.sociolla.com/sheet-mask/10184-ape-proatin-mask,0,0,0,quota_limit_reached
235_mediheal,Pure Calming Mask,72951,https://www.sociolla.com/sheet-mask/26131-pure-calming-mask,0,0,0,quota_limit_reached
823_megrhythm,Masker Mata Steam Eye Mask Box - 5 pcs,71480,https://www.sociolla.com/eye-mask/24660-masker-mata-steam-eye-mask-box-5-pcs,0,0,0,quota_limit_reached
235_mediheal,Acaiberry Vita Ade Mask,63906,https://www.sociolla.com/sheet-mask/16802-acaiberry-vita-ade-mask,0,0,0,quota_limit_reached
823_megrhythm,Good Night Steam Patch Lavender 5Pcs,91353,https://www.sociolla.com/default-category/63011-good-night-steam-patch-lavender-5p,0,0,0,quota_limit_reached
823_megrhythm,Steam Eye Mask Neroli 5pcs,105376,https://www.sociolla.com/eye-mask/77034-steam-eye-mask-neroli-5pcs,0,0,0,quota_limit_reached
823_megrhythm,MegRhythm Steam Eye Mask Sakura 5pcs,103797,https://www.sociolla.com/eye-mask/75455-megrhythm-steam-eye-mask-sakura-5pcs,0,0,0,quota_limit_reached
823_megrhythm,Masker Mata Steam Eye Mask Sachet,71482,https://www.sociolla.com/eye-mask/24662-masker-mata-steam-eye-mask-sachet,0,0,0,quota_limit_reached
15682_memoir,Sixty Nine (69),106289,https://www.sociolla.com/eau-de-parfum/77947-sixty-nine-69,0,0,0,quota_limit_reached
15682_memoir,Let's Freaking Go (LFG),106288,https://www.sociolla.com/eau-de-parfum/77946-let-s-freaking-go-lfg,0,0,0,quota_limit_reached
15723_mercredi,"BASE & BLEND Flawless Finish Makeup Sponge Claire (Teardrop-Cut Shape, Bigger Size)",108472,https://www.sociolla.com/sponge-applicators/80130-base-and-blend-flawless-finish-makeup-sponge-claire-teardrop-cut-shape-bigger-size,0,0,0,quota_limit_reached
15723_mercredi,SKINFINITE LUXE Flawless Finish Powder (Compact Powder),108471,https://www.sociolla.com/pressed-powder/80129-skinfinite-luxe-flawless-finish-powder-compact-powder,0,0,0,quota_limit_reached
15723_mercredi,Houppette Supreme Midi,108497,https://www.sociolla.com/sponge-applicators/80155-houppette-supreme-midi,0,0,0,quota_limit_reached
15723_mercredi,HOUPPETTE MATTIFIANTE - Mattifying Puff Mini,108475,https://www.sociolla.com/sponge-applicators/80133-houppette-mattifiante-mattifying-puff-mini,0,0,0,quota_limit_reached
15723_mercredi,Mercredi - MR402,108490,https://www.sociolla.com/false-eyelashes/80148-mercredi-mr402,0,0,0,quota_limit_reached
15723_mercredi,"BASE & BLEND Flawless Finish Makeup Sponge Aimée (Perfect Teardrop Shape, Smaller Size)",108473,https://www.sociolla.com/sponge-applicators/80131-base-and-blend-flawless-finish-makeup-sponge-aimee-perfect-teardrop-shape-smaller-size,0,0,0,quota_limit_reached
15723_mercredi,Mercredi - MR412,108481,https://www.sociolla.com/false-eyelashes/80139-mercredi-mr412,0,0,0,quota_limit_reached
15723_mercredi,Mercredi - Luxe - MR521,108484,https://www.sociolla.com/false-eyelashes/80142-mercredi-luxe-mr521,0,0,0,quota_limit_reached
15723_mercredi,HOUPPETTE MATTIFIANTE - Mattifying Puff Midi,108474,https://www.sociolla.com/sponge-applicators/80132-houppette-mattifiante-mattifying-puff-midi,0,0,0,quota_limit_reached
15723_mercredi,Mercredi - MR223,108486,https://www.sociolla.com/false-eyelashes/80144-mercredi-mr223,0,0,0,quota_limit_reached
15723_mercredi,Mercredi - Luxe - MR531,108485,https://www.sociolla.com/false-eyelashes/80143-mercredi-luxe-mr531,0,0,0,quota_limit_reached
15723_mercredi,Houppette Supreme Maxi,108496,https://www.sociolla.com/sponge-applicators/80154-houppette-supreme-maxi,0,0,0,quota_limit_reached
15723_mercredi,POUDRE D’ESSENCE COUTURE,108848,https://www.sociolla.com/loose-powder/80506-poudre-d-essence-couture,0,0,0,quota_limit_reached
15723_mercredi,Mercredi - MR248,108495,https://www.sociolla.com/false-eyelashes/80153-mercredi-mr248,0,0,0,quota_limit_reached
15723_mercredi,Mercredi - MR213,108493,https://www.sociolla.com/false-eyelashes/80151-mercredi-mr213,0,0,0,quota_limit_reached
15723_mercredi,Mercredi - MR428,108492,https://www.sociolla.com/false-eyelashes/80150-mercredi-mr428,0,0,0,quota_limit_reached
15723_mercredi,Mercredi - MR342,108491,https://www.sociolla.com/false-eyelashes/80149-mercredi-mr342,0,0,0,quota_limit_reached
15723_mercredi,Mercredi - MR247,108494,https://www.sociolla.com/false-eyelashes/80152-mercredi-mr247,0,0,0,quota_limit_reached
15723_mercredi,Mercredi - MR422,108489,https://www.sociolla.com/false-eyelashes/80147-mercredi-mr422,0,0,0,quota_limit_reached
15723_mercredi,Mercredi - MR618,108487,https://www.sociolla.com/false-eyelashes/80145-mercredi-mr618,0,0,0,quota_limit_reached
15723_mercredi,Mercredi - MR423,108488,https://www.sociolla.com/false-eyelashes/80146-mercredi-mr423,0,0,0,quota_limit_reached
15723_mercredi,Mercredi - MR228,108478,https://www.sociolla.com/false-eyelashes/80136-mercredi-mr228,0,0,0,quota_limit_reached
15723_mercredi,Mercredi - MR325,108482,https://www.sociolla.com/false-eyelashes/80140-mercredi-mr325,0,0,0,quota_limit_reached
15723_mercredi,Mercredi - MR424,108483,https://www.sociolla.com/false-eyelashes/80141-mercredi-mr424,0,0,0,quota_limit_reached
15723_mercredi,Mercredi - MR322,108477,https://www.sociolla.com/false-eyelashes/80135-mercredi-mr322,0,0,0,quota_limit_reached
15618_milkshake,Integrity Nourishing Conditioner,102397,https://www.sociolla.com/conditioner/74055-integrity-nourishing-conditioner,0,0,0,quota_limit_reached
15723_mercredi,Mercredi - MR320,108476,https://www.sociolla.com/false-eyelashes/80134-mercredi-mr320,0,0,0,quota_limit_reached
15618_milkshake,Moisture Plus Shampoo,102395,https://www.sociolla.com/dry-shampoo/74053-moisture-plus-shampoo,0,0,0,quota_limit_reached
15618_milkshake,Conditioning Whipped Cream,102391,https://www.sociolla.com/conditioner/74049-conditioning-whipped-cream,0,0,0,quota_limit_reached
15618_milkshake,Moisture Plus Conditioner,102396,https://www.sociolla.com/conditioner/74054-moisture-plus-conditioner,0,0,0,quota_limit_reached
15618_milkshake,Sensorial Mint Conditioner,102390,https://www.sociolla.com/conditioner/74048-sensorial-mint-conditioner,0,0,0,quota_limit_reached
15618_milkshake,Argan Oil,102389,https://www.sociolla.com/hair-tonic/74047-argan-oil,0,0,0,quota_limit_reached
15618_milkshake,Sensorial Mint Shampoo,102394,https://www.sociolla.com/shampoo/74052-sensorial-mint-shampoo,0,0,0,quota_limit_reached
15692_mine,Berry Bash,106843,https://www.sociolla.com/eau-de-parfum/78501-berry-bash,0,0,0,quota_limit_reached
15692_mine,Beige 96,106832,https://www.sociolla.com/eau-de-parfum/78490-beige-96,0,0,0,quota_limit_reached
15692_mine,Ethereal,106831,https://www.sociolla.com/eau-de-parfum/78489-ethereal,0,0,0,quota_limit_reached
15692_mine,Fig-urative,106842,https://www.sociolla.com/eau-de-parfum/78500-fig-urative,0,0,0,quota_limit_reached
15692_mine,La Boheme,106834,https://www.sociolla.com/eau-de-parfum/78492-la-boheme,0,0,0,quota_limit_reached
15692_mine,Almalika,106835,https://www.sociolla.com/eau-de-parfum/78493-almalika,0,0,0,quota_limit_reached
15692_mine,Floraison,106833,https://www.sociolla.com/eau-de-parfum/78491-floraison,0,0,0,quota_limit_reached
15692_mine,Lucid Dreams,106836,https://www.sociolla.com/eau-de-parfum/78494-lucid-dreams,0,0,0,quota_limit_reached
1266_mineral-botanica,The Grail Vivid Matte Lipstick,91810,https://www.sociolla.com/lips/63468-the-grail-vivid-matte-lipstick,0,0,0,quota_limit_reached
1266_mineral-botanica,Highlight And Contour,33682,https://www.sociolla.com/default-category/11533-highlight-and-contour,0,0,0,quota_limit_reached
1266_mineral-botanica,Precision Eyeliner Pen,20821,https://www.sociolla.com/eyeliner/9400-precision-eyeliner-pen,0,0,0,quota_limit_reached
1266_mineral-botanica,Eyeliner Liquid,68607,https://www.sociolla.com/default-category/9398-eyeliner-liquid,0,0,0,quota_limit_reached
1266_mineral-botanica,Hydra Face Mist,73127,https://www.sociolla.com/face-mist/26307-hydra-face-mist,0,0,0,quota_limit_reached
1266_mineral-botanica,First Defense + Brightening Overnight Mask Cream,73506,https://www.sociolla.com/sleeping-mask/26686-first-defense-brightening-overnight-mask-cream,0,0,0,quota_limit_reached
1266_mineral-botanica,Mineral Botanica BB Cream,86502,https://www.sociolla.com/bb-cc-cream/58160-mineral-botanica-bb-cream,0,0,0,quota_limit_reached
1266_mineral-botanica,Mineral Botanica CC Cream,86503,https://www.sociolla.com/default-category/58161-mineral-botanica-cc-cream,0,0,0,quota_limit_reached
1266_mineral-botanica,Eau De Toilette,63578,https://www.sociolla.com/eau-de-toilette/16330-eau-de-toilette,0,0,0,quota_limit_reached
1266_mineral-botanica,Hydra Lip And Cheek Tint,35733,https://www.sociolla.com/default-category/13956-hydra-lip-and-cheek-tint,0,0,0,quota_limit_reached
1266_mineral-botanica,Hyaluronic Acid Serum With Kakadu Fruit Extract,85510,https://www.sociolla.com/face-serum/57168-hyaluronic-acid-serum-with-kakadu-fruit-extract,0,0,0,quota_limit_reached
1266_mineral-botanica,Glo It Up CoQ10+++ Intensive Cream,98375,https://www.sociolla.com/face-cream-lotion/70033-glo-it-up-coq10-intensive-cream,0,0,0,quota_limit_reached
1266_mineral-botanica,Original Loose Foundation,68602,https://www.sociolla.com/cake-foundation/9392-original-loose-foundation,0,0,0,quota_limit_reached
1266_mineral-botanica,Dura Wear Pore Refining Primer,72066,https://www.sociolla.com/face-primer/25246-dura-wear-pore-refining-primer,0,0,0,quota_limit_reached
1266_mineral-botanica,Glo It Up CoQ10 Facial Wash,99317,https://www.sociolla.com/skincare/70975-glo-it-up-coq10-facial-wash,0,0,0,quota_limit_reached
1266_mineral-botanica,Two Way Cake Foundation,20814,https://www.sociolla.com/foundation/9391-two-way-cake-foundation,0,0,0,quota_limit_reached
1266_mineral-botanica,First Defense Toner,68604,https://www.sociolla.com/toner/9409-brightening-toner,0,0,0,quota_limit_reached
1266_mineral-botanica,The Grail Blush On,8973,https://www.sociolla.com/blush/9395-blush-on,0,0,0,quota_limit_reached
1266_mineral-botanica,Soft Matte Lips Cream,8989,https://www.sociolla.com/lip-cream/9390-soft-matte-lips-cream,0,0,0,quota_limit_reached
1266_mineral-botanica,First Defense Brightening Serum,68615,https://www.sociolla.com/face-serum/9427-brightening-face-serum,0,0,0,quota_limit_reached
1266_mineral-botanica,Perfect Purifying Serum,68611,https://www.sociolla.com/face-serum/9431-acne-care-face-serum,0,0,0,quota_limit_reached
1266_mineral-botanica,Zit Zapper For Acne,33306,https://www.sociolla.com/acne-blemish-treatments/10497-zit-zapper-for-acne,0,0,0,quota_limit_reached
1266_mineral-botanica,MINERAL BOTANICA x REYRIZH Phantasmic Unisex Perfume,94320,https://www.sociolla.com/eau-de-parfum/65978-mineral-botanica-x-reyrizh-phantasmic-unisex-perfume,0,0,0,quota_limit_reached
1266_mineral-botanica,Glo It Up CoQ10 Hydrating Facial Toner,99319,https://www.sociolla.com/toner/70977-glo-it-up-coq10-hydrating-facial-toner,0,0,0,quota_limit_reached
1266_mineral-botanica,B1G1 Eyeliner Liquid,92375,https://www.sociolla.com/makeup/64033-b1g1-eyeliner-liquid,0,0,0,quota_limit_reached
1266_mineral-botanica,Aloe-Gal,79015,https://www.sociolla.com/default-category/50673-aloe-gal,0,0,0,quota_limit_reached
1266_mineral-botanica,Perfect Purifying Acne Day Cream,73503,https://www.sociolla.com/face-cream-lotion/26683-perfect-purifying-acne-day-cream,0,0,0,quota_limit_reached
1266_mineral-botanica,Perfect Purifying Set,87747,https://www.sociolla.com/default-category/59405-perfect-purifying-set,0,0,0,quota_limit_reached
1266_mineral-botanica,Eyebrow Definer,35328,https://www.sociolla.com/brow-pencil/13305-eyebrow-definer,0,0,0,quota_limit_reached
1266_mineral-botanica,B1G1 Eyebrow Definer,92373,https://www.sociolla.com/makeup/64031-b1g1-eyebrow-definer,0,0,0,quota_limit_reached
1266_mineral-botanica,First Defense + Brightening Day Cream,73505,https://www.sociolla.com/default-category/26685-first-defense-brightening-day-cream,0,0,0,quota_limit_reached
1266_mineral-botanica,Bada$$ Babe Sugar Lip Serum,91812,https://www.sociolla.com/default-category/63470-mineral-botanica-badausdusd-babe-sugar-lip-serum,0,0,0,quota_limit_reached
1266_mineral-botanica,Sugar Lip Serum Intensive Care,19090,https://www.sociolla.com/makeup/9405-sugar-lip-serum-intensive-care-,0,0,0,quota_limit_reached
1266_mineral-botanica,Acne Care Perfect Purifying Facial Wash,68606,https://www.sociolla.com/face-wash/9414-acne-care-facial-wash,0,0,0,quota_limit_reached
1266_mineral-botanica,Bo$$ Baby Sugar Lip Scrub,91811,https://www.sociolla.com/lip-care/63469-mineral-botanica-bousdusd-baby-sugar-lip-scrub,0,0,0,quota_limit_reached
1266_mineral-botanica,Sugar Lip Scrub Intensive Care,19089,https://www.sociolla.com/lip-scrub/9406-sugar-lip-scrub-intensive-care,0,0,0,quota_limit_reached
1266_mineral-botanica,Retinoid (Retinol) Overnight Oil With 6 Natural Oil,85512,https://www.sociolla.com/face-serum/57170-retinol-overnight-serum-oil-with-6-natural-oil,0,0,0,quota_limit_reached
1266_mineral-botanica,First Defense Facial Foam,68600,https://www.sociolla.com/face-wash/9407-brightening-facial-foam,0,0,0,quota_limit_reached
1266_mineral-botanica,Perfect Purifying Toner,20880,https://www.sociolla.com/toner/9422-acne-care-toner,0,0,0,quota_limit_reached
1266_mineral-botanica,Niacinamide Serum With Artichoke Leaf Extract,85509,https://www.sociolla.com/face-serum/57167-niacinamide-serum-with-artichoke-leaf-extract,0,0,0,quota_limit_reached
1266_mineral-botanica,Brush Kit Set,34270,https://www.sociolla.com/default-category/11569-brush-kit-set,0,0,0,quota_limit_reached
1266_mineral-botanica,Perfect Purifying Facial Foam,68605,https://www.sociolla.com/face-wash/9413-acne-care-facial-foam,0,0,0,quota_limit_reached
1266_mineral-botanica,Glo It Up Peptide Serum,79020,https://www.sociolla.com/face-serum/50678-glo-it-up-peptide-serum,0,0,0,quota_limit_reached
1266_mineral-botanica,Ceramide Serum With Vit. A and Centela Asiatica Leaf Extract,85511,https://www.sociolla.com/face-serum/57169-ceramide-serum-with-vit-a-and-centela-asiatica-leaf-extract,0,0,0,quota_limit_reached
1266_mineral-botanica,Acne Care Masque New Formula + Charcoal Activated,20889,https://www.sociolla.com/clay-mask/9432-acne-care-masque-new-formula-charcoal-activated,0,0,0,quota_limit_reached
1266_mineral-botanica,B1G1 Aloe-Gal,92372,https://www.sociolla.com/skin-care-set/64030-b1g1-aloe-gal,0,0,0,quota_limit_reached
1266_mineral-botanica,B1G1 Hand Gel,92376,https://www.sociolla.com/sanitizer/64034-b1g1-hand-gel,0,0,0,quota_limit_reached
1266_mineral-botanica,Perfect Purifying Acne Night Cream,73504,https://www.sociolla.com/face-cream-lotion/26684-perfect-purifying-acne-night-cream,0,0,0,quota_limit_reached
1266_mineral-botanica,Hand Gel,71178,https://www.sociolla.com/sanitizer/24358-hand-gel,0,0,0,quota_limit_reached
1266_mineral-botanica,First Defense Set,87748,https://www.sociolla.com/default-category/59406-first-defense-set,0,0,0,quota_limit_reached
1266_mineral-botanica,Eyebrow Pencil,8977,https://www.sociolla.com/brow-pencil/9397-eyebrow-pencil,0,0,0,quota_limit_reached
1266_mineral-botanica,B1G1 Eyebrow Pencil,92374,https://www.sociolla.com/makeup-palettes-set/64032-b1g1-eyebrow-pencil,0,0,0,quota_limit_reached
1266_mineral-botanica,B1G1 Andira Hadley Lip Cream,92576,https://www.sociolla.com/makeup-palettes-set/64234-b1g1-andira-hadley-lip-cream,0,0,0,quota_limit_reached
847_mirael,Bye Bye Sulfate Rose Tea Body Wash,92830,https://www.sociolla.com/body-cleanser/64488-brown-sugar-milk-tea-sugar-wax,0,0,0,quota_limit_reached
847_mirael,Moist Rose Tea Body Wash,99755,https://www.sociolla.com/body-wash/71413-moist-rose-tea-body-wash,0,0,0,quota_limit_reached
847_mirael,Rose Tea Sugar Scrub,92831,https://www.sociolla.com/body-scrub-exfoliants/64489-rose-tea-sugar-scrub,0,0,0,quota_limit_reached
847_mirael,Bye Bye Sulfate Milk Tea Body Wash,92833,https://www.sociolla.com/body-cleanser/64491-mrl-bb-bbsmtbwm3001,0,0,0,quota_limit_reached
847_mirael,Smoothing After Waxing Serum,103874,https://www.sociolla.com/shaving-cream-gel/75532-smoothing-after-waxing-serum,0,0,0,quota_limit_reached
847_mirael,Brightening After Shaving Serum,103873,https://www.sociolla.com/shaving-cream-gel/75531-brightening-after-shaving-serum,0,0,0,quota_limit_reached
847_mirael,Bright Jasmine Tea Body Wash,99758,https://www.sociolla.com/bath-body/71416-bright-jasmine-tea-body-wash,0,0,0,quota_limit_reached
847_mirael,Acne Free Matcha Oat Body Wash,99757,https://www.sociolla.com/bath-body/71415-acne-free-matcha-oat-body-wash,0,0,0,quota_limit_reached
847_mirael,Refreshing Apple Mint Sugar Wax Kit,92541,https://www.sociolla.com/hair-removal-care/64199-apple-sugar-waxing-kit-new-packaging,0,0,0,quota_limit_reached
847_mirael,Relaxing Green Tea Sugar Wax Kit,92540,https://www.sociolla.com/hair-removal-care/64198-green-tea-sugar-waxing-kit-new-packaging,0,0,0,quota_limit_reached
847_mirael,Brightening Strawberry Sugar Wax Kit,92536,https://www.sociolla.com/hair-removal-care/64194-strawberry-sugar-waxing-kit-new-packaging,0,0,0,quota_limit_reached
847_mirael,Moisturizing Honey Sugar Wax Kit,92538,https://www.sociolla.com/hair-removal-care/64196-honey-sugar-waxing-kit-new-packaging,0,0,0,quota_limit_reached
847_mirael,Acne Free Matcha Oat Sugar Scrub,101449,https://www.sociolla.com/body-scrub-exfoliants/73107-acne-free-matcha-oat-sugar-scrub,0,0,0,quota_limit_reached
847_mirael,Soothing Rice Milk Waxing Powder,99762,https://www.sociolla.com/default-category/71420-soothing-rice-milk-waxing-powder,0,0,0,quota_limit_reached
847_mirael,Bright Jasmine Tea Sugar Scrub,101448,https://www.sociolla.com/body-scrub-exfoliants/73106-bright-jasmine-tea-sugar-scrub,0,0,0,quota_limit_reached
15650_miss-daisy,MISSDAISY Perfume Shampoo - Peony & Amber,104617,https://www.sociolla.com/shampoo/76275-missdaisy-perfume-shampoo-peony-and-amber,0,0,0,quota_limit_reached
15650_miss-daisy,MISSDAISY Perfume Shampoo - Rose & Oud,104618,https://www.sociolla.com/shampoo/76276-missdaisy-perfume-shampoo-rose-and-oud,0,0,0,quota_limit_reached
15650_miss-daisy,MISSDAISY Perfume Hair Mask - Rose & Oud,104621,https://www.sociolla.com/hair-mask/76279-missdaisy-perfume-hair-mask-rose-and-oud,0,0,0,quota_limit_reached
15650_miss-daisy,MISSDAISY Perfume Shampoo - Blackcurrant & Vanilla Sugar,104619,https://www.sociolla.com/shampoo/76277-missdaisy-perfume-shampoo-blackcurrant-and-vanilla-sugar,0,0,0,quota_limit_reached
15650_miss-daisy,MISSDAISY Perfume Hair Mask - Blackcurrant & Vanilla Sugar,104622,https://www.sociolla.com/hair-mask/76280-missdaisy-perfume-hair-mask-blackcurrant-and-vanilla-sugar,0,0,0,quota_limit_reached
15650_miss-daisy,MISSDAISY Perfume Hair Mask - Peony & Amber,104620,https://www.sociolla.com/hair-mask/76278-missdaisy-perfume-hair-mask-peony-and-amber,0,0,0,quota_limit_reached
209_missha,Airy Fit Sheet Mask Aloe,73973,https://www.sociolla.com/sheet-mask/27153-airy-fit-sheet-mask-aloe,0,0,0,quota_limit_reached
209_missha,Airy Fit Sheet Mask Red Ginseng,73974,https://www.sociolla.com/sheet-mask/27154-airy-fit-sheet-mask-red-ginseng,0,0,0,quota_limit_reached
209_missha,Airy Fit Sheet Mask Honey,33533,https://www.sociolla.com/sheet-mask/10566-airy-fit-sheet-mask-honey,0,0,0,quota_limit_reached
209_missha,Airy Fit Sheet Mask Pomegranate,33534,https://www.sociolla.com/sheet-mask/10567-airy-fit-sheet-mask-pomegranate,0,0,0,quota_limit_reached
209_missha,Airy Fit Sheet Mask Green Tea,33530,https://www.sociolla.com/sheet-mask/10563-airy-fit-sheet-mask-green-tea,0,0,0,quota_limit_reached
209_missha,Airy Fit Sheet Mask Tea Tree,33531,https://www.sociolla.com/sheet-mask/10564-airy-fit-sheet-mask-tea-tree,0,0,0,quota_limit_reached
209_missha,Airy Fit Sheet Mask Cucumber,73970,https://www.sociolla.com/sheet-mask/27150-missha-airy-fit-sheet-mask-cucumber,0,0,0,quota_limit_reached
209_missha,Airy Fit Sheet Mask Rice,33532,https://www.sociolla.com/sheet-mask/10565-airy-fit-sheet-mask-rice,0,0,0,quota_limit_reached
209_missha,Airy Fit Sheet Mask Lemon,73972,https://www.sociolla.com/sheet-mask/27152-missha-airy-fit-sheet-mask-lemon,0,0,0,quota_limit_reached
209_missha,Airy Fit Sheet Mask Rice Duo,86722,https://www.sociolla.com/sheet-mask/58380-airy-fit-sheet-mask-rice-duo,0,0,0,quota_limit_reached
209_missha,Airy Fit Sheet Mask Honey Duo,80160,https://www.sociolla.com/sheet-mask/51818-airy-fit-sheet-mask-honey-duo,0,0,0,quota_limit_reached
209_missha,Airy Fit Sheet Mask Pomegranate Duo,80161,https://www.sociolla.com/sheet-mask/51819-airy-fit-sheet-mask-pomegranate-duo,0,0,0,quota_limit_reached
209_missha,Airy Fit Sheet Mask Honey & Tea Tree 10Pc Set,69216,https://www.sociolla.com/sheet-mask/11091-airy-fit-sheet-mask-honey-and-tea-tree-10pc-set,0,0,0,quota_limit_reached
209_missha,Airy Fit Sheet Mask Tea Tree Duo,80159,https://www.sociolla.com/sheet-mask/51817-airy-fit-sheet-mask-tea-tree-duo,0,0,0,quota_limit_reached
209_missha,Airy Fit Sheet Mask Rice & Pomegranate 10Pc Set,69217,https://www.sociolla.com/sheet-mask/11087-airy-fit-sheet-mask-rice-and-pomegranate-10pc-set,0,0,0,quota_limit_reached
209_missha,Airy Fit Sheet Mask Rice & Green Tea 10Pc Set,69209,https://www.sociolla.com/sheet-mask/11092-airy-fit-sheet-mask-rice-and-green-tea-10pc-set,0,0,0,quota_limit_reached
209_missha,Airy Fit Sheet Mask Mix 10Pc Set,69215,https://www.sociolla.com/sheet-mask/11090-airy-fit-sheet-mask-mix-10pc-set,0,0,0,quota_limit_reached
209_missha,Airy Fit Sheet Mask Rice & Pomegranate 5Pc Set,69212,https://www.sociolla.com/sheet-mask/11089-airy-fit-sheet-mask-rice-and-pomegranate-5pc-set,0,0,0,quota_limit_reached
209_missha,Airy Fit Sheet Mask Rice & Honey 10Pc Set,69214,https://www.sociolla.com/sheet-mask/11088-airy-fit-sheet-mask-rice-and-honey-10pc-set,0,0,0,quota_limit_reached
209_missha,Airy Fit Sheet Mask Pearl,73975,https://www.sociolla.com/sheet-mask/27155-airy-fit-sheet-mask-pearl,0,0,0,quota_limit_reached
209_missha,Mascure Peeling Solution Sheet Mask [Pha],79034,https://www.sociolla.com/default-category/50692-mascure-peeling-solution-sheet-mask-pha,0,0,0,quota_limit_reached
209_missha,Airy Fit Sheet Mask Rice 5Pc Set,69206,https://www.sociolla.com/sheet-mask/11086-airy-fit-sheet-mask-rice-5pc-set,0,0,0,quota_limit_reached
209_missha,All Around Safe Block Essence Sun SPF45/PA+++,36876,https://www.sociolla.com/sunscreen/15413-all-around-safe-block-essence-sun-spf45-pa-,0,0,0,quota_limit_reached
209_missha,Time Revolution Night Repair Ampoule 5X,87726,https://www.sociolla.com/ampoule/59384-time-revolution-night-repair-ampoule-5x,0,0,0,quota_limit_reached
209_missha,4D Mascara,34083,https://www.sociolla.com/makeup/11239-4d-mascara,0,0,0,quota_limit_reached
209_missha,Time Revolution The First Essence 5X,88336,https://www.sociolla.com/essence/59994-time-revolution-the-first-essence-5x,0,0,0,quota_limit_reached
209_missha,Premium Cica Aloe Soothing Gel,36878,https://www.sociolla.com/healthier-skin-ahead/15415-premium-cica-aloe-soothing-gel,0,0,0,quota_limit_reached
209_missha,Mascure Nutrition Solution Sheet Mask [Propolis],79005,https://www.sociolla.com/default-category/50663-mascure-nutrition-solution-sheet-mask-propolis,0,0,0,quota_limit_reached
209_missha,M Perfect BB Cream SPF42 PA+++,22221,https://www.sociolla.com/bb-cc-cream/9749-m-perfect-bb-cream-spf42-pa,0,0,0,quota_limit_reached
209_missha,Airy Fit Sheet Mask Aloe Duo,80164,https://www.sociolla.com/sheet-mask/51822-airy-fit-sheet-mask-aloe-duo,0,0,0,quota_limit_reached
209_missha,Airy Fit Sheet Mask Pearl Duo,80166,https://www.sociolla.com/sheet-mask/51824-airy-fit-sheet-mask-pearl-duo,0,0,0,quota_limit_reached
209_missha,Super Aqua Cell Renew Snail Cleansing Foam,36868,https://www.sociolla.com/face-wash/15396-super-aqua-cell-renew-snail-cleansing-foam,0,0,0,quota_limit_reached
209_missha,Acne Patch Set,84993,https://www.sociolla.com/acne-blemish-treatments/56651-acne-patch-set,0,0,0,quota_limit_reached
209_missha,Amazon Red Clay Pore Mask,87723,https://www.sociolla.com/sheet-mask/59381-amazon-red-clay-pore-mask,0,0,0,quota_limit_reached
209_missha,PAKET MISSHA Night Repair Your Skin : NIGHT REPAIR AMPOULE 5X (50ML) + Miniatur The First Essence 5X (50ml),99133,https://www.sociolla.com/skin-care-set/70791-paket-missha-night-repair-your-skin-night-repair-ampoule-5x-50ml-miniatur-the-first-essence-5x-50ml,0,0,0,quota_limit_reached
209_missha,TIME REVOLUTION NIGHT REPAIR AMPOULE CREAM 5X,100235,https://www.sociolla.com/default-category/71893-time-revolution-night-repair-ampoule-cream-5x,0,0,0,quota_limit_reached
209_missha,Make Up Look Bundle 2,69227,https://www.sociolla.com/gift-sets/16097-make-up-look-bundle-2,0,0,0,quota_limit_reached
209_missha,Misa Yei Hyun Essence,87720,https://www.sociolla.com/essence/59378-misa-yei-hyun-essence,0,0,0,quota_limit_reached
209_missha,TIME REVOLUTION THE FIRST ESSENCE ENRICHED,100237,https://www.sociolla.com/face-serum/71895-time-revolution-the-first-essence-enriched,0,0,0,quota_limit_reached
209_missha,PAKET MISSHA Repair Your Skin : The First Essence 5x (150ml) + Miniatur Ampoule  5x (15ml),99132,https://www.sociolla.com/skincare/70790-paket-missha-repair-your-skin-the-first-essence-5x-150ml-miniatur-ampoule-5x-15ml,0,0,0,quota_limit_reached
209_missha,Airy Fit Sheet Mask Lemon Duo,80163,https://www.sociolla.com/sheet-mask/51821-airy-fit-sheet-mask-lemon-duo,0,0,0,quota_limit_reached
209_missha,Atelocollagen500 Power Plumping Ampoule,92773,https://www.sociolla.com/skincare/64431-atelocollagen500-power-plumping-ampoule,0,0,0,quota_limit_reached
209_missha,Atelocollagen500 Power Plumping Cream,91528,https://www.sociolla.com/face-cream-lotion/63186-atelocollagen500-power-plumping-cream,0,0,0,quota_limit_reached
209_missha,ALL AROUND SAFE BLOCK AQUA SUN,103931,https://www.sociolla.com/sunscreen/75589-all-around-safe-block-aqua-sun,0,0,0,quota_limit_reached
209_missha,Magic Cushion Cover Lasting Spf 50+/ Pa+++,108219,https://www.sociolla.com/cushion/79877-magic-cushion-cover-lasting-spf-50-pa,0,0,0,quota_limit_reached
209_missha,Magic Cushion Moist Up Spf 50+/pa+++,91526,https://www.sociolla.com/bb-cc-cream/63184-magic-cushion-moist-up-tanpa-refill,0,0,0,quota_limit_reached
209_missha,Mascure Moisture Barrier Solution Sheet Mask [Ceramide],79003,https://www.sociolla.com/sheet-mask/50661-mascure-moisture-barrier-solution-sheet-mask-ceramide,0,0,0,quota_limit_reached
209_missha,Vita C Plus Brightening Toner,73929,https://www.sociolla.com/toner/27109-vita-c-plus-brightening-toner,0,0,0,quota_limit_reached
209_missha,Super Aqua Ultra Hyalron Peeling Gel,78994,https://www.sociolla.com/default-category/50652-super-aqua-ultra-hyalron-peeling-gel,0,0,0,quota_limit_reached
209_missha,Airy Fit Sheet Mask [Shea Butter],78989,https://www.sociolla.com/sheet-mask/50647-airy-fit-sheet-mask-shea-butter,0,0,0,quota_limit_reached
209_missha,All Around Safe Block Cotton Sun 50ml SPF50+ PA++++,100214,https://www.sociolla.com/sunscreen/71872-all-around-safe-block-cotton-sun-50ml-spf50-pa,0,0,0,quota_limit_reached
209_missha,Mascure Hydra Solution Sheet Mask [Hyaluron Acid],78998,https://www.sociolla.com/sheet-mask/50656-mascure-hydra-solution-sheet-mask-hyaluron-acid,0,0,0,quota_limit_reached
209_missha,Mascure Calming Solution Sheet Mask [Guaiazulene],79011,https://www.sociolla.com/default-category/50669-mascure-calming-solution-sheet-mask-guaiazulene,0,0,0,quota_limit_reached
209_missha,Airy Fit Sheet Mask Potato,78992,https://www.sociolla.com/sheet-mask/50650-airy-fit-sheet-mask-potato,0,0,0,quota_limit_reached
209_missha,All Around Safe Block Daily Sun SPF50+/PA++++,36875,https://www.sociolla.com/sunscreen/15414-all-around-safe-block-daily-sun-spf50-pa,0,0,0,quota_limit_reached
209_missha,Mascure Whitening Solution Sheet Mask [Glutathione],78999,https://www.sociolla.com/sheet-mask/50657-mascure-whitening-solution-sheet-mask-glutathione,0,0,0,quota_limit_reached
209_missha,Mascure Ac Care Solution Sheet Mask [Nacl],79001,https://www.sociolla.com/default-category/50659-mascure-ac-care-solution-sheet-mask-nacl,0,0,0,quota_limit_reached
209_missha,Mascure Rescue Solution Sheet Mask [Madecasoside],79008,https://www.sociolla.com/default-category/50666-mascure-rescue-solution-sheet-mask-madecasoside,0,0,0,quota_limit_reached
209_missha,Liquid Sharp Liner,22222,https://www.sociolla.com/eyeliner/9750-liquid-sharp-liner,0,0,0,quota_limit_reached
209_missha,Super Aqua Cell Renew Snail Cream,34069,https://www.sociolla.com/default-category/11231-super-aqua-cell-renew-snail-cream,0,0,0,quota_limit_reached
209_missha,Perfect Lip & Eye Make-Up Remover,34074,https://www.sociolla.com/makeup-remover/11232-perfect-lip-and-eye-make-up-remover,0,0,0,quota_limit_reached
209_missha,Airy Fit Sheet Mask Red Ginseng Duo,80165,https://www.sociolla.com/sheet-mask/51823-airy-fit-sheet-mask-red-ginseng-duo,0,0,0,quota_limit_reached
209_missha,Speedy Solution Face Up Patch,22226,https://www.sociolla.com/firming-lifting/9754-speedy-solution-lifting-patch,0,0,0,quota_limit_reached
209_missha,PAKET MISSHA Anti Aging Skin : MISSHA ATELOCOLLAGEN500 POWER PLUMPING AMPOULE (50ml) + Miniatur The First Essence 5X (50ml),99135,https://www.sociolla.com/skin-care-set/70793-paket-missha-anti-aging-skin-missha-atelocollagen500-power-plumping-ampoule-50ml-miniatur-the-first-essence-5x,0,0,0,quota_limit_reached
209_missha,PAKET MISSHA Anti Aging Skin : MISSHA ATELOCOLLAGEN500 POWER PLUMPING CREAM  (40ml) + Miniatur The First Essence 5X (50ml),99134,https://www.sociolla.com/skin-care-set/70792-paket-missha-anti-aging-skin-missha-atelocollagen500-power-plumping-cream-40ml-miniatur-the-first-essence-5x-50ml,0,0,0,quota_limit_reached
1405_mixsoon,Galactomyces Ferment Toner,96642,https://www.sociolla.com/toner/68300-galactomyces-ferment-toner,0,0,0,quota_limit_reached
1405_mixsoon,Bean Essence Serum,96629,https://www.sociolla.com/face-serum/68287-bean-essence-serum,0,0,0,quota_limit_reached
236_mizzu,Browzilla,80006,https://www.sociolla.com/eyebrows/51664-browzilla,0,0,0,quota_limit_reached
1405_mixsoon,Centella Asiatica Toner,96640,https://www.sociolla.com/toner/68298-centella-asiatica-toner,0,0,0,quota_limit_reached
236_mizzu,Hide'em Contour and Concealer,35315,https://www.sociolla.com/concealer/13263-hideem-contour-and-concealer,0,0,0,quota_limit_reached
236_mizzu,Power Volume Mascara,944,https://www.sociolla.com/mascara/3963-power-volume-mascara,0,0,0,quota_limit_reached
236_mizzu,Coffee Break Lip Cream,63553,https://www.sociolla.com/lip-cream/16304-coffee-break-lip-cream,0,0,0,quota_limit_reached
236_mizzu,Lipbuster Soft Matte,90737,https://www.sociolla.com/lip-cream/62395-lipbuster-soft-matte,0,0,0,quota_limit_reached
236_mizzu,Blush Me Up,1218,https://www.sociolla.com/blush/5209-blush-me-up,0,0,0,quota_limit_reached
15010_moist-diane,Extra Vital Shampoo,73938,https://www.sociolla.com/shampoo/27118-extra-vital-shampoo,0,0,0,quota_limit_reached
15010_moist-diane,PAKET Diane EXTRA HAIR FALL CONTROL Shampoo + Treatment,96590,https://www.sociolla.com/default-category/68248-paket-diane-extra-hair-fall-control-shampoo-treatment,0,0,0,quota_limit_reached
15010_moist-diane,Diane Extra Hair Fall Control Treatment 450 ml (Conditioner) - Made In Japan,96589,https://www.sociolla.com/default-category/68247-diane-extra-hair-fall-control-treatment-450-ml-conditioner-made-in-japan,0,0,0,quota_limit_reached
236_mizzu,Lip Eye Set 1,69333,https://www.sociolla.com/2503-makeup-palettes-and-set/15064-lip-eye-set-1,0,0,0,quota_limit_reached
15010_moist-diane,Extra Fresh & Hydrate Shampoo,73937,https://www.sociolla.com/shampoo/27117-extra-fresh-and-hydrate-shampoo,0,0,0,quota_limit_reached
15010_moist-diane,Extra Volume & Scalp Treatment,73939,https://www.sociolla.com/conditioner/27119-extra-volume-and-scalp-treatment,0,0,0,quota_limit_reached
15010_moist-diane,Damage Repair Shampoo,73936,https://www.sociolla.com/shampoo/27116-damage-repair-shampoo,0,0,0,quota_limit_reached
15010_moist-diane,Diane Extra Hair Fall Control Shampoo 450 ml (Made in Japan),96588,https://www.sociolla.com/shampoo/68246-diane-extra-hair-fall-control-shampoo-450-ml-made-in-japan,0,0,0,quota_limit_reached
15010_moist-diane,Damage Repair Treatment,73942,https://www.sociolla.com/conditioner/27122-damage-repair-treatment,0,0,0,quota_limit_reached
15010_moist-diane,Bonheur Grasse Rose Shampoo,92280,https://www.sociolla.com/shampoo/63938-bonheur-grasse-rose-shampoo,0,0,0,quota_limit_reached
15010_moist-diane,Extra Smooth & Straight Shampoo,73934,https://www.sociolla.com/hair-care/27114-extra-smooth-and-straight-shampoo,0,0,0,quota_limit_reached
15010_moist-diane,Extra Volume & Scalp Shampoo,73933,https://www.sociolla.com/shampoo/27113-extra-volume-and-scalp-shampoo,0,0,0,quota_limit_reached
15010_moist-diane,Moist & Shine Shampoo,73935,https://www.sociolla.com/shampoo/27115-moist-and-shine-shampoo,0,0,0,quota_limit_reached
15010_moist-diane,Extra Fresh & Hydrate Treatment 450ml + Free Comb,89902,https://www.sociolla.com/default-category/61560-extra-fresh-and-hydrate-treatment-450ml-free-comb,0,0,0,quota_limit_reached
15010_moist-diane,Bonheur Blue Jasmine Treatment Damage Repair & Shine,92283,https://www.sociolla.com/conditioner/63941-bonheur-blue-jasmine-treatment-damage-repair-and-shine,0,0,0,quota_limit_reached
15010_moist-diane,Bonheur Blue Jasmine Shampoo Damage Repair & Shine,92282,https://www.sociolla.com/shampoo/63940-bonheur-blue-jasmine-shampoo-damage-repair-and-shine,0,0,0,quota_limit_reached
15010_moist-diane,Extra Damage Repair Hair Mask,92524,https://www.sociolla.com/hair-mask/64182-extra-damage-repair-hair-mask,0,0,0,quota_limit_reached
15010_moist-diane,Extra Smooth & Straight Hair Mask,102820,https://www.sociolla.com/hair-mask/74478-extra-smooth-and-straight-hair-mask,0,0,0,quota_limit_reached
15010_moist-diane,Bonheur Grasse Rose Treatment,92281,https://www.sociolla.com/hair-mask/63939-bonheur-grasse-rose-treatment,0,0,0,quota_limit_reached
15010_moist-diane,DIANE Perfect Beauty Extra Hair Fall Control Scalp Revitalizing Essence,97600,https://www.sociolla.com/hair-essence/69258-diane-perfect-beauty-extra-hair-fall-control-scalp-revitalizing-essence,0,0,0,quota_limit_reached
15010_moist-diane,Moist & Shine Treatment,73941,https://www.sociolla.com/hair-mask/27121-moist-and-shine-treatment,0,0,0,quota_limit_reached
15010_moist-diane,Extra Night Repair Shampoo,104321,https://www.sociolla.com/shampoo/75979-extra-night-repair-shampoo,0,0,0,quota_limit_reached
15010_moist-diane,Extra Fresh & Hydrate Treatment,73943,https://www.sociolla.com/conditioner/27123-extra-fresh-and-hydrate-treatment,0,0,0,quota_limit_reached
15010_moist-diane,Extra Vital Treatment,100382,https://www.sociolla.com/high-performing-hair-care/72040-extra-vital-treatment,0,0,0,quota_limit_reached
15010_moist-diane,Extra Smooth & Straight Treatment,73940,https://www.sociolla.com/conditioner/27120-extra-smooth-and-straight-treatment,0,0,0,quota_limit_reached
15010_moist-diane,Miracle You Treatment,87972,https://www.sociolla.com/conditioner/59630-miracle-you-treatment,0,0,0,quota_limit_reached
15010_moist-diane,Diane Bonheur Blue Jasmine Gift Package,95220,https://www.sociolla.com/default-category/66878-diane-bonheur-blue-jasmine-gift-package,0,0,0,quota_limit_reached
15010_moist-diane,Extra Night Repair Treatment,104322,https://www.sociolla.com/conditioner/75980-extra-night-repair-treatment,0,0,0,quota_limit_reached
15010_moist-diane,Miracle You Shampoo,87971,https://www.sociolla.com/shampoo/59629-miracle-you-shampoo,0,0,0,quota_limit_reached
15010_moist-diane,Extra Moist & Shine Hair Mask,92523,https://www.sociolla.com/hair-mask/64181-extra-moist-and-shine-hair-mask,0,0,0,quota_limit_reached
536_moko-moko,AddictInk LipTint,101782,https://www.sociolla.com/lip-tint/73440-addictink-liptint,0,0,0,quota_limit_reached
536_moko-moko,Jojoba + Rosemary Deep Cleansing Oil,101781,https://www.sociolla.com/cleansing-oil/73439-jojoba-rosemary-deep-cleansing-oil,0,0,0,quota_limit_reached
412_moonshot,Performance Lip Blur Fixing Tint,102023,https://www.sociolla.com/lip-tint/73681-performance-lip-blur-fixing-tint,0,0,0,quota_limit_reached
412_moonshot,Skin Booster Ampoule Acne,102005,https://www.sociolla.com/ampoule/73663-skin-booster-ampoule-acne,0,0,0,quota_limit_reached
412_moonshot,Micro Glassytfit Cushion SPF 50+ PA++++,102009,https://www.sociolla.com/cushion/73667-micro-glassytfit-cushion-spf-50-pa,0,0,0,quota_limit_reached
412_moonshot,Skin Booster Ampoule Brightening,102007,https://www.sociolla.com/ampoule/73665-skin-booster-ampoule-brightening,0,0,0,quota_limit_reached
412_moonshot,Micro Correctfit Cushion SPF 50+ PA+++,102021,https://www.sociolla.com/cushion/73679-micro-correctfit-cushion-spf-50-pa,0,0,0,quota_limit_reached
412_moonshot,Micro Settingfit Cushion EX SPF 50+ PA++++,102022,https://www.sociolla.com/cushion/73680-micro-settingfit-cushion-ex-spf-50-pa,0,0,0,quota_limit_reached
412_moonshot,Performance Eye 8x Pallete,103925,https://www.sociolla.com/default-category/75583-performance-eye-8x-pallete,0,0,0,quota_limit_reached
412_moonshot,Micro Calmingfit Cushion SPF 50+ PA+++,102020,https://www.sociolla.com/cushion/73678-micro-calmingfit-cushion-spf-50-pa,0,0,0,quota_limit_reached
412_moonshot,Performance Cushion Light Fixing,103924,https://www.sociolla.com/cushion/75582-performance-cushion-light-fixing,0,0,0,quota_limit_reached
1259_mother-of-pearl,AM to PM Colorfast Hypertint,105378,https://www.sociolla.com/lip-tint/77036-am-to-pm-colorfast-hypertint,0,0,0,quota_limit_reached
1259_mother-of-pearl,My Lips But Prettier Silk Tint,105379,https://www.sociolla.com/lip-tint/77037-my-lips-but-prettier-silk-tint,0,0,0,quota_limit_reached
1259_mother-of-pearl,Butterfly Kiss,107448,https://www.sociolla.com/eau-de-parfum/79106-butterfly-kiss,0,0,0,quota_limit_reached
1259_mother-of-pearl,Anti Cakey Lock and Smooth Gripping Primer,87879,https://www.sociolla.com/face-primer/59537-anti-cakey-lock-and-smooth-gripping-primer,0,0,0,quota_limit_reached
1259_mother-of-pearl,Cover-Age High Coverage Creamy Concealer,87875,https://www.sociolla.com/concealer/59533-cover-age-full-coverage-creamy-concealer,0,0,0,quota_limit_reached
1259_mother-of-pearl,Abracadabrow Tinted Brow Laminator,102506,https://www.sociolla.com/eyebrows/74164-abracadabrow-tinted-brow-laminator,0,0,0,quota_limit_reached
1259_mother-of-pearl,Microblur Translucent Loose Powder,87877,https://www.sociolla.com/loose-powder/59535-microblur-translucent-loose-powder,0,0,0,quota_limit_reached
1259_mother-of-pearl,Browgraphy Angled Precision Brow Pen,102505,https://www.sociolla.com/eyebrows/74163-browgraphy-angled-precision-brow-pen,0,0,0,quota_limit_reached
1259_mother-of-pearl,Vantablack Waterproof Precision Liner,102507,https://www.sociolla.com/eyeliner/74165-vantablack-waterproof-precision-liner,0,0,0,quota_limit_reached
1259_mother-of-pearl,Haute Holochrome Eyeshadow,101934,https://www.sociolla.com/eyeshadow/73592-haute-holochrome-eyeshadow,0,0,0,quota_limit_reached
1259_mother-of-pearl,Mother of Pore-less! Complexion Kit,104636,https://www.sociolla.com/makeup-palettes-set/76294-mother-of-pore-less-complexion-kit,0,0,0,quota_limit_reached
1259_mother-of-pearl,Discovery Set,107454,https://www.sociolla.com/eau-de-parfum/79112-discovery-set,0,0,0,quota_limit_reached
1259_mother-of-pearl,So X-TRA! Peptides Sunscreen Foundation SPF 40 PA ++,97573,https://www.sociolla.com/foundation/69231-so-x-tra-peptides-sunscreen-foundation-spf-40-pa,0,0,0,quota_limit_reached
1259_mother-of-pearl,Couture Black Dress,107449,https://www.sociolla.com/eau-de-parfum/79107-couture-black-dress,0,0,0,quota_limit_reached
1259_mother-of-pearl,Flawless Coverage Bundle Set,90466,https://www.sociolla.com/makeup/62124-flawless-coverage-bundle-set-dw-1,0,0,0,quota_limit_reached
1259_mother-of-pearl,Savage Vanilla,97645,https://www.sociolla.com/eau-de-parfum/69303-savage-vanilla,0,0,0,quota_limit_reached
1259_mother-of-pearl,Flawless Bundle Set,88696,https://www.sociolla.com/default-category/60354-flawless-bundle-set,0,0,0,quota_limit_reached
1259_mother-of-pearl,Longlasting Bundle Set,87881,https://www.sociolla.com/default-category/59539-flawless-bundle-set,0,0,0,quota_limit_reached
1259_mother-of-pearl,Tobacco Desire,107453,https://www.sociolla.com/eau-de-parfum/79111-tobacco-desire,0,0,0,quota_limit_reached
1259_mother-of-pearl,Honorable Woman,97644,https://www.sociolla.com/eau-de-parfum/69302-honorable-woman,0,0,0,quota_limit_reached
1259_mother-of-pearl,Purple Royale,107450,https://www.sociolla.com/eau-de-parfum/79108-purple-royale,0,0,0,quota_limit_reached
1259_mother-of-pearl,Easy Life,97643,https://www.sociolla.com/eau-de-parfum/69301-easy-life,0,0,0,quota_limit_reached
1259_mother-of-pearl,Pistachi-Oh!,107452,https://www.sociolla.com/eau-de-parfum/79110-pistachi-oh,0,0,0,quota_limit_reached
1259_mother-of-pearl,Mystical Desert,107451,https://www.sociolla.com/eau-de-parfum/79109-mystical-desert,0,0,0,quota_limit_reached
1259_mother-of-pearl,Intoxicating Love,107447,https://www.sociolla.com/eau-de-parfum/79105-intoxicating-love,0,0,0,quota_limit_reached
1259_mother-of-pearl,Mother Of Pearl  Cover and Contour Bundle,94385,https://www.sociolla.com/default-category/66043-mother-of-pearl-cover-and-contour-bundle,0,0,0,quota_limit_reached
15688_muldream,Muldream Trouble Soothing Care,109155,https://www.sociolla.com/skin-care-set/80813-muldream-trouble-soothing-care,0,0,0,quota_limit_reached
1259_mother-of-pearl,"G.W.S. (Gleaming, Wonderful, Shiny) Plump Gloss",105377,https://www.sociolla.com/lip-gloss/77035-g-w-s-gleaming-wonderful-shiny-plump-gloss,0,0,0,quota_limit_reached
15688_muldream,Muldream Intense Facial Care,109154,https://www.sociolla.com/skin-care-set/80812-muldream-intense-facial-care,0,0,0,quota_limit_reached
15688_muldream,Muldream Fresh Facial Care,109153,https://www.sociolla.com/skin-care-set/80811-muldream-fresh-facial-care,0,0,0,quota_limit_reached
15688_muldream,Turn Over Intensive Serum - Niacinamide & Peptide,106703,https://www.sociolla.com/face-serum/78361-turn-over-intensive-serum-niacinamide-and-peptide,0,0,0,quota_limit_reached
15688_muldream,Premium Biome Sun Cream Spf50+ / Pa++,106706,https://www.sociolla.com/sunscreen/78364-premium-biome-sun-cream-spf50-pa,0,0,0,quota_limit_reached
15688_muldream,Deep Repair Serum - Ceramide Np & Hyaluronic,106705,https://www.sociolla.com/face-serum/78363-deep-repair-serum-ceramide-np-and-hyaluronic,0,0,0,quota_limit_reached
15688_muldream,Vegan Clear Skin Aha Pha Ampoule,106697,https://www.sociolla.com/ampoule/78355-vegan-clear-skin-aha-pha-ampoule,0,0,0,quota_limit_reached
15688_muldream,Vegan Green Mild Fresh Facial Cream,106688,https://www.sociolla.com/face-cream-lotion/78346-vegan-green-mild-fresh-facial-cream,0,0,0,quota_limit_reached
15688_muldream,Vegan Green Mild Hyaluron Ampoule,106695,https://www.sociolla.com/ampoule/78353-vegan-green-mild-hyaluron-ampoule,0,0,0,quota_limit_reached
15688_muldream,Vegan Green Mild Fresh Serum Toner,106686,https://www.sociolla.com/toner/78344-vegan-green-mild-fresh-serum-toner,0,0,0,quota_limit_reached
15688_muldream,Vegan Green Mild Intense Facial Cream,106689,https://www.sociolla.com/face-cream-lotion/78347-vegan-green-mild-intense-facial-cream,0,0,0,quota_limit_reached
15688_muldream,Ac Tea Tree Fresh Foaming Cleanser,106707,https://www.sociolla.com/face-wash/78365-ac-tea-tree-fresh-foaming-cleanser,0,0,0,quota_limit_reached
15688_muldream,Vegan Green Mild Cica Ampoule,106694,https://www.sociolla.com/ampoule/78352-vegan-green-mild-cica-ampoule,0,0,0,quota_limit_reached
15688_muldream,Brightening Glow Serum - Aha & Vitaminc,106702,https://www.sociolla.com/face-serum/78360-brightening-glow-serum-aha-and-vitaminc,0,0,0,quota_limit_reached
15688_muldream,Vegan Green Mild Vita Ampoule,106696,https://www.sociolla.com/ampoule/78354-vegan-green-mild-vita-ampoule,0,0,0,quota_limit_reached
15688_muldream,Brightening Glow Facial Cream - Aha & Vitaminc,106700,https://www.sociolla.com/face-cream-lotion/78358-brightening-glow-facial-cream-aha-and-vitaminc,0,0,0,quota_limit_reached
15688_muldream,Vegan Green Mild Tea Tree Pore Mask,106692,https://www.sociolla.com/sheet-mask/78350-vegan-green-mild-tee-tree-pore-mask,0,0,0,quota_limit_reached
15688_muldream,Muldream Starter Care Set,107430,https://www.sociolla.com/skin-care-set/79088-muldream-starter-care-set,0,0,0,quota_limit_reached
15688_muldream,Muldream Facial Mask Pack,107441,https://www.sociolla.com/sheet-mask/79099-muldream-facial-mask-pack,0,0,0,quota_limit_reached
15688_muldream,Muldream Intensive Youthful Care,107432,https://www.sociolla.com/skin-care-set/79090-muldream-intensive-youthful-care,0,0,0,quota_limit_reached
15688_muldream,Vegan Green Mild All In One Mask,106690,https://www.sociolla.com/sheet-mask/78348-vegan-green-mild-all-in-one-mask,0,0,0,quota_limit_reached
15688_muldream,Deep Calming Serum - Aloe & Spirulina,106704,https://www.sociolla.com/face-serum/78362-deep-calming-serum-aloe-and-spirulina,0,0,0,quota_limit_reached
15688_muldream,Vegan Green Mild Flower Cell Mask,106693,https://www.sociolla.com/sheet-mask/78351-vegan-green-mild-flower-cell-mask,0,0,0,quota_limit_reached
15688_muldream,Vegan Green Mild Intense Serum Toner,106687,https://www.sociolla.com/toner/78345-vegan-green-mild-intense-serum-toner,0,0,0,quota_limit_reached
15688_muldream,Vegan Green Mild All In One Moisturizer,106699,https://www.sociolla.com/face-mist/78357-vegan-green-mild-all-in-one-moisturizer,0,0,0,quota_limit_reached
15688_muldream,Vegan Green Mild Hyaluron S.O.S Mask,106691,https://www.sociolla.com/sheet-mask/78349-vegan-green-mild-hyaluron-s-o-s-mask,0,0,0,quota_limit_reached
15688_muldream,Muldream First Aid Kit,109151,https://www.sociolla.com/skin-care-set/80809-muldream-first-aid-kit,0,0,0,quota_limit_reached
15688_muldream,Muldream Brightening Glow Care,107433,https://www.sociolla.com/skin-care-set/79091-muldream-brightening-glow-care,0,0,0,quota_limit_reached
15688_muldream,Vegan Green Mild Mist,106698,https://www.sociolla.com/face-mist/78356-vegan-green-mild-mist,0,0,0,quota_limit_reached
15688_muldream,Turn Over Intensive Facial Cream - Niacinamide & Peptide,106701,https://www.sociolla.com/face-cream-lotion/78359-turn-over-intensive-facial-cream-niacinamide-and-peptide,0,0,0,quota_limit_reached
15688_muldream,Muldream Your Essentials Kit,109152,https://www.sociolla.com/skin-care-set/80810-muldream-your-essentials-kit,0,0,0,quota_limit_reached
562_murad,Vita -C Glycolic Brightening Serum,95280,https://www.sociolla.com/face-serum/66938-vita-c-glycolic-brightening-serum,0,0,0,quota_limit_reached
562_murad,Nutrient-Charged Water Gel,95272,https://www.sociolla.com/face-gel/66930-nutrient-charged-water-gel,0,0,0,quota_limit_reached
562_murad,Essential-C Toner,95281,https://www.sociolla.com/toner/66939-essential-c-toner,0,0,0,quota_limit_reached
562_murad,Renewing Eye Cream,95285,https://www.sociolla.com/eye-cream/66943-renewing-eye-cream,0,0,0,quota_limit_reached
562_murad,Clarifying Body Spray,95232,https://www.sociolla.com/acne-treatment-sealing-gel-cream/66890-clarifying-body-spray,0,0,0,quota_limit_reached
562_murad,AHA/BHA Exfoliating Cleanser,95261,https://www.sociolla.com/acne-blemish-treatments/66919-aha-bha-exfoliating-cleanser,0,0,0,quota_limit_reached
562_murad,Vita-C Rapid Dark Circle Corrector,95282,https://www.sociolla.com/anti-aging/66940-vita-c-rapid-dark-circle-corrector,0,0,0,quota_limit_reached
562_murad,Prebiotic 4-in-1 MultiCleanser,95246,https://www.sociolla.com/acne-blemish-treatments/66904-prebiotic-4-in-1-multicleanser,0,0,0,quota_limit_reached
562_murad,Renewing Cleansing Cream,95283,https://www.sociolla.com/anti-aging/66941-renewing-cleansing-cream,0,0,0,quota_limit_reached
562_murad,Clarifying Oil Free Water Gel,95241,https://www.sociolla.com/face-gel/66899-clarifying-oil-free-water-gel,0,0,0,quota_limit_reached
562_murad,Skin Smoothing Polish,95243,https://www.sociolla.com/acne-blemish-treatments/66901-skin-smoothing-polish,0,0,0,quota_limit_reached
824_mutouch,Goat's Milk Shower Cream Pearl and Mulberry 800 ml,83528,https://www.sociolla.com/body-wash/55186-goat-s-milk-shower-cream-pearl-and-mulberry,0,0,0,quota_limit_reached
562_murad,Clarifying Toner,95234,https://www.sociolla.com/acne-blemish-treatments/66892-clarifying-toner,0,0,0,quota_limit_reached
824_mutouch,Goat's Milk Shower Cream Royal Jelly and Honey,26712,https://www.sociolla.com/body-wash/37620-goats-milk-shower-cream-royal-jelly-and-honey,0,0,0,quota_limit_reached
824_mutouch,Body Lotion Red Snow – Skin Protection,90027,https://www.sociolla.com/body-lotion/61685-body-lotion-red-snow-skin-protection,0,0,0,quota_limit_reached
824_mutouch,Body Lotion Goats Milk With Collagen and Vitamin,83533,https://www.sociolla.com/body-lotion/55191-body-lotion-goats-milk-with-collagen-and-vitamin,0,0,0,quota_limit_reached
824_mutouch,Goat's Milk Shower Cream Green Tea,26788,https://www.sociolla.com/body-wash/42451-goats-milk-shower-cream-green-tea,0,0,0,quota_limit_reached
824_mutouch,Shower Scrub Argan Oil & Walnut,83537,https://www.sociolla.com/body-wash/55195-shower-scrub-argan-oil-and-walnut,0,0,0,quota_limit_reached
824_mutouch,Body Lotion Goats Milk With Pearl & Mulberry,83532,https://www.sociolla.com/body-lotion-body-serum/55190-body-lotion-goats-milk-with-pearl-and-mulberry,0,0,0,quota_limit_reached
824_mutouch,Goat's Milk Shower Cream Royal Jelly and Honey 800 ml,83529,https://www.sociolla.com/body-wash/55187-goat-s-milk-shower-cream-royal-jelly-and-honey,0,0,0,quota_limit_reached
824_mutouch,Body Lotion Goats Milk With Habbatus Sauda,83534,https://www.sociolla.com/body-lotion/55192-body-lotion-goats-milk-with-habbatus-sauda,0,0,0,quota_limit_reached
824_mutouch,"Goat’s Milk Shower Cream with Habbatus Sauda, Olive Oil and Honey 800 ml",83531,https://www.sociolla.com/body-wash/55189-goat-s-milk-shower-cream-with-habbatus-sauda-olive-oil-and-honey,0,0,0,quota_limit_reached
824_mutouch,Goat's Milk Shower Cream Pearl and Mulberry 450 ml,83540,https://www.sociolla.com/body-wash/55198-goat-s-milk-shower-cream-pearl-and-mulberry-450-ml,0,0,0,quota_limit_reached
824_mutouch,White Body Lotion Brightening and Moisturizing,104833,https://www.sociolla.com/body-lotion-body-serum/76491-white-body-lotion-brightening-and-moisturizing,0,0,0,quota_limit_reached
824_mutouch,Goat's Milk Shower Cream Pearl and Mulberry,26782,https://www.sociolla.com/body-wash/37724-goats-milk-shower-cream-pearl-and-mulberry,0,0,0,quota_limit_reached
824_mutouch,White Shower Cream Brightening and Moisturizing,104832,https://www.sociolla.com/body-wash/76490-white-shower-cream-brightening-and-moisturizing,0,0,0,quota_limit_reached
824_mutouch,Goat's Milk Shower Cream Green Tea 800 ml,83530,https://www.sociolla.com/body-wash/55188-goat-s-milk-shower-cream-green-tea,0,0,0,quota_limit_reached
824_mutouch,Goat's Milk Shower Cream English Lavender and Rosemary,73892,https://www.sociolla.com/body-wash/27072-goat-s-milk-shower-cream-english-lavender-and-rosemary,0,0,0,quota_limit_reached
824_mutouch,Goat's Milk Shower Cream Green Tea 450 ml,83542,https://www.sociolla.com/body-wash/55200-goat-s-milk-shower-cream-green-tea-450-ml,0,0,0,quota_limit_reached
824_mutouch,"Goat’s Milk Shower Cream with Habbatus Sauda, Olive Oil and Honey 450 ml",83543,https://www.sociolla.com/body-wash/55201-goat-s-milk-shower-cream-with-habbatus-sauda-olive-oil-and-honey-450-ml,0,0,0,quota_limit_reached
824_mutouch,Whitening Body Serum Hydrating Spray,83535,https://www.sociolla.com/body-lotion/55193-whitening-body-serum-hydrating-spray,0,0,0,quota_limit_reached
824_mutouch,"Goat’s Milk Shower Cream with Habbatus Sauda, Olive Oil and Honey",73893,https://www.sociolla.com/body-wash/27073-goat-s-milk-shower-cream-with-habbatus-sauda-olive-oil-and-honey,0,0,0,quota_limit_reached
824_mutouch,Whitening Body Serum Revitalizing Spray,83536,https://www.sociolla.com/body-lotion/55194-whitening-body-serum-revitalizing-spray,0,0,0,quota_limit_reached
577_nacific,Glossy Mood Lip Tint,86610,https://www.sociolla.com/lip-tint/58268-glossy-mood-lip-tint,0,0,0,quota_limit_reached
577_nacific,Phyto Niacin Whitening Essence Set,91814,https://www.sociolla.com/skin-care-set/63472-phyto-niacin-whitening-essence-set,0,0,0,quota_limit_reached
577_nacific,Phyto Niacin Whitening Essence,19843,https://www.sociolla.com/essence/11842-phyto-niacin-whitening-essence,0,0,0,quota_limit_reached
824_mutouch,Goat's Milk Shower Cream Royal Jelly and Honey 450 ml,83541,https://www.sociolla.com/body-wash/55199-goat-s-milk-shower-cream-royal-jelly-and-honey-450-ml,0,0,0,quota_limit_reached
577_nacific,Daily Mood Lip Cream,71591,https://www.sociolla.com/makeup/24771-daily-mood-lip-cream,0,0,0,quota_limit_reached
577_nacific,Salicylic Acid Clarifying Mask Pack,106816,https://www.sociolla.com/sheet-mask/78474-salicylic-acid-clarifying-mask-pack,0,0,0,quota_limit_reached
577_nacific,Niacinamide Brightening Mask Pack,106814,https://www.sociolla.com/sheet-mask/78472-niacinamide-brightening-mask-pack,0,0,0,quota_limit_reached
577_nacific,Cica Tea Tree Relaxing Mask Pack,106813,https://www.sociolla.com/sheet-mask/78471-cica-tea-tree-relaxing-mask-pack,0,0,0,quota_limit_reached
577_nacific,Herb Retinol Relief Mask Pack,106815,https://www.sociolla.com/sheet-mask/78473-herb-retinol-relief-mask-pack,0,0,0,quota_limit_reached
577_nacific,AHABHA Balancing Mask Pack,106817,https://www.sociolla.com/sheet-mask/78475-ahabha-balancing-mask-pack,0,0,0,quota_limit_reached
577_nacific,Vita Ceramide Moisture Mask Pack,106818,https://www.sociolla.com/sheet-mask/78476-vita-ceramide-moisture-mask-pack,0,0,0,quota_limit_reached
577_nacific,Uyu Cream,106808,https://www.sociolla.com/face-cream-lotion/78466-uyu-cream,0,0,0,quota_limit_reached
577_nacific,Sun Essence,102925,https://www.sociolla.com/sunscreen/74583-sun-essence,0,0,0,quota_limit_reached
577_nacific,Fresh Herb Origin Skin Care Kit,91815,https://www.sociolla.com/skin-care-set/63473-fresh-herb-origin-skin-care-kit,0,0,0,quota_limit_reached
577_nacific,Fresh Herb Origin Cleansing Water Bakuchiol,105697,https://www.sociolla.com/micellar-water/77355-fresh-herb-origin-cleansing-water-bakuchiol,0,0,0,quota_limit_reached
577_nacific,Fresh Herb Origin Serum,19700,https://www.sociolla.com/face-serum/12698-fresh-herb-origin-serum,0,0,0,quota_limit_reached
577_nacific,Super Clean Foam Cleanser,91809,https://www.sociolla.com/face-wash/63467-super-clean-foam-cleanser,0,0,0,quota_limit_reached
577_nacific,Phyto Niacin Whitening Sleeping Mask,75400,https://www.sociolla.com/sleeping-mask/28583-phyto-niacin-whitening-sleeping-mask,0,0,0,quota_limit_reached
577_nacific,Pink AHABHA Toner,84662,https://www.sociolla.com/toner/56320-pink-ahabha-toner,0,0,0,quota_limit_reached
577_nacific,Vegan Lipglow,106812,https://www.sociolla.com/lip-balm/78470-vegan-lipglow,0,0,0,quota_limit_reached
577_nacific,Fresh Herb Origin Cream,22767,https://www.sociolla.com/face-cream-lotion/11836-fresh-herb-origin-cream,0,0,0,quota_limit_reached
577_nacific,Lovely Mood Eye Palette,91122,https://www.sociolla.com/eyeshadow/62780-lovely-mood-eye-palette,0,0,0,quota_limit_reached
577_nacific,Fresh Herb Origin Cleansing Oil Bakuchiol,105698,https://www.sociolla.com/cleansing-oil/77356-fresh-herb-origin-cleansing-oil-bakuchiol,0,0,0,quota_limit_reached
577_nacific,Uyu Cream Ampoule,106809,https://www.sociolla.com/ampoule/78467-uyu-cream-ampoule,0,0,0,quota_limit_reached
577_nacific,Bakuchiol Cleansing Series Set,105888,https://www.sociolla.com/cleansing-oil/77546-bakuchiol-cleansing-series-set,0,0,0,quota_limit_reached
577_nacific,Fresh Herb Origin Toner,22753,https://www.sociolla.com/toner/11841-fresh-herb-origin-toner,0,0,0,quota_limit_reached
577_nacific,Acne Cica Plus Clear Cream,90851,https://www.sociolla.com/face-cream-lotion/62509-acne-cica-plus-clear-cream,0,0,0,quota_limit_reached
577_nacific,Origin Red Salicylic Acid Spot Cream,97728,https://www.sociolla.com/acne-blemish-treatments/69386-origin-red-salicylic-acid-spot-cream,0,0,0,quota_limit_reached
577_nacific,Uyu Toner,106811,https://www.sociolla.com/toner/78469-uyu-toner,0,0,0,quota_limit_reached
577_nacific,Origin Serum Set,73016,https://www.sociolla.com/skin-care-set/26196-origin-serum-set,0,0,0,quota_limit_reached
577_nacific,Origin Red Salicylic Acid Toner,97726,https://www.sociolla.com/toner/69384-origin-red-salicylic-acid-toner,0,0,0,quota_limit_reached
577_nacific,Acne Cica Plus Clear Toner,90850,https://www.sociolla.com/toner/62508-acne-cica-plus-clear-toner,0,0,0,quota_limit_reached
577_nacific,Fresh Herb Origin Revival Serum,102911,https://www.sociolla.com/face-mist/74569-fresh-herb-origin-revival-serum,0,0,0,quota_limit_reached
577_nacific,Acne Cica Plus Clear Serum,90852,https://www.sociolla.com/face-serum/62510-acne-cica-plus-clear-serum,0,0,0,quota_limit_reached
577_nacific,Fresh Herb Origin Eye Cream,92433,https://www.sociolla.com/eye-care/64091-fresh-herb-origin-eye-cream,0,0,0,quota_limit_reached
577_nacific,Allday Wonderproof Penliner,86606,https://www.sociolla.com/eyeliner/58264-allday-wonderproof-penliner,0,0,0,quota_limit_reached
577_nacific,Pink AHABHA Serum,84661,https://www.sociolla.com/face-serum/56319-pink-ahabha-serum,0,0,0,quota_limit_reached
577_nacific,Luv Luv Lip Scrub,86876,https://www.sociolla.com/lip-scrub/58534-luv-luv-lip-scrub,0,0,0,quota_limit_reached
577_nacific,Juicy Mood Blusher,86605,https://www.sociolla.com/blush/58263-juicy-mood-blusher,0,0,0,quota_limit_reached
577_nacific,Pink AHABHA Serum,92434,https://www.sociolla.com/face-serum/64092-pink-ahabha-serum,0,0,0,quota_limit_reached
577_nacific,Phyto Niacin Whitening Toner,22755,https://www.sociolla.com/toner/11845-phyto-niacin-whitening-toner,0,0,0,quota_limit_reached
577_nacific,Acne Cica Plus Clear Kit Skin Care,92435,https://www.sociolla.com/default-category/64093-acne-cica-plus-clear-kit-skin-care,0,0,0,quota_limit_reached
577_nacific,Day Night Whitening & Origin Serum Set,91816,https://www.sociolla.com/default-category/63474-day-night-whitening-and-origin-serum-set,0,0,0,quota_limit_reached
577_nacific,Pink AHABHA Kit Skin Care,92436,https://www.sociolla.com/default-category/64094-pink-ahabha-kit-skin-care,0,0,0,quota_limit_reached
577_nacific,Pink AHABHA Cream,84660,https://www.sociolla.com/face-cream-lotion/56318-pink-ahabha-cream,0,0,0,quota_limit_reached
687_nama-beauty,Duo-Glo Cushion Eyeshadow,92478,https://www.sociolla.com/eyeshadow/64136-duo-glo-cushion-eyeshadow,0,0,0,quota_limit_reached
687_nama-beauty,Careskin Acne Spot Treatment Gel,107019,https://www.sociolla.com/acne-treatment-sealing-gel-cream/78677-careskin-acne-spot-treatment-gel,0,0,0,quota_limit_reached
687_nama-beauty,Power Balm 3-in-1 Anti-Wrinkle Moisturizing Stick,100590,https://www.sociolla.com/face-cream-lotion/72248-power-balm-3-in-1-anti-wrinkle-moisturizing-stick,0,0,0,quota_limit_reached
577_nacific,Origin Red Salicylic Acid Serum,97714,https://www.sociolla.com/face-serum/69372-origin-red-salicylic-acid-serum,0,0,0,quota_limit_reached
687_nama-beauty,Cleanskin Acne Cleansing Gel,107014,https://www.sociolla.com/face-wash/78672-cleanskin-acne-cleansing-gel,0,0,0,quota_limit_reached
687_nama-beauty,Serum C Booster,89205,https://www.sociolla.com/face-serum/60863-serum-c-booster,0,0,0,quota_limit_reached
687_nama-beauty,Triple Action Beauty Stick,96921,https://www.sociolla.com/lipstick/68579-triple-action-beauty-stick,0,0,0,quota_limit_reached
687_nama-beauty,Bareskin Pure Micellar Water,107025,https://www.sociolla.com/micellar-water/78683-bareskin-pure-micellar-water,0,0,0,quota_limit_reached
687_nama-beauty,Bareskin Oil-Infused Micellar Water,100588,https://www.sociolla.com/micellar-water/72246-bareskin-oil-infused-micellar-water,0,0,0,quota_limit_reached
687_nama-beauty,Micro Tip Brow Definer,107013,https://www.sociolla.com/eyebrows/78671-micro-tip-brow-definer,0,0,0,quota_limit_reached
687_nama-beauty,Careskin Acne Marks Treatment Gel,107021,https://www.sociolla.com/acne-treatment-sealing-gel-cream/78679-careskin-acne-marks-treatment-gel,0,0,0,quota_limit_reached
687_nama-beauty,2 In1 Face Matte Booster Face Spray,95180,https://www.sociolla.com/moisturizer/66838-2-in1-face-matte-booster-face-spray,0,0,0,quota_limit_reached
687_nama-beauty,Careskin Acne Prone Face Serum,107016,https://www.sociolla.com/face-serum/78674-careskin-acne-prone-face-serum,0,0,0,quota_limit_reached
687_nama-beauty,Freshskin Acne Face Toner,107015,https://www.sociolla.com/toner/78673-freshskin-acne-face-toner,0,0,0,quota_limit_reached
687_nama-beauty,Hydraskin Acne Sense Moisturizing Gel,107017,https://www.sociolla.com/face-cream-lotion/78675-hydraskin-acne-sense-moisturizing-gel,0,0,0,quota_limit_reached
687_nama-beauty,Luminous Glow Highlighter Palette,100748,https://www.sociolla.com/highlighter/72406-luminous-glow-highlighter-palette,0,0,0,quota_limit_reached
687_nama-beauty,Hydraskin Brightening Luminous Moisturizer & Primer,95138,https://www.sociolla.com/face-cream-lotion/66796-hydraskin-brightening-luminous-moisturizer-and-primer,0,0,0,quota_limit_reached
687_nama-beauty,Reusable Facial Pads,100594,https://www.sociolla.com/cotton-pad/72252-reusable-facial-pads,0,0,0,quota_limit_reached
687_nama-beauty,Cleanskin Deep Cleansing Gel,95136,https://www.sociolla.com/face-wash/66794-cleanskin-deep-cleansing-gel,0,0,0,quota_limit_reached
687_nama-beauty,Glamorous Glow Highlighter Palette,100586,https://www.sociolla.com/highlighter/72244-glamorous-glow-highlighter-palette,0,0,0,quota_limit_reached
687_nama-beauty,Sunshield Ultra-Light Tone Up Face Protection PAH31 SPF43 PA+++,100575,https://www.sociolla.com/sunscreen/72233-sunshield-ultra-light-tone-up-face-protection-pah31-spf43-pa,0,0,0,quota_limit_reached
687_nama-beauty,Power Powder Matte Finish Compact,100581,https://www.sociolla.com/pressed-powder/72239-power-powder-matte-finish-compact,0,0,0,quota_limit_reached
687_nama-beauty,Trueskin Anti-Aging UV Filter Liquid Foundation,100593,https://www.sociolla.com/foundation/72251-trueskin-anti-aging-uv-filter-liquid-foundation,0,0,0,quota_limit_reached
687_nama-beauty,Freshskin Balancing Face Toner,95137,https://www.sociolla.com/toner/66795-freshskin-balancing-face-toner,0,0,0,quota_limit_reached
687_nama-beauty,Daily C Gen,89204,https://www.sociolla.com/skin-supplement/60862-daily-c-gen,0,0,0,quota_limit_reached
687_nama-beauty,Play All Day Matte Lipcream,97146,https://www.sociolla.com/lip-cream/68804-play-all-day-matte-lipcream,0,0,0,quota_limit_reached
687_nama-beauty,Stick With Me Velvet Matte Lipstick,97507,https://www.sociolla.com/lipstick/69165-stick-with-me-velvet-matte-lipstick,0,0,0,quota_limit_reached
687_nama-beauty,NAMA Smooth Kiss Lip Tint,97760,https://www.sociolla.com/lip-tint/69418-nama-smooth-kiss-lip-tint,0,0,0,quota_limit_reached
687_nama-beauty,Mascara Perfect Black,92479,https://www.sociolla.com/mascara/64137-mascara-perfect-black,0,0,0,quota_limit_reached
687_nama-beauty,Natural Brow Pencil,92480,https://www.sociolla.com/eyebrows/64138-natural-brow-pencil,0,0,0,quota_limit_reached
687_nama-beauty,RegenSkin Anti-Aging Moisturizer Hand & Body,100576,https://www.sociolla.com/body-lotion-body-serum/72234-regenskin-anti-aging-moisturizer-hand-and-body,0,0,0,quota_limit_reached
687_nama-beauty,Micro Smooth Matte Eyeliner Gel,100580,https://www.sociolla.com/eyeliner/72238-micro-smooth-matte-eyeliner-gel,0,0,0,quota_limit_reached
1372_natracare,Ultra Pads Regular with Wings,95207,https://www.sociolla.com/default-category/66865-ultra-pads-regular-with-wings,0,0,0,quota_limit_reached
687_nama-beauty,Perfect Line Waterproof Duo-Tip Eyeliner Pen,100577,https://www.sociolla.com/eyeliner/72235-perfect-line-waterproof-duo-tip-eyeliner-pen,0,0,0,quota_limit_reached
1372_natracare,Ultra EXTRA pads Long,95212,https://www.sociolla.com/default-category/66870-ultra-extra-pads-long,0,0,0,quota_limit_reached
1372_natracare,Panty liner Long Wrapped,95217,https://www.sociolla.com/default-category/66875-panty-liner-long-wrapped,0,0,0,quota_limit_reached
1372_natracare,Panty liner Normal Wrapped,95216,https://www.sociolla.com/default-category/66874-panty-liner-normal-wrapped,0,0,0,quota_limit_reached
1372_natracare,Maxi Pads Non Wings Super 12s,95214,https://www.sociolla.com/sanitary/66872-maxi-pads-non-wings-super-12s,0,0,0,quota_limit_reached
1372_natracare,Ultra Pads Long with Wings,95209,https://www.sociolla.com/default-category/66867-ultra-pads-long-with-wings,0,0,0,quota_limit_reached
1372_natracare,Ultra EXTRA pads Regular,95210,https://www.sociolla.com/sanitary/66868-ultra-extra-pads-regular,0,0,0,quota_limit_reached
1372_natracare,Maxi Pads Non Wings Reguler 14s,95213,https://www.sociolla.com/default-category/66871-maxi-pads-non-wings-reguler-14s,0,0,0,quota_limit_reached
1372_natracare,Ultra Pads Super with Wings,95208,https://www.sociolla.com/default-category/66866-ultra-pads-super-with-wings,0,0,0,quota_limit_reached
1372_natracare,Maternity Pads NON Wings 10s,95215,https://www.sociolla.com/pads/66873-maternity-pads-non-wings-10s,0,0,0,quota_limit_reached
1372_natracare,Ultra EXTRA pads Super,95211,https://www.sociolla.com/default-category/66869-ultra-extra-pads-super,0,0,0,quota_limit_reached
1372_natracare,Applicator Tampons Extra/ Super,95202,https://www.sociolla.com/default-category/66860-applicator-tampons-extra-super,0,0,0,quota_limit_reached
1372_natracare,Digital Tampons Super 20,95204,https://www.sociolla.com/default-category/66862-digital-tampons-super-20,0,0,0,quota_limit_reached
1372_natracare,Applicator Tampon Regular,95201,https://www.sociolla.com/tampons/66859-applicator-tampon-regular,0,0,0,quota_limit_reached
1372_natracare,Digital Tampons Super 10,95206,https://www.sociolla.com/default-category/66864-digital-tampons-super-10,0,0,0,quota_limit_reached
1372_natracare,Digital Tampons Regular 20,95203,https://www.sociolla.com/default-category/66861-digital-tampons-regular-20,0,0,0,quota_limit_reached
1372_natracare,Digital Tampons Regular 10,95205,https://www.sociolla.com/sanitary/66863-digital-tampons-regular-10,0,0,0,quota_limit_reached
654_nature-republic,Hand & Nature Cotton Baby Hand Cream,105499,https://www.sociolla.com/body-lotion-body-serum/77157-hand-and-nature-cotton-baby-hand-cream,0,0,0,quota_limit_reached
654_nature-republic,Real Nature,98516,https://www.sociolla.com/sheet-mask/70174-mat-na-giay-nature-republic-real-nature-mask-sheet-23ml,0,0,0,quota_limit_reached
654_nature-republic,Soothing & Moisture Aloe Vera 92% Soothing Gel(Tube),105513,https://www.sociolla.com/body-lotion-body-serum/77171-soothing-and-moisture-aloe-vera-92-soothing-gel-tube,0,0,0,quota_limit_reached
654_nature-republic,Soothing & Moisture Aloe Vera 92% Soothing Gel,99615,https://www.sociolla.com/face-gel/71273-gel-duong-am-chiet-xuat-lo-hoi-nature-republic-aloe-vera-soothing-and-moisture-92-300ml,0,0,0,quota_limit_reached
654_nature-republic,Essential Lip Balm,105473,https://www.sociolla.com/lip-balm/77131-essential-lip-balm,0,0,0,quota_limit_reached
654_nature-republic,Fresh Herb Aloe Cleansing Foam,105463,https://www.sociolla.com/face-wash/77121-fresh-herb-aloe-cleansing-foam,0,0,0,quota_limit_reached
654_nature-republic,Good Skin Niacinamide Ampoule,105457,https://www.sociolla.com/ampoule/77115-good-skin-niacinamide-ampoule,0,0,0,quota_limit_reached
654_nature-republic,Real Nature Green Tea Mask Sheet,20397,https://www.sociolla.com/sheet-mask/34615-real-nature-mask-sheet-green-tea,0,0,0,quota_limit_reached
654_nature-republic,Real Nature Tea Tree Mask Sheet,20398,https://www.sociolla.com/sheet-mask/41165-real-nature-tea-tree-mask-sheet,0,0,0,quota_limit_reached
654_nature-republic,California Aloe Daily Sun Block Spf 50+ Pa++++,105511,https://www.sociolla.com/sunscreen/77169-california-aloe-daily-sun-block-spf49-pa,0,0,0,quota_limit_reached
654_nature-republic,Daily Basic Palette,105474,https://www.sociolla.com/eyeshadow/77132-daily-basic-palette,0,0,0,quota_limit_reached
654_nature-republic,Good Skin Tea Tree Ampoule,105458,https://www.sociolla.com/ampoule/77116-good-skin-tea-tree-ampoule,0,0,0,quota_limit_reached
654_nature-republic,Soothing & Moisture Aloe Vera Foam Cleanser,105494,https://www.sociolla.com/face-wash/77152-soothing-and-moisture-aloe-vera-foam-cleanser,0,0,0,quota_limit_reached
654_nature-republic,Fresh Herb Snaiil Cleansing Foam,105464,https://www.sociolla.com/face-wash/77122-fresh-herb-snaiil-cleansing-foam,0,0,0,quota_limit_reached
654_nature-republic,Hand & Nature Cherry Blossom Hand Cream,105498,https://www.sociolla.com/body-lotion-body-serum/77156-hand-and-nature-cherry-blossom-hand-cream,0,0,0,quota_limit_reached
654_nature-republic,Good Skin Collagen Ampoule,105456,https://www.sociolla.com/ampoule/77114-good-skin-collagen-ampoule,0,0,0,quota_limit_reached
654_nature-republic,California Aloe Moisturizing Tone Up Sun Block Spf50+Pa++++,105512,https://www.sociolla.com/sunscreen/77170-california-aloe-moisturizing-tone-up-sun-block-spf50-pa,0,0,0,quota_limit_reached
654_nature-republic,Daily Fresh Peach Body Wash,105487,https://www.sociolla.com/body-wash/77145-daily-fresh-peach-body-wash,0,0,0,quota_limit_reached
654_nature-republic,Good Skin Niacinamide Mask Sheet,105505,https://www.sociolla.com/face-serum/77163-good-skin-niacinamide-mask-sheet,0,0,0,quota_limit_reached
654_nature-republic,Perfume De Nature Body Lotion_All Day Lily,105468,https://www.sociolla.com/body-lotion-body-serum/77126-perfume-de-nature-body-lotion_all-day-lily,0,0,0,quota_limit_reached
654_nature-republic,Fresh Herb Acerola Cleansing Foam,105492,https://www.sociolla.com/face-wash/77150-fresh-herb-acerola-cleansing-foam,0,0,0,quota_limit_reached
654_nature-republic,Good Skin Vitamin E Ampoule,105514,https://www.sociolla.com/ampoule/77172-good-skin-vitamin-e-ampoule,0,0,0,quota_limit_reached
654_nature-republic,Green Derma Tea Tree Cica Acne Foam Cleanser,105465,https://www.sociolla.com/face-wash/77123-green-derma-tea-tree-cica-acne-foam-cleanser,0,0,0,quota_limit_reached
654_nature-republic,Black Bean Anti Hair Loss Shampoo,105469,https://www.sociolla.com/shampoo/77127-black-bean-anti-hair-loss-shampoo,0,0,0,quota_limit_reached
654_nature-republic,Fresh Herb Peach Cleansing Foam,105493,https://www.sociolla.com/face-wash/77151-fresh-herb-peach-cleansing-foam,0,0,0,quota_limit_reached
654_nature-republic,Black Bean Anti Hair Loss Treatment,105470,https://www.sociolla.com/conditioner/77128-black-bean-anti-hair-loss-treatment,0,0,0,quota_limit_reached
654_nature-republic,Green Derma Tea Tree Cica Big Toner,105459,https://www.sociolla.com/toner/77117-green-derma-tea-tree-cica-big-toner,0,0,0,quota_limit_reached
654_nature-republic,Daily Fresh Peach Body Lotion,105485,https://www.sociolla.com/body-lotion-body-serum/77143-daily-fresh-peach-body-lotion,0,0,0,quota_limit_reached
654_nature-republic,Soothing & Moisture Aloe Vera 92% Soothing Gel Mist,105455,https://www.sociolla.com/body-lotion-body-serum/77113-soothing-and-moisture-aloe-vera-92-soothing-gel-mist,0,0,0,quota_limit_reached
654_nature-republic,Good Skin Tea Tree Mask Sheet,105506,https://www.sociolla.com/face-serum/77164-good-skin-tea-tree-mask-sheet,0,0,0,quota_limit_reached
654_nature-republic,Good Skin Collagen Mask Sheet,105504,https://www.sociolla.com/face-serum/77162-good-skin-collagen-mask-sheet,0,0,0,quota_limit_reached
654_nature-republic,Vitapair C Dark Spot Serum Set (+Cream),105510,https://www.sociolla.com/face-serum/77168-vitapair-c-dark-spot-serum-set-cream,0,0,0,quota_limit_reached
654_nature-republic,"Ginseng Ampoule Cushion Spf50+,Pa+++",105471,https://www.sociolla.com/cushion/77129-ginseng-ampoule-cushion-spf50-pa,0,0,0,quota_limit_reached
654_nature-republic,Hyathenol Hydra Foam Cleanser,105466,https://www.sociolla.com/face-wash/77124-hyathenol-hydra-foam-cleanser,0,0,0,quota_limit_reached
654_nature-republic,Argan Essential Deep Care Conditioner,105495,https://www.sociolla.com/conditioner/77153-argan-essential-deep-care-conditioner,0,0,0,quota_limit_reached
654_nature-republic,Hyathenol Hydra Toner,105461,https://www.sociolla.com/toner/77119-hyathenol-hydra-toner,0,0,0,quota_limit_reached
654_nature-republic,Perfume De Nature Body Wash_All Day Lily,105467,https://www.sociolla.com/body-wash/77125-perfume-de-nature-body-wash_all-day-lily,0,0,0,quota_limit_reached
654_nature-republic,Hyathenol Hydra Ampoule,105462,https://www.sociolla.com/ampoule/77120-hyathenol-hydra-ampoule,0,0,0,quota_limit_reached
654_nature-republic,Hand & Nature Rose Hand Cream,105501,https://www.sociolla.com/body-lotion-body-serum/77159-hand-and-nature-rose-hand-cream,0,0,0,quota_limit_reached
654_nature-republic,California Aloe Fresh Powdery Sun Stick Spf50+Pa++++,100081,https://www.sociolla.com/sunscreen/71739-kem-chong-nang-nature-republic-california-aloe-fresh-powdery-sun-stick-spf50-pa-24g,0,0,0,quota_limit_reached
654_nature-republic,Hand & Nature Shea Butter Hand Cream,105502,https://www.sociolla.com/body-lotion-body-serum/77160-hand-and-nature-shea-butter-hand-cream,0,0,0,quota_limit_reached
654_nature-republic,Hand & Nature White Musk Hand Cream,105503,https://www.sociolla.com/body-lotion-body-serum/77161-hand-and-nature-white-musk-hand-cream,0,0,0,quota_limit_reached
654_nature-republic,By Flower Blusher,105476,https://www.sociolla.com/blush/77134-by-flower-blusher,0,0,0,quota_limit_reached
654_nature-republic,Hand & Nature Apple Mango Hand Cream,105497,https://www.sociolla.com/body-lotion-body-serum/77155-hand-and-nature-apple-mango-hand-cream,0,0,0,quota_limit_reached
654_nature-republic,Botanical Auto Eyebrow 03 Ash Mocha,105475,https://www.sociolla.com/eyebrows/77133-botanical-auto-eyebrow-03-ash-mocha,0,0,0,quota_limit_reached
654_nature-republic,Hand & Nature Lily Hand Cream,105500,https://www.sociolla.com/body-lotion-body-serum/77158-hand-and-nature-lily-hand-cream,0,0,0,quota_limit_reached
654_nature-republic,Lip Bubble Scrub,105478,https://www.sociolla.com/lip-scrub/77136-lip-bubble-scrub,0,0,0,quota_limit_reached
323_neogen-dermalogy,Vita Duo Cream Joan Day Joan Night,35993,https://www.sociolla.com/face-cream-lotion/14410-vita-duo-cream-joan-day-joan-night,0,0,0,quota_limit_reached
323_neogen-dermalogy,Bio Peel Wine Class,69787,https://www.sociolla.com/peeling/13376-bio-peel-wine-class,0,0,0,quota_limit_reached
323_neogen-dermalogy,Bio Peel Green Tea Class,69788,https://www.sociolla.com/peeling/13374-bio-peel-green-tea-class,0,0,0,quota_limit_reached
323_neogen-dermalogy,Bio Peel Gauze Peeling - 30 Pads,33132,https://www.sociolla.com/peeling/9419-bio-peel-gauze-peeling-30-pads,0,0,0,quota_limit_reached
323_neogen-dermalogy,Shine Bright & Lemon Small Jar,100490,https://www.sociolla.com/skincare/72148-neogen-dermalogy,0,0,0,quota_limit_reached
323_neogen-dermalogy,Bio Peel Gauze Peeling  Lemon,91919,https://www.sociolla.com/scrub-exfoliator/63577-bio-peel-gauze-peeling-lemon,0,0,0,quota_limit_reached
323_neogen-dermalogy,Bio Peel Gauze Peeling Wine,91920,https://www.sociolla.com/scrub-exfoliator/63578-bio-peel-gauze-peeling-wine,0,0,0,quota_limit_reached
323_neogen-dermalogy,Pore Clear Bha Pad,103685,https://www.sociolla.com/scrub-exfoliator/75343-pore-clear-bha-pad,0,0,0,quota_limit_reached
323_neogen-dermalogy,Calmee & Wine Small,100492,https://www.sociolla.com/default-category/72150-calmee-and-wine-small,0,0,0,quota_limit_reached
323_neogen-dermalogy,Real Fresh Foam,19958,https://www.sociolla.com/face-wash/9417-real-fresh-foam,0,0,0,quota_limit_reached
323_neogen-dermalogy,Bio Peel Lemon Class,69801,https://www.sociolla.com/peeling/13375-bio-peel-lemon-class,0,0,0,quota_limit_reached
323_neogen-dermalogy,H2 Derma Deca,9901,https://www.sociolla.com/default-category/11150-h2-derma-deca,0,0,0,quota_limit_reached
323_neogen-dermalogy,Bio Peel Gauze Peeling Greentea,91917,https://www.sociolla.com/scrub-exfoliator/63575-bio-peel-gauze-peeling-greentea,0,0,0,quota_limit_reached
323_neogen-dermalogy,Dermalogy Real Cica Pad,21730,https://www.sociolla.com/scrub-exfoliator/12184-dermalogy-real-cica-pad,0,0,0,quota_limit_reached
958_neutrogena,Hydro Boost Hyaluronic Acid Water Gel,20661,https://www.sociolla.com/face-gel/45662-hydro-boost-water-gel,0,0,0,quota_limit_reached
323_neogen-dermalogy,Neogen Dermalogy Essence Pad,63883,https://www.sociolla.com/scrub-exfoliator/16765-neogen-dermalogy-essence-pad,0,0,0,quota_limit_reached
323_neogen-dermalogy,Calmee & GT Small,100493,https://www.sociolla.com/skin-care-set/72151-calmee-and-gt-small,0,0,0,quota_limit_reached
958_neutrogena,Deep Clean Blackhead Eliminating Daily Scrub,71752,https://www.sociolla.com/face-wash/24932-deep-clean-blackhead-eliminating-daily-scrub,0,0,0,quota_limit_reached
958_neutrogena,Ultra Sheer Dry -Touch Sunscreen SPF 50+,21427,https://www.sociolla.com/sunscreen/45122-ultra-sheer-dry-touch-sunscreen-spf-50,0,0,0,quota_limit_reached
958_neutrogena,Deep Clean Brightening Foaming Cleanser,71754,https://www.sociolla.com/face-wash/24934-deep-clean-brightening-foaming-cleanser,0,0,0,quota_limit_reached
958_neutrogena,Deep Clean Hydrating Foaming Cleanser,71753,https://www.sociolla.com/face-wash/24933-deep-clean-hydrating-foaming-cleanser,0,0,0,quota_limit_reached
958_neutrogena,Oil-Free Acne Wash,22380,https://www.sociolla.com/face-wash/22380--,0,0,0,quota_limit_reached
958_neutrogena,Double Hydration and Protect Ultra Sheer Dry + HB Serum + HB Water Gel,96936,https://www.sociolla.com/default-category/68594-double-hydration-and-protect-ultra-sheer-dry-hb-serum-hb-water-gel,0,0,0,quota_limit_reached
958_neutrogena,Hydro Boost Gel & Serum Set,92306,https://www.sociolla.com/default-category/63964-hydro-boost-gel-and-serum-set,0,0,0,quota_limit_reached
958_neutrogena,Hydro Boost Water Gel + 3D Mask,96027,https://www.sociolla.com/sheet-mask/67685-hydro-boost-water-gel-3d-mask,0,0,0,quota_limit_reached
958_neutrogena,Hydrate and Protect Set,90896,https://www.sociolla.com/default-category/62554-hydrate-and-protect-set,0,0,0,quota_limit_reached
958_neutrogena,2Pcs Hydro Boost Hyaluronic Acid Water Gel,90753,https://www.sociolla.com/face-gel/62411-2pcs-hydro-boost-water-gel,0,0,0,quota_limit_reached
958_neutrogena,Liquid Pure Mild Facial Cleanser,71751,https://www.sociolla.com/cleanser/24931-liquid-pure-mild-facial-cleanser,0,0,0,quota_limit_reached
958_neutrogena,Hydro Boost Hyaluronic Acid Serum,92036,https://www.sociolla.com/face-serum/63694-hydo-boost-hyaluronic-acid-serum,0,0,0,quota_limit_reached
958_neutrogena,Deep Clean Foaming Cleanser,71755,https://www.sociolla.com/face-wash/24935-deep-clean-foaming-cleanser,0,0,0,quota_limit_reached
958_neutrogena,Deep Clean Acne Foaming Cleanser - Pembersih Wajah 100g,88423,https://www.sociolla.com/face-wash/60081-deep-clean-acne-foaming-cleanser-pembersih-wajah-100g,0,0,0,quota_limit_reached
958_neutrogena,Ultra Gentle Creamy Cleanser,88095,https://www.sociolla.com/cleansing-gel/59753-extra-gentle-cleanser,0,0,0,quota_limit_reached
958_neutrogena,2pcs Hydro Boost Hyaluronic Acid Night Cream,101639,https://www.sociolla.com/default-category/73297-2pcs-hydro-boost-3d-sleeping-mask,0,0,0,quota_limit_reached
958_neutrogena,Hyaluronic Acid Night Cream,75934,https://www.sociolla.com/face-cream-lotion/38300-hydro-boost-3d-sleeping-mask,0,0,0,quota_limit_reached
958_neutrogena,Neutrogena Deep Clean Blackhead Eliminating Daily Scrub - 2 Pcs,72147,https://www.sociolla.com/face-wash/25327-neutrogena-deep-clean-blackhead-eliminating-daily-scrub-2-pcs,0,0,0,quota_limit_reached
958_neutrogena,Hydro Boost Mask & Serum Set,92309,https://www.sociolla.com/default-category/63967-hydro-boost-mask-and-serum-set,0,0,0,quota_limit_reached
958_neutrogena,2 pcs Hyaluronic Acid Serum,92303,https://www.sociolla.com/face-serum/63961-2-pcs-hyaluronic-acid-serum,0,0,0,quota_limit_reached
958_neutrogena,Neutrogena Deep Clean Foaming Cleanser - 2 Pcs,72149,https://www.sociolla.com/face-wash/25329-neutrogena-deep-clean-brightening-foaming-cleanser-2-pcs,0,0,0,quota_limit_reached
958_neutrogena,Cleanse and Protect Ultra Sheer Dry + Micellar Gel,96938,https://www.sociolla.com/sunscreen/68596-cleanse-and-protect-ultra-sheer-dry-micellar-gel,0,0,0,quota_limit_reached
958_neutrogena,B1G1 Deep Clean Acne Foaming Cleanser - Pembersih Wajah 100g,98141,https://www.sociolla.com/face-wash/69799-b1g1-deep-clean-acne-foaming-cleanser-pembersih-wajah-100g,0,0,0,quota_limit_reached
958_neutrogena,Neutrogena Deep Clean Brightening Foaming Cleanser - 2 Pcs,72148,https://www.sociolla.com/face-wash/25328-neutrogena-deep-clean-hydrating-foaming-cleanser-2-pcs,0,0,0,quota_limit_reached
958_neutrogena,Neutrogena Deep Clean Hydrating Foaming Cleanser - 2 Pcs,72150,https://www.sociolla.com/face-wash/25330-neutrogena-deep-clean-foaming-cleanser-2-pcs,0,0,0,quota_limit_reached
958_neutrogena,2Pcs Deep Clean Acne Foaming Cleanser,90751,https://www.sociolla.com/face-wash/62409-2pcs-deep-clean-acne-foaming-cleanser,0,0,0,quota_limit_reached
958_neutrogena,Extra Gentle Cleanser - 2 Pcs,88199,https://www.sociolla.com/cleansing-gel/59857-extra-gentle-cleanser-2-pcs,0,0,0,quota_limit_reached
958_neutrogena,Liquid Neutrogena Pure Mild Facial Cleanser - 2 Pcs,72146,https://www.sociolla.com/face-wash/25326-liquid-neutrogena-pure-mild-facial-cleanser-2-pcs,0,0,0,quota_limit_reached
958_neutrogena,Deep Clean Micellar Gel - Pembersih Make-up Wajah 100g,88424,https://www.sociolla.com/makeup-remover/60082-deep-clean-micellar-gel-pembersih-make-up-wajah-100g,0,0,0,quota_limit_reached
958_neutrogena,2Pcs Deep Clean Micellar Gel,90750,https://www.sociolla.com/face-wash/62408-2pcs-deep-clean-micellar-gel,0,0,0,quota_limit_reached
246_nivea,Lip Care,20162,https://www.sociolla.com/lip-balm/10326-lip-care,0,0,0,quota_limit_reached
246_nivea,Soft Jar,20342,https://www.sociolla.com/body-butter-cream/10317-soft-jar,0,0,0,quota_limit_reached
958_neutrogena,2Pcs Deep Clean Soothing Foaming Cleanser,90752,https://www.sociolla.com/face-wash/62410-2pcs-deep-clean-soothing-foaming-cleanser,0,0,0,quota_limit_reached
246_nivea,Extra White Radiant & Smooth Lotion,33811,https://www.sociolla.com/body-lotion/10771-extra-white-radiant-and-smooth-lotion,0,0,0,quota_limit_reached
246_nivea,Female Deodorant Pearl & Beauty Roll On,36974,https://www.sociolla.com/deodorant/15556-female-deodorant-pearl-and-beauty-roll-on,0,0,0,quota_limit_reached
246_nivea,NIVEA Deodorant Whitening Antibacterial Roll On,35941,https://www.sociolla.com/deodorant/14306-nivea-deodorant-whitening-antibacterial-roll-on,0,0,0,quota_limit_reached
246_nivea,Sun Lotion SPF 50,32568,https://www.sociolla.com/body-sunscreen/10318-sun-lotion-spf-50,0,0,0,quota_limit_reached
246_nivea,NIVEA SUN Triple Protect Series x Ayang Cempaka Exclusive SummerFest Gift Set,99507,https://www.sociolla.com/default-category/71165-nivea-sun-triple-protect-series-x-ayang-cempaka-exclusive-summerfest-gift-set,0,0,0,quota_limit_reached
246_nivea,NIVEA SUN Triple Protect Body Serum x Ayang Cempaka Exclusive Greeting Card,99505,https://www.sociolla.com/default-category/71163-nivea-sun-triple-protect-body-serum-x-ayang-cempaka-exclusive-greeting-card,0,0,0,quota_limit_reached
246_nivea,NIVEA SUN Triple Protect x Ayang Cempaka Exclusive SummerFest T-shirt Set - Acne Oil Control,99488,https://www.sociolla.com/skin-care-set/71146-nivea-sun-triple-protect-x-ayang-cempaka-exclusive-summerfest-t-shirt-set-acne-oil-control,0,0,0,quota_limit_reached
246_nivea,SUN Triple Protect Body Extra Radiance & Smooth Triple Pack,98931,https://www.sociolla.com/body-sunscreen/70589-sun-triple-protect-body-extra-radiance-and-smooth-triple-pack,0,0,0,quota_limit_reached
246_nivea,NIVEA SUN Triple Protect x Ayang Cempaka Exclusive SummerFest T-shirt Set - Anti Wrinkle,99487,https://www.sociolla.com/skin-care-set/71145-nivea-sun-triple-protect-x-ayang-cempaka-exclusive-summerfest-t-shirt-set-anti-wrinkle,0,0,0,quota_limit_reached
246_nivea,SUN Triple Protect Body Extra Radiance & Smooth Twinpack,98928,https://www.sociolla.com/body-sunscreen/70586-sun-triple-protect-body-extra-radiance-and-smooth-twinpack,0,0,0,quota_limit_reached
246_nivea,SUN Triple Protect Body Extra Radiance & Smooth,97136,https://www.sociolla.com/body-sunscreen/68794-sun-triple-protect-body-extra-radiance-and-smooth,0,0,0,quota_limit_reached
246_nivea,Hokkaido Rose Oil-Infused Micellar Water,75299,https://www.sociolla.com/micellar-water/28479-hokkaido-rose-oil-infused-micellar-water,0,0,0,quota_limit_reached
246_nivea,Sun Face Serum C&E SPF50 PA+++,95249,https://www.sociolla.com/face-serum/66907-sun-face-serum-c-and-e-spf50-pa,0,0,0,quota_limit_reached
246_nivea,NIVEA Sparkling Bright Facial Foam,19814,https://www.sociolla.com/face-wash/13188-nivea-sparkling-white-whitening-facial-foam-100-ml,0,0,0,quota_limit_reached
246_nivea,NIVEA Sun Extra Protect Daily Glow Essence Serum,106043,https://www.sociolla.com/body-sunscreen/77701-nivea-sun-extra-protect-daily-glow-essence-serum,0,0,0,quota_limit_reached
246_nivea,Micellair Oil & Acne Care,91314,https://www.sociolla.com/micellar-water/62972-micellair-oil-and-acne-care,0,0,0,quota_limit_reached
246_nivea,Hijab Soft Shaveless Deodorant Roll-On,95658,https://www.sociolla.com/default-category/67316-hijab-soft-shaveless-deodorant-roll-on,0,0,0,quota_limit_reached
246_nivea,Body Serum Extra White Care & Protect SPF 15,72884,https://www.sociolla.com/body-sunscreen/26064-body-serum-extra-white-care-and-protect-spf-15,0,0,0,quota_limit_reached
246_nivea,Body Intensive Lotion,32574,https://www.sociolla.com/body-lotion-body-serum/10321-body-intensive-lotion,0,0,0,quota_limit_reached
246_nivea,Body Serum Extra White Night Nourish,72885,https://www.sociolla.com/body-lotion-body-serum/26065-body-serum-extra-white-night-nourish,0,0,0,quota_limit_reached
246_nivea,Body Intensive Serum,20278,https://www.sociolla.com/body-lotion/10333-body-intensive-serum,0,0,0,quota_limit_reached
246_nivea,NIVEA Body Extra White Repair & Protect Lotion 400Ml,35258,https://www.sociolla.com/default-category/13192-nivea-body-extra-white-repair-and-protect-lotion-400ml,0,0,0,quota_limit_reached
246_nivea,Female Deodorant Pearl & Beauty Spray,36975,https://www.sociolla.com/deodorant/15557-female-deodorant-pearl-and-beauty-spray,0,0,0,quota_limit_reached
246_nivea,NBO Serum Extra White Radiant & Smooth 180Ml,35256,https://www.sociolla.com/body-lotion/13190-nbo-serum-extra-white-radiant-and-smooth-180ml,0,0,0,quota_limit_reached
246_nivea,Pearl Bright MicellAir,32984,https://www.sociolla.com/micellar-water/10335-pearl-bright-micellair-skin-breathe,0,0,0,quota_limit_reached
246_nivea,SUN Face Triple Protect Hokkaido Rose Sunscreen SPF50+++ 40mL,91255,https://www.sociolla.com/sunscreen/62913-sun-face-triple-protect-hokkaido-rose-sunscreen-spf50-40ml,0,0,0,quota_limit_reached
246_nivea,Extra Bright C&E Vitamin Body Lotion,95253,https://www.sociolla.com/body-lotion-body-serum/66911-extra-bright-c-and-e-vitamin-body-lotion,0,0,0,quota_limit_reached
246_nivea,Body Serum Extra White Anti Age,72886,https://www.sociolla.com/default-category/26066-body-serum-extra-white-anti-age,0,0,0,quota_limit_reached
246_nivea,NIVEA Extra Bright Body Serum 10 Super Vitamin & Skin Food 180mL,99124,https://www.sociolla.com/body-lotion-body-serum/70782-nivea-extra-bright-body-serum-10-super-vitamin-and-skin-food-180ml,0,0,0,quota_limit_reached
246_nivea,Body Lotion Daily Protection Sun,72883,https://www.sociolla.com/body-sunscreen/26063-body-lotion-daily-protection-sun,0,0,0,quota_limit_reached
246_nivea,Extra Bright C&E Vitamin Body Lotion,104536,https://www.sociolla.com/body-lotion-body-serum/76194-extra-bright-c-and-e-vitamin-body-lotion-320ml,0,0,0,quota_limit_reached
246_nivea,Sun Face Protection Serum Spf 50+ Pa +++ - Oil Control,34978,https://www.sociolla.com/sunscreen/12703-sun-face-protection-serum-spf-50-pa-oil-control,0,0,0,quota_limit_reached
246_nivea,Extra White Instant Glow SPF33 Serum,33817,https://www.sociolla.com/body-lotion-body-serum/10774-extra-white-instant-glow-spf33-serum,0,0,0,quota_limit_reached
246_nivea,Body Serum Extra White Day & Night - Care & Protect + Night Nourish,91549,https://www.sociolla.com/body-lotion-body-serum/63207-body-serum-extra-white-day-and-night-care-and-protect-night-nourish,0,0,0,quota_limit_reached
246_nivea,SUN Face Serum Triple Protect Anti Wrinkle SPF50 PA+++ 40mL,95852,https://www.sociolla.com/default-category/67510-sun-face-serum-triple-protect-anti-wrinkle-spf50-pa-40ml,0,0,0,quota_limit_reached
246_nivea,NIVEA Brightening Hijab Cool Deodorant Roll On,100042,https://www.sociolla.com/deodorant/71700-nivea-brightening-hijab-cool-deodorant-roll-on,0,0,0,quota_limit_reached
246_nivea,NIVEA Luminous 630 Spotclear Intensive Treatment Serum 30mL,97429,https://www.sociolla.com/face-serum/69087-nivea-luminous-anti-dark-spot-intensive-treatment-serum-30ml-serum-flek-hitam-and-melasma,0,0,0,quota_limit_reached
246_nivea,SUN Face Serum Triple Protect Acne Oil Control SPF50 PA+++ 40mL,95851,https://www.sociolla.com/sunscreen/67509-sun-face-serum-triple-protect-acne-oil-control-spf50-pa-40ml,0,0,0,quota_limit_reached
246_nivea,Sun Face Protection Serum Spf 50+ Pa +++ - Instant Aura,34980,https://www.sociolla.com/sunscreen/12704-sun-face-protection-serum-spf-50-pa-instant-aura,0,0,0,quota_limit_reached
246_nivea,NIVEA Extra Bright Body Serum 10 Super Vitamin & Skin Food 180 mL + Soft Jar 50 ml,108051,https://www.sociolla.com/bath-body-set/79709-nivea-extra-bright-body-serum-10-super-vitamin-and-skin-food-180-ml-soft-jar-50-ml,0,0,0,quota_limit_reached
246_nivea,NIVEA Extra Bright Body Serum 10 Super Vitamin & Skin Food 180mL + NIVEA Deodorant Extra Brightening Roll - On 25 ml,108050,https://www.sociolla.com/bath-body-set/79708-nivea-extra-bright-body-serum-10-super-vitamin-and-skin-food-180ml-nivea-deodorant-extra-brightening-roll-on-25-ml,0,0,0,quota_limit_reached
246_nivea,NIVEA Extra Bright Body Serum 10 Super Vitamin & Skin Food 180mL + Body Serum Extra White Night Nourish 180 ml,108049,https://www.sociolla.com/bath-body-set/79707-nivea-extra-bright-body-serum-10-super-vitamin-and-skin-food-180ml-body-serum-extra-white-night-nourish-180-ml,0,0,0,quota_limit_reached
246_nivea,NIVEA Sun Extra Protect Daily Moist Essence Serum,106044,https://www.sociolla.com/body-sunscreen/77702-nivea-sun-extra-protect-daily-moist-essence-serum,0,0,0,quota_limit_reached
246_nivea,NIVEA SUN Triple Protect Hokkaido Rose SPF50+ PA+++ + Pearl Bright MicellAir,96544,https://www.sociolla.com/sunscreen/68202-sun-triple-protect-hokkaido-rose-spf50-pa-micellar-water-pearl-white-twinpack,0,0,0,quota_limit_reached
246_nivea,NIVEA Pearl Bright MicellAir 125ml Twinpack,82546,https://www.sociolla.com/micellar-water/54204-micellair-pearl-and-white-125ml-twinpack,0,0,0,quota_limit_reached
246_nivea,NIVEA Pearl Bright MicellAir (200ml + 125ml),73759,https://www.sociolla.com/micellar-water/26939-nivea-micellair-pearl-and-white-200ml-125ml,0,0,0,quota_limit_reached
246_nivea,NIVEA Pearl Bright MicellAir 125ml Triple Pack,77857,https://www.sociolla.com/micellar-water/49515-nivea-micellair-pearl-and-white-triple-pack,0,0,0,quota_limit_reached
246_nivea,NIVEA Hokkaido Rose Oil-Infused Micellar Water + Sun Face Serum Instant Aura SPF50+,77867,https://www.sociolla.com/skincare/49525-nivea-hokkaido-rose-oil-infused-micellar-water-sun-face-serum-instant-aura-spf50,0,0,0,quota_limit_reached
246_nivea,NIVEA Sun Face Protection Serum SPF50+ PA+++ Instant Aura Twinpack,77863,https://www.sociolla.com/sunscreen/49521-nivea-sun-face-protection-serum-spf50-pa-instant-aura-twinpack,0,0,0,quota_limit_reached
246_nivea,NIVEA Sun Face Serum Instant Aura + Body Lotion Daily Protection Sun,75816,https://www.sociolla.com/sunscreen/28999-nivea-sun-face-serum-instant-aura-body-lotion-daily-protection-sun,0,0,0,quota_limit_reached
246_nivea,Pearl Bright Micellair Twinpack,98930,https://www.sociolla.com/micellar-water/70588-pearl-bright-micellair-skin-breathe-twinpack,0,0,0,quota_limit_reached
246_nivea,Hijab Fresh Deodorant Spray,71123,https://www.sociolla.com/deodorant/24303-hijab-fresh-deodorant-spray,0,0,0,quota_limit_reached
246_nivea,Deodorant Happy Shave Spray,25466,https://www.sociolla.com/deodorant/15554-deodorant-happy-shave-spray,0,0,0,quota_limit_reached
246_nivea,Sun Lotion SPF 30,32570,https://www.sociolla.com/sunscreen/10319-sun-lotion-spf-30,0,0,0,quota_limit_reached
246_nivea,NIVEA MEN Crème,73319,https://www.sociolla.com/face-cream-lotion/26499-nivea-men-creme,0,0,0,quota_limit_reached
246_nivea,NIVEA Luminous 630 Spotclear Sun Protect SPF50 PA+++ 40mL,99122,https://www.sociolla.com/sunscreen/70780-nivea-luminous-anti-dark-spot-face-sunscreen-spf-50-pa-40ml-or-sunscreen-anti-flek-hitam,0,0,0,quota_limit_reached
246_nivea,Sparkling Bright Facial Foam 50mL Triplepack,91554,https://www.sociolla.com/face-wash/63212-sparkling-bright-facial-foam-50ml-triplepack,0,0,0,quota_limit_reached
246_nivea,NIVEA Body Serum Extra White Day & Night - Hijab Cooling + Night Nourish,91553,https://www.sociolla.com/body-lotion-body-serum/63211-body-serum-extra-white-day-and-night-hijab-cooling-night-nourish,0,0,0,quota_limit_reached
246_nivea,NIVEA Body Serum Extra White Day & Night - Radiant Smooth + Night Nourish,91552,https://www.sociolla.com/body-lotion-body-serum/63210-body-serum-extra-white-day-and-night-radiant-smooth-night-nourish,0,0,0,quota_limit_reached
246_nivea,NIVEA Body Serum Extra White Day & Night - Intensive Moisture + Night Nourish,91550,https://www.sociolla.com/body-lotion-body-serum/63208-body-serum-extra-white-day-and-night-intensive-moisture-night-nourish,0,0,0,quota_limit_reached
246_nivea,Body Serum Extra White Day & Night - Anti Age + Night Nourish,91551,https://www.sociolla.com/default-category/63209-body-serum-extra-white-day-and-night-anti-age-night-nourish,0,0,0,quota_limit_reached
246_nivea,Extra White Night Nourish Body Serum 180mL Triplepack,82572,https://www.sociolla.com/body-lotion/54230-extra-white-night-nourish-body-serum-180ml-triplepack,0,0,0,quota_limit_reached
246_nivea,SUN Face Triple Protect Anti Wrinkle Sunscreen SPF50+++ 40mL Free Scrunchies,96545,https://www.sociolla.com/skin-care-set/68203-sun-face-triple-protect-anti-wrinkle-sunscreen-spf50-40ml-free-scrunchies,0,0,0,quota_limit_reached
246_nivea,Hokkaido Rose Whip Facial Foam,75300,https://www.sociolla.com/face-wash/28480-hokkaido-rose-whip-facial-foam,0,0,0,quota_limit_reached
246_nivea,Sun Face Serum Triple Protect Acne Oil Control SPF50 PA+++ 40mL Twinpack,95894,https://www.sociolla.com/sunscreen/67552-sun-face-serum-triple-protect-acne-oil-control-spf50-pa-40ml-twinpack,0,0,0,quota_limit_reached
246_nivea,Deodorant Whitening Happy Shave Roll On,36973,https://www.sociolla.com/deodorant/15555-deodorant-whitening-happy-shave-roll-on,0,0,0,quota_limit_reached
246_nivea,NIVEA Luminous 630 Spotclear Treatment Set | Set Perawatan Flek Hitam,97481,https://www.sociolla.com/face-serum/69139-nivea-luminous-anti-dark-spot-treatment-regime-set-set-perawatan-flek-hitam-and-melasma,0,0,0,quota_limit_reached
246_nivea,Creme Tin,32563,https://www.sociolla.com/body-butter-cream/10316-creme-tin,0,0,0,quota_limit_reached
246_nivea,Deodorant Whitening Silk Touch Roll-On,82450,https://www.sociolla.com/deodorant/54108-deodorant-whitening-silk-touch-roll-on,0,0,0,quota_limit_reached
246_nivea,Deodorant Extra Whitening Roll-On 4x25mL,82829,https://www.sociolla.com/deodorant/54487-deodorant-extra-whitening-roll-on-4x25ml,0,0,0,quota_limit_reached
246_nivea,NIVEA Luminous Series x Neutrale Beauty,99484,https://www.sociolla.com/face-serum/71142-nivea-luminous-series-x-neutrale-beauty-smart-light-photon-device-set,0,0,0,quota_limit_reached
246_nivea,Extra White Care & Protect Body Serum 180mL Triplepack,82570,https://www.sociolla.com/body-lotion-body-serum/54228-extra-white-care-and-protect-body-serum-180ml-triplepack,0,0,0,quota_limit_reached
246_nivea,NIVEA Deodorant Extra Brightening Roll - On,35255,https://www.sociolla.com/deodorant/13189-nivea-deodorant-extra-brightening-roll-on,0,0,0,quota_limit_reached
246_nivea,NIVEA Sun Face Serum Oil Control + Body Lotion Daily Protection Sun,75817,https://www.sociolla.com/sunscreen/29000-nivea-sun-face-serum-oil-control-body-lotion-daily-protection-sun,0,0,0,quota_limit_reached
246_nivea,MicellAir Oil & Acne Care 125ml Triplepack,91317,https://www.sociolla.com/micellar-water/62975-micellair-oil-and-acne-care-125ml-triplepack,0,0,0,quota_limit_reached
246_nivea,MicellAir Oil & Acne Care 125ml Twinpack,91316,https://www.sociolla.com/micellar-water/62974-micellair-oil-and-acne-care-125ml-twinpack,0,0,0,quota_limit_reached
246_nivea,SUN Triple Protect Acne Oil Control SPF50+ PA+++ + Micellar Water Oil & Acne Care,96561,https://www.sociolla.com/skin-care-set/68219-sun-triple-protect-acne-oil-control-spf50-pa-micellar-water-oil-and-acne-care,0,0,0,quota_limit_reached
246_nivea,MEN Deodorant Deep Roll-On 4x25mL,82836,https://www.sociolla.com/default-category/54494-men-deodorant-deep-roll-on-4x25ml,0,0,0,quota_limit_reached
246_nivea,NIVEA MEN Deodorant Deep Roll-On 50mL Triplepack,82562,https://www.sociolla.com/default-category/54220-nivea-men-deodorant-deep-roll-on-50ml-triplepack,0,0,0,quota_limit_reached
246_nivea,Micellair Oil & Acne Care Twinpack,98929,https://www.sociolla.com/micellar-water/70587-micellair-oil-and-acne-care-twinpack,0,0,0,quota_limit_reached
246_nivea,NIVEA MEN Deodorant Deep Roll On,73302,https://www.sociolla.com/deodorant/26482-nivea-men-deodorant-deep-roll-on,0,0,0,quota_limit_reached
246_nivea,Body Lotion Extra White White Repair and Protect SPF15 400mL Triplepack,82575,https://www.sociolla.com/body-lotion/54233-body-lotion-extra-white-white-repair-and-protect-spf15-400ml-triplepack,0,0,0,quota_limit_reached
246_nivea,Nivea Double Cleansing Set - Facial Foam + MicellAir Pearl & White,73760,https://www.sociolla.com/skincare/26940-nivea-double-cleansing-set-facial-foam-micellair-pearl-and-white,0,0,0,quota_limit_reached
246_nivea,Pearl White Micellair Skin Breathe Triple Pack,69406,https://www.sociolla.com/micellar-water/13616-pearl-white-micellair-skin-breathe-triple-pack,0,0,0,quota_limit_reached
246_nivea,Hijab Whitening Cooling Fresh Body Serum,71121,https://www.sociolla.com/body-lotion/24301-hijab-whitening-cooling-fresh-body-serum,0,0,0,quota_limit_reached
246_nivea,Body Intensive Lotion 400mL Triplepack,82578,https://www.sociolla.com/body-lotion/54236-body-intensive-lotion-400ml-triplepack,0,0,0,quota_limit_reached
246_nivea,NIVEA Body Lotion Intensive Lotion Set,70411,https://www.sociolla.com/body-lotion/23600-nivea-body-lotion-intensive-lotion-set,0,0,0,quota_limit_reached
246_nivea,Hijab Fresh Whitening Deodorant Roll-On,71122,https://www.sociolla.com/deodorant/24302-hijab-fresh-whitening-deodorant-roll-on,0,0,0,quota_limit_reached
246_nivea,NIVEA SUN Triple Protect x Ayang Cempaka Exclusive Sticker Set - Extra Radiance,99491,https://www.sociolla.com/skin-care-set/71149-nivea-sun-triple-protect-x-ayang-cempaka-exclusive-sticker-set-extra-radiance,0,0,0,quota_limit_reached
246_nivea,SUN Face Triple Protect Hokkaido Rose Sunscreen SPF50+++ 40mL Twinpack,96547,https://www.sociolla.com/skin-care-set/68205-sun-face-triple-protect-hokkaido-rose-sunscreen-spf50-40ml-twinpack,0,0,0,quota_limit_reached
246_nivea,SUN Face Triple Protect Hokkaido Rose SPF50+++ 40mL Free Scrunchies,92358,https://www.sociolla.com/skincare/64016-sun-face-triple-protect-hokkaido-rose-spf50-40ml-free-scrunchies,0,0,0,quota_limit_reached
246_nivea,NIVEA SUN Face Triple Protect Hokkaido Rose SPF50+++ 40mL + Whip Facial Foam 100mL,91256,https://www.sociolla.com/skincare/62914-nivea-sun-face-triple-protect-hokkaido-rose-spf50-40ml-whip-facial-foam-100ml,0,0,0,quota_limit_reached
246_nivea,NIVEA SUN Face Triple Protect Hokkaido Rose SPF50+++ 40mL + Oil-Infused Micellar Water 125mL,91257,https://www.sociolla.com/skin-care-set/62915-nivea-sun-face-triple-protect-hokkaido-rose-spf50-40ml-oil-infused-micellar-water-125ml,0,0,0,quota_limit_reached
246_nivea,NIVEA SUN Triple Protect x Ayang Cempaka Exclusive Sticker Set - Acne Oil Control,99493,https://www.sociolla.com/skin-care-set/71151-nivea-sun-triple-protect-x-ayang-cempaka-exclusive-sticker-set-acne-oil-control,0,0,0,quota_limit_reached
246_nivea,SUN Face Triple Protect Acne Oil Control Sunscreen SPF50+++ 40mL Free Scrunchies,96546,https://www.sociolla.com/default-category/68204-sun-face-triple-protect-acne-oil-control-sunscreen-spf50-40ml-free-scrunchies,0,0,0,quota_limit_reached
246_nivea,Extra Bright Vitamin Lotion C&E 180mL Triplepack,95262,https://www.sociolla.com/face-cream-lotion/66920-extra-bright-vitamin-lotion-c-and-e-180ml-triplepack,0,0,0,quota_limit_reached
246_nivea,Body Intensive Serum 180mL Triplepack,82580,https://www.sociolla.com/default-category/54238-body-intensive-serum-180ml-triplepack,0,0,0,quota_limit_reached
246_nivea,Sensational White Body Lotion,63462,https://www.sociolla.com/body-lotion-body-serum/16205-sensational-white-body-lotion,0,0,0,quota_limit_reached
246_nivea,Extra Bright Vitamin Lotion C&E 180mL Twinpack,95259,https://www.sociolla.com/face-cream-lotion/66917-extra-bright-vitamin-lotion-c-and-e-180ml-twinpack,0,0,0,quota_limit_reached
246_nivea,NIVEA MEN White 8H Oil Clear Anti-Shine + Purify Cooling Foam,73316,https://www.sociolla.com/face-wash/26496-nivea-men-white-8h-oil-clear-anti-shine-purify-cooling-foam,0,0,0,quota_limit_reached
246_nivea,Deodorant Whitening Silk Touch Roll-On 50mL Triplepack,82823,https://www.sociolla.com/deodorant/54481-deodorant-whitening-silk-touch-roll-on-50ml-triplepack,0,0,0,quota_limit_reached
246_nivea,Extra White Night Nourish Lotion,25479,https://www.sociolla.com/body-lotion/10772-extra-white-night-nourish-lotion-,0,0,0,quota_limit_reached
246_nivea,Body Lotion Extra White Radiant & Smooth 400mL Triplepack,82576,https://www.sociolla.com/body-lotion-body-serum/54234-body-lotion-extra-white-radiant-and-smooth-400ml-triplepack,0,0,0,quota_limit_reached
246_nivea,Sun Spray Protect & Refresh Cooling Sun Mist SPF50,91548,https://www.sociolla.com/sunscreen/63206-sun-spray-protect-and-refresh-cooling-sun-mist-spf50,0,0,0,quota_limit_reached
246_nivea,NIVEA MEN Deodorant Invisible Black & White Roll-On,73291,https://www.sociolla.com/default-category/26471-nivea-men-deodorant-invisible-black-and-white-roll-on,0,0,0,quota_limit_reached
246_nivea,NIVEA MEN Deodorant Cool Kick Roll-On 50mL Triplepack,82558,https://www.sociolla.com/default-category/54216-nivea-men-deodorant-cool-kick-roll-on-50ml-triplepack,0,0,0,quota_limit_reached
246_nivea,Soft Jar 100mL Triplepack,91556,https://www.sociolla.com/body-lotion-body-serum/63214-soft-jar-100ml-triplepack,0,0,0,quota_limit_reached
246_nivea,Soft Jar 50mL Twinpack,82819,https://www.sociolla.com/body-lotion-body-serum/54477-soft-jar-50ml-twinpack,0,0,0,quota_limit_reached
246_nivea,Soft Jar 50mL Triplepack,91557,https://www.sociolla.com/face-cream-lotion/63215-soft-jar-50ml-triplepack,0,0,0,quota_limit_reached
246_nivea,Soft Jar 100mL Twinpack,82551,https://www.sociolla.com/body-lotion-body-serum/54209-soft-jar-100ml-twinpack,0,0,0,quota_limit_reached
246_nivea,Deodorant Whitening Anti-Bacterial Roll-On 50 mL Triplepack,82564,https://www.sociolla.com/deodorant/54222-deodorant-whitening-anti-bacterial-roll-on-50-ml-triplepack,0,0,0,quota_limit_reached
246_nivea,Sun Face Serum Triple Protect Anti Wrinkle SPF50 PA+++ 40ml Twinpack,95893,https://www.sociolla.com/face-serum/67551-sun-face-serum-triple-protect-anti-wrinkle-spf50-pa-40ml-twinpack,0,0,0,quota_limit_reached
246_nivea,Deodorant Pearl & Beauty Roll-On 50mL Triplepack,82561,https://www.sociolla.com/deodorant/54219-deodorant-pearl-and-beauty-roll-on-50ml-triplepack,0,0,0,quota_limit_reached
246_nivea,Deodorant Whitening Happy Shave Roll-On 50mL Triplepack,82560,https://www.sociolla.com/deodorant/54218-deodorant-whitening-happy-shave-roll-on-50ml-triplepack,0,0,0,quota_limit_reached
246_nivea,NIVEA Deodorant Whitening Happy Shave Roll On & Spray Set,70408,https://www.sociolla.com/deodorant/23597-nivea-deodorant-whitening-happy-shave-roll-on-and-spray-set,0,0,0,quota_limit_reached
246_nivea,NIVEA MEN Extra White Dark Spot Minimizer Foam,73310,https://www.sociolla.com/face-wash/26490-nivea-men-extra-white-dark-spot-minimizer-foam,0,0,0,quota_limit_reached
246_nivea,NIVEA Deodorant Whitening Happy Shave Roll On - Twinpack,70407,https://www.sociolla.com/deodorant/23596-nivea-deodorant-whitening-happy-shave-roll-on-twinpack,0,0,0,quota_limit_reached
246_nivea,Sun Face Serum C&E SPF50 PA+++ 30mL Twinpack,95256,https://www.sociolla.com/skincare/66914-sun-face-serum-c-and-e-spf50-pa-30ml-twinpack,0,0,0,quota_limit_reached
246_nivea,NIVEA MEN White Oil Clear Pore Minimizing Scrub,73317,https://www.sociolla.com/scrub-exfoliator/26497-nivea-men-white-oil-clear-pore-minimizing-scrub,0,0,0,quota_limit_reached
246_nivea,NIVEA MEN Deodorant Dry Impact Roll-On,82448,https://www.sociolla.com/deodorant/54106-nivea-men-deodorant-dry-impact-roll-on,0,0,0,quota_limit_reached
246_nivea,NIVEA MEN Deodorant Invisible Black&White Roll-On 50mL Triplepack,82565,https://www.sociolla.com/default-category/54223-nivea-men-deodorant-invisible-black-and-white-roll-on-50ml-triplepack,0,0,0,quota_limit_reached
246_nivea,Hijab Soft Shaveless Deodorant Roll-On 50mL Twinpack,95676,https://www.sociolla.com/deodorant/67334-hijab-soft-shaveless-deodorant-roll-on-50ml-twinpack,0,0,0,quota_limit_reached
246_nivea,NIVEA SUN Triple Protect x Ayang Cempaka Exclusive Sticker Set - Anti Wrinkle,99492,https://www.sociolla.com/skin-care-set/71150-nivea-sun-triple-protect-x-ayang-cempaka-exclusive-sticker-set-anti-wrinkle,0,0,0,quota_limit_reached
246_nivea,NIVEA Hijab Deodorant Roll-On Twinpack,71583,https://www.sociolla.com/deodorant/24763-nivea-hijab-deodorant-roll-on-twinpack,0,0,0,quota_limit_reached
246_nivea,Deodorant Whitening Silk Touch Roll-On 4x25mL,82834,https://www.sociolla.com/deodorant/54492-deodorant-whitening-silk-touch-roll-on-4x25ml,0,0,0,quota_limit_reached
246_nivea,Extra White Instant Glow Body Serum 180mL Triplepack,82568,https://www.sociolla.com/body-lotion-body-serum/54226-extra-white-instant-glow-body-serum-180ml-triplepack,0,0,0,quota_limit_reached
246_nivea,NIVEA MEN Acne 8H Oil Clear Acne Defense + Purify Scrub,73307,https://www.sociolla.com/scrub-exfoliator/26487-nivea-men-acne-8h-oil-clear-acne-defense-purify-scrub,0,0,0,quota_limit_reached
246_nivea,Nivea Men Acne 8H Oil Clear Acne Defense + Purify Scrub 100ml Twinpack,73764,https://www.sociolla.com/face-wash/26944-nivea-men-acne-8h-oil-clear-acne-defense-purify-scrub-100ml-twinpack,0,0,0,quota_limit_reached
246_nivea,NIVEA MEN Acne Oil Clear Acne Defense Foam,73313,https://www.sociolla.com/face-wash/26493-nivea-men-acne-oil-clear-acne-defense-foam,0,0,0,quota_limit_reached
246_nivea,NIVEA MEN Deodorant Fresh Active Roll-On,82449,https://www.sociolla.com/deodorant/54107-deodorant-fresh-active-roll-on,0,0,0,quota_limit_reached
246_nivea,NIVEA Hijab Body Serum Twinpack,71584,https://www.sociolla.com/body-lotion-body-serum/24764-nivea-hijab-body-serum-twinpack,0,0,0,quota_limit_reached
246_nivea,NIVEA Hijab Body Serum Twinpack + Popsocket,71587,https://www.sociolla.com/body-lotion/24767-nivea-hijab-body-serum-twinpack-popsocket,0,0,0,quota_limit_reached
246_nivea,Sparkling Bright Facial Foam 100mL Twinpack,91555,https://www.sociolla.com/face-wash/63213-sparkling-bright-facial-foam-100ml-twinpack,0,0,0,quota_limit_reached
246_nivea,Extra White Anti Age SPF33 Body Serum 180mL Triplepack,82569,https://www.sociolla.com/body-lotion-body-serum/54227-extra-white-anti-age-spf33-body-serum-180ml-triplepack,0,0,0,quota_limit_reached
246_nivea,NIVEA MEN White Oil Clear Anti-Shine Foam,73315,https://www.sociolla.com/face-wash/26495-nivea-men-white-oil-clear-anti-shine-foam,0,0,0,quota_limit_reached
246_nivea,Deodorant Invisible Black&White Roll-On,82445,https://www.sociolla.com/deodorant/54103-deodorant-invisible-black-and-white-roll-on,0,0,0,quota_limit_reached
246_nivea,NIVEA MEN Deodorant Deep Spray,73303,https://www.sociolla.com/deodorant/26483-nivea-men-deodorant-deep-spray,0,0,0,quota_limit_reached
246_nivea,Deodorant Whitening Happy Shave Roll-On 4x25mL,82832,https://www.sociolla.com/deodorant/54490-deodorant-whitening-happy-shave-roll-on-4x25ml,0,0,0,quota_limit_reached
246_nivea,NIVEA MEN Deodorant Silver Protect Roll-On,73295,https://www.sociolla.com/deodorant/26475-nivea-men-deodorant-silver-protect-roll-on,0,0,0,quota_limit_reached
246_nivea,MicellAIR Xpert,33308,https://www.sociolla.com/micellar-water/10780-micellair-xpert,0,0,0,quota_limit_reached
246_nivea,SUN Triple Protect Anti Wrinkle SPF50+ PA+++ + Micellar Water Hydration,96562,https://www.sociolla.com/sunscreen/68220-sun-triple-protect-anti-wrinkle-spf50-pa-micellar-water-hydration,0,0,0,quota_limit_reached
246_nivea,Deodorant Invisible Black & White Fresh Roll-On,82515,https://www.sociolla.com/deodorant/54173-deodorant-invisible-black-and-white-fresh-roll-on,0,0,0,quota_limit_reached
246_nivea,Double Eye Make Up Remover,21256,https://www.sociolla.com/makeup-remover/10329-double-eye-make-up-remover,0,0,0,quota_limit_reached
246_nivea,NIVEA MEN Deodorant Deep Espresso Roll-On,73305,https://www.sociolla.com/deodorant/26485-nivea-men-deodorant-deep-espresso-roll-on,0,0,0,quota_limit_reached
246_nivea,MicellAir Hydration 125mL Twinpack,82545,https://www.sociolla.com/micellar-water/54203-micellair-hydration-125ml-twinpack,0,0,0,quota_limit_reached
246_nivea,NIVEA Micellair Hydration Triple Pack,77858,https://www.sociolla.com/micellar-water/49516-nivea-micellair-hydration-triple-pack,0,0,0,quota_limit_reached
246_nivea,Deodorant Invisible Black&White Fresh Roll-On 50mL Triplepack,82566,https://www.sociolla.com/default-category/54224-deodorant-invisible-black-and-white-fresh-roll-on-50ml-triplepack,0,0,0,quota_limit_reached
246_nivea,NIVEA MEN Deodorant Black & White Fresh Roll-On,73299,https://www.sociolla.com/deodorant/26479-nivea-men-deodorant-black-and-white-fresh-roll-on,0,0,0,quota_limit_reached
246_nivea,MEN Deodorant Fresh Active Roll-On 4x25mL,82833,https://www.sociolla.com/deodorant/54491-men-deodorant-fresh-active-roll-on-4x25ml,0,0,0,quota_limit_reached
246_nivea,Deodorant Dry Comfort Roll-On 4x25mL,82830,https://www.sociolla.com/deodorant/54488-deodorant-dry-comfort-roll-on-4x25ml,0,0,0,quota_limit_reached
246_nivea,MEN Deodorant Silver Protect Roll-On 4x25mL,82827,https://www.sociolla.com/default-category/54485-men-deodorant-silver-protect-roll-on-4x25ml,0,0,0,quota_limit_reached
246_nivea,Deodorant Invisible Black&White Roll-On 4x25mL,82825,https://www.sociolla.com/deodorant/54483-deodorant-invisible-black-and-white-roll-on-4x25ml,0,0,0,quota_limit_reached
246_nivea,MEN Deodorant Dry Impact Roll-On 50mL Triplepack,82821,https://www.sociolla.com/deodorant/54479-men-deodorant-dry-impact-roll-on-50ml-triplepack,0,0,0,quota_limit_reached
246_nivea,Deodorant Dry Comfort Roll-On 50mL Triplepack,82820,https://www.sociolla.com/deodorant/54478-deodorant-dry-comfort-roll-on-50ml-triplepack,0,0,0,quota_limit_reached
246_nivea,NIVEA MEN Deodorant Deep Espresso Roll-On 50 mL Triplepack,82563,https://www.sociolla.com/default-category/54221-nivea-men-deodorant-deep-espresso-roll-on-50-ml-triplepack,0,0,0,quota_limit_reached
246_nivea,NIVEA Hokkaido Rose Whip Facial Foam Twinpack,75814,https://www.sociolla.com/face-wash/28997-nivea-hokkaido-rose-whip-facial-foam-twinpack,0,0,0,quota_limit_reached
246_nivea,Nivea Men Acne Oil Clear Acne Defense Foam 100ml Twinpack,73768,https://www.sociolla.com/face-wash/26948-nivea-men-acne-oil-clear-acne-defense-foam-100ml-twinpack,0,0,0,quota_limit_reached
246_nivea,Double Eye Make Up Remover Triple Pack,69405,https://www.sociolla.com/makeup-remover/13618-double-eye-make-up-remover-triple-pack,0,0,0,quota_limit_reached
15628_nona-woman,Organic Pads 33 cm,102853,https://www.sociolla.com/pads/74511-organic-pads-33-cm,0,0,0,quota_limit_reached
15628_nona-woman,Organic Panty Liners,102856,https://www.sociolla.com/pads/74514-organic-panty-liners,0,0,0,quota_limit_reached
15628_nona-woman,Organic Pads 24 cm,102855,https://www.sociolla.com/pads/74513-organic-pads-24-cm,0,0,0,quota_limit_reached
15628_nona-woman,Organic Pads 28 cm,102854,https://www.sociolla.com/pads/74512-organic-pads-28-cm,0,0,0,quota_limit_reached
15628_nona-woman,Intimate Wash,102852,https://www.sociolla.com/feminine-wash/74510-intimate-wash,0,0,0,quota_limit_reached
15594_nosuku,Calming Moisturizing Lotion,100705,https://www.sociolla.com/body-lotion-body-serum/72363-calming-moisturizing-lotion,0,0,0,quota_limit_reached
15594_nosuku,Mind and Body Wash,100704,https://www.sociolla.com/body-wash/72362-mind-and-body-wash,0,0,0,quota_limit_reached
15594_nosuku,Hair Vitamist,100697,https://www.sociolla.com/hair-mist/72355-hair-vitamist,0,0,0,quota_limit_reached
15594_nosuku,Stay Fresh Deodorant Spray,100698,https://www.sociolla.com/default-category/72356-stay-fresh-deodorant-spray,0,0,0,quota_limit_reached
675_npure,Centella Asiatica Acne Toner,36290,https://www.sociolla.com/toner/14748-face-toner-cica-series,0,0,0,quota_limit_reached
675_npure,Cica Face Sheet Mask,82663,https://www.sociolla.com/sheet-mask/54321-cica-face-sheet-mask,0,0,0,quota_limit_reached
675_npure,Marigold Clearing Petal Toner,96825,https://www.sociolla.com/toner/68483-marigold-clearing-petal-toner,0,0,0,quota_limit_reached
675_npure,Marigold Memory Bounce Moisturizer,96828,https://www.sociolla.com/face-cream-lotion/68486-marigold-memory-bounce-moisturizer,0,0,0,quota_limit_reached
675_npure,Licorice Advanced Peeling Gel,102671,https://www.sociolla.com/acne-treatment-sealing-gel-cream/74329-licorice-advanced-peeling-gel,0,0,0,quota_limit_reached
675_npure,Licorice Bring The Light Cleanser,99345,https://www.sociolla.com/cleansing-cream/71003-licorice-bring-the-light-cleanser,0,0,0,quota_limit_reached
675_npure,"Noni Probiotics ""Cleanse Me Softly"" Gel Cleanser",89957,https://www.sociolla.com/face-wash/61615-noni-probiotics-cleanse-me-softly-gel-cleanser,0,0,0,quota_limit_reached
675_npure,"Noni Probiotics “Hydrate Me"" Body Soft Lotion",89963,https://www.sociolla.com/body-lotion/61621-noni-probiotics-hydrate-me-body-soft-lotion,0,0,0,quota_limit_reached
675_npure,Licorice Potion Of Light Serum,99348,https://www.sociolla.com/face-serum/71006-licorice-potion-of-light-serum,0,0,0,quota_limit_reached
675_npure,Marigold Youth Revolution Sheet Mask,99355,https://www.sociolla.com/sheet-mask/71013-marigold-youth-revolution-sheet-mask,0,0,0,quota_limit_reached
675_npure,Noni Probiotics Relax Me Biodegradable Sheet Mask,96483,https://www.sociolla.com/sheet-mask/68141-noni-probiotics-relax-me-biodegradable-sheet-mask,0,0,0,quota_limit_reached
675_npure,Cica Clear Pad,85701,https://www.sociolla.com/scrub-exfoliator/57359-cica-clear-pad,0,0,0,quota_limit_reached
675_npure,Marigold Eyemazing Power Serum Concentrate,96827,https://www.sociolla.com/eye-care/68485-marigold-eyemazing-power-serum-concentrate,0,0,0,quota_limit_reached
675_npure,Cica Dark Spot,89539,https://www.sociolla.com/default-category/61197-cica-dark-spot,0,0,0,quota_limit_reached
675_npure,Licorice Light Up Brightening Pad,99353,https://www.sociolla.com/treatment/71011-licorice-light-up-brightening-pad,0,0,0,quota_limit_reached
675_npure,Acne+ Clear cica Body Wash,104911,https://www.sociolla.com/body-wash-gel/76569-acne-clear-cica-body-wash,0,0,0,quota_limit_reached
675_npure,"Noni Probiotics ""Balance Me"" Fine Toner",89960,https://www.sociolla.com/toner/61618-noni-probiotics-balance-me-fine-toner,0,0,0,quota_limit_reached
675_npure,"Noni Probiotics ""Comfort Me"" Moisturizer",89962,https://www.sociolla.com/face-cream-lotion/61620-noni-probiotics-comfort-me-moisturizer,0,0,0,quota_limit_reached
675_npure,Cica Beat The Sun SPF 50 PA ++++,87030,https://www.sociolla.com/sunscreen/58688-cica-beat-the-sun-spf-50-pa,0,0,0,quota_limit_reached
675_npure,Licorice Ultra Light Complete Face Essence Sheet Mask,99354,https://www.sociolla.com/sheet-mask/71012-licorice-ultra-light-complete-face-essence-sheet-mask,0,0,0,quota_limit_reached
675_npure,Cica Acne Spot,89538,https://www.sociolla.com/default-category/61196-cica-acne-spot,0,0,0,quota_limit_reached
675_npure,CICA Day Cream,70913,https://www.sociolla.com/face-cream-lotion/24093-cica-day-cream-with-uv-protection,0,0,0,quota_limit_reached
675_npure,Cica Beat The Sun Powder,88358,https://www.sociolla.com/default-category/60016-cica-beat-the-sun-powder,0,0,0,quota_limit_reached
675_npure,Marigold Deep-Cleanse Facial Wash,96824,https://www.sociolla.com/face-wash/68482-marigold-deep-cleanse-facial-wash,0,0,0,quota_limit_reached
675_npure,Licorice Creamy Light Moisturizer,99350,https://www.sociolla.com/face-cream-lotion/71008-licorice-creamy-light-moisturizer,0,0,0,quota_limit_reached
675_npure,Face Wash Cica Series,36291,https://www.sociolla.com/face-wash/14749-face-wash-cica-series,0,0,0,quota_limit_reached
675_npure,Cica Chocomint Clay Mask,82339,https://www.sociolla.com/clay-mask/53997-cica-chocomint-clay-mask,0,0,0,quota_limit_reached
675_npure,Cica Series Bundle,85027,https://www.sociolla.com/skin-care-set/56685-cica-series-bundle,0,0,0,quota_limit_reached
675_npure,Silcot X NPure - Calming Hydration Set,84603,https://www.sociolla.com/skin-care-set/56261-silcot-x-npure-calming-hydration-set,0,0,0,quota_limit_reached
675_npure,CICA Acne Fighter Starter Kit,101105,https://www.sociolla.com/default-category/72763-cica-acne-fighter-starter-kit,0,0,0,quota_limit_reached
675_npure,Licorice Milky Spotlight Toner,99346,https://www.sociolla.com/toner/71004-licorice-milky-spotlight-toner,0,0,0,quota_limit_reached
675_npure,Licorice Axillary Moonlight Treatment,103624,https://www.sociolla.com/acne-treatment-sealing-gel-cream/75282-licorice-axillary-moonlight-treatment,0,0,0,quota_limit_reached
675_npure,Marigold Elixir Triphase Serum,96826,https://www.sociolla.com/face-serum/68484-marigold-elixir-triphase-serum,0,0,0,quota_limit_reached
675_npure,CICA Night Cream,70914,https://www.sociolla.com/face-cream-lotion/24094-cica-night-cream,0,0,0,quota_limit_reached
675_npure,Cica Biome Acne Serum Essence,99356,https://www.sociolla.com/face-serum/71014-cica-biome-acne-serum-essence,0,0,0,quota_limit_reached
675_npure,Noni Probiotics Relax Me Biodegradable Sheet Mask Set of 5,106303,https://www.sociolla.com/skin-care-set/77961-noni-probiotics-relax-me-biodegradable-sheet-mask-set-of-4,0,0,0,quota_limit_reached
675_npure,Cica Bacne Acne Clear Body Spray,104398,https://www.sociolla.com/default-category/76056-cica-bacne-acne-clear-body-spray,0,0,0,quota_limit_reached
675_npure,Cica Beat The Sun Kit,88460,https://www.sociolla.com/default-category/60118-cica-beat-the-sun-kit,0,0,0,quota_limit_reached
675_npure,Licorice Ultra Light Complete Face Essence Sheet Mask Set of 5,106300,https://www.sociolla.com/skin-care-set/77958-licorice-ultra-light-complete-face-essence-sheet-mask-set-of-5,0,0,0,quota_limit_reached
675_npure,Cica Face Sheet Mask Set of 5,106298,https://www.sociolla.com/skin-care-set/77956-cica-face-sheet-mask-set-of-5,0,0,0,quota_limit_reached
675_npure,Marigold Youth Revolution Sheet Mask Set of 5,106322,https://www.sociolla.com/skin-care-set/77980-marigold-youth-revolution-sheet-mask-set-of-5,0,0,0,quota_limit_reached
675_npure,Noni Probiotics “Calm Me Down” Ampoule,89961,https://www.sociolla.com/face-serum/61619-noni-probiotics-calm-me-down-ampoule,0,0,0,quota_limit_reached
675_npure,Face Primer serum Cica Series,36292,https://www.sociolla.com/face-serum/14750-face-primer-serum-cica-series,0,0,0,quota_limit_reached
675_npure,Cactus Aloe Vera Soothing Gel,32176,https://www.sociolla.com/face-gel/14754-cactus-aloe-vera-soothing-gel,0,0,0,quota_limit_reached
675_npure,Cica Beat The Sun SPF 50+ PA++++ Nickelodeon Special Edition (Patrick Star),98220,https://www.sociolla.com/sunscreen/69878-cica-beat-the-sun-spf-50-pa-nickelodeon-special-edition-patrick-star,0,0,0,quota_limit_reached
675_npure,Cica Face Essence,72780,https://www.sociolla.com/essence/25960-cica-face-essence,0,0,0,quota_limit_reached
675_npure,LIMITED EDITION! Buy Npure beat the sun free mirror Patrick,98447,https://www.sociolla.com/skin-care-set/70105-limited-edition-buy-npure-beat-the-sun-free-mirror-patrick,0,0,0,quota_limit_reached
675_npure,Marie Gold Series Bundle,85030,https://www.sociolla.com/default-category/56688-marie-gold-series-bundle,0,0,0,quota_limit_reached
947_nutrishe,Nutrilash Eyelash & Eyebrow Serum,75174,https://www.sociolla.com/eyelash-serum/28354-nutrilash-eyelash-and-eyebrow-serum,0,0,0,quota_limit_reached
675_npure,LIMITED EDITION! Buy Npure beat the sun free mirror Spongebob,98446,https://www.sociolla.com/skin-care-set/70104-limited-edition-buy-npure-beat-the-sun-free-mirror-spongebob,0,0,0,quota_limit_reached
947_nutrishe,Intensive Bright & Glow Serum Improved Formula,99698,https://www.sociolla.com/face-serum/71356-intensive-bright-and-glow-serum-improved-formula,0,0,0,quota_limit_reached
947_nutrishe,Spring De Rose Face Mist,105047,https://www.sociolla.com/face-mist/76705-spring-de-rose-face-mist,0,0,0,quota_limit_reached
947_nutrishe,Nutrihair,75178,https://www.sociolla.com/hair-oil/28358-nutrihair,0,0,0,quota_limit_reached
947_nutrishe,Melt My Day! Cleansing Balm,94315,https://www.sociolla.com/cleansing-balm/65973-melt-my-day-cleansing-balm,0,0,0,quota_limit_reached
947_nutrishe,Acne & Blemish Advanced Serum,97024,https://www.sociolla.com/face-serum/68682-acne-and-blemish-advanced-serum,0,0,0,quota_limit_reached
947_nutrishe,Intensive Bright & Glow Serum,75170,https://www.sociolla.com/face-serum/28350-intensive-bright-and-glow-serum,0,0,0,quota_limit_reached
947_nutrishe,Peach A Boo! Body Lotion,91075,https://www.sociolla.com/body-lotion/62733-peach-a-boo-body-lotion,0,0,0,quota_limit_reached
947_nutrishe,Hydra Complex Soothing Serum,97027,https://www.sociolla.com/face-serum/68685-hydra-complex-soothing-serum,0,0,0,quota_limit_reached
947_nutrishe,Overnight Fruit Acid Exfoliating Serum,97025,https://www.sociolla.com/face-serum/68683-overnight-fruit-acid-exfoliating-serum,0,0,0,quota_limit_reached
947_nutrishe,Truly In Rose Body Lotion,91074,https://www.sociolla.com/body-lotion/62732-truly-in-rose-body-lotion,0,0,0,quota_limit_reached
183_nuxe,Huile Prodigieuse Multi-Purpose Dry Oil,89098,https://www.sociolla.com/body-oil/60756-dau-kho-da-nang-duong-am-mat-co-the-va-toc-nuxe-huile-prodigieuse-100ml,0,0,0,quota_limit_reached
183_nuxe,Huile Prodigieuse Florale Multi-Purpose Dry Oil,102944,https://www.sociolla.com/face-oil/74602-huile-prodigieuse-florale-multi-purpose-dry-oil,0,0,0,quota_limit_reached
183_nuxe,Rêve de Miel Face and Body Ultra-Rich Cleansing Gel,2239,https://www.sociolla.com/cleansing-gel/8172-reve-de-miel-face-and-body-ultra-rich-cleansing-gel,0,0,0,quota_limit_reached
183_nuxe,Reve de The Revitalising Granular Scrub,102950,https://www.sociolla.com/body-scrub-exfoliants/74608-reve-de-the-revitalising-granular-scrub,0,0,0,quota_limit_reached
183_nuxe,Reve de The Toning Firming Cream,102952,https://www.sociolla.com/body-butter-cream/74610-reve-de-the-toning-firming-cream,0,0,0,quota_limit_reached
183_nuxe,Reve de The Revitalising Shower Gel,102949,https://www.sociolla.com/body-wash/74607-reve-de-the-revitalising-shower-gel,0,0,0,quota_limit_reached
183_nuxe,Rêve de Miel Ultra Comforting Face Balm,102948,https://www.sociolla.com/face-cream-lotion/74606-reve-de-miel-ultra-comforting-face-balm,0,0,0,quota_limit_reached
183_nuxe,Aquabella Beauty Revealer Moisturizing Emulsion,35561,https://www.sociolla.com/booster/13723-nuxe-aquabella-beauty-revealing-moisturising-emulsion,0,0,0,quota_limit_reached
183_nuxe,Nuxuriance Ultra Eye and Lip Contour,102946,https://www.sociolla.com/eye-cream/74604-nuxuriance-ultra-eye-and-lip-contour,0,0,0,quota_limit_reached
183_nuxe,Rêve de Miel Face Cleansing and Make-Up Removing Gel,2243,https://www.sociolla.com/makeup-remover/8177-reve-de-miel-face-cleansing-and-make-up-removing-gel,0,0,0,quota_limit_reached
183_nuxe,Nuxellence Detox,1147,https://www.sociolla.com/face-cream-lotion/4747-nuxellence-detox,0,0,0,quota_limit_reached
183_nuxe,Aquabella Beauty Revealer Lotion Essence,35560,https://www.sociolla.com/face-cream-lotion/13722-nuxe-aquabella-beauty-revealing-essence-lotion,0,0,0,quota_limit_reached
183_nuxe,Reve de The Revitalising Moisturising Milk 24 h,102951,https://www.sociolla.com/body-lotion-body-serum/74609-reve-de-the-revitalising-moisturising-milk-24-h,0,0,0,quota_limit_reached
183_nuxe,Rêve de Miel Hand and Nail Cream (Dry Hands),89099,https://www.sociolla.com/hand-foot-cream/60757-kem-duong-da-tay-va-mong-nuxe-reve-de-miel-50ml,0,0,0,quota_limit_reached
183_nuxe,Very Rose Soothing Micellar Water 3in1,89095,https://www.sociolla.com/micellar-water/60753-nuoc-tay-trang-3-trong-1-danh-cho-moi-loai-da-nuxe-very-rose-200ml,0,0,0,quota_limit_reached
183_nuxe,Very Rose Fresh Toning Mist,89096,https://www.sociolla.com/face-mist/60754-xit-duong-am-nuxe-very-rose-refreshing-toning-mist-200ml,0,0,0,quota_limit_reached
183_nuxe,Aquabella Micro Exfoliating Purifying Gel,35559,https://www.sociolla.com/scrub-exfoliator/13721-nuxe-aquabella-micro-exfoliating-purifying-gel-daily-use-,0,0,0,quota_limit_reached
183_nuxe,Nuxellence Eye Contour,36112,https://www.sociolla.com/eye-care/14593-nuxellence-eye-contour,0,0,0,quota_limit_reached
183_nuxe,Nuxuriance Ultra Serum,102947,https://www.sociolla.com/face-serum/74605-nuxuriance-ultra-serum,0,0,0,quota_limit_reached
183_nuxe,Nuxellence Eclat,1146,https://www.sociolla.com/face-cream-lotion/4746-nuxellence-eclat,0,0,0,quota_limit_reached
183_nuxe,Rêve de Miel Lip Balm,2252,https://www.sociolla.com/shop-by-departments/8190-reve-de-miel-lip-balm,0,0,0,quota_limit_reached
1960_o-two-o,Eyelash Curler Eye Make Up Tool Pink,106830,https://www.sociolla.com/eyelash-curler/78488-eyelash-curler-eye-make-up-tool-pink,0,0,0,quota_limit_reached
1960_o-two-o,Splendid Matte Double Ended Lipstic,106828,https://www.sociolla.com/lip-cream/78486-splendid-matte-double-ended-lipstic,0,0,0,quota_limit_reached
1960_o-two-o,Makeup Blush Stick Hydrating Gloss Lip & Cheek (Glow Colour Bounce Blush ),106829,https://www.sociolla.com/blush/78487-makeup-blush-stick-hydrating-gloss-lip-and-cheek-glow-colour-bounce-blush,0,0,0,quota_limit_reached
1960_o-two-o,Makeup Base Cream Invisible Pore Soft Focus Makeup Primer (Zero Pores Primer),106824,https://www.sociolla.com/face-primer/78482-makeup-base-cream-invisible-pore-soft-focus-makeup-primer-zero-pores-primer,0,0,0,quota_limit_reached
1960_o-two-o,Lash Bold Volume Lifting Mascara,106820,https://www.sociolla.com/mascara/78478-lash-bold-volume-lifting-mascara,0,0,0,quota_limit_reached
1960_o-two-o,Stamp Eyeliner Black Double Head Waterproof Eyeliner Pencil Eye Makeup (Miraculous Cat-Eye Stamp Eyeliner Pen),106822,https://www.sociolla.com/eyeliner/78480-stamp-eyeliner-black-double-head-waterproof-eyeliner-pencil-eye-makeup-miraculous-cat-eye-stamp-eyeliner-pen,0,0,0,quota_limit_reached
1960_o-two-o,Natural Soft Mist 3-in-1 Eyebrow Pencil,106827,https://www.sociolla.com/eyebrows/78485-natural-soft-mist-3-in-1-eyebrow-pencil,0,0,0,quota_limit_reached
1960_o-two-o,Moisturizing Spray Makeup Setting Spray Long-lasting Lock Makeup (Moisturizing Setting spray Makeup),106823,https://www.sociolla.com/setting-spray/78481-moisturizing-spray-makeup-setting-spray-long-lasting-lock-makeup-moisturizing-setting-spray-makeup,0,0,0,quota_limit_reached
1960_o-two-o,Waterproof Mascara Long Lasting Natural Curling Eye Lash Makeup (Volume Lengthening Fiber Mascara),106821,https://www.sociolla.com/mascara/78479-waterproof-mascara-long-lasting-natural-curling-eye-lash-makeup-volume-lengthening-fiber-mascara,0,0,0,quota_limit_reached
1960_o-two-o,Gold Embroidery Eyeliner,106826,https://www.sociolla.com/eyeliner/78484-gold-embroidery-eyeliner,0,0,0,quota_limit_reached
1960_o-two-o,Waterproof Mascara Long Lasting 36H Make Up (Volume and Curling Waterproof Mascara),106825,https://www.sociolla.com/mascara/78483-waterproof-mascara-long-lasting-36h-make-up-volume-and-curling-waterproof-mascara,0,0,0,quota_limit_reached
1249_osweet-singapore,Daikin Conditioner,87115,https://www.sociolla.com/conditioner/58773-daikin-conditioner,0,0,0,quota_limit_reached
1960_o-two-o,Mascara Waterproof Long Lasting Volumizing Lengthen Eye Lash Makeup (Instant Oversize Volume Mascara),106819,https://www.sociolla.com/mascara/78477-mascara-waterproof-long-lasting-volumizing-lengthen-eye-lash-makeup-instant-oversize-volume-mascara,0,0,0,quota_limit_reached
1249_osweet-singapore,Ginger Shampoo,87114,https://www.sociolla.com/shampoo/58772-ginger-shampoo,0,0,0,quota_limit_reached
1249_osweet-singapore,Body Wash Nourish Skin,87258,https://www.sociolla.com/body-wash/58916-body-wash-nourish-skin,0,0,0,quota_limit_reached
1249_osweet-singapore,Revitalizing Multiple-Effect Anti-Aging Creme,87262,https://www.sociolla.com/face-cream-lotion/58920-revitalizing-multiple-effect-anti-aging-creme,0,0,0,quota_limit_reached
1249_osweet-singapore,Rose Essence Brightening Mask,87263,https://www.sociolla.com/sheet-mask/58921-rose-essence-brightening-mask,0,0,0,quota_limit_reached
1249_osweet-singapore,O'Sweet Singapore Anti-Dandruff & Oil Control Shampoo,107386,https://www.sociolla.com/shampoo/79044-o-sweet-singapore-anti-dandruff-and-oil-control-shampoo,0,0,0,quota_limit_reached
1249_osweet-singapore,Hyaluronic Acid Moisturizing Mask,87261,https://www.sociolla.com/sheet-mask/58919-hyaluronic-acid-moisturizing-mask,0,0,0,quota_limit_reached
1249_osweet-singapore,Amino Acid Facial Cleanser,87247,https://www.sociolla.com/face-wash/58905-amino-acid-facial-cleanser,0,0,0,quota_limit_reached
1249_osweet-singapore,Rose Pure Dew,87264,https://www.sociolla.com/toner/58922-rose-pure-dew,0,0,0,quota_limit_reached
1249_osweet-singapore,Ginger Essence Hair & Scalp Tonic,87260,https://www.sociolla.com/hair-tonic/58918-ginger-essence-hair-and-scalp-tonic,0,0,0,quota_limit_reached
1337_oasea-laboratories,White Jade Gua Sha Tool,91685,https://www.sociolla.com/facial-tools/63343-white-jade-gua-sha-tool,0,0,0,quota_limit_reached
1337_oasea-laboratories,Squalane Barrier Hydra Toner,93376,https://www.sociolla.com/toner/65034-squalane-barrier-hydra-toner,0,0,0,quota_limit_reached
1249_osweet-singapore,Ginger Flower Mousse Body Wash,87259,https://www.sociolla.com/body-wash/58917-ginger-flower-mousse-body-wash,0,0,0,quota_limit_reached
1337_oasea-laboratories,Protective Tinted Mineral Matte Sunscreen,104396,https://www.sociolla.com/sunscreen/76054-protective-tinted-mineral-matte-sunscreen,0,0,0,quota_limit_reached
1337_oasea-laboratories,Oceanus Squalane + Tranexamic Spot Correcting Face Oil Serum,91683,https://www.sociolla.com/face-serum/63341-oceanus-squalane-tranexamic-spot-correcting-face-oil-serum,0,0,0,quota_limit_reached
1337_oasea-laboratories,Oceanus Squalane + Vitamin C Radiance Face Oil Serum,98943,https://www.sociolla.com/face-serum/70601-oceanus-squalane-vitamin-c-radiance-face-oil-serum,0,0,0,quota_limit_reached
1337_oasea-laboratories,Squalane Multi-Action Cleansing Balm,96354,https://www.sociolla.com/cleansing-balm/68012-squalane-multi-action-cleansing-balm,0,0,0,quota_limit_reached
1337_oasea-laboratories,Protective Tinted Mineral Glow Sunscreen,104397,https://www.sociolla.com/sunscreen/76055-protective-tinted-mineral-glow-sunscreen,0,0,0,quota_limit_reached
1337_oasea-laboratories,Marine Algae Revitalize Bouncing Moisturizer,100573,https://www.sociolla.com/default-category/72231-marine-algae-revitalize-bouncing-moisturizer,0,0,0,quota_limit_reached
1337_oasea-laboratories,Squalane Barrier Hydra Toner FREE FSS toning pads,94163,https://www.sociolla.com/skin-care-set/65821-oasea-hydrate-and-calming-set-free-fss-toning-pads,0,0,0,quota_limit_reached
1337_oasea-laboratories,Blemish Treat Set,96163,https://www.sociolla.com/default-category/67821-blemish-treat-set,0,0,0,quota_limit_reached
1337_oasea-laboratories,[B1G1] Oasea Protective Tinted Mineral Matte Sunscreen FREE Oceanus Squalane + Vitamin C Radiance Face Oil Serum mini,104864,https://www.sociolla.com/skin-care-set/76522-b1g1-oasea-protective-tinted-mineral-matte-sunscreen-free-oceanus-squalane-vitamin-c-radiance-face-oil-serum-mini,0,0,0,quota_limit_reached
1337_oasea-laboratories,One Set Special Value Bundle,99596,https://www.sociolla.com/skin-care-set/71254-one-set-special-value-bundle,0,0,0,quota_limit_reached
1337_oasea-laboratories,Special Treat Hydra Toner Bundle,104250,https://www.sociolla.com/skin-care-set/75908-special-treat-hydra-toner-bundle,0,0,0,quota_limit_reached
1337_oasea-laboratories,Hydrate and Correct Set,96162,https://www.sociolla.com/skin-care-set/67820-hydrate-and-correct-set,0,0,0,quota_limit_reached
1337_oasea-laboratories,Ramadhan Special Tranexamic Spot Correcting Face Oil x Dongling Jade Gua sha,103978,https://www.sociolla.com/default-category/75636-ramadhan-special-tranexamic-spot-correcting-face-oil-x-dongling-jade-gua-sha,0,0,0,quota_limit_reached
1337_oasea-laboratories,[B1G1] Oasea Protective Tinted Mineral Glow Sunscreen FREE Oceanus Squalane + Vitamin C Radiance Face Oil Serum mini,104862,https://www.sociolla.com/skin-care-set/76520-b1g1-oasea-protective-tinted-mineral-glow-sunscreen-free-oceanus-squalane-vitamin-c-radiance-face-oil-serum-mini,0,0,0,quota_limit_reached
1337_oasea-laboratories,Oceanus Squalane + Salicylic Acne Control Face Oil Serum,92760,https://www.sociolla.com/face-oil/64418-oceanus-squalane-salicylic-acne-control-face-oil-serum,0,0,0,quota_limit_reached
1337_oasea-laboratories,Aging Backwards Valentine Edition' - A perfect match combo to reduce the signs of aging,91712,https://www.sociolla.com/face-serum/63370-oasea-valentine-limited-edition-free-rose-quartz-gua-sha,0,0,0,quota_limit_reached
1337_oasea-laboratories,Ramadhan Special Salicylic Acne Face Oil x Dongling Jade Gua sha,103979,https://www.sociolla.com/default-category/75637-ramadhan-special-salicylic-acne-face-oil-x-dongling-jade-gua-sha,0,0,0,quota_limit_reached
1337_oasea-laboratories,Oceanus Squalane Face Oil Serum + White Jade Gua Sha Tool,92160,https://www.sociolla.com/default-category/63818-oceanus-squalane-face-oil-serum-white-jade-gua-sha-tool,0,0,0,quota_limit_reached
1337_oasea-laboratories,B1G1 Oceanus Squalane + Tranexamic Spot Correcting Face Oil Serum,105988,https://www.sociolla.com/face-oil/77646-b1g1-oceanus-squalane-tranexamic-spot-correcting-face-oil-serum,0,0,0,quota_limit_reached
1337_oasea-laboratories,Ramadhan Special Vit C Face Oil x Dongling Jade Gua sha,103980,https://www.sociolla.com/default-category/75638-ramadhan-special-vit-c-face-oil-x-dongling-jade-gua-sha,0,0,0,quota_limit_reached
1258_oc-naturals,Normal Balance Conditioner,87853,https://www.sociolla.com/conditioner/59511-normal-balance-conditioner,0,0,0,quota_limit_reached
1258_oc-naturals,Normal Balance shampoo,87852,https://www.sociolla.com/shampoo/59510-normal-balance-shampoo,0,0,0,quota_limit_reached
1258_oc-naturals,Coco Repair Shampoo,87855,https://www.sociolla.com/shampoo/59513-coco-repair-shampoo,0,0,0,quota_limit_reached
1258_oc-naturals,Body Wash Rejuvenating Rose & Patchouli,87828,https://www.sociolla.com/body-wash/59486-body-wash-rejuvenating-rose-and-patchouli,0,0,0,quota_limit_reached
1258_oc-naturals,Silky Smooth Conditioner,87830,https://www.sociolla.com/conditioner/59488-silky-smooth-conditioner,0,0,0,quota_limit_reached
1258_oc-naturals,Deep Nourish Shampoo,87857,https://www.sociolla.com/shampoo/59515-deep-nourish-shampoo,0,0,0,quota_limit_reached
1258_oc-naturals,Anti Dandruff Shampoo/Conditoner - 3 in 1,87854,https://www.sociolla.com/shampoo/59512-anti-dandruff-shampoo-conditoner-3-in-1,0,0,0,quota_limit_reached
1258_oc-naturals,Coco Repair Conditioner,87856,https://www.sociolla.com/conditioner/59514-coco-repair-conditioner,0,0,0,quota_limit_reached
1258_oc-naturals,Deep Nourish Conditioner,87858,https://www.sociolla.com/conditioner/59516-deep-nourish-conditioner,0,0,0,quota_limit_reached
1258_oc-naturals,Body Wash Hydrating Coconut Crème,87825,https://www.sociolla.com/body-wash/59483-body-wash-hydrating-coconut-creme,0,0,0,quota_limit_reached
1258_oc-naturals,Silky Smooth Shampoo,87829,https://www.sociolla.com/shampoo/59487-silky-smooth-shampoo,0,0,0,quota_limit_reached
1258_oc-naturals,Hand Wash Replenishing Vanilla Shea,87831,https://www.sociolla.com/hand-wash/59489-hand-wash-replenishing-vanilla-shea,0,0,0,quota_limit_reached
1258_oc-naturals,Body Wash Invigorating Mandarin Cedarwood,87827,https://www.sociolla.com/body-wash/59485-body-wash-invigorating-mandarin-cedarwood,0,0,0,quota_limit_reached
1258_oc-naturals,Body Wash Moisturising Aroma Vanilla Ylang Ylang,87826,https://www.sociolla.com/body-wash/59484-body-wash-moisturising-aroma-vanilla-ylang-ylang,0,0,0,quota_limit_reached
866_olay,Total Effects 7 in One Day Cream Touch of Foundation SPF 15,22015,https://www.sociolla.com/default-category/38691-total-effects-7-in-one-day-cream-touch-of-foundation-spf-15,0,0,0,quota_limit_reached
1258_oc-naturals,Hand Wash Lemongrass & Ginger,87832,https://www.sociolla.com/hand-wash/59490-hand-wash-lemongrass-and-ginger,0,0,0,quota_limit_reached
866_olay,Total Effects 7in1 Day Cream Normal SPF 15,74841,https://www.sociolla.com/default-category/28021-total-effects-7in1-day-cream-normal-spf-15,0,0,0,quota_limit_reached
866_olay,Regenerist RETINOL 24 Moisturizer Pelembab Krim Wajah,75952,https://www.sociolla.com/face-cream-lotion/38318-regenerist-retinol-24-moisturiser-pelembab-krim-wajah,0,0,0,quota_limit_reached
866_olay,Regenerist RETINOL 24 Serum,75951,https://www.sociolla.com/face-serum/38317-regenerist-retinol-24-serum,0,0,0,quota_limit_reached
866_olay,Regenerist Mircro-sculpting Cream Night,74823,https://www.sociolla.com/default-category/28003-regenerist-mircro-sculpting-cream-night,0,0,0,quota_limit_reached
866_olay,Regenerist Mircro-sculpting Cream,23649,https://www.sociolla.com/default-category/33373-regenerist-mircro-sculpting-cream,0,0,0,quota_limit_reached
866_olay,Total Effects 7in1 Anti-ageing Serum,74830,https://www.sociolla.com/face-serum/28010-total-effects-7in1-anti-ageing-serum,0,0,0,quota_limit_reached
866_olay,White Radiance Night Restoring Cream,74844,https://www.sociolla.com/face-cream-lotion/28024-white-radiance-night-restoring-cream,0,0,0,quota_limit_reached
866_olay,Total Effects 7in1 Anti-ageing Night Cream,74829,https://www.sociolla.com/default-category/28009-total-effects-7in1-anti-ageing-night-cream,0,0,0,quota_limit_reached
866_olay,Regenerist Revitalising Hydration UV Cream,24531,https://www.sociolla.com/default-category/33840-regenerist-revitalising-hydration-uv-cream,0,0,0,quota_limit_reached
866_olay,Luminous Niacinamide + Vitamin C Masker Wajah Brightening Skin Care Sheet Mask,91284,https://www.sociolla.com/sheet-mask/62942-luminous-niacinamide-vitamin-c-masker-wajah-brightening-skin-care-sheet-mask,0,0,0,quota_limit_reached
866_olay,Regenerist Mircro-sculpting Serum,74824,https://www.sociolla.com/face-serum/28004-regenerist-mircro-sculpting-serum,0,0,0,quota_limit_reached
866_olay,Total Effects 7in1 Day Cream Gentle SPF 15,74832,https://www.sociolla.com/default-category/28012-total-effects-7in1-day-cream-gentle-spf-15,0,0,0,quota_limit_reached
866_olay,Advanced Anti-Aging - Regenerist Youth Pre-Essence,74811,https://www.sociolla.com/essence/27991-advanced-anti-aging-regenerist-youth-pre-essence,0,0,0,quota_limit_reached
866_olay,White Radiance Luminous Krim Pelembab UV,89249,https://www.sociolla.com/face-cream-lotion/60907-white-radiance-luminous-krim-pelembab-uv,0,0,0,quota_limit_reached
866_olay,White Radiance Whip Active Moisturizer UV Krim,74847,https://www.sociolla.com/default-category/28027-white-radiance-whip-active-moisturizer-uv-krim,0,0,0,quota_limit_reached
866_olay,Luminous Niacinamide Masker Wajah Brightening Skin Care Sheet Mask,91282,https://www.sociolla.com/sheet-mask/62940-luminous-niacinamide-masker-wajah-brightening-skin-care-sheet-mask,0,0,0,quota_limit_reached
866_olay,Regenerist Niacinamide Masker Wajah Anti Aging Skin Care Sheet Mask,91283,https://www.sociolla.com/sheet-mask/62941-regenerist-niacinamide-masker-wajah-anti-aging-skin-care-sheet-mask,0,0,0,quota_limit_reached
866_olay,Regenerist Peptide 24 Collagen Peptide Krim Pelembab,89247,https://www.sociolla.com/face-cream-lotion/60905-regenerist-collagen-peptide-24-krim-pelembab,0,0,0,quota_limit_reached
866_olay,Total Effects 7in1 Day Cream Normal,74833,https://www.sociolla.com/default-category/28013-total-effects-7in1-day-cream-normal,0,0,0,quota_limit_reached
866_olay,Luminous Niacinamide + Hyaluronic Masker Wajah Brightening Skin Care Sheet Mask,91285,https://www.sociolla.com/sheet-mask/62943-luminous-niacinamide-hyaluronic-masker-wajah-brightening-skin-care-sheet-mask,0,0,0,quota_limit_reached
866_olay,[ Special Edition Keith Haring ] Olay Serum Wajah Luminous Light Perfecting Essence Pencerah Skincare,89161,https://www.sociolla.com/face-serum/60819-special-edition-keith-haring-olay-serum-wajah-luminous-light-perfecting-essence-pencerah-skincare,0,0,0,quota_limit_reached
866_olay,[LEBIH HEMAT] Olay Ritual Serum Luminous Niacinamide + AHA 30ml + Krim Pelembab Regenerist Anti Aging Skin Care 50g,94212,https://www.sociolla.com/default-category/65870-lebih-hemat-olay-ritual-serum-luminous-niacinamide-aha-30ml-krim-pelembab-regenerist-anti-aging-skin-care-50g,0,0,0,quota_limit_reached
866_olay,Regenerist Niacinamide + Retinol24 Masker Wajah Anti Aging Skin Care Sheet Mask,91286,https://www.sociolla.com/sheet-mask/62944-regenerist-niacinamide-retinol24-masker-wajah-anti-aging-skin-care-sheet-mask,0,0,0,quota_limit_reached
866_olay,Total Effects 7in1 Day Cream Gentle,74831,https://www.sociolla.com/default-category/28011-total-effects-7in1-day-cream-gentle,0,0,0,quota_limit_reached
866_olay,Luminous Niacinamide + AHA Krim Pelembab Brightening Skin Care,92389,https://www.sociolla.com/face-cream-lotion/64047-luminous-niacinamide-aha-krim-pelembab-brightening-skin-care,0,0,0,quota_limit_reached
866_olay,Luminous Niacinamide + AHA Super Serum Brightening Skin Care,92390,https://www.sociolla.com/face-serum/64048-luminous-niacinamide-aha-super-serum-brightening-skin-care,0,0,0,quota_limit_reached
866_olay,[Limited Edition] Olay Serum Wajah White Radiance Light Perfecting Essence Pencerah Skincare,86169,https://www.sociolla.com/essence/57827-limited-edition-olay-serum-wajah-white-radiance-light-perfecting-essence-pencerah-skincare,0,0,0,quota_limit_reached
866_olay,Regenerist Whip Active Moisturizer UV Krim,74828,https://www.sociolla.com/face-cream-lotion/28008-regenerist-whip-active-moisturizer-uv-krim,0,0,0,quota_limit_reached
866_olay,Regenerist RETINOL 24 Night Eye Cream Pelembab Krim Mata,75953,https://www.sociolla.com/eye-care/38319-regenerist-retinol-24-night-pelembab-krim-mata-eye-cream,0,0,0,quota_limit_reached
866_olay,White Radiance Niacinamide + Hyaluronic Super Serum + Free Mask,84248,https://www.sociolla.com/default-category/55906-white-radiance-niacinamide-hyaluronic-super-serum-free-mask,0,0,0,quota_limit_reached
866_olay,"[LEBIH HEMAT] Olay Set Lengkap Luminous Niacinamide + AHA Brightening Skin Care - Krim Wajah 50gr, Serum Wajah 30ml",94211,https://www.sociolla.com/skincare/65869-lebih-hemat-olay-set-lengkap-luminous-niacinamide-aha-brightening-skin-care-krim-wajah-50gr-serum-wajah-30ml,0,0,0,quota_limit_reached
866_olay,White Radiance Niacinamide + Cica Super Serum + Free Mask,84250,https://www.sociolla.com/default-category/55908-white-radiance-niacinamide-cica-super-serum-free-mask,0,0,0,quota_limit_reached
866_olay,White Radiance Intensive Whitening Cream,74843,https://www.sociolla.com/face-cream-lotion/28023-white-radiance-intensive-whitening-cream,0,0,0,quota_limit_reached
619_pantene,Pantene Shampoo Anti Dandruff 1200 ml Paket Isi 2,75840,https://www.sociolla.com/shampoo/38206-pantene-shampoo-anti-dandruff-1200-ml-paket-isi-2,0,0,0,quota_limit_reached
619_pantene,Shampoo Hair Fall Control,23549,https://www.sociolla.com/shampoo/35535-shampoo-hair-fall-control,0,0,0,quota_limit_reached
619_pantene,Pro V Perfect On Conditioner Tanpa Bilas,35059,https://www.sociolla.com/conditioner/12922-soco-pantene-perfect-on,0,0,0,quota_limit_reached
619_pantene,Pantene Shampoo Micellar Cleanse and Hydrate,85986,https://www.sociolla.com/default-category/57644-pantene-shampoo-micellar-cleanse-and-hydrate,0,0,0,quota_limit_reached
619_pantene,Shampoo Anti-Lepek,23546,https://www.sociolla.com/shampoo/28487-shampoo-anti-lepek,0,0,0,quota_limit_reached
619_pantene,Pantene Conditioner Micellar Cleanse and Hydrate,85987,https://www.sociolla.com/conditioner/57645-pantene-conditioner-micellar-cleanse-and-hydrate,0,0,0,quota_limit_reached
619_pantene,Shampoo Micellar Detox and Purify,88705,https://www.sociolla.com/default-category/60363-shampoo-micellar-detox-and-purify,0,0,0,quota_limit_reached
619_pantene,Shampoo Anti Dandruff,23548,https://www.sociolla.com/shampoo/28489-shampoo-anti-dandruff,0,0,0,quota_limit_reached
619_pantene,Conditioner Miracles Biotin Strength Daily Hair Supplement for Hairfall Control,88707,https://www.sociolla.com/conditioner/60365-conditioner-miracles-biotin-strength-daily-hair-supplement-for-hairfall-control,0,0,0,quota_limit_reached
619_pantene,Conditioner Micellar Detox and Purify,88706,https://www.sociolla.com/conditioner/60364-conditioner-micellar-detox-and-purify,0,0,0,quota_limit_reached
619_pantene,Conditioner Miracles Keratin Glow Daily Hair Supplement,92146,https://www.sociolla.com/conditioner/63804-conditioner-miracles-keratin-glow-daily-hair-supplement,0,0,0,quota_limit_reached
619_pantene,Conditioner Miracles Collagen Repair Daily Hair Supplement for Damage Care,88708,https://www.sociolla.com/conditioner/60366-conditioner-miracles-collagen-repair-daily-hair-supplement-for-damage-care,0,0,0,quota_limit_reached
619_pantene,Pantene Total Damage Care Shampoo 1200 ml Paket Isi 3,75843,https://www.sociolla.com/default-category/38209-pantene-total-damage-care-shampoo-1200-ml-paket-isi-3,0,0,0,quota_limit_reached
619_pantene,Pantene Total Damage Care Shampoo 1200 ml Paket Isi 2,75839,https://www.sociolla.com/shampoo/38205-pantene-total-damage-care-shampoo-1200-ml-paket-isi-2,0,0,0,quota_limit_reached
619_pantene,Pantene Shampoo Anti Dandruff 1200 ml Paket Isi 3,75844,https://www.sociolla.com/shampoo/38210-pantene-shampoo-anti-dandruff-1200-ml-paket-isi-3,0,0,0,quota_limit_reached
1142_papa-recipe,Blemish Enzyme Powder Cleanser,106249,https://www.sociolla.com/cleansing-powder/77907-blemish-enzyme-powder-cleanser,0,0,0,quota_limit_reached
1142_papa-recipe,Bombee Ginseng Red Honey Oil Mask,106252,https://www.sociolla.com/sheet-mask/77910-bombee-ginseng-red-honey-oil-mask,0,0,0,quota_limit_reached
1142_papa-recipe,Bombee Rosegold Honey Mask,106253,https://www.sociolla.com/sheet-mask/77911-bombee-rosegold-honey-mask,0,0,0,quota_limit_reached
1142_papa-recipe,Bombee Honey Mask Pack,106251,https://www.sociolla.com/sheet-mask/77909-bombee-honey-mask-pack,0,0,0,quota_limit_reached
1142_papa-recipe,Bombee Whitening Honey Mask,106254,https://www.sociolla.com/sheet-mask/77912-bombee-whitening-honey-mask,0,0,0,quota_limit_reached
1142_papa-recipe,Bombee Black Honey Mask,106250,https://www.sociolla.com/sheet-mask/77908-bombee-black-honey-mask,0,0,0,quota_limit_reached
588_peripera,Speedy Skinny Brow,79296,https://www.sociolla.com/brow-pencil/50954-chan-may-speedy-skinny-brow,0,0,0,quota_limit_reached
588_peripera,Ink Glasting Lip Gloss,106272,https://www.sociolla.com/lip-tint/77930-ink-glasting-lip-gloss,0,0,0,quota_limit_reached
588_peripera,New Ink Airy Velvet,104472,https://www.sociolla.com/lip-tint/76130-ink-airy-velvet,0,0,0,quota_limit_reached
588_peripera,Ink Airy Velvet,79325,https://www.sociolla.com/lip-tint/50983-ink-airy-velvet,0,0,0,quota_limit_reached
588_peripera,Speedy Skinny Brow Mascara,104473,https://www.sociolla.com/eyebrows/76131-speedy-skinny-brow-mascara,0,0,0,quota_limit_reached
1038_perspirex,Perspirex Antiperspirant strong,76409,https://www.sociolla.com/deodorant/48067-perspirex-antiperspirant-strong,0,0,0,quota_limit_reached
1038_perspirex,Perspirex antiperspirant comfort,76408,https://www.sociolla.com/deodorant/48066-lan-khu-mui-comfort,0,0,0,quota_limit_reached
1038_perspirex,Perspirex antiperspirant original,76410,https://www.sociolla.com/deodorant/48068-lan-khu-mui-original,0,0,0,quota_limit_reached
1038_perspirex,Perspirex antiperspirant hand and foot lotion,93042,https://www.sociolla.com/body-lotion-body-serum/64700-hand-and-foot-lotion,0,0,0,quota_limit_reached
785_petal-fresh,Petal Fresh Pure Body Scrub Argan Oil,86524,https://www.sociolla.com/body-scrub-exfoliants/58182-petal-fresh-pure-body-scrub-argan-oil,0,0,0,quota_limit_reached
785_petal-fresh,Pure Thickening Shampoo Oil Control,33040,https://www.sociolla.com/shampoo/17129-pure-thickening-shampoo-oil-control,0,0,0,quota_limit_reached
785_petal-fresh,Petal Fresh Pure Scalp Care Shampoo With Apple Cider Vinegar,104989,https://www.sociolla.com/shampoo/76647-petal-fresh-pure-scalp-care-shampoo-with-apple-cider-vinegar,0,0,0,quota_limit_reached
785_petal-fresh,Pure Rose & Honeysuckle Shampoo,64072,https://www.sociolla.com/default-category/17138-pure-rose-and-honeysuckle-shampoo,0,0,0,quota_limit_reached
785_petal-fresh,Petal Fresh Pure Tea Tree Facial Mask,86520,https://www.sociolla.com/wash-off-mask/58178-petal-fresh-pure-tea-tree-facial-mask,0,0,0,quota_limit_reached
785_petal-fresh,Pure Thickening Shampoo Normal Hair,33038,https://www.sociolla.com/shampoo/17127-pure-thickening-shampoo-normal-hair,0,0,0,quota_limit_reached
785_petal-fresh,Petal Fresh Pure Watermelon Facial Mask,86521,https://www.sociolla.com/wash-off-mask/58179-petal-fresh-pure-watermelon-facial-mask,0,0,0,quota_limit_reached
785_petal-fresh,Pure Grape Seed & Olive Oil Conditioner,64073,https://www.sociolla.com/hair-care/17141-pure-grape-seed-and-olive-oil-conditioner,0,0,0,quota_limit_reached
785_petal-fresh,Pure Pomegranate & Acai Shampoo,64075,https://www.sociolla.com/default-category/17146-pure-pomegranate-and-acai-shampoo,0,0,0,quota_limit_reached
785_petal-fresh,Pure Rosemary & Mint  Shampoo,33042,https://www.sociolla.com/default-category/17136-pure-rosemary-and-mint-shampoo,0,0,0,quota_limit_reached
785_petal-fresh,Pure Rose & Honeysuckle Conditioner,33041,https://www.sociolla.com/conditioner/17139-pure-rose-and-honeysuckle-conditioner,0,0,0,quota_limit_reached
785_petal-fresh,Pure Grape Seed & Olive Oil Shampoo,33048,https://www.sociolla.com/default-category/17140-pure-grape-seed-and-olive-oil-shampoo,0,0,0,quota_limit_reached
785_petal-fresh,Petal Fresh Pure Tea Tree Facial Cleanser,86511,https://www.sociolla.com/face-wash/58169-petal-fresh-pure-tea-tree-facial-cleanser,0,0,0,quota_limit_reached
785_petal-fresh,Pure Pomegranate & Acai Conditioner,64076,https://www.sociolla.com/hair-care/17147-pure-pomegranate-and-acai-conditioner,0,0,0,quota_limit_reached
785_petal-fresh,Pure Rosemary & Mint Conditioner,64071,https://www.sociolla.com/conditioner/17137-pure-rosemary-and-mint-conditioner,0,0,0,quota_limit_reached
785_petal-fresh,Petal Fresh Pure Papaya Facial Scrub,86522,https://www.sociolla.com/scrub-exfoliator/58180-petal-fresh-pure-papaya-facial-scrub,0,0,0,quota_limit_reached
785_petal-fresh,Pure Bath & Shower Gel Aloe & Citrus,64077,https://www.sociolla.com/bath-body/17119-pure-bath-and-shower-gel-aloe-and-citrus,0,0,0,quota_limit_reached
785_petal-fresh,Pure Bath & Shower Gel Lavender,64083,https://www.sociolla.com/bath-body/17125-pure-bath-and-shower-gel-lavender,0,0,0,quota_limit_reached
785_petal-fresh,Pure Bath & Shower Gel Rosemary & Mint,64079,https://www.sociolla.com/bath-body/17121-pure-bath-and-shower-gel-rosemary-and-mint,0,0,0,quota_limit_reached
785_petal-fresh,Petal Fresh Pure Papaya Facial Mask,86516,https://www.sociolla.com/wash-off-mask/58174-petal-fresh-pure-papaya-facial-mask,0,0,0,quota_limit_reached
785_petal-fresh,Petal Fresh Pure Body Scrub Coconut,86523,https://www.sociolla.com/body-scrub-exfoliants/58181-petal-fresh-pure-body-scrub-coconut,0,0,0,quota_limit_reached
785_petal-fresh,Pure Thickening Shampoo Anti Dandruff,64067,https://www.sociolla.com/shampoo/17131-pure-thickening-shampoo-anti-dandruff,0,0,0,quota_limit_reached
785_petal-fresh,Pure Lavender Conditioner,33046,https://www.sociolla.com/hair-care/17145-pure-lavender-conditioner,0,0,0,quota_limit_reached
785_petal-fresh,Pure Lavender Shampoo,33045,https://www.sociolla.com/default-category/17144-pure-lavender-shampoo,0,0,0,quota_limit_reached
785_petal-fresh,Pure Tea Tree Shampoo,33044,https://www.sociolla.com/default-category/17134-pure-tea-tree-shampoo,0,0,0,quota_limit_reached
785_petal-fresh,Pure Seaweed & Argan Oil Conditioner,64074,https://www.sociolla.com/hair-care/17142-pure-seaweed-and-argan-oil-conditioner,0,0,0,quota_limit_reached
785_petal-fresh,Pure Tea Tree Conditioner,64070,https://www.sociolla.com/hair-care/17135-pure-tea-tree-conditioner,0,0,0,quota_limit_reached
785_petal-fresh,Pure Seaweed & Argan Oil Shampoo,33043,https://www.sociolla.com/default-category/17143-pure-seaweed-and-argan-oil-shampoo,0,0,0,quota_limit_reached
785_petal-fresh,Pure Aloe & Citrus Shampoo,64068,https://www.sociolla.com/default-category/17132-pure-aloe-and-citrus-shampoo,0,0,0,quota_limit_reached
785_petal-fresh,Pure Thickening Conditioner Normal Hair,64065,https://www.sociolla.com/conditioner/17128-pure-thickening-conditioner-normal-hair,0,0,0,quota_limit_reached
785_petal-fresh,Pure Thickening Shampoo Dry Hair,64066,https://www.sociolla.com/shampoo/17130-pure-thickening-shampoo-dry-hair,0,0,0,quota_limit_reached
785_petal-fresh,Petal Fresh Pure Papaya Facial Cleanser,86509,https://www.sociolla.com/face-wash/58167-petal-fresh-pure-papaya-facial-cleanser,0,0,0,quota_limit_reached
785_petal-fresh,Pure Bath & Shower Gel Seawed & Argan Oil,64082,https://www.sociolla.com/bath-body/17124-pure-bath-and-shower-gel-seawed-and-argan-oil,0,0,0,quota_limit_reached
785_petal-fresh,Petal Fresh Pure Watermelon Facial Cleanser,86512,https://www.sociolla.com/face-wash/58170-petal-fresh-pure-watermelon-facial-cleanser,0,0,0,quota_limit_reached
785_petal-fresh,Pure Bath & Shower Gel Rose & Honeysuckle,64080,https://www.sociolla.com/body-wash/17122-pure-bath-and-shower-gel-rose-and-honeysuckle,0,0,0,quota_limit_reached
785_petal-fresh,Pure Bath & Shower Gel Tea Tree,64078,https://www.sociolla.com/bath-body/17120-pure-bath-and-shower-gel-tea-tree,0,0,0,quota_limit_reached
785_petal-fresh,Pure Bath & Shower Gel Grape Seed & Olive Oil,64081,https://www.sociolla.com/body-wash/17123-pure-bath-and-shower-gel-grape-seed-and-olive-oil,0,0,0,quota_limit_reached
785_petal-fresh,Thickening Oil Control Conditioner,73014,https://www.sociolla.com/conditioner/26194-thickening-oil-control-conditioner,0,0,0,quota_limit_reached
785_petal-fresh,Thickening Shampoo Color Protection,73015,https://www.sociolla.com/default-category/26195-thickening-shampoo-color-protection,0,0,0,quota_limit_reached
1358_pieras-propolinse,Original Orange,94052,https://www.sociolla.com/mouthwash/65710-original-orange-600ml,0,0,0,quota_limit_reached
1358_pieras-propolinse,Yuzu Japanese Citrus Limited Edition,94033,https://www.sociolla.com/mouthwash/65691-yuzu-japanese-citrus-limited-edition-600ml,0,0,0,quota_limit_reached
15561_pinkflash,Silky Velvet Lip Cream,98941,https://www.sociolla.com/lip-cream/70599-silky-velvet-lip-cream,0,0,0,quota_limit_reached
1358_pieras-propolinse,Refresh Black,94051,https://www.sociolla.com/mouthwash/65709-refresh-black,0,0,0,quota_limit_reached
1358_pieras-propolinse,Sakura,94031,https://www.sociolla.com/mouthwash/65689-sakura,0,0,0,quota_limit_reached
15561_pinkflash,3 Pan Eyeshadow,98969,https://www.sociolla.com/eyeshadow/70627-3-pan-eyeshadow,0,0,0,quota_limit_reached
15561_pinkflash,Pro Touch Eyeshadow Palette,98959,https://www.sociolla.com/eyeshadow/70617-pro-touch-eyeshadow-palette,0,0,0,quota_limit_reached
15561_pinkflash,Lasting Matte Pressed Powder,98974,https://www.sociolla.com/pressed-powder/70632-f08-lasting-matte-pressed-powder,0,0,0,quota_limit_reached
15561_pinkflash,Soft Pigment Face Contour,98976,https://www.sociolla.com/contour/70634-f02-soft-pigment-face-contour,0,0,0,quota_limit_reached
15561_pinkflash,All Glow Eyeshadow,98962,https://www.sociolla.com/eyeshadow/70620-all-glow-eyeshadow,0,0,0,quota_limit_reached
15561_pinkflash,Lasting Glossy Lipgloss,98790,https://www.sociolla.com/lip-gloss/70448-l02-lasting-glossy-lipgloss,0,0,0,quota_limit_reached
15561_pinkflash,Pro Touch Pencil Eyeliner,98960,https://www.sociolla.com/eyeliner/70618-pro-touch-pencil-eyeliner,0,0,0,quota_limit_reached
15561_pinkflash,Duo Effect Eyebrow Kit,98963,https://www.sociolla.com/eyebrows/70621-duo-effect-eyebrow-kit,0,0,0,quota_limit_reached
15561_pinkflash,Duo Makeup Stick,98988,https://www.sociolla.com/blush/70646-duo-makeup-stick,0,0,0,quota_limit_reached
15561_pinkflash,Lip & Cheek Duo Matte Tint,98990,https://www.sociolla.com/lip-tint/70648-m01-lip-and-cheek-duo-matte-tint,0,0,0,quota_limit_reached
15561_pinkflash,Lasting Matte Lipcream,98779,https://www.sociolla.com/lip-cream/70437-l01-lasting-matte-lipcream,0,0,0,quota_limit_reached
15561_pinkflash,Duo Lipgloss,98957,https://www.sociolla.com/lip-gloss/70615-duo-lipgloss,0,0,0,quota_limit_reached
15561_pinkflash,Soft Pigment Blush,98975,https://www.sociolla.com/face/70633-f01-soft-pigment-blush,0,0,0,quota_limit_reached
15561_pinkflash,Silky Velvet Lipstick,98942,https://www.sociolla.com/lipstick/70600-silky-velvet-lipstick,0,0,0,quota_limit_reached
15561_pinkflash,Watery Glam Lipgloss,98940,https://www.sociolla.com/lip-gloss/70598-watery-glam-lipgloss,0,0,0,quota_limit_reached
15561_pinkflash,Flame Shape Blush Brush,98980,https://www.sociolla.com/face-brushes/70638-flame-shape-blush-brush,0,0,0,quota_limit_reached
15561_pinkflash,Double Nose Shadow Eyeshadow Brush,98987,https://www.sociolla.com/eye-brushes/70645-pf-t04-03-double-nose-shadow-eyeshadow-brush,0,0,0,quota_limit_reached
15561_pinkflash,Medium Loose Powder Brush,98891,https://www.sociolla.com/face-brushes/70549-pf-t04-07-medium-loose-powder-brush,0,0,0,quota_limit_reached
15561_pinkflash,Scalloped Highlight Brush,98989,https://www.sociolla.com/eye-brushes/70647-pf-t04-04-scalloped-highlight-brush,0,0,0,quota_limit_reached
15561_pinkflash,Oilproof Curl Mascara,98971,https://www.sociolla.com/mascara/70629-e08-oilproof-curl-mascara,0,0,0,quota_limit_reached
15561_pinkflash,Multi Face Pallet,98977,https://www.sociolla.com/face-palette/70635-multi-face-pallet,0,0,0,quota_limit_reached
15561_pinkflash,Waterproof Easy Eyeliner,98945,https://www.sociolla.com/eyeliner/70603-waterproof-easy-eyeliner,0,0,0,quota_limit_reached
15561_pinkflash,Lengthening Waterproof Micro Brush Mascara,98972,https://www.sociolla.com/mascara/70630-lengthening-waterproof-micro-brush-mascara,0,0,0,quota_limit_reached
15561_pinkflash,Lasting Matte Foundation,98979,https://www.sociolla.com/foundation/70637-f03-lasting-matte-foundation,0,0,0,quota_limit_reached
15561_pinkflash,Lasting Matte Loose Powder,98973,https://www.sociolla.com/loose-powder/70631-f06-lasting-matte-loose-powder,0,0,0,quota_limit_reached
15561_pinkflash,Eyebrow Brush,98985,https://www.sociolla.com/eye-brushes/70643-pf-t04-01-eyebrow-brush,0,0,0,quota_limit_reached
15561_pinkflash,Care Plus Lip Oil,98938,https://www.sociolla.com/skincare/70596-care-plus-lip-oil,0,0,0,quota_limit_reached
15561_pinkflash,Lasting Matte Concealer,98961,https://www.sociolla.com/concealer/70619-f04-lasting-matte-concealer,0,0,0,quota_limit_reached
15561_pinkflash,Beauty Blender,98981,https://www.sociolla.com/sponge-applicators/70639-t01-beauty-blender,0,0,0,quota_limit_reached
15561_pinkflash,Double Head Eyeshadow Brush,98986,https://www.sociolla.com/eye-brushes/70644-pf-t04-02-double-head-eyeshadow-brush,0,0,0,quota_limit_reached
15561_pinkflash,T02 Pvc Mini Bag,98983,https://www.sociolla.com/makeup-pouch/70641-t02-pvc-mini-bag,0,0,0,quota_limit_reached
15561_pinkflash,Waterproof Auto Eyebrow Pencil,98958,https://www.sociolla.com/brow-pencil/70616-waterproof-auto-eyebrow-pencil,0,0,0,quota_limit_reached
15561_pinkflash,Waterproof Easy Eyebrow Pencil,98890,https://www.sociolla.com/makeup/70548-e02-waterproof-easy-eyebrow-pencil,0,0,0,quota_limit_reached
15609_pome,Pome Optimun,101729,https://www.sociolla.com/beauty-suplements/73387-pome-optimun,0,0,0,quota_limit_reached
15609_pome,Pome,101728,https://www.sociolla.com/default-category/73386-pome,0,0,0,quota_limit_reached
15609_pome,POME ACY,106950,https://www.sociolla.com/beauty-suplements/78608-pome-acy,0,0,0,quota_limit_reached
620_ponds,Bright Beauty Skin Perfecting Cream Spf30,74192,https://www.sociolla.com/sunscreen/27372-white-beauty-skin-perfecting-cream-spf30,0,0,0,quota_limit_reached
620_ponds,Vitamin Micellar Water Brightening Rose,63589,https://www.sociolla.com/micellar-water/43248-vitamin-micellar-water-brightening-rose,0,0,0,quota_limit_reached
620_ponds,Buy Age Miracle Face Serum  free Facial Foam,96494,https://www.sociolla.com/skin-care-set/68152-buy-age-miracle-face-setu-free-facial-foam,0,0,0,quota_limit_reached
620_ponds,Age Miracle Whip Cream,71150,https://www.sociolla.com/default-category/24330-age-miracle-whip-cream,0,0,0,quota_limit_reached
620_ponds,Everyday Glow + Serum Bundle 3,90002,https://www.sociolla.com/skin-care-set/61660-everyday-glow-serum-bundle-3,0,0,0,quota_limit_reached
620_ponds,Pond's Age Miracle Day + Night Cream FREE Age Miracle Facial Foam,90983,https://www.sociolla.com/skin-care-set/62641-age-miracle-day-night-cream-free-age-miracle-facial-foam,0,0,0,quota_limit_reached
620_ponds,Everyday Glow + Serum Bundle 2,90001,https://www.sociolla.com/default-category/61659-everyday-glow-serum-bundle-2,0,0,0,quota_limit_reached
620_ponds,Complete Glow + Serum Bundle 1,89998,https://www.sociolla.com/skincare/61656-complete-glow-serum-bundle-1,0,0,0,quota_limit_reached
620_ponds,Age Miracle Youthful Glow Facial Foam,74139,https://www.sociolla.com/face-wash/27319-age-miracle-youthful-glow-facial-foam,0,0,0,quota_limit_reached
620_ponds,Age Miracle Night Routine Set,84076,https://www.sociolla.com/skin-care-set/55734-age-miracle-night-routine-set,0,0,0,quota_limit_reached
620_ponds,Age Miracle Youthful Glow Double Action Face Serum,74138,https://www.sociolla.com/face-serum/27318-age-miracle-youthful-glow-double-action-face-serum,0,0,0,quota_limit_reached
620_ponds,Age Miracle Day Cream,74134,https://www.sociolla.com/default-category/27314-age-miracle-day-cream,0,0,0,quota_limit_reached
620_ponds,Juice Collection Moisturizer,74168,https://www.sociolla.com/face-gel/27348-juice-collection-moisturizer,0,0,0,quota_limit_reached
620_ponds,Pond's White Beauty Facial Foam Twinpack,84352,https://www.sociolla.com/face-wash/56010-pond-s-white-beauty-facial-foam-twinpack,0,0,0,quota_limit_reached
620_ponds,Bright Beauty Facial Foam,73255,https://www.sociolla.com/face-wash/26435-white-beauty-spot-less-glow-facial-foam,0,0,0,quota_limit_reached
620_ponds,UV Protect Sun Serum SPF35 PA+++ UVA UVB Lightweight Sunscreen with Niacinamid-C,105800,https://www.sociolla.com/sunscreen/77458-uv-protect-sun-serum-spf35-pa-uva-uvb-lightweight-sunscreen-with-niacinamid-c,0,0,0,quota_limit_reached
620_ponds,Juice Collection Cleanser,74167,https://www.sociolla.com/face-wash/27347-juice-collection-cleanser,0,0,0,quota_limit_reached
620_ponds,UV Protect Sun Serum SPF50+ PA++++ UVB UVB Lightweight Sunscreen with Niacinamid-C,105801,https://www.sociolla.com/sunscreen/77459-uv-protect-sun-serum-spf50-pa-uvb-uvb-lightweight-sunscreen-with-niacinamid-c,0,0,0,quota_limit_reached
620_ponds,Bright Beauty Sun Dullness Face Scrub,25385,https://www.sociolla.com/face-wash/32371-white-beauty-sun-dullness-facial-scrub,0,0,0,quota_limit_reached
620_ponds,Instabright Tone Up Cream,25387,https://www.sociolla.com/face-cream-lotion/25387--,0,0,0,quota_limit_reached
620_ponds,Oil Control Facial Foam,25379,https://www.sociolla.com/face-wash/25379--,0,0,0,quota_limit_reached
620_ponds,Buy 1 Get 1 Free Bright Beauty Serum Mask,96492,https://www.sociolla.com/sheet-mask/68150-buy-1-get-1-free-bright-beauty-serum-mask,0,0,0,quota_limit_reached
620_ponds,Vitamin Micellar Water Hydrating Aloe,71153,https://www.sociolla.com/micellar-water/24333-vitamin-micellar-water-hydrating-aloe,0,0,0,quota_limit_reached
620_ponds,Bright Beauty Perfect Potion Essence,74187,https://www.sociolla.com/essence/27367-white-beauty-perfect-potion-essence,0,0,0,quota_limit_reached
620_ponds,Age Miracle Serum Sheet Mask - Anti Aging,86330,https://www.sociolla.com/sheet-mask/57988-age-miracle-serum-sheet-mask-anti-aging,0,0,0,quota_limit_reached
620_ponds,Flawless Bright Brightening Day Cream Spf18,74164,https://www.sociolla.com/sunscreen/27344-flawless-white-day-cream-spf-18,0,0,0,quota_limit_reached
620_ponds,Bright Beauty Serum Mask,87604,https://www.sociolla.com/sheet-mask/59262-bright-beauty-serum-mask,0,0,0,quota_limit_reached
620_ponds,Buy Eye Cream Free Facial Foam,96493,https://www.sociolla.com/skin-care-set/68151-buy-eye-cream-free-facial-foam,0,0,0,quota_limit_reached
620_ponds,Bright Beauty Triple Glow Serum,87605,https://www.sociolla.com/face-serum/59263-bright-beauty-triple-glow-serum,0,0,0,quota_limit_reached
620_ponds,Men Brightening Oil Clear Sabun Muka,74412,https://www.sociolla.com/scrub-exfoliator/27592-pond-s-men-lightning-oil-clear-facial-scrub,0,0,0,quota_limit_reached
620_ponds,Bright Beauty Serum Burst,74188,https://www.sociolla.com/face-serum/27368-white-beauty-serum-burst-day-and-night,0,0,0,quota_limit_reached
620_ponds,Age Miracle Youthful Glow Night Cream Moisturizer,74140,https://www.sociolla.com/default-category/27320-age-miracle-youthful-glow-night-cream-moisturizer,0,0,0,quota_limit_reached
620_ponds,Clear Solution Facial Scrub,73258,https://www.sociolla.com/face-wash/26438-face-scrub-clear-solution,0,0,0,quota_limit_reached
620_ponds,Pond's Men Pore Vacuum Foam + Scrub,79509,https://www.sociolla.com/scrub-exfoliator/51167-pond-s-men-pore-vacuum-foam-scrub,0,0,0,quota_limit_reached
620_ponds,Pond's Vitamin Micellar Water Brightening Rose 235ml Twinpack,84351,https://www.sociolla.com/skin-care-set/56009-pond-s-vitamin-micellar-water-brightening-rose-235ml-twinpack,0,0,0,quota_limit_reached
620_ponds,Vitamin Micellar Water Charcoal,71151,https://www.sociolla.com/micellar-water/24331-vitamin-micellar-water-d-toxx-charcoal,0,0,0,quota_limit_reached
620_ponds,Age Miracle Eye Cream,25376,https://www.sociolla.com/eye-care/33587-age-miracle-eye-cream,0,0,0,quota_limit_reached
620_ponds,Ponds Men Acno Striker Facial Scrub - Face Scrub Pria,89547,https://www.sociolla.com/scrub-exfoliator/61205-ponds-men-acno-striker-facial-scrub-face-scrub-pria,0,0,0,quota_limit_reached
620_ponds,Pond's Men Energy Charge Facial Foam,74410,https://www.sociolla.com/face-wash/27590-pond-s-men-energy-charge-facial-foam,0,0,0,quota_limit_reached
620_ponds,Instabright Tone Up Facial Foam,74186,https://www.sociolla.com/face-wash/27366-white-beauty-instabright-tone-up-facial-foam,0,0,0,quota_limit_reached
620_ponds,Men Bright Boost Face Scrub,74407,https://www.sociolla.com/face-wash/27587-pond-s-men-white-boost-facial-foam,0,0,0,quota_limit_reached
620_ponds,Ponds Men Oil Crusher Facial Foam Sabun Cuci Muka Pria,89546,https://www.sociolla.com/face-wash/61204-ponds-men-oil-crusher-facial-foam-sabun-cuci-muka-pria,0,0,0,quota_limit_reached
620_ponds,Vitamin Duo Sheet Mask - Tomato + Vitamin B6,79511,https://www.sociolla.com/sheet-mask/51169-vitamin-duo-sheet-mask-tomato-vitamin-b6,0,0,0,quota_limit_reached
620_ponds,Pond's Men Acne Solution Facial Foam,74409,https://www.sociolla.com/face-wash/27589-pond-s-men-acne-solution-facial-foam,0,0,0,quota_limit_reached
620_ponds,Age Miracle Youth Boosting Whip Moisturizer,74137,https://www.sociolla.com/default-category/27317-age-miracle-youth-boosting-whip-moisturizer,0,0,0,quota_limit_reached
620_ponds,Age Miracle Hya-Retinol Ultimate Renew Essence with Peptide & Collagen,101527,https://www.sociolla.com/essence/73185-age-miracle-hya-retinol-ultimate-renew-essence-with-peptide-and-collagen-110ml,0,0,0,quota_limit_reached
620_ponds,Pond's White Beauty Perfect Potion Essence Twinpack,84353,https://www.sociolla.com/essence/56011-pond-s-white-beauty-perfect-potion-essence-twinpack,0,0,0,quota_limit_reached
620_ponds,Age Miracle Day and Night Kit - Whip,84074,https://www.sociolla.com/skin-care-set/55732-age-miracle-day-and-night-kit-whip,0,0,0,quota_limit_reached
620_ponds,Buy 1 Get 1 Free Age Miracle Serum Sheet Mask,96491,https://www.sociolla.com/skin-care-set/68149-buy-1-get-1-free-age-miracle-serum-sheet-mask,0,0,0,quota_limit_reached
620_ponds,Age Miracle Hya-Retinol Ultimate Hydra Essence with Hyaluronic & Niacinamide,101525,https://www.sociolla.com/essence/73183-age-miracle-hya-retinol-ultimate-hydra-essence-with-hyaluronic-and-niacinamide-110ml,0,0,0,quota_limit_reached
620_ponds,Instabright Tone Up Milk - Complete Kit,74945,https://www.sociolla.com/skin-care-set/28125-instabright-tone-up-milk-complete-kit,0,0,0,quota_limit_reached
620_ponds,Age Miracle Hya-Retinol Ultimate Glow Essence with Vit. C & Niacinamide,101526,https://www.sociolla.com/essence/73184-age-miracle-hya-retinol-ultimate-glow-essence-with-vit-c-and-niacinamide-110ml,0,0,0,quota_limit_reached
620_ponds,Vitamin Duo Sheet Mask - Coconut Water + Vitamin B3,79514,https://www.sociolla.com/sheet-mask/51172-vitamin-duo-sheet-mask-coconut-water-vitamin-b3,0,0,0,quota_limit_reached
620_ponds,Antibacterial Face Mist Spray with Refreshing 100% Organic Rose Extract,79503,https://www.sociolla.com/face-mist/51161-antibacterial-face-mist-spray-with-refreshing-100-organic-rose-extract,0,0,0,quota_limit_reached
620_ponds,Instabright Tone Up BB Powder FREE Triple Glow Serum Sheet Mask,92767,https://www.sociolla.com/gift-set/64425-instabright-tone-up-bb-powder-free-triple-glow-serum-sheet-mask,0,0,0,quota_limit_reached
620_ponds,Vitamin Duo Sheet Mask - Pineapple Enzymes + Vitamin C,79512,https://www.sociolla.com/sheet-mask/51170-vitamin-duo-sheet-mask-pineapple-enzymes-vitamin-c,0,0,0,quota_limit_reached
620_ponds,Pond's Vitamin Duo Sheet Mask (5 Packs),84360,https://www.sociolla.com/default-category/56018-pond-s-vitamin-duo-sheet-mask-5-packs,0,0,0,quota_limit_reached
620_ponds,Vitamin Duo Sheet Mask - Avocado + Vitamin E,79513,https://www.sociolla.com/sheet-mask/51171-vitamin-duo-sheet-mask-avocado-vitamin-e,0,0,0,quota_limit_reached
620_ponds,Acne Solution Facial Foam,19811,https://www.sociolla.com/face-wash/32702-acne-solution-facial-foam,0,0,0,quota_limit_reached
620_ponds,Age Miracle Eye Serum Mask,86333,https://www.sociolla.com/eye-serum/57991-age-miracle-eye-serum-mask,0,0,0,quota_limit_reached
620_ponds,Age Miracle Ultimate Youthful Glow Day Cream SPF 18 PA++,74136,https://www.sociolla.com/default-category/27316-age-miracle-ultimate-youthful-glow-day-cream-spf-18-pa,0,0,0,quota_limit_reached
620_ponds,Protecting Day Cream Sunscreen Skin Protect SPF 30,79505,https://www.sociolla.com/default-category/51163-protecting-day-cream-sunscreen-skin-protect-spf-30,0,0,0,quota_limit_reached
620_ponds,White Beauty Moisture Kit - Oily Skin,84079,https://www.sociolla.com/skin-care-set/55737-white-beauty-moisture-kit-oily-skin,0,0,0,quota_limit_reached
620_ponds,Age Miracle Night Cream,74135,https://www.sociolla.com/face-cream-lotion/27315-age-miracle-night-cream,0,0,0,quota_limit_reached
620_ponds,Age Miracle Night Cream Twinpack,84068,https://www.sociolla.com/default-category/55726-age-miracle-night-cream-twinpack,0,0,0,quota_limit_reached
620_ponds,Pond's Tone Up Milk Mask (10 Packs),84355,https://www.sociolla.com/skin-care-set/56013-pond-s-tone-up-milk-mask-10-packs,0,0,0,quota_limit_reached
620_ponds,Pond's Tone Up Milk Mask (5 Packs),84354,https://www.sociolla.com/skin-care-set/56012-pond-s-tone-up-milk-mask-5-packs,0,0,0,quota_limit_reached
620_ponds,Pond's 2x Vitamin Micellar Water Nourishing Milk FREE Anti Bacterial Face Mist,90988,https://www.sociolla.com/sociolla-gift-set/62646-2x-vitamin-micellar-water-nourishing-milk-free-anti-bacterial-face-mist,0,0,0,quota_limit_reached
1346_precious-skin,Alpha Arbutin Soap,92458,https://www.sociolla.com/body-wash/64116-alpha-arbutin-soap,0,0,0,quota_limit_reached
620_ponds,Pond's Bright Beauty Whip Foam Twinpack,84346,https://www.sociolla.com/skin-care-set/56004-pond-s-bright-beauty-whip-foam-twinpack,0,0,0,quota_limit_reached
1346_precious-skin,Aha Body Booster Bright Serum,92457,https://www.sociolla.com/body-lotion/64115-aha-body-booster-bright-serum,0,0,0,quota_limit_reached
620_ponds,Pond's Men Pore Vacuum Peel of Mask (5 Packs),84358,https://www.sociolla.com/skin-care-set/56016-pond-s-men-pore-vacuum-peel-of-mask-5-packs,0,0,0,quota_limit_reached
1346_precious-skin,Alpha Arbutin Collagen Lotion,92456,https://www.sociolla.com/body-lotion-body-serum/64114-alpha-arbutin-collagen-lotion,0,0,0,quota_limit_reached
1346_precious-skin,Alpha Arbutin Collagen Body Serum UV Formula Protection,95707,https://www.sociolla.com/body-care/67365-alpha-arbutin-collagen-body-serum-uv-formula-protection,0,0,0,quota_limit_reached
1346_precious-skin,Alpha Arbutin 3Plus 10x Whitening Booster Collagen Body Serum 500ml,102606,https://www.sociolla.com/body-oil/74264-alpha-arbutin-3plus-10x-whitening-booster-collagen-body-serum-500ml,0,0,0,quota_limit_reached
1346_precious-skin,Alpha Arbutin Whitening Plus,95706,https://www.sociolla.com/body-care/67364-alpha-arbutin-whitening-plus,0,0,0,quota_limit_reached
1346_precious-skin,Extra Pure SPF 30 UV Protection Brightening & Whitening Body Serum  35ml,102600,https://www.sociolla.com/body-oil/74258-extra-pure-spf-30-uv-protection-brightening-and-whitening-body-serum-35ml,0,0,0,quota_limit_reached
1346_precious-skin,Alpha Arbutin Organic Underarm Night Cream,95709,https://www.sociolla.com/body-care/67367-alpha-arbutin-organic-underarm-night-cream,0,0,0,quota_limit_reached
1346_precious-skin,AHA Brightening & Whitening Booster Body Serum Jumbo Size 100ml,102599,https://www.sociolla.com/body-oil/74257-aha-brightening-and-whitening-booster-body-serum-jumbo-size-100ml,0,0,0,quota_limit_reached
1346_precious-skin,Extra Pure Gluta White Soap,95711,https://www.sociolla.com/body-wash/67369-extra-pure-gluta-white-soap,0,0,0,quota_limit_reached
1346_precious-skin,Niacinamide 5% Moisturizing Whitening Cream 200g,102603,https://www.sociolla.com/body-butter-cream/74261-niacinamide-5-moisturizing-whitening-cream-200g,0,0,0,quota_limit_reached
1346_precious-skin,AHA Body Soap,95704,https://www.sociolla.com/body-wash/67362-aha-body-soap,0,0,0,quota_limit_reached
1346_precious-skin,Kojic Collagen Soap,95713,https://www.sociolla.com/body-wash/67371-kojic-collagen-soap,0,0,0,quota_limit_reached
1346_precious-skin,Niacinamide 10% Whitening Body Serum Booster 35ml,102605,https://www.sociolla.com/body-oil/74263-niacinamide-10-whitening-body-serum-booster-35ml,0,0,0,quota_limit_reached
1346_precious-skin,AHA Body Booster Lotion,95703,https://www.sociolla.com/body-lotion-body-serum/67361-aha-body-booster-lotion,0,0,0,quota_limit_reached
1346_precious-skin,Alpha Arbutin Salt Scrub,95708,https://www.sociolla.com/body-care/67366-alpha-arbutin-salt-scrub,0,0,0,quota_limit_reached
1346_precious-skin,Snail Whipp Soap X10 body white,102607,https://www.sociolla.com/body-wash/74265-snail-whipp-soap-x20-body-whitening-soap-120g,0,0,0,quota_limit_reached
1346_precious-skin,Extra Pure White Lotion,95710,https://www.sociolla.com/default-category/67368-extra-pure-white-lotion,0,0,0,quota_limit_reached
1346_precious-skin,Charcol Keratin Treatment Mask 310g,102598,https://www.sociolla.com/hair-mask/74256-charcol-keratin-treatment-mask-310g,0,0,0,quota_limit_reached
1346_precious-skin,Alpha Arbutin Collagen Face Serum,95705,https://www.sociolla.com/treatment/67363-alpha-arbutin-collagen-face-serum,0,0,0,quota_limit_reached
1346_precious-skin,Kojic Collagen Body Lotion,95712,https://www.sociolla.com/body-wash/67370-kojic-collagen-body-lotion,0,0,0,quota_limit_reached
1346_precious-skin,Kojic Serum Intensive,95714,https://www.sociolla.com/treatment/67372-kojic-serum-intensive,0,0,0,quota_limit_reached
15675_project-1945,Project 1945 Fields of Ubud Perfume | EDP Parfum Unisex,105935,https://www.sociolla.com/eau-de-parfum/77593-project-1945-fields-of-ubud-perfume-or-edp-parfum-unisex,0,0,0,quota_limit_reached
15675_project-1945,Project 1945 Apresiasi Perfume | EDP Parfum Unisex,105937,https://www.sociolla.com/eau-de-parfum/77595-project-1945-apresiasi-perfume-or-edp-parfum-unisex,0,0,0,quota_limit_reached
15675_project-1945,Project 1945 Bamboe Roencing Perfume | EDP Parfum Unisex,105933,https://www.sociolla.com/eau-de-parfum/77591-project-1945-bamboe-roencing-perfume-or-edp-parfum-unisex,0,0,0,quota_limit_reached
15675_project-1945,Project 1945 The Great Batavia Perfume | EDP Parfum Unisex,105931,https://www.sociolla.com/eau-de-parfum/77589-project-1945-the-great-batavia-perfume-or-edp-parfum-unisex,0,0,0,quota_limit_reached
15675_project-1945,Project 1945 Waters of Maluku Perfume | EDP Parfum Unisex,105936,https://www.sociolla.com/eau-de-parfum/77594-project-1945-waters-of-maluku-perfume-or-edp-parfum-unisex,0,0,0,quota_limit_reached
15675_project-1945,Project 1945 Princess of Java Perfume | EDP Parfum Unisex,105934,https://www.sociolla.com/eau-de-parfum/77592-project-1945-princess-of-java-perfume-or-edp-parfum-unisex,0,0,0,quota_limit_reached
309_pure-paw-paw,Ointment,19544,https://www.sociolla.com/lip-balm/8952-ointment,0,0,0,quota_limit_reached
309_pure-paw-paw,Duo Ointment (choose variant),69715,https://www.sociolla.com/lip-balm/11487-duo-ointment-choose-variant,0,0,0,quota_limit_reached
309_pure-paw-paw,Ointment - Mini Size,89292,https://www.sociolla.com/lip-balm/60950-ointment-mini-size,0,0,0,quota_limit_reached
309_pure-paw-paw,Happy Trio,69699,https://www.sociolla.com/lip-balm/11169-happy-trio,0,0,0,quota_limit_reached
598_pyunkang-yul,Black Tea Enriched Cream,102356,https://www.sociolla.com/face-cream-lotion/74014-black-tea-enriched-cream,0,0,0,quota_limit_reached
598_pyunkang-yul,Calming Mask Pack,88142,https://www.sociolla.com/sheet-mask/59800-calming-mask-pack,0,0,0,quota_limit_reached
598_pyunkang-yul,Essence Toner,21979,https://www.sociolla.com/toner/12328-essence-toner,0,0,0,quota_limit_reached
598_pyunkang-yul,Calming Moisture Serum,102362,https://www.sociolla.com/face-serum/74020-calming-moisture-serum,0,0,0,quota_limit_reached
598_pyunkang-yul,Peeling Gel,21973,https://www.sociolla.com/peeling/35150-peeling-gel,0,0,0,quota_limit_reached
598_pyunkang-yul,Cleansing Foam,21971,https://www.sociolla.com/face-wash/12327-cleansing-foam,0,0,0,quota_limit_reached
598_pyunkang-yul,Calming Moisture Toner,87359,https://www.sociolla.com/toner/59017-calming-moisture-toner,0,0,0,quota_limit_reached
598_pyunkang-yul,Moisture Cream,34795,https://www.sociolla.com/face-cream-lotion/12330-moisture-cream,0,0,0,quota_limit_reached
598_pyunkang-yul,Calming Moisture Barrier Cream,87360,https://www.sociolla.com/face-cream-lotion/59018-calming-moisture-barrier-cream,0,0,0,quota_limit_reached
598_pyunkang-yul,Acne Facial Cleanser,33549,https://www.sociolla.com/face-wash/12324-acne-facial-cleanser,0,0,0,quota_limit_reached
598_pyunkang-yul,Nutrition Cream,25008,https://www.sociolla.com/face-cream-lotion/13686-nutrition-cream,0,0,0,quota_limit_reached
598_pyunkang-yul,Black Tea Deep Infusion Toner,102355,https://www.sociolla.com/toner/74013-black-tea-deep-infusion-toner,0,0,0,quota_limit_reached
598_pyunkang-yul,Calming Toner Pad,102364,https://www.sociolla.com/toner/74022-calming-toner-pad,0,0,0,quota_limit_reached
598_pyunkang-yul,Acne Dressing Mask Pack,34791,https://www.sociolla.com/sheet-mask/12323-acne-dressing-mask-pack,0,0,0,quota_limit_reached
598_pyunkang-yul,Mist Toner,21977,https://www.sociolla.com/toner/34085-mist-toner,0,0,0,quota_limit_reached
598_pyunkang-yul,Low pH Cleansing Water,105814,https://www.sociolla.com/micellar-water/77472-low-ph-cleansing-water,0,0,0,quota_limit_reached
598_pyunkang-yul,Moisture Serum,21985,https://www.sociolla.com/face-serum/12331-moisture-serum,0,0,0,quota_limit_reached
598_pyunkang-yul,Black Tea Boosting Serum,102354,https://www.sociolla.com/face-serum/74012-black-tea-boosting-serum,0,0,0,quota_limit_reached
598_pyunkang-yul,Low pH Pore Deep Cleansing Foam,105812,https://www.sociolla.com/face-wash/77470-low-ph-pore-deep-cleansing-foam,0,0,0,quota_limit_reached
598_pyunkang-yul,Calming Sun Cream,105815,https://www.sociolla.com/sunscreen/77473-calming-sun-cream,0,0,0,quota_limit_reached
598_pyunkang-yul,Calming Acne Cleansing Foam,105816,https://www.sociolla.com/default-category/77474-calming-acne-cleansing-foam,0,0,0,quota_limit_reached
598_pyunkang-yul,Low pH Pore Deep Cleansing Foam,91289,https://www.sociolla.com/face-wash/62947-low-ph-pore-deep-cleansing-foam,0,0,0,quota_limit_reached
598_pyunkang-yul,Calming Low pH Foaming Cleanser,105817,https://www.sociolla.com/face-wash/77475-calming-low-ph-foaming-cleanser,0,0,0,quota_limit_reached
598_pyunkang-yul,Highly Moisturizing Essence Mask Pack,86669,https://www.sociolla.com/sheet-mask/58327-highly-moisturizing-essence-mask-pack,0,0,0,quota_limit_reached
598_pyunkang-yul,Calming Acne Clear Body Wash,105818,https://www.sociolla.com/body-wash/77476-calming-acne-clear-body-wash,0,0,0,quota_limit_reached
598_pyunkang-yul,Acne Toner,82807,https://www.sociolla.com/toner/54465-acne-toner,0,0,0,quota_limit_reached
598_pyunkang-yul,Moisture Ampoule,21987,https://www.sociolla.com/ampoule/45770-moisture-ampoule,0,0,0,quota_limit_reached
598_pyunkang-yul,Calming Moisture Balm,87361,https://www.sociolla.com/face-cream-lotion/59019-calming-moisture-balm,0,0,0,quota_limit_reached
598_pyunkang-yul,Calming Moisture Mist,102361,https://www.sociolla.com/default-category/74019-calming-moisture-mist,0,0,0,quota_limit_reached
598_pyunkang-yul,Eye Cream,34794,https://www.sociolla.com/eye-care/12329-eye-cream,0,0,0,quota_limit_reached
598_pyunkang-yul,Sleeping Mask,102373,https://www.sociolla.com/sleeping-mask/74031-sleeping-mask,0,0,0,quota_limit_reached
598_pyunkang-yul,Acne Spot Cream,34792,https://www.sociolla.com/face-cream-lotion/12325-acne-spot-cream,0,0,0,quota_limit_reached
598_pyunkang-yul,Balancing Gel,34793,https://www.sociolla.com/face-gel/12326-balancing-gel,0,0,0,quota_limit_reached
598_pyunkang-yul,Deep Clear Cleansing Balm,105819,https://www.sociolla.com/cleansing-balm/77477-deep-clear-cleansing-balm,0,0,0,quota_limit_reached
598_pyunkang-yul,Calming Madecasoside Spot Cream,105821,https://www.sociolla.com/acne-treatment-sealing-gel-cream/77479-calming-madecasoside-spot-cream,0,0,0,quota_limit_reached
598_pyunkang-yul,ATO Mild Sun Cream,105820,https://www.sociolla.com/sunscreen/77478-ato-mild-sun-cream,0,0,0,quota_limit_reached
965_rabbit-habit,Velveteen Matte,75983,https://www.sociolla.com/lip-cream/47641-velveteen-matte,0,0,0,quota_limit_reached
1254_q-san,Toilet Seat Sanitizer,87469,https://www.sociolla.com/others/59127-toilet-seat-sanitizer,0,0,0,quota_limit_reached
965_rabbit-habit,Blushing Moon,75986,https://www.sociolla.com/blush/47644-blushing-moon,0,0,0,quota_limit_reached
965_rabbit-habit,Whipped Lip Cream,75985,https://www.sociolla.com/lip-cream/47643-whipped-lip-cream,0,0,0,quota_limit_reached
965_rabbit-habit,Water Stain,105689,https://www.sociolla.com/lip-stain/77347-water-stain,0,0,0,quota_limit_reached
965_rabbit-habit,Liquid Ink,105690,https://www.sociolla.com/eyeliner/77348-liquid-ink,0,0,0,quota_limit_reached
965_rabbit-habit,Moongazing All-In-one Face Palette,104420,https://www.sociolla.com/face-palette/76078-moongazing-all-in-one-face-palette,0,0,0,quota_limit_reached
965_rabbit-habit,Calming Treatment Mask,104422,https://www.sociolla.com/sheet-mask/76080-calming-treatment-mask,0,0,0,quota_limit_reached
965_rabbit-habit,Active Collagen Essential Mask,104421,https://www.sociolla.com/sheet-mask/76079-active-collagen-essential-mask,0,0,0,quota_limit_reached
965_rabbit-habit,Rabbit Joy Set,81926,https://www.sociolla.com/makeup-palettes-set/53584-rabbit-christmas-joy-set,0,0,0,quota_limit_reached
965_rabbit-habit,Over The Moon All-In-One Face Palette,104419,https://www.sociolla.com/face-palette/76077-over-the-moon-all-in-one-face-palette,0,0,0,quota_limit_reached
965_rabbit-habit,Moon set,81041,https://www.sociolla.com/makeup-palettes-set/52699-moon-set,0,0,0,quota_limit_reached
15646_raine-beauty,Lip Velvet Hydrating Balm,104491,https://www.sociolla.com/lipstick/76149-lip-velvet-hydrating-balm,0,0,0,quota_limit_reached
965_rabbit-habit,Rabbit Set,80831,https://www.sociolla.com/makeup-palettes-set/52489-rabbit-set,0,0,0,quota_limit_reached
15646_raine-beauty,Soft Cheek Color Drops,104492,https://www.sociolla.com/blush/76150-soft-cheek-color-drops,0,0,0,quota_limit_reached
15646_raine-beauty,The Daily Radiant Matte Setting Powder,108984,https://www.sociolla.com/default-category/80642-the-daily-radiant-matte-setting-powder,0,0,0,quota_limit_reached
15646_raine-beauty,The Daily Skin Drops,106646,https://www.sociolla.com/tinted-moisturizer/78304-the-daily-skin-drops,0,0,0,quota_limit_reached
671_rated-green,Real Grow Anti-Hair Loss Treatment Shampoo,74372,https://www.sociolla.com/shampoo/27552-real-grow-anti-hair-loss-treatment-shampoo,0,0,0,quota_limit_reached
15646_raine-beauty,Refreshing Mist,104493,https://www.sociolla.com/face-mist/76151-refreshing-mist,0,0,0,quota_limit_reached
15646_raine-beauty,Lipslick Tinted Oil,104490,https://www.sociolla.com/lip-tint/76148-lipslick-tinted-oil,0,0,0,quota_limit_reached
671_rated-green,Real Shea Nourishing Shampoo,36154,https://www.sociolla.com/shampoo/14642-real-shea-nourishing-shampoo,0,0,0,quota_limit_reached
671_rated-green,Tamanu Oil Soothing Scalp Pack,36165,https://www.sociolla.com/hair-mask/14653-tamanu-oil-soothing-scalp-pack,0,0,0,quota_limit_reached
671_rated-green,Rosemary Balancing Scalp Pack,36163,https://www.sociolla.com/hair-mask/14651-rosemary-balancing-scalp-pack,0,0,0,quota_limit_reached
671_rated-green,Real Shea Real Change Treatment,36155,https://www.sociolla.com/conditioner/14643-real-shea-real-change-treatment,0,0,0,quota_limit_reached
671_rated-green,Real Prune Color Protecting Shampoo,104287,https://www.sociolla.com/shampoo/75945-real-prune-color-protecting-shampoo,0,0,0,quota_limit_reached
671_rated-green,Real Mary Energizing Scalp Spray,36160,https://www.sociolla.com/default-category/14648-real-mary-energizing-scalp-spray,0,0,0,quota_limit_reached
671_rated-green,Avocado Nourishing Scalp Pack,36164,https://www.sociolla.com/hair-mask/14652-avocado-nourishing-scalp-pack,0,0,0,quota_limit_reached
671_rated-green,Real Grow Anti-Hair Loss Stimulating Scalp Spray,85261,https://www.sociolla.com/default-category/56919-real-grow-anti-hair-loss-stimulating-scalp-spray,0,0,0,quota_limit_reached
671_rated-green,Real Mary Exfoliating Scalp Shampoo,36159,https://www.sociolla.com/shampoo/14647-real-mary-exfoliating-scalp-shampoo,0,0,0,quota_limit_reached
671_rated-green,Real Tamanu Cold Pressed Tamanu Oil Soothing Scalp Shampoo,74373,https://www.sociolla.com/shampoo/27553-real-tamanu-cold-pressed-tamanu-oil-soothing-scalp-shampoo,0,0,0,quota_limit_reached
671_rated-green,Real Shea Protein Recharging Leave-in Treatment,36156,https://www.sociolla.com/default-category/14644-real-shea-protein-recharging-leave-in-treatment,0,0,0,quota_limit_reached
671_rated-green,Real Mary Purifying Scalp Scaler (Sea Salt),36161,https://www.sociolla.com/hair-mask/14649-real-mary-purifying-scalp-scaler-sea-salt,0,0,0,quota_limit_reached
671_rated-green,Deeply Nourished Hair Care Set,104863,https://www.sociolla.com/hair-care-set/76521-damaged-care-set,0,0,0,quota_limit_reached
671_rated-green,Real Mary Balancing Set (Shampoo + Scalp Pack),83190,https://www.sociolla.com/hair-care-set/54848-real-mary-balancing-set-shampoo-scalp-pack,0,0,0,quota_limit_reached
671_rated-green,Tame & Protect - Styling Set (Real Shea Leave-in Treatment & Serum),83189,https://www.sociolla.com/hair-care-set/54847-tame-and-protect-styling-set-real-shea-leave-in-treatment-and-serum,0,0,0,quota_limit_reached
671_rated-green,Real Tamanu Soothing Scalp Treatment Set (Shampoo + Scalp Pack),83187,https://www.sociolla.com/hair-care-set/54845-real-tamanu-soothing-scalp-treatment-set-shampoo-scalp-pack,0,0,0,quota_limit_reached
671_rated-green,Scalp Pack Bundle Set of 4,70373,https://www.sociolla.com/hair-mask/23562-scalp-pack-bundle-set-of-4,0,0,0,quota_limit_reached
671_rated-green,Balancing & Soothing Scalp Pack,79777,https://www.sociolla.com/hair-mask/51435-balancing-and-soothing-scalp-pack,0,0,0,quota_limit_reached
671_rated-green,Nourishing & Moisturizing Scalp Pack,79776,https://www.sociolla.com/hair-mask/51434-nourishing-and-moisturizing-scalp-pack,0,0,0,quota_limit_reached
671_rated-green,Hibiscus Moisturizing Scalp Pack,36166,https://www.sociolla.com/hair-mask/14654-hibiscus-moisturizing-scalp-pack,0,0,0,quota_limit_reached
671_rated-green,Real Grow Anti Hair-Loss Care,104515,https://www.sociolla.com/hair-care-set/76173-real-grow-anti-hair-loss-care,0,0,0,quota_limit_reached
671_rated-green,Real Mary Fresh & Dandruff-Free Set (Shampoo + Scalp Scaler),108588,https://www.sociolla.com/hair-care-set/80246-real-mary-fresh-and-dandruff-free-set-shampoo-scalp-scaler,0,0,0,quota_limit_reached
671_rated-green,Real Mary Exfoliating & Energizing Scalp Treatment Set,71609,https://www.sociolla.com/default-category/24789-real-mary-exfoliating-and-energizing-scalp-treatment-set,0,0,0,quota_limit_reached
671_rated-green,Real Argan Smoothing Hair Serum,97544,https://www.sociolla.com/hair-serum/69202-real-argan-smoothing-hair-serum,0,0,0,quota_limit_reached
671_rated-green,Real Shea Essential Set (Shampoo + Serum),83188,https://www.sociolla.com/hair-care-set/54846-real-shea-essential-set-shampoo-serum,0,0,0,quota_limit_reached
671_rated-green,Real Shea Nourishing Treatment Set,71610,https://www.sociolla.com/hair-care-set/24790-real-shea-nourishing-treatment-set,0,0,0,quota_limit_reached
781_real-barrier,Aqua Soothing Ampoule,91270,https://www.sociolla.com/ampoule/62928-aqua-soothing-ampoule,0,0,0,quota_limit_reached
671_rated-green,Smooth & Shiny Hair Styling Set,104861,https://www.sociolla.com/hair-care-set/76519-smooth-and-shiny-hair-styling-set,0,0,0,quota_limit_reached
671_rated-green,Real Argan Shine Hair Oil,97545,https://www.sociolla.com/hair-oil/69203-real-argan-shine-hair-oil,0,0,0,quota_limit_reached
134_real-techniques,1711 Miracle Complexion Sponge + Case,19642,https://www.sociolla.com/sponge-applicators/9160-1711-miracle-complexion-sponge-case,0,0,0,quota_limit_reached
134_real-techniques,1786 Everyday Essentials Set,34097,https://www.sociolla.com/default-category/11280-1786-everyday-essentials-set,0,0,0,quota_limit_reached
134_real-techniques,1872 Sugar Crush MCS,35493,https://www.sociolla.com/sponge-applicators/13647-1872-sugar-crush-mcs,0,0,0,quota_limit_reached
134_real-techniques,Powder Brush,136,https://www.sociolla.com/default-category/1307-powder-brush,0,0,0,quota_limit_reached
134_real-techniques,1574 Ultimate Base Set,1184,https://www.sociolla.com/default-category/5019-1574-ultimate-base-set,0,0,0,quota_limit_reached
134_real-techniques,1938 BC3 Dimensional Glow Limited Edition Set,63748,https://www.sociolla.com/accessories/16601-1938-bc3-dimensional-glow-limited-edition-set,0,0,0,quota_limit_reached
134_real-techniques,1894 Miracle Powder Sponge,63770,https://www.sociolla.com/sponge-applicators/16611-1894-miracle-powder-sponge,0,0,0,quota_limit_reached
134_real-techniques,1825 Sleigh In It Set,34056,https://www.sociolla.com/makeup-tools/11207-1825-sleigh-in-it-set,0,0,0,quota_limit_reached
134_real-techniques,1518 Miracle Sculpting Sponge,1182,https://www.sociolla.com/default-category/5017-1518-miracle-sculpting-sponge,0,0,0,quota_limit_reached
134_real-techniques,1714 3 Pocket Expert Organizer,19324,https://www.sociolla.com/default-category/8810-1714-3-pocket-expert-organizer,0,0,0,quota_limit_reached
134_real-techniques,1570 - 6 Miracle Sponges,1333,https://www.sociolla.com/default-category/5998-1570-6-miracle-sponges,0,0,0,quota_limit_reached
134_real-techniques,1492 - 4 Pcs Mini Miracle Complexion Sponge,1910,https://www.sociolla.com/sponge-applicators/7771-1492-4-pcs-mini-miracle-complexion-sponge,0,0,0,quota_limit_reached
134_real-techniques,Miracle Complexion Sponge 2pc Pack,927,https://www.sociolla.com/sponge-applicators/3932-miracle-complexion-sponge-2pc-pack,0,0,0,quota_limit_reached
134_real-techniques,PowderBleu 1729 Plush Kabuki Brush,34112,https://www.sociolla.com/accessories/11286-powderbleu-1729-plush-kabuki-brush,0,0,0,quota_limit_reached
134_real-techniques,1965 Dual End Smooth & Cover,75349,https://www.sociolla.com/face-brushes/28532-1965-dual-end-smooth-and-cover,0,0,0,quota_limit_reached
134_real-techniques,4223 Miracle Skincare Sponge+,91114,https://www.sociolla.com/sponge-applicators/62772-4223-miracle-skincare-sponge,0,0,0,quota_limit_reached
134_real-techniques,MultiTech 1482 Point XL Brush,34108,https://www.sociolla.com/face-brushes/11284-multitech-1482-point-xl-brush,0,0,0,quota_limit_reached
134_real-techniques,Brush Crush 1756 - 304 Fan Brush,34121,https://www.sociolla.com/more-hygiene-with-tools/11294-brush-crush-1756-304-fan-brush,0,0,0,quota_limit_reached
134_real-techniques,Multitech 1484 Point Sponge,19631,https://www.sociolla.com/juicy-skin-makeup-look/9149-multitech-1484-point-sponge,0,0,0,quota_limit_reached
134_real-techniques,Blend+Blur 1747 Cheek Brush,34116,https://www.sociolla.com/more-hygiene-with-tools/11290-blendblur-1747-cheek-brush,0,0,0,quota_limit_reached
134_real-techniques,1742 Expert Blending Duo,19645,https://www.sociolla.com/default-category/9163-1742-expert-blending-duo,0,0,0,quota_limit_reached
134_real-techniques,BC2 1801 302 Blush Brush,34058,https://sociolla.com/face-brush/11212-bc2-1801-302-blush-brush.html,0,0,0,quota_limit_reached
134_real-techniques,1553 - 4 miracle Complextion Sponge,1183,https://sociolla.com/sponge-and-applicator/5018-1553-4-miracle-complextion-sponge.html,0,0,0,quota_limit_reached
134_real-techniques,1828 Party Favors Sponge Set,34067,https://sociolla.com/sponge-and-applicator/11219-1828-part-favors-sponge-set.html,0,0,0,quota_limit_reached
134_real-techniques,Brush Crush 1753 - 301 Foundation Brush,34119,https://www.sociolla.com/face-brushes/11292-brush-crush-1753-301-foundation-brush,0,0,0,quota_limit_reached
134_real-techniques,4153 Animalista Eye Set Limited Edition,91101,https://www.sociolla.com/brush-set/62759-4153-animalista-eye-set-limited-edition,0,0,0,quota_limit_reached
134_real-techniques,1710 2 Mini Remedy Sponges,19641,https://sociolla.com/accessories/9159-1710-2-mini-remedy-sponges.html,0,0,0,quota_limit_reached
134_real-techniques,1533 Flawless Base Set,1503,https://www.sociolla.com/default-category/6944-1533-flawless-base-set,0,0,0,quota_limit_reached
134_real-techniques,1486 Miracle Cleansing Sponge,1905,https://www.sociolla.com/sponge-applicators/7766-1486-miracle-cleansing-sponge,0,0,0,quota_limit_reached
134_real-techniques,Stippling  Brush,116,https://www.sociolla.com/default-category/1101-stippling-brush,0,0,0,quota_limit_reached
134_real-techniques,Sculpting Brush - 1432,928,https://www.sociolla.com/face-brushes/3933-sculpting-brush-1432,0,0,0,quota_limit_reached
134_real-techniques,1987 Pretty Pink Angled Shadow,75352,https://www.sociolla.com/eye-brushes/28535-1987-pretty-pink-angled-shadow,0,0,0,quota_limit_reached
134_real-techniques,1895 Artist Essentials Set,74030,https://www.sociolla.com/default-category/27210-1895-artist-essentials-set,0,0,0,quota_limit_reached
134_real-techniques,1897 Slide Custom Contour Brush,63751,https://www.sociolla.com/face-brushes/16603-1897-slide-custom-contour-brush,0,0,0,quota_limit_reached
134_real-techniques,1854 Face & Body Blender,36658,https://www.sociolla.com/face-brushes/15163-1854-face-and-body-blender,0,0,0,quota_limit_reached
134_real-techniques,Blend+Blur 1748 Shadow Brush,34117,https://www.sociolla.com/eye-brushes/11291-blendblur-1748-shadow-brush,0,0,0,quota_limit_reached
134_real-techniques,1968 Dual End Sculp & Shape,75351,https://www.sociolla.com/face-brushes/28534-1968-dual-end-sculp-and-shape,0,0,0,quota_limit_reached
134_real-techniques,1935 BC3 Faceted Sponge Duo Limited Edition,63767,https://www.sociolla.com/smart-savers/16610-1935-bc3-faceted-sponge-duo-limited-edition,0,0,0,quota_limit_reached
134_real-techniques,4152 Animalista Eye Duo Limited Edition,91100,https://www.sociolla.com/brush-set/62758-4152-animalista-eye-duo-limited-edition,0,0,0,quota_limit_reached
134_real-techniques,1781 Rebel Edge Trio Set,34065,https://www.sociolla.com/brush-set/11218-1781-rebel-edge-trio-set,0,0,0,quota_limit_reached
134_real-techniques,1908  BC3 003 Powder Brush,63761,https://www.sociolla.com/smart-savers/16608-1908-bc3-003-powder-brush,0,0,0,quota_limit_reached
134_real-techniques,BC2 1799 301 Foundation,34060,https://www.sociolla.com/default-category/11213-bc2-1799-301-foundation-,0,0,0,quota_limit_reached
134_real-techniques,1705 Ultimate Blender Brush,19639,https://www.sociolla.com/default-category/9157-1705-ultimate-blender-brush,0,0,0,quota_limit_reached
134_real-techniques,1966 Dual End Set & Bake,75350,https://www.sociolla.com/face-brushes/28533-1966-dual-end-set-and-bake,0,0,0,quota_limit_reached
134_real-techniques,BC2 1802 304 Fan Brush,34062,https://www.sociolla.com/default-category/11211-bc2-1802-304-fan-brush,0,0,0,quota_limit_reached
134_real-techniques,1712 Expert Air Cushion Sponge,34118,https://sociolla.com/sponge-and-applicator/11304-1712-expert-air-cushion-sponge.html,0,0,0,quota_limit_reached
134_real-techniques,PowderBleu 1728 Soft Shadow Brush,34099,https://sociolla.com/eye-brush/11281-powderbleu-1728-soft-shadow-brush.html,0,0,0,quota_limit_reached
134_real-techniques,1517 Miracle Mini Erasers,1181,https://www.sociolla.com/sponge-applicators/5016-1517-miracle-mini-erasers,0,0,0,quota_limit_reached
134_real-techniques,1956 mixing sponge,74031,https://www.sociolla.com/sponge-applicators/27211-1956-mixing-sponge,0,0,0,quota_limit_reached
134_real-techniques,1993 MCS + MPS,91099,https://www.sociolla.com/sponge-applicators/62757-1993-mcs-mps,0,0,0,quota_limit_reached
134_real-techniques,Blend+Blur 1744 All Over Brush,34113,https://sociolla.com/face-brush/11287-blendblur-1744-all-over-brush.html,0,0,0,quota_limit_reached
134_real-techniques,1805 BC2 Cosmic Sponge Duo,34057,https://sociolla.com/sponge-and-applicator/11208-1805-bc2-cosmic-sponge-duo.html,0,0,0,quota_limit_reached
134_real-techniques,1561 Sculpting Set,1904,https://www.sociolla.com/more-hygiene-with-tools/7765-1561-sculpting-set,0,0,0,quota_limit_reached
134_real-techniques,4222 Miracle Cleanse Sponge+,91113,https://www.sociolla.com/sponge-applicators/62771-4222-miracle-cleanse-sponge,0,0,0,quota_limit_reached
134_real-techniques,BC2 1803 305 Shadow Brush,34059,https://www.sociolla.com/default-category/11209-bc2-1803-305-shadow-brush,0,0,0,quota_limit_reached
134_real-techniques,1986 Pretty Pink Contour Fan,75354,https://www.sociolla.com/face-brushes/28537-1986-pretty-pink-contour-fan,0,0,0,quota_limit_reached
134_real-techniques,1970 Miracle Compexion Sponge Polka Dots Sponge Limited Edition,75358,https://www.sociolla.com/sponge-applicators/28541-1970-miracle-compexion-sponge-polka-dots-sponge-limited-edition,0,0,0,quota_limit_reached
134_real-techniques,1552 Bold Metal Miracle Diamond Sponge,1332,https://sociolla.com/sponge-and-applicator/5997-1552-bold-metal-miracle-diamond-sponge.html,0,0,0,quota_limit_reached
134_real-techniques,1967 Dual End Blend & Define,75348,https://www.sociolla.com/eye-brushes/28531-1967-dual-end-blend-and-define,0,0,0,quota_limit_reached
134_real-techniques,1909 BC3 004 Contour Brush,63764,https://www.sociolla.com/230-face-brushes/16609-1909-bc3-004-contour-brush,0,0,0,quota_limit_reached
134_real-techniques,Blend+Blur 1746 Contour Brush,34115,https://www.sociolla.com/more-hygiene-with-tools/11289-blendblur-1746-contour-brush,0,0,0,quota_limit_reached
134_real-techniques,1797 BC2 Ruler Of The Skies Set,34063,https://sociolla.com/brush-set/11215-1797-bc2-ruler-of-the-skies-set.html,0,0,0,quota_limit_reached
134_real-techniques,4072 Sheer Radiant Fan Brush,91109,https://www.sociolla.com/face-brushes/62767-4072-sheer-radiant-fan-brush,0,0,0,quota_limit_reached
134_real-techniques,1413 Setting Brush,1006,https://www.sociolla.com/default-category/4387-1413-setting-brush,0,0,0,quota_limit_reached
134_real-techniques,1906  BC3 001 Foundation Brush,63759,https://www.sociolla.com/default-category/16606-1906-bc3-001-foundation-brush,0,0,0,quota_limit_reached
134_real-techniques,1957 Light Layer Complexion Brush,91103,https://www.sociolla.com/face-brushes/62761-1957-light-layer-complexion-brush,0,0,0,quota_limit_reached
134_real-techniques,Expert Face Brush - 1411,921,https://www.sociolla.com/default-category/3925-expert-face-brush-1411-,0,0,0,quota_limit_reached
134_real-techniques,1704 Mini Multi Tasking Brush,19638,https://www.sociolla.com/face-brushes/9156-1704-mini-multi-tasking-brush,0,0,0,quota_limit_reached
134_real-techniques,Blush Brush - 1407,920,https://www.sociolla.com/face-brushes/3924-blush-brush-1407,0,0,0,quota_limit_reached
134_real-techniques,1899 Slide Custom Complexion Brush,63758,https://www.sociolla.com/accessories/16605-1899-slide-custom-complexion-brush,0,0,0,quota_limit_reached
134_real-techniques,Powderbleu 1726 Soft Finishing Brush,19633,https://www.sociolla.com/default-category/9151-powderbleu-1726-soft-finishing-brush,0,0,0,quota_limit_reached
134_real-techniques,1489 Miracle Face & Body Sponge,1908,https://www.sociolla.com/sponge-applicators/7769-1489-miracle-face-and-body-sponge,0,0,0,quota_limit_reached
134_real-techniques,1999 Miracle Compexion Sponge  Polka Dots Sponge Limited Edition,75359,https://www.sociolla.com/default-category/28542-1999-miracle-compexion-sponge-polka-dots-sponge-limited-edition,0,0,0,quota_limit_reached
134_real-techniques,1542 Expert Concealer Brush,1498,https://www.sociolla.com/default-category/6939-1542-expert-concealer-brush,0,0,0,quota_limit_reached
134_real-techniques,1700 Mini Expert Face Brush,19636,https://www.sociolla.com/face-brushes/9154-1700-mini-expert-face-brush,0,0,0,quota_limit_reached
134_real-techniques,1715 Instapop Face Brush,19643,https://www.sociolla.com/default-category/9161-1715-instapop-face-brush,0,0,0,quota_limit_reached
134_real-techniques,4204 Naturally Radiant Kit,91111,https://www.sociolla.com/brush-set/62769-4204-naturally-radiant-kit,0,0,0,quota_limit_reached
134_real-techniques,1534 Enhanced Eye Set,1504,https://www.sociolla.com/default-category/6945-1534-enhanced-eye-set,0,0,0,quota_limit_reached
134_real-techniques,1898 Slide Custom Cheek Brush,63752,https://www.sociolla.com/face-brushes/16604-1898-slide-custom-cheek-brush,0,0,0,quota_limit_reached
134_real-techniques,1855 Foundation Blender,36659,https://www.sociolla.com/default-category/15164-1855-foundation-blender,0,0,0,quota_limit_reached
134_real-techniques,Foundation Brush,112,https://www.sociolla.com/default-category/1085-foundation-brush,0,0,0,quota_limit_reached
134_real-techniques,1736 Instapop Cheek Brush,19644,https://www.sociolla.com/default-category/9162-1736-instapop-cheek-brush,0,0,0,quota_limit_reached
134_real-techniques,1488 - 4 Miracle Contour Wedges,1907,https://www.sociolla.com/default-category/7768-1488-4-miracle-contour-wedges,0,0,0,quota_limit_reached
134_real-techniques,1470 Brush Cleansing Gel,2077,https://www.sociolla.com/cleansing-brushes/7995-1470-brush-cleansing-gel-,0,0,0,quota_limit_reached
134_real-techniques,1977 Brightening Concealer Brush,91107,https://www.sociolla.com/eye-brushes/62765-1977-brightening-concealer-brush,0,0,0,quota_limit_reached
134_real-techniques,4054 Seamless Complexion Brush,91108,https://www.sociolla.com/face-brushes/62766-4054-seamless-complexion-brush,0,0,0,quota_limit_reached
134_real-techniques,1701 Mini Sculpting Brush,19637,https://www.sociolla.com/face-brushes/9155-1701-mini-sculpting-brush,0,0,0,quota_limit_reached
134_real-techniques,4180 Le Summer Haze Miracle Complexion Sponge,91115,https://www.sociolla.com/sponge-applicators/62773-4180-le-summer-haze-miracle-complexion-sponge,0,0,0,quota_limit_reached
134_real-techniques,4160 LOVE Blue Miracle Powder Sponge + Case,91098,https://www.sociolla.com/sponge-applicators/62756-4160-love-blue-miracle-powder-sponge-case,0,0,0,quota_limit_reached
134_real-techniques,1959 Light Layer Blush Brush,91105,https://www.sociolla.com/face-brushes/62763-1959-light-layer-blush-brush,0,0,0,quota_limit_reached
134_real-techniques,1491 Dual Ended Expert Sponge,1909,https://www.sociolla.com/sponge-applicators/7770-1491-dual-ended-expert-sponge,0,0,0,quota_limit_reached
134_real-techniques,1487 Miracle Finish Sponge,1906,https://www.sociolla.com/sponge-applicators/7767-1487-miracle-finish-sponge,0,0,0,quota_limit_reached
134_real-techniques,1960 Light Layer Highlighter Brush,91106,https://www.sociolla.com/face-brushes/62764-1960-light-layer-highlighter-brush,0,0,0,quota_limit_reached
134_real-techniques,4085 Sparkle On The Go 4 pieces,82168,https://www.sociolla.com/brush-set/53826-4085-sparkle-on-the-go-4-pieces,0,0,0,quota_limit_reached
134_real-techniques,1958 Light Layer Powder Brush,91104,https://www.sociolla.com/face-brushes/62762-1958-light-layer-powder-brush,0,0,0,quota_limit_reached
134_real-techniques,1988 Pretty Pink Angled Foundation,75355,https://www.sociolla.com/face-brushes/28538-1988-pretty-pink-angled-foundation,0,0,0,quota_limit_reached
134_real-techniques,Blend+blur 1645 foundation brush,34114,https://www.sociolla.com/accessories/11288-blendblur-1745-foundation-brush-,0,0,0,quota_limit_reached
134_real-techniques,1576 Fresh Face Favorites,19635,https://www.sociolla.com/accessories/9153-1576-fresh-face-favorites,0,0,0,quota_limit_reached
1331_ree-derma-wellness,Conditioner with Cinnamon & Amino Acid,91530,https://www.sociolla.com/conditioner/63188-conditioner-with-cinnamon-and-amino-acid,0,0,0,quota_limit_reached
1331_ree-derma-wellness,Hot Oil Hair & Scalp Treatment by Ree DermaWellness,90905,https://www.sociolla.com/hair-oil/62563-hot-oil-hair-and-scalp-treatment-by-ree-dermawellness,0,0,0,quota_limit_reached
134_real-techniques,Bold Metal - 202 Angled Liner,429,https://sociolla.com/eye-brush/2600-bold-metal-202-angled-liner.html,0,0,0,quota_limit_reached
1331_ree-derma-wellness,Mild Shampoo with Cinnamon & Amino Acid,91529,https://www.sociolla.com/shampoo/63187-mild-shampoo-with-cinnamon-and-amino-acid,0,0,0,quota_limit_reached
1331_ree-derma-wellness,Clarify Cleanse Hair Oil,103885,https://www.sociolla.com/hair-oil/75543-clarify-cleanse-hair-oil,0,0,0,quota_limit_reached
1331_ree-derma-wellness,Hydrate Moisture Hair Oil,103884,https://www.sociolla.com/hair-oil/75542-hydrate-moisture-hair-oil,0,0,0,quota_limit_reached
1331_ree-derma-wellness,Herb Tonic - Hair & Scalp Treatment,100055,https://www.sociolla.com/hair-tonic/71713-herb-tonic-hair-and-scalp-treatment,0,0,0,quota_limit_reached
1331_ree-derma-wellness,Scalp Massager,102707,https://www.sociolla.com/hair-brushes-combs/74365-scalp-massager,0,0,0,quota_limit_reached
1331_ree-derma-wellness,Herb Mask Deep Conditioning & Repairing Damage,101252,https://www.sociolla.com/hair-care/72910-herb-mask-deep-conditioning-and-repairing-damage,0,0,0,quota_limit_reached
1331_ree-derma-wellness,Calm & Cool Refresh Hair Oil,103883,https://www.sociolla.com/hair-oil/75541-calm-and-cool-refresh-hair-oil,0,0,0,quota_limit_reached
1331_ree-derma-wellness,Deep Nourish Repair Hair Oil,103886,https://www.sociolla.com/hair-oil/75544-deep-nourish-repair-hair-oil,0,0,0,quota_limit_reached
925_rei-skin,Reinew Green Tea Gentle Exfoliating Scrub Body Wash,98627,https://www.sociolla.com/body-scrub-exfoliants/70285-reinew-green-tea-gentle-exfoliating-scrub-body-wash,0,0,0,quota_limit_reached
925_rei-skin,Rose + Centella Reviving Body Lotion,74464,https://www.sociolla.com/body-lotion/27644-rose-centella-reviving-body-lotion,0,0,0,quota_limit_reached
925_rei-skin,Vanilla + Goat's Milk Body Wash,74458,https://www.sociolla.com/body-wash/27638-vanilla-goat-s-milk-body-wash,0,0,0,quota_limit_reached
925_rei-skin,Green Tea + Purslane Resurrecting Body Cream,74463,https://www.sociolla.com/body-butter-cream/27643-green-tea-purslane-resurrecting-body-cream,0,0,0,quota_limit_reached
925_rei-skin,Jasmine + Olive Oil Body Wash,74460,https://www.sociolla.com/body-wash/27640-jasmine-olive-oil-body-wash,0,0,0,quota_limit_reached
925_rei-skin,Rei Skin Betel Leaf + Glycolic Acid Gentle Acne Body Wash,91446,https://www.sociolla.com/body-wash/63104-rei-skin-betel-leaf-glycolic-acid-gentle-acne-body-wash,0,0,0,quota_limit_reached
925_rei-skin,Vanilla + Goat's Milk Moisturizing Body Lotion,74468,https://www.sociolla.com/default-category/27648-vanilla-goat-s-milk-moisturizing-body-wash,0,0,0,quota_limit_reached
925_rei-skin,Ceramides + Centella Refined Body Wash,102704,https://www.sociolla.com/body-wash/74362-ceramides-centella-refined-body-wash,0,0,0,quota_limit_reached
925_rei-skin,Ceramides + Rice Bran Oil Refined Body Lotion,102705,https://www.sociolla.com/body-lotion-body-serum/74363-ceramides-rice-bran-oil-refined-body-lotion,0,0,0,quota_limit_reached
925_rei-skin,Lemongrass + Olive Oil Body Wash,74459,https://www.sociolla.com/body-wash-gel/27639-lemongrass-olive-oil-body-wash,0,0,0,quota_limit_reached
856_rexona,Deodorant Dreamy White Roll On Pack Of Two,84131,https://www.sociolla.com/gift-sets/55789-deodorant-dreamy-white-roll-on-pack-of-two,0,0,0,quota_limit_reached
856_rexona,Deodorant Glowing White Roll On Pack Of Two,84132,https://www.sociolla.com/gift-sets/55790-deodorant-glowing-white-roll-on-pack-of-two,0,0,0,quota_limit_reached
856_rexona,Deodorant Invisible All In One Anti Bakteri Roll On Pack Of Two,84133,https://www.sociolla.com/gift-sets/55791-deodorant-invisible-all-in-one-anti-bakteri-roll-on-pack-of-two,0,0,0,quota_limit_reached
1399_rivya,Backhousia Glowing Essence Toner,101945,https://www.sociolla.com/essence/73603-backhousia-glowing-essence-toner,0,0,0,quota_limit_reached
925_rei-skin,Postbiotics + Ceramide Pacific Moisturizing Lotion,106328,https://www.sociolla.com/face-cream-lotion/77986-postbiotics-ceramide-pacific-moisturizing-lotion,0,0,0,quota_limit_reached
925_rei-skin,Postbiotics + Bisabolol Pacific Face Wash,106329,https://www.sociolla.com/face-wash/77987-postbiotics-bisabolol-pacific-face-wash,0,0,0,quota_limit_reached
1399_rivya,Backhousia Day Infused Serum,101946,https://www.sociolla.com/face-serum/73604-backhousia-day-infused-serum,0,0,0,quota_limit_reached
1399_rivya,Acne Fighter Gel,99147,https://www.sociolla.com/treatment/70805-acne-fighter-gel,0,0,0,quota_limit_reached
1399_rivya,Backhousia Facial Wash,96391,https://www.sociolla.com/face-wash/68049-backhousia-facial-wash-20ml,0,0,0,quota_limit_reached
1399_rivya,Skandy B!,99989,https://www.sociolla.com/face-wash/71647-skandy-b,0,0,0,quota_limit_reached
1399_rivya,Rivya Backhousia Citriodora Bestie Bundle (Free Cosmetic Box),96930,https://www.sociolla.com/default-category/68588-rivya-backhousia-citriodora-bestie-bundle-free-cosmetic-box-voucher-membership-gold-s-gym,0,0,0,quota_limit_reached
1399_rivya,Backhousia Sleep Care Infused Serum 20ml,96389,https://www.sociolla.com/face-serum/68047-backhousia-sleep-care-infused-serum-20ml,0,0,0,quota_limit_reached
1399_rivya,Backhousia Acne Power Serum 20ml,96390,https://www.sociolla.com/face-serum/68048-backhousia-acne-power-serum-20ml,0,0,0,quota_limit_reached
1399_rivya,Backhousia Rejuvenation Cream,103396,https://www.sociolla.com/face-cream-lotion/75054-backhousia-rejuvenation-cream,0,0,0,quota_limit_reached
1399_rivya,Rivya Backhousia Citriodora Bestie Bundle,97092,https://www.sociolla.com/skincare/68750-rivya-backhousia-citriodora-bestie-bundle,0,0,0,quota_limit_reached
15025_roceo,Melte Balm Cleansing Balm,91445,https://www.sociolla.com/cleansing-balm/63103-melte-balm-cleansing-balm,0,0,0,quota_limit_reached
15025_roceo,Lightening & Smoothing Underarm and Skin Fold Serum,74596,https://www.sociolla.com/default-category/27776-lightening-and-smoothing-underarm-and-skinfold-serum,0,0,0,quota_limit_reached
15025_roceo,Activewhite Brightening and Moisturizing Body Serum,74595,https://www.sociolla.com/body-lotion/27775-activewhite-brightening-and-moisturizing-body-serum,0,0,0,quota_limit_reached
14982_rojukiss,Orange C+ Bright Pore-Care Korean Light Serum,87786,https://www.sociolla.com/face-serum/59444-orange-c-bright-pore-care-serum,0,0,0,quota_limit_reached
14982_rojukiss,Perfect Pore Expert 5X Serum Mask,72827,https://www.sociolla.com/sheet-mask/26007-perfect-pore-expert-5x-intensive-mask,0,0,0,quota_limit_reached
14982_rojukiss,Bright Pore Expert 5X Serum Mask,72828,https://www.sociolla.com/sheet-mask/26008-bright-pore-expert-5x-intensive-mask,0,0,0,quota_limit_reached
14982_rojukiss,Firm Pore Expert 5X Serum Mask,72829,https://www.sociolla.com/sheet-mask/26009-firm-pore-expert-5x-intensive-mask,0,0,0,quota_limit_reached
14982_rojukiss,Orange C+ Bright Pore Care Serum,82104,https://www.sociolla.com/face-serum/53762-orange-c-bright-pore-care-serum,0,0,0,quota_limit_reached
14982_rojukiss,Tea Tree Bija Pro Acne Korean Cleanser,88415,https://www.sociolla.com/face-wash/60073-tea-tree-bija-pro-acne-korean-cleanser,0,0,0,quota_limit_reached
14982_rojukiss,Hya Pore Expert 5X Serum Mask,72831,https://www.sociolla.com/sheet-mask/26011-hya-pore-expert-5x-intensive-mask,0,0,0,quota_limit_reached
14982_rojukiss,Gluta Pore Expert 5X Serum Mask,72832,https://www.sociolla.com/sheet-mask/26012-gluta-pore-expert-5x-intensive-mask,0,0,0,quota_limit_reached
14982_rojukiss,Tea Tree Bija Pro Acne Serum,82106,https://www.sociolla.com/face-serum/53764-tea-tree-bija-pro-acne-serum,0,0,0,quota_limit_reached
14982_rojukiss,Jeju Lotus Pinkish Bright Serum,82107,https://www.sociolla.com/face-serum/53765-jeju-lotus-pinkish-bright-serum,0,0,0,quota_limit_reached
14982_rojukiss,Acne Pore Expert 5X Serum Mask,72830,https://www.sociolla.com/sheet-mask/26010-acne-pore-expert-5x-intensive-mask,0,0,0,quota_limit_reached
14982_rojukiss,Eggplant Dark Spot Serum,82105,https://www.sociolla.com/face-serum/53763-eggplant-dark-spot-serum,0,0,0,quota_limit_reached
14982_rojukiss,BUY 2 GET 1 ROJUKISS BRIGHTPORELESS 5X INTENSIVE MASK 25ML,101700,https://www.sociolla.com/sheet-mask/73358-buy-2-get-1-rojukiss-brightporeless-5x-intensive-mask-25ml,0,0,0,quota_limit_reached
14982_rojukiss,BUY 2 GET 1 ROJUKISS HYA PORELESS 5X INTENSIVE MASK 25ML,101681,https://www.sociolla.com/sheet-mask/73339-buy-2-get-1-rojukiss-hya-poreless-5x-intensive-mask-25ml,0,0,0,quota_limit_reached
14982_rojukiss,Rojukiss Dark Spot Series (Serum + Sheetmask),94566,https://www.sociolla.com/default-category/66224-rojukiss-dark-spot-series-serum-sheetmask,0,0,0,quota_limit_reached
14982_rojukiss,BUY 2 GET 1 ROJUKISS GLUTA PORELESS 5X INTENSIVE MASK 25ML,101678,https://www.sociolla.com/sheet-mask/73336-buy-2-get-1-rojukiss-gluta-poreless-5x-intensive-mask-25ml,0,0,0,quota_limit_reached
14982_rojukiss,Glowing  Complete Set,94559,https://www.sociolla.com/skin-care-set/66217-glowing-complete-set,0,0,0,quota_limit_reached
14982_rojukiss,Glowing & Pore Expert,94561,https://www.sociolla.com/face-serum/66219-glowing-and-pore-expert,0,0,0,quota_limit_reached
14982_rojukiss,Gluta Pore Expert 5x Serum Mask (6pcs),87434,https://www.sociolla.com/sheet-mask/59092-gluta-pore-expert-5x-serum-mask-6pcs,0,0,0,quota_limit_reached
14982_rojukiss,Bright Pore Expert 5x Serum Mask (6 pcs),87429,https://www.sociolla.com/sheet-mask/59087-bright-pore-expert-5x-serum-mask-6-pcs,0,0,0,quota_limit_reached
14982_rojukiss,Rojukiss Bright Series (Serum + Sheetmask),86212,https://www.sociolla.com/sheet-mask/57870-jeju-glowing-pack,0,0,0,quota_limit_reached
14982_rojukiss,Rojukiss Pore Expert 6 Days Set,75425,https://www.sociolla.com/sheet-mask/28608-rojukiss-pore-expert-6-days-set,0,0,0,quota_limit_reached
14982_rojukiss,Rojukiss 3in1 Best Seller Set,75421,https://www.sociolla.com/sheet-mask/28604-rojukiss-3in1-best-seller-set,0,0,0,quota_limit_reached
14982_rojukiss,Daily Glowing  Set,94564,https://www.sociolla.com/skin-care-set/66222-daily-glowing-set,0,0,0,quota_limit_reached
14982_rojukiss,Jeju Lotus Pinkish-Bright Korean Light Serum,87788,https://www.sociolla.com/face-serum/59446-jeju-lotus-pinkish-bright-serum,0,0,0,quota_limit_reached
14982_rojukiss,Tea Tree Bija Pro-Acne Korean Light Serum,87787,https://www.sociolla.com/face-serum/59445-tea-tree-bija-pro-acne-serum,0,0,0,quota_limit_reached
14982_rojukiss,Bye Acne Kit,97891,https://www.sociolla.com/skin-care-set/69549-bye-acne-kit,0,0,0,quota_limit_reached
14982_rojukiss,Acne Spot Kit FREE DERMA ANGEL ACNE PATCH,99553,https://www.sociolla.com/skin-care-set/71211-acne-spot-kit-free-derma-angel-acne-patch,0,0,0,quota_limit_reached
14982_rojukiss,Acne & Pore Expert,94562,https://www.sociolla.com/face-serum/66220-acne-and-pore-expert,0,0,0,quota_limit_reached
14982_rojukiss,Pro-Acne Complete Set,94560,https://www.sociolla.com/skin-care-set/66218-pro-acne-complete-set,0,0,0,quota_limit_reached
14982_rojukiss,Acne Pore Expert 5x Serum mask (6 pcs),87431,https://www.sociolla.com/sheet-mask/59089-acne-pore-expert-5x-serum-mask-6-pcs,0,0,0,quota_limit_reached
14982_rojukiss,Rojukiss Acne Series (Serum + Sheetmask),86215,https://www.sociolla.com/default-category/57873-tea-tree-anti-acne-pack,0,0,0,quota_limit_reached
14982_rojukiss,Rojukiss Serum Trial Kit,88383,https://www.sociolla.com/face-serum/60041-rojukiss-serum-trial-kit,0,0,0,quota_limit_reached
14982_rojukiss,Firm Pore Expert 5x Serum Mask (6 pcs),87430,https://www.sociolla.com/sheet-mask/59088-firm-pore-expert-5x-serum-mask-6-pcs,0,0,0,quota_limit_reached
14982_rojukiss,Daily Acne Hero FREE DERMA ANGEL ACNE PATCH,99554,https://www.sociolla.com/sheet-mask/71212-daily-acne-hero-free-derma-angel-acne-patch,0,0,0,quota_limit_reached
14982_rojukiss,Hya Pore Expert 5x Serum Mask (6pcs),87433,https://www.sociolla.com/sheet-mask/59091-hya-pore-expert-5x-serum-mask-6pcs,0,0,0,quota_limit_reached
14982_rojukiss,Extra Skin Hydration Kit,84913,https://www.sociolla.com/sheet-mask/56571-extra-skin-hydration-kit,0,0,0,quota_limit_reached
14982_rojukiss,Daily Pro Acne Set,94565,https://www.sociolla.com/face-serum/66223-daily-pro-acne-set,0,0,0,quota_limit_reached
14982_rojukiss,Bright & Pore Care Expert,94563,https://www.sociolla.com/default-category/66221-bright-and-pore-care-expert,0,0,0,quota_limit_reached
14982_rojukiss,Rojukiss Pore Care Series (Serum + Sheetmask),86214,https://www.sociolla.com/sheet-mask/57872-orange-bright-pore-pack,0,0,0,quota_limit_reached
14982_rojukiss,Perfect Pore Expert 5x Serum Mask (6pcs),87432,https://www.sociolla.com/sheet-mask/59090-perfect-pore-expert-5x-serum-mask-6pcs,0,0,0,quota_limit_reached
14982_rojukiss,Jeju Lotus Glow & Bright Korean Cleanser,88414,https://www.sociolla.com/face-wash/60072-jeju-lotus-glow-and-bright-korean-cleanser,0,0,0,quota_limit_reached
14982_rojukiss,Orange C+ Bright Pore-Care Korean Light Serum (Buy 1 Get 1),99186,https://www.sociolla.com/face-serum/70844-orange-c-bright-pore-care-korean-light-serum-buy-1-get-1,0,0,0,quota_limit_reached
14982_rojukiss,Jeju Lotus Pinkish-Bright Korean Light Serum (Buy 1 Get 1),99184,https://www.sociolla.com/face-serum/70842-jeju-lotus-pinkish-bright-korean-light-serum-buy-1-get-1,0,0,0,quota_limit_reached
232_rollover-reaction,DEWDROP! Lip and Cheek Tint,89907,https://www.sociolla.com/lip-tint/61565-dewdrop-lip-and-cheek-tint,0,0,0,quota_limit_reached
232_rollover-reaction,PLUMP! Skin-Loving Blurring Cushion,101253,https://www.sociolla.com/cushion/72911-plump-skin-loving-blurring-cushion,0,0,0,quota_limit_reached
232_rollover-reaction,REFILL PLUMP! Skin-Loving Blurring Cushion,102244,https://www.sociolla.com/cushion/73902-refill-plump-skin-loving-blurring-cushion,0,0,0,quota_limit_reached
232_rollover-reaction,Halolight Luminizing Stick,19580,https://www.sociolla.com/highlighter/9058-halolight-luminizing-stick,0,0,0,quota_limit_reached
232_rollover-reaction,Sueded Lip and Cheek Cream 2.0,99911,https://www.sociolla.com/lip-cream/71569-sueded-lip-and-cheek-cream-2-0,0,0,0,quota_limit_reached
232_rollover-reaction,Sueded Lip and Cheek Cream,1574,https://www.sociolla.com/lip-cream/7134-sueded-lip-and-cheek-cream,0,0,0,quota_limit_reached
292_rose-all-day,Juicy Lip Balm,81927,https://www.sociolla.com/lip-balm/53585-juicy-lip-balm,0,0,0,quota_limit_reached
292_rose-all-day,Thunder Lash Lengthening Mascara,97127,https://www.sociolla.com/mascara/68785-thunder-lash-lengthening-mascara,0,0,0,quota_limit_reached
292_rose-all-day,Lip Tint Harry Potter Edition,95483,https://www.sociolla.com/lip-tint/67141-lip-tint-harry-potter-edition,0,0,0,quota_limit_reached
292_rose-all-day,The Realest Lightweight Essence Cushion,97783,https://www.sociolla.com/cushion/69441-the-realest-lightweight-essence-cushion,0,0,0,quota_limit_reached
292_rose-all-day,Brow Fix Eyebrow Pencil,83459,https://www.sociolla.com/eyebrows/55117-brow-fix-eyebrow-pencil,0,0,0,quota_limit_reached
292_rose-all-day,Eyeliner Harry Potter Edition,95481,https://www.sociolla.com/eyeliner/67139-eyeliner-harry-potter-edition,0,0,0,quota_limit_reached
292_rose-all-day,Thunder Lash Volumizing Mascara,97128,https://www.sociolla.com/mascara/68786-thunder-lash-volumizing-mascara,0,0,0,quota_limit_reached
292_rose-all-day,Brow fix micro pencil,104464,https://www.sociolla.com/default-category/76122-brow-fix-micro-pencil,0,0,0,quota_limit_reached
292_rose-all-day,The Realest Lightweight Compact Powder,63889,https://www.sociolla.com/compact-powder/16783-the-realest-lightweight-compact-powder,0,0,0,quota_limit_reached
292_rose-all-day,Lip and Cheek Duo,105020,https://www.sociolla.com/blush/76678-lip-and-cheek-duo,0,0,0,quota_limit_reached
292_rose-all-day,The Realest Lightweight Loose Powder,106330,https://www.sociolla.com/loose-powder/77988-the-realest-lightweight-loose-powder,0,0,0,quota_limit_reached
292_rose-all-day,Eye Cheek You Pot,75053,https://www.sociolla.com/blush/28233-eye-cheek-you-pot,0,0,0,quota_limit_reached
292_rose-all-day,Lip Mousse Records,101935,https://www.sociolla.com/lip-cream/73593-lip-mousse-records,0,0,0,quota_limit_reached
292_rose-all-day,The Realest Lightweight Concealer,88163,https://www.sociolla.com/concealer/59821-the-realest-lightweight-concealer,0,0,0,quota_limit_reached
292_rose-all-day,Plush Liptint,91960,https://www.sociolla.com/lip-tint/63618-plush-liptint,0,0,0,quota_limit_reached
292_rose-all-day,Lip Balm Harry Potter Edition,95480,https://www.sociolla.com/lip-balm/67138-lip-balm-harry-potter-edition,0,0,0,quota_limit_reached
292_rose-all-day,The Realest Lightweight Skin Tint,103918,https://www.sociolla.com/foundation/75576-the-realest-lightweight-skin-tint,0,0,0,quota_limit_reached
292_rose-all-day,No Makeup Look Package (Skin Tints + Loose Powder),108780,https://www.sociolla.com/makeup/80438-no-makeup-look-package-skin-tints-loose-powder,0,0,0,quota_limit_reached
292_rose-all-day,Holiday Glam Essentials,108782,https://www.sociolla.com/makeup/80440-holiday-glam-essentials,0,0,0,quota_limit_reached
292_rose-all-day,Eye Makeup Holiday (Thunder Lash Lengthening + Eyebrow Gel),108779,https://www.sociolla.com/makeup/80437-eye-makeup-holiday-thunder-lash-lengthening-eyebrow-gel,0,0,0,quota_limit_reached
292_rose-all-day,The Glam Duo (Volumizing),108777,https://www.sociolla.com/makeup/80435-the-glam-duo-volumizing,0,0,0,quota_limit_reached
292_rose-all-day,The Glam Duo (Lengthening),108776,https://www.sociolla.com/makeup/80434-the-glam-duo-lengthening,0,0,0,quota_limit_reached
292_rose-all-day,Magical Eyes Bundle 1,100159,https://www.sociolla.com/makeup/71817-magical-eyes-bundle-1,0,0,0,quota_limit_reached
292_rose-all-day,Lip Gloss,63890,https://www.sociolla.com/lip-gloss/16784-lip-gloss,0,0,0,quota_limit_reached
292_rose-all-day,Brow Fix Micro Pencil Refill,104468,https://www.sociolla.com/default-category/76126-brow-fix-micro-pencil-refill,0,0,0,quota_limit_reached
292_rose-all-day,Eyeshadow Harry Potter Edition,95482,https://www.sociolla.com/eyeshadow/67140-eyeshadow-harry-potter-edition,0,0,0,quota_limit_reached
292_rose-all-day,Tripeptide Lip Care,106063,https://www.sociolla.com/lip-serum/77721-tripeptide-lip-care,0,0,0,quota_limit_reached
292_rose-all-day,Fresh Your Holiday Package,108783,https://www.sociolla.com/makeup/80441-fresh-your-holiday-package,0,0,0,quota_limit_reached
292_rose-all-day,Rose Biome Gentle Cleanser,107197,https://www.sociolla.com/cleansing-gel/78855-rose-biome-gentle-cleanser,0,0,0,quota_limit_reached
292_rose-all-day,Holiday Ready Package,108781,https://www.sociolla.com/makeup/80439-holiday-ready-package,0,0,0,quota_limit_reached
292_rose-all-day,Glazed Look Bundle,100158,https://www.sociolla.com/makeup/71816-glazed-look-bundle,0,0,0,quota_limit_reached
292_rose-all-day,Next Level Blur Kit,100155,https://www.sociolla.com/makeup-palettes-set/71813-next-level-blur-kit,0,0,0,quota_limit_reached
292_rose-all-day,The Big Calming Serum,89280,https://www.sociolla.com/face-serum/60938-the-big-calming-serum,0,0,0,quota_limit_reached
292_rose-all-day,Don't Forget Sunscreen,78818,https://www.sociolla.com/sunscreen/50476-don-t-forget-sunscreen,0,0,0,quota_limit_reached
292_rose-all-day,Pretty Glossed,108775,https://www.sociolla.com/makeup/80433-pretty-glossed,0,0,0,quota_limit_reached
292_rose-all-day,TheRealestFam: Powder x Concealer,90312,https://www.sociolla.com/default-category/61970-therealestfam-powder-x-concealer,0,0,0,quota_limit_reached
292_rose-all-day,Redness Discovery Duo,90308,https://www.sociolla.com/skin-care-set/61966-redness-discovery-duo,0,0,0,quota_limit_reached
292_rose-all-day,Little Bean Beauty Sponge,91656,https://www.sociolla.com/sponge-applicators/63314-little-bean-beauty-sponge,0,0,0,quota_limit_reached
292_rose-all-day,#PressPause Bundle,89880,https://www.sociolla.com/skin-care-set/61538-the-calming-series,0,0,0,quota_limit_reached
292_rose-all-day,Magical Eyes Bundle 2,100161,https://www.sociolla.com/makeup/71819-magical-eyes-bundle-2,0,0,0,quota_limit_reached
292_rose-all-day,Eye Makeup Holiday (Thunder Lash Volumizing + Eyebrow Gel),108778,https://www.sociolla.com/makeup/80436-eye-makeup-holiday-thunder-lash-volumizing-eyebrow-gel,0,0,0,quota_limit_reached
292_rose-all-day,Rosé All Day Harry Potter Edition Eyes Bundle,96906,https://www.sociolla.com/default-category/68564-rose-all-day-harry-potter-edition-eyes-bundle,0,0,0,quota_limit_reached
292_rose-all-day,Brow Fix Gel,104471,https://www.sociolla.com/eyebrows/76129-brow-fix-gel,0,0,0,quota_limit_reached
292_rose-all-day,Best Duo Bundle,100157,https://www.sociolla.com/makeup/71815-best-duo-bundle,0,0,0,quota_limit_reached
292_rose-all-day,Harry Potter Lip Tints Holiday Bundles,100137,https://www.sociolla.com/makeup/71795-harry-potter-lip-tints-holiday-bundles,0,0,0,quota_limit_reached
292_rose-all-day,Rosé All Day Harry Potter Edition Liptints Bundle Limited Soci,96910,https://www.sociolla.com/makeup/68568-rose-all-day-harry-potter-edition-liptints-bundle-limited-soci,0,0,0,quota_limit_reached
292_rose-all-day,The Juicy Pot Bundle,90311,https://www.sociolla.com/makeup-palettes-set/61969-the-juicy-pot-bundle,0,0,0,quota_limit_reached
292_rose-all-day,Plush Lip Tint Series [2 Pcs],108181,https://www.sociolla.com/lip-tint/79839-buy-1-get-1-plush-lip-tints,0,0,0,quota_limit_reached
292_rose-all-day,24-Hour Hydration Defense Duo,90309,https://www.sociolla.com/default-category/61967-24-hour-hydration-defense-duo,0,0,0,quota_limit_reached
292_rose-all-day,Rosé All Day Lip Balm Harry Potter Edition Bundle,96901,https://www.sociolla.com/makeup/68559-rose-all-day-lip-balm-harry-potter-edition-bundle,0,0,0,quota_limit_reached
292_rose-all-day,Butter Be Gone Cleansing Balm,86755,https://www.sociolla.com/cleansing-balm/58413-butter-be-gone-cleansing-balm,0,0,0,quota_limit_reached
292_rose-all-day,The Dewy Duo,90307,https://www.sociolla.com/skin-care-set/61965-the-dewy-duo,0,0,0,quota_limit_reached
292_rose-all-day,Berry Kiss Holiday Bundle,100140,https://www.sociolla.com/makeup-palettes-set/71798-very-berry-holiday-bundles,0,0,0,quota_limit_reached
292_rose-all-day,True Nude Holiday Bundles,100139,https://www.sociolla.com/makeup/71797-true-nude-holiday-bundles,0,0,0,quota_limit_reached
292_rose-all-day,Electrolyte Sleeping Mask,89282,https://www.sociolla.com/sleeping-mask/60940-electrolyte-sleeping-mask,0,0,0,quota_limit_reached
292_rose-all-day,24-Hour Hydro Surge Moisturizer,89281,https://www.sociolla.com/face-cream-lotion/60939-24-hour-hydro-surge-moisturizer,0,0,0,quota_limit_reached
292_rose-all-day,Exclusive Harry Potter Lip Tints Bundle with Box  (4 shades lip tints Harry Potter),97192,https://www.sociolla.com/lip-tint/68850-exclusive-harry-potter-lip-tints-bundle-with-box-4-shades-lip-tints-harry-potter,0,0,0,quota_limit_reached
292_rose-all-day,Brow Fix Eyebrow Gel,84955,https://www.sociolla.com/eyebrows/56613-brow-fix-eyebrow-gel,0,0,0,quota_limit_reached
292_rose-all-day,Instant Rosé Face Kit,34529,https://www.sociolla.com/default-category/11947-instant-rose-face-kit,0,0,0,quota_limit_reached
292_rose-all-day,Foaming Face Wash,85409,https://www.sociolla.com/face-wash/57067-foaming-face-wash,0,0,0,quota_limit_reached
292_rose-all-day,Think Pink Holiday Bundles,100141,https://www.sociolla.com/makeup/71799-think-pink-holiday-bundles,0,0,0,quota_limit_reached
599_rovectin,Skin Essentials Aqua Soothing UV Protector SPF50+ PA++++,98605,https://www.sociolla.com/sunscreen/70263-skin-essentials-aqua-soothing-uv-protector-spf50-pa,0,0,0,quota_limit_reached
599_rovectin,Skin Essentials Dr. Mask Aqua,98588,https://www.sociolla.com/sheet-mask/70246-skin-essentials-dr-mask-aqua,0,0,0,quota_limit_reached
599_rovectin,Clean LHA Blemish Ampoule,98598,https://www.sociolla.com/ampoule/70256-clean-lha-blemish-ampoule,0,0,0,quota_limit_reached
599_rovectin,Clean Forever Young Biome Ampoule,98595,https://www.sociolla.com/ampoule/70253-clean-forever-young-biome-ampoule,0,0,0,quota_limit_reached
599_rovectin,Skin Essentials Barrier Aqua Concentrate,98604,https://www.sociolla.com/face-cream-lotion/70262-skin-essentials-barrier-aqua-concentrate,0,0,0,quota_limit_reached
599_rovectin,Skin Essentials Double Tone-Up UV Protector SPF50+ PA++++,98606,https://www.sociolla.com/sunscreen/70264-skin-essentials-double-tone-up-uv-protector-spf50-pa,0,0,0,quota_limit_reached
599_rovectin,Skin Essentials Conditioning Cleanser,25257,https://www.sociolla.com/face-wash/12335-skin-essentials-conditioning-cleanser,0,0,0,quota_limit_reached
599_rovectin,Clean Micellar Marine Deep Cleansing Water,98603,https://www.sociolla.com/makeup-remover/70261-clean-micellar-marine-deep-cleansing-water,0,0,0,quota_limit_reached
599_rovectin,Skin Essentials Dr. Mask Cica,98581,https://www.sociolla.com/sheet-mask/70239-skin-essentials-dr-mask-cica,0,0,0,quota_limit_reached
599_rovectin,Skin Essentials Activating Lotion,88140,https://www.sociolla.com/toner/59798-skin-essentials-activating-lotion,0,0,0,quota_limit_reached
599_rovectin,Skin Essentials Cica Care Balm,34796,https://www.sociolla.com/face-cream-lotion/12333-skin-essentials-cica-care-balm,0,0,0,quota_limit_reached
599_rovectin,Clean Lotus Water Calming Toner,98777,https://www.sociolla.com/toner/70435-clean-lotus-water-calming-toner,0,0,0,quota_limit_reached
599_rovectin,Cica Care Purifying Toner,25259,https://www.sociolla.com/toner/12332-cica-care-purifying-toner,0,0,0,quota_limit_reached
599_rovectin,Clean Lotus Water Cream,98601,https://www.sociolla.com/face-cream-lotion/70259-clean-lotus-water-cream,0,0,0,quota_limit_reached
599_rovectin,Skin Essentials Aqua Activating Serum,25258,https://www.sociolla.com/face-serum/34369-skin-essentials-aqua-activating-serum,0,0,0,quota_limit_reached
712_runa-beauty,Moonliner Liquid Pen,80389,https://www.sociolla.com/eyeliner/52047-moonliner-liquid-pen,0,0,0,quota_limit_reached
712_runa-beauty,Gelée Moontint,93155,https://www.sociolla.com/makeup/64813-gelee-moontint,0,0,0,quota_limit_reached
712_runa-beauty,Meteor Shower Antibacterial Hair Mist,88273,https://www.sociolla.com/hair-mist/59931-meteor-shower-antibacterial-hair-mist,0,0,0,quota_limit_reached
712_runa-beauty,Antioxidant Cleansing Butter,86689,https://www.sociolla.com/cleansing-balm/58347-cleansing-butter,0,0,0,quota_limit_reached
712_runa-beauty,Reset Night Lunar Gelee,89921,https://www.sociolla.com/sleeping-mask/61579-reset-night-lunar-gelee,0,0,0,quota_limit_reached
712_runa-beauty,Polaris 3-in-1 Brow Definer,82330,https://www.sociolla.com/brow-pencil/53988-polaris-3-in-1-brow-definer,0,0,0,quota_limit_reached
712_runa-beauty,RUNA x One Piece Chopper Supple Recipe Gel Mask,101335,https://www.sociolla.com/wash-off-mask/72993-runa-x-one-piece-chopper-supple-recipe-gel-mask,0,0,0,quota_limit_reached
712_runa-beauty,[Bundle] RUNA Meteor Shower Hair Mist,102931,https://www.sociolla.com/hair-mist/74589-bundle-runa-meteor-shower-hair-mist,0,0,0,quota_limit_reached
712_runa-beauty,Moisture Drop Mooncream,89920,https://www.sociolla.com/face-gel/61578-moisture-drop-mooncream,0,0,0,quota_limit_reached
712_runa-beauty,RUNA x VG Gelée Moontint,106560,https://www.sociolla.com/lip-tint/78218-runa-x-vg-gelee-moontint,0,0,0,quota_limit_reached
712_runa-beauty,Moondust Eye Duo,83539,https://www.sociolla.com/eyeshadow/55197-moondust-eye-duo,0,0,0,quota_limit_reached
712_runa-beauty,RUNA x One Piece Robin Gentle Clarifying Clay Mask,101334,https://www.sociolla.com/clay-mask/72992-runa-x-one-piece-robin-gentle-clarifying-clay-mask,0,0,0,quota_limit_reached
712_runa-beauty,Moonflush,73347,https://www.sociolla.com/blush/26527-moonflush,0,0,0,quota_limit_reached
712_runa-beauty,Bundle Gelée Moontint,93158,https://www.sociolla.com/lip-tint/64816-bundle-gelee-moontint,0,0,0,quota_limit_reached
712_runa-beauty,Runa x One Piece - Duo Mask Bundle,104275,https://www.sociolla.com/default-category/75933-runa-x-one-piece-duo-mask-bundle,0,0,0,quota_limit_reached
712_runa-beauty,Moondust Eye Duo Series,106383,https://www.sociolla.com/eyeshadow/78041-moondust-eye-duo-series,0,0,0,quota_limit_reached
712_runa-beauty,Moonflush Series,103718,https://www.sociolla.com/blush/75376-moonflush-series,0,0,0,quota_limit_reached
712_runa-beauty,Wind Down Scalp Masque,97881,https://www.sociolla.com/hair-mask/69539-wind-down-scalp-masque,0,0,0,quota_limit_reached
712_runa-beauty,RUNA x One Piece Comfort Lip Care,101325,https://www.sociolla.com/lip-balm/72983-runa-x-one-piece-comfort-lip-care,0,0,0,quota_limit_reached
712_runa-beauty,AlpHA Deodorant Brightening Underarm Care,92108,https://www.sociolla.com/deodorant/63766-alpha-deodorant-brightening-underarm-care,0,0,0,quota_limit_reached
712_runa-beauty,RUNA x One Piece Thousand Sunny Milky Body Creme,101333,https://www.sociolla.com/body-lotion-body-serum/72991-runa-beauty,0,0,0,quota_limit_reached
712_runa-beauty,Runa x One Piece - Comfort Lip Care Bundle,104274,https://www.sociolla.com/lip-balm/75932-runa-x-one-piece-comfort-lip-care-bundle,0,0,0,quota_limit_reached
712_runa-beauty,Mare Coco Sponge,86086,https://www.sociolla.com/sponge-applicators/57744-mare-coco-sponge,0,0,0,quota_limit_reached
712_runa-beauty,Reusable Cotton Pads 4ply,87752,https://www.sociolla.com/cotton-pad/59410-reusable-cotton-pads-4ply,0,0,0,quota_limit_reached
712_runa-beauty,Gloss Repair Hair Serum,97882,https://www.sociolla.com/hair-serum/69540-gloss-repair-hair-serum,0,0,0,quota_limit_reached
941_sa-naturel-by-shandy-aulia,Set Of 4 Skin Brightening Cream Free Totebag,75273,https://www.sociolla.com/skin-care-set/28453-set-of-4-skin-brightening-cream-free-totebag,0,0,0,quota_limit_reached
941_sa-naturel-by-shandy-aulia,Skin Brightening Cream,75033,https://www.sociolla.com/acne-treatment-sealing-gel-cream/28213-skin-brightening-cream,0,0,0,quota_limit_reached
941_sa-naturel-by-shandy-aulia,Pink Lip & Nipple Brightening Serum,86372,https://www.sociolla.com/default-category/58030-pink-lip-and-nipple-brightening-serum,0,0,0,quota_limit_reached
941_sa-naturel-by-shandy-aulia,Everyday Brightening Deo,85293,https://www.sociolla.com/deodorant/56951-everyday-brightening-deo,0,0,0,quota_limit_reached
941_sa-naturel-by-shandy-aulia,Durable Bright Skin & Lips,100312,https://www.sociolla.com/default-category/71970-durable-bright-skin-and-lips,0,0,0,quota_limit_reached
941_sa-naturel-by-shandy-aulia,Underarm  Ultimate Kit,100309,https://www.sociolla.com/default-category/71967-underarm-ultimate-kit,0,0,0,quota_limit_reached
941_sa-naturel-by-shandy-aulia,Underarm Ultimate Kit (Skin Brightening Cream & Everyday Brightening Deo),85433,https://www.sociolla.com/bath-body-set/57091-underarm-ultimate-kit-skin-brightening-cream-and-everyday-brightening-deo,0,0,0,quota_limit_reached
941_sa-naturel-by-shandy-aulia,Set Of 3 Skin Brightening Cream Free Mirror,75272,https://www.sociolla.com/default-category/28452-set-of-3-skin-brightening-cream-free-mirror,0,0,0,quota_limit_reached
941_sa-naturel-by-shandy-aulia,Cutie Lips & Perfect Deo,100314,https://www.sociolla.com/default-category/71972-cutie-lips-and-perfect-deo,0,0,0,quota_limit_reached
683_sada-by-cathy-sharon,Satin Seduction Lipstick,74470,https://www.sociolla.com/lipstick/27650-satin-seduction-lipstick,0,0,0,quota_limit_reached
683_sada-by-cathy-sharon,Rubin Signature Airy BB Cushion,77503,https://www.sociolla.com/cushion/49161-rubin-signature-airy-bb-cushion,0,0,0,quota_limit_reached
683_sada-by-cathy-sharon,Lunis Micro Translucent Powder,77504,https://www.sociolla.com/makeup/49162-lunis-micro-translucent-powder,0,0,0,quota_limit_reached
683_sada-by-cathy-sharon,Khelir Cotton Liptint,90783,https://www.sociolla.com/lip-tint/62441-khelir-cotton-liptint,0,0,0,quota_limit_reached
683_sada-by-cathy-sharon,Luga Accentuating Pencil Liner,77502,https://www.sociolla.com/eyeliner/49160-luga-accentuating-pencil-liner,0,0,0,quota_limit_reached
683_sada-by-cathy-sharon,Lekat Glamify Setting Spray,73208,https://www.sociolla.com/setting-spray/26388-lekat-glamify-setting-spray,0,0,0,quota_limit_reached
683_sada-by-cathy-sharon,Rollas Eyeshadow Palette,75009,https://www.sociolla.com/eyeshadow/28189-rollas-eyeshadow-palette,0,0,0,quota_limit_reached
683_sada-by-cathy-sharon,Matte Lip Colour,36475,https://www.sociolla.com/lip-cream/14942-lipmatte,0,0,0,quota_limit_reached
683_sada-by-cathy-sharon,Liquid Penliner,36476,https://www.sociolla.com/vegan-highlight/14943-liquid-penliner,0,0,0,quota_limit_reached
683_sada-by-cathy-sharon,Senja Resting Glam Face Make Up Remover,36482,https://www.sociolla.com/makeup-remover/14948-senja-resting-glam-face-make-up-remover,0,0,0,quota_limit_reached
1332_saekin,Overnight Reset Probiotic Serum,90994,https://www.sociolla.com/face-serum/62652-overnight-reset-probiotic-dserum,0,0,0,quota_limit_reached
683_sada-by-cathy-sharon,Toya Conceal & Contour,75011,https://www.sociolla.com/warehouse-sale/28191-toya-conceal-and-contour,0,0,0,quota_limit_reached
1332_saekin,Day to Night Bundle,91859,https://www.sociolla.com/default-category/63517-day-to-night-bundle,0,0,0,quota_limit_reached
1332_saekin,Better Than Sunscreen,90993,https://www.sociolla.com/sunscreen/62651-better-than-sunscreen,0,0,0,quota_limit_reached
1332_saekin,Better Year Bundle,91858,https://www.sociolla.com/sunscreen/63516-better-year-bundle,0,0,0,quota_limit_reached
1246_saff-and-co,Loui - Extrait De Parfum,86994,https://www.sociolla.com/eau-de-parfum/58652-loui-extrait-de-parfum,0,0,0,quota_limit_reached
1332_saekin,Overnight Bundle,91855,https://www.sociolla.com/default-category/63513-overnight-bundle,0,0,0,quota_limit_reached
1246_saff-and-co,S.O.T.B - Extrait de Parfum,98385,https://www.sociolla.com/eau-de-parfum/70043-s-o-t-b-extrait-de-parfum,0,0,0,quota_limit_reached
1246_saff-and-co,Coco - Extrait De Parfum,86997,https://www.sociolla.com/eau-de-parfum/58655-coco-extrait-de-parfum,0,0,0,quota_limit_reached
1246_saff-and-co,CHNO - Extrait De Parfum,88144,https://www.sociolla.com/eau-de-parfum/59802-chno-extrait-de-parfum,0,0,0,quota_limit_reached
1246_saff-and-co,Troupe - Extrait De Parfum,86995,https://www.sociolla.com/eau-de-parfum/58653-troupe-extrait-de-parfum,0,0,0,quota_limit_reached
1246_saff-and-co,SOLARIS - Extrait De Parfum,102804,https://www.sociolla.com/eau-de-parfum/74462-solaris-extrait-de-parfum,0,0,0,quota_limit_reached
1246_saff-and-co,Omnia - Extrait De Parfum,86996,https://www.sociolla.com/eau-de-parfum/58654-omnia-extrait-de-parfum,0,0,0,quota_limit_reached
1246_saff-and-co,Ostara - Extrait De Parfum,102198,https://www.sociolla.com/eau-de-parfum/73856-ostara-extrait-de-parfum,0,0,0,quota_limit_reached
1246_saff-and-co,SAFF - Extrait De Parfum,88145,https://www.sociolla.com/eau-de-parfum/59803-saff-extrait-de-parfum,0,0,0,quota_limit_reached
1246_saff-and-co,Las Pozas - Extrait De Parfum,107812,https://www.sociolla.com/eau-de-parfum/79470-las-pozas-extrait-de-parfum,0,0,0,quota_limit_reached
1246_saff-and-co,Xocolatl - Extrait De Parfum,107813,https://www.sociolla.com/eau-de-parfum/79471-xocolatl-extrait-de-parfum,0,0,0,quota_limit_reached
1246_saff-and-co,Troupe - Extrait De Parfum Mini Size,107816,https://www.sociolla.com/eau-de-parfum/79474-troupe-extrait-de-parfum-mini-size,0,0,0,quota_limit_reached
1246_saff-and-co,Loui - Extrait De Parfum Mini Size,107817,https://www.sociolla.com/eau-de-parfum/79475-loui-extrait-de-parfum-mini-size,0,0,0,quota_limit_reached
1246_saff-and-co,Iliad - Extrait De Parfum,107814,https://www.sociolla.com/eau-de-parfum/79472-iliad-extrait-de-parfum,0,0,0,quota_limit_reached
1246_saff-and-co,S.O.T.B - Extrait De Parfum Mini Size,107822,https://www.sociolla.com/eau-de-parfum/79480-s-o-t-b-extrait-de-parfum-mini-size,0,0,0,quota_limit_reached
1246_saff-and-co,Omnia - Extrait De Parfum Mini Size,107819,https://www.sociolla.com/eau-de-parfum/79477-omnia-extrait-de-parfum-mini-size,0,0,0,quota_limit_reached
1246_saff-and-co,Iliad - Extrait De Parfum Mini Size,107826,https://www.sociolla.com/eau-de-parfum/79484-iliad-extrait-de-parfum-mini-size,0,0,0,quota_limit_reached
1246_saff-and-co,Ostara - Extrait De Parfum Mini Size,107823,https://www.sociolla.com/eau-de-parfum/79481-ostara-extrait-de-parfum-mini-size,0,0,0,quota_limit_reached
1246_saff-and-co,Las Pozas - Extrait De Parfum Mini Size,107825,https://www.sociolla.com/eau-de-parfum/79483-las-pozas-extrait-de-parfum-mini-size,0,0,0,quota_limit_reached
1246_saff-and-co,Solaris - Extrait De Parfum Mini Size,107824,https://www.sociolla.com/eau-de-parfum/79482-solaris-extrait-de-parfum-mini-size,0,0,0,quota_limit_reached
1246_saff-and-co,Saff - Extrait De Parfum Mini Size,107821,https://www.sociolla.com/eau-de-parfum/79479-saff-extrait-de-parfum-mini-size,0,0,0,quota_limit_reached
1246_saff-and-co,Cascavel - Extrait De Parfum,86993,https://www.sociolla.com/eau-de-parfum/58651-540-extrait-de-parfum,0,0,0,quota_limit_reached
1246_saff-and-co,CHNO - Extrait De Parfum Mini Size,107820,https://www.sociolla.com/eau-de-parfum/79478-chno-extrait-de-parfum-mini-size,0,0,0,quota_limit_reached
1246_saff-and-co,Coco - Extrait De Parfum Mini Size,107818,https://www.sociolla.com/eau-de-parfum/79476-coco-extrait-de-parfum-mini-size,0,0,0,quota_limit_reached
611_safi,Naturals Micellar Water,71956,https://www.sociolla.com/default-category/25136-naturals-micellar-water,0,0,0,quota_limit_reached
611_safi,White Expert Make Up Remover,23043,https://www.sociolla.com/makeup-remover/12724-white-expert-make-up-remover,0,0,0,quota_limit_reached
611_safi,Age Defy Youth Elixir,63854,https://www.sociolla.com/booster/16724-age-defy-youth-elixir,0,0,0,quota_limit_reached
1246_saff-and-co,CASCAVEL (540) - Extrait De Parfum Mini Size,107815,https://www.sociolla.com/eau-de-parfum/79473-cascavel-540-extrait-de-parfum-mini-size,0,0,0,quota_limit_reached
611_safi,Age Defy Renewal Night Cream,23032,https://www.sociolla.com/face-cream-lotion/12715-age-defy-renewal-night-cream,0,0,0,quota_limit_reached
611_safi,Naturals Acne Treatment Oil Pure 100% Tea Tree Oil,90249,https://www.sociolla.com/face-oil/61907-naturals-acne-treatment-oil-pure-100-tea-tree-oil,0,0,0,quota_limit_reached
611_safi,Twinpack Safi Naturals Micellar Water With Neem 200 ml - Pembersih Wajah,92083,https://www.sociolla.com/micellar-water/63741-twinpack-safi-naturals-micellar-water-with-neem-200-ml-pembersih-wajah,0,0,0,quota_limit_reached
611_safi,Naturals Micellar Water With Neem 100 & 200 ml,90831,https://www.sociolla.com/skin-care-set/62489-naturals-micellar-water-with-neem-100-and-200-ml,0,0,0,quota_limit_reached
611_safi,Age Defy Skin Refiner,23017,https://www.sociolla.com/booster/12719-age-defy-skin-refiner,0,0,0,quota_limit_reached
611_safi,Acne Expert Acne Treatment Gel,84559,https://www.sociolla.com/acne-blemish-treatments/56217-acne-expert-acne-treatment-gel,0,0,0,quota_limit_reached
611_safi,Age Defy Full set Day & Night Regime - Perawatan Wajah Anti Aging,90823,https://www.sociolla.com/skin-care-set/62481-age-defy-full-set-day-and-night-regime-perawatan-wajah-anti-aging,0,0,0,quota_limit_reached
611_safi,Safi Age Defy Full Set Regime,78311,https://www.sociolla.com/default-category/49969-safi-age-defy-full-set-regime,0,0,0,quota_limit_reached
611_safi,Age Defy Deep Exfoliator,21715,https://www.sociolla.com/scrub-exfoliator/12716-age-defy-deep-exfoliator,0,0,0,quota_limit_reached
611_safi,Twinpack Safi Age Defy Anti Aging Skin Refiner Toner 100ml - Perawatan Wajah,92071,https://www.sociolla.com/default-category/63729-twinpack-safi-age-defy-anti-aging-skin-refiner-toner-100ml-perawatan-wajah,0,0,0,quota_limit_reached
611_safi,Age Defy Cream Cleanser,23015,https://www.sociolla.com/cleansing-cream/12720-age-defy-cream-cleanser,0,0,0,quota_limit_reached
611_safi,Safi White Natural Brightening Cream Grapefruit,34984,https://www.sociolla.com/skincare/12738-safi-white-natural-brightening-cream-grapefruit,0,0,0,quota_limit_reached
611_safi,Safi Serum Essentials Blemish Treatment Serum,94511,https://www.sociolla.com/face-serum/66169-safi-serum-essentials-blemish-treatment-serum,0,0,0,quota_limit_reached
611_safi,Twinpack Safi White Natural Brightening Cleanser Mangosteen 50gr - Wajah,92089,https://www.sociolla.com/face-wash/63747-twinpack-safi-white-natural-brightening-cleanser-mangosteen-50gr-wajah,0,0,0,quota_limit_reached
611_safi,Safi White Natural Brightening Cleanser Mangosteen,23046,https://www.sociolla.com/default-category/12735-safi-white-natural-brightening-cleanser-mangosteen,0,0,0,quota_limit_reached
611_safi,Hair Xpert Hair Care Value Pack - Perawatan Rambut,90829,https://www.sociolla.com/hair-care-set/62487-hair-xpert-hair-care-value-pack-perawatan-rambut,0,0,0,quota_limit_reached
611_safi,Safi White Natural Brightening Cleanser Grapefruit,34988,https://www.sociolla.com/face-wash/12737-safi-white-natural-brightening-cleanser-grapefruit,0,0,0,quota_limit_reached
611_safi,Hydra Glow Hydrating Water Lock Mist 75ml - Perawatan Wajah,90947,https://www.sociolla.com/face-mist/62605-hydra-glow-hydrating-water-lock-mist-75ml-perawatan-wajah,0,0,0,quota_limit_reached
611_safi,Hair Xpert Oil Treatment For Hair Fall,72006,https://www.sociolla.com/hair-oil/25186-hair-xpert-oil-treatment-for-hair-fall,0,0,0,quota_limit_reached
611_safi,Age Defy Concentrated Serum,23025,https://www.sociolla.com/face-serum/12717-age-defy-concentrated-serum,0,0,0,quota_limit_reached
611_safi,Twinpack Safi Hair Xpert-Itchy Scalp Treatment Shampoo 320g - Perawatan Rambut,92076,https://www.sociolla.com/default-category/63734-twinpack-safi-hair-xpert-itchy-scalp-treatment-shampoo-320g-perawatan-rambut,0,0,0,quota_limit_reached
611_safi,SAFI Hair Xpert Itchy Scalp Treatment Shampoo 320 gr + SAFI Hair Xpert Hair Conditioner 180 gr,78400,https://www.sociolla.com/default-category/50058-safi-hair-xpert-itchy-scalp-treatment-shampoo-320-gr-safi-hair-xpert-hair-conditioner-180-gr,0,0,0,quota_limit_reached
611_safi,Hair Xpert Full Set Hair Care - Perawatan Rambut,90828,https://www.sociolla.com/hair-care-set/62486-hair-xpert-full-set-hair-care-perawatan-rambut,0,0,0,quota_limit_reached
611_safi,Twinpack Safi Age Defy Anti Aging Concentrated Serum 20ml - Perawatan Wajah,92054,https://www.sociolla.com/face-serum/63712-twinpack-safi-age-defy-anti-aging-concentrated-serum-20ml-perawatan-wajah,0,0,0,quota_limit_reached
611_safi,Safi Age Defy Daily Essential,78308,https://www.sociolla.com/default-category/49966-safi-age-defy-daily-essential,0,0,0,quota_limit_reached
611_safi,Safi White Natural Brightening Cream Mangosteen,23047,https://www.sociolla.com/default-category/12736-safi-white-natural-brightening-cream-mangosteen,0,0,0,quota_limit_reached
611_safi,Whipped Foam Sebum Cleanser,84556,https://www.sociolla.com/face-wash/56214-whipped-foam-sebum-cleanser,0,0,0,quota_limit_reached
611_safi,Age Defy Anti Aging Youth Elixir Serum (Day&Night Cream),90822,https://www.sociolla.com/skin-care-set/62480-age-defy-anti-aging-youth-elixir-serum-day-and-night-cream,0,0,0,quota_limit_reached
611_safi,Age Defy Day Emulsion SPF 25 PA++,23029,https://www.sociolla.com/face-cream-lotion/12727-age-defy-day-emulsion-spf-25-pa,0,0,0,quota_limit_reached
611_safi,Acne Expert Soothing Gel Moisturizer,84560,https://www.sociolla.com/face-cream-lotion/56218-acne-expert-soothing-gel-moisturizer,0,0,0,quota_limit_reached
611_safi,Acne Expert Sebum Control Fluid,84557,https://www.sociolla.com/toner/56215-acne-expert-sebum-control-fluid,0,0,0,quota_limit_reached
611_safi,Naturals Clarifying Cleanser,86159,https://www.sociolla.com/face-wash/57817-naturals-clarifying-cleanser,0,0,0,quota_limit_reached
611_safi,White Expert Purifying Cleanser,23034,https://www.sociolla.com/face-wash/12723-white-expert-purifying-cleanser,0,0,0,quota_limit_reached
611_safi,Hydra Glow Hydrating Water Toning Essence 150ml - Perawatan Wajah,90945,https://www.sociolla.com/essence/62603-hydra-glow-hydrating-water-toning-essence-150ml-perawatan-wajah,0,0,0,quota_limit_reached
611_safi,Basic Acne Skin Care Package - Paket Perawatan Wajah Berjerawat,90816,https://www.sociolla.com/skin-care-set/62474-basic-acne-skin-care-package-paket-perawatan-wajah-berjerawat,0,0,0,quota_limit_reached
611_safi,Safi Ultimate Bright Hydrating Lotion,95597,https://www.sociolla.com/face-cream-lotion/67255-safi-ultimate-bright-hydrating-lotion,0,0,0,quota_limit_reached
611_safi,Cleanser and Treatment Gel Package - Perawatan Wajah Berjerawat,90815,https://www.sociolla.com/default-category/62473-cleanser-and-treatment-gel-package-perawatan-wajah-berjerawat,0,0,0,quota_limit_reached
611_safi,Sun Essential Comfort Touch Sunscreen SPF 50+ PA++,101101,https://www.sociolla.com/sunscreen/72759-sun-essential-comfort-touch-sunscreen-spf-50-pa,0,0,0,quota_limit_reached
611_safi,Safi Hydra Glow Starter Kit,96510,https://www.sociolla.com/skin-care-set/68168-safi-hydra-glow-starter-kit,0,0,0,quota_limit_reached
611_safi,SAFI Age Defi Day and Night Essential,78393,https://www.sociolla.com/skin-care-set/50051-safi-age-defi-day-and-night-essential,0,0,0,quota_limit_reached
611_safi,Age Defy Moisturizer Package - Paket Perawatan wajah,90818,https://www.sociolla.com/skin-care-set/62476-age-defy-moisturizer-package-paket-perawatan-wajah,0,0,0,quota_limit_reached
611_safi,Safi Age Defy Gold Water Essence and Day&Night Cream,78313,https://www.sociolla.com/default-category/49971-safi-age-defy-gold-water-essence-and-day-and-night-cream,0,0,0,quota_limit_reached
611_safi,Hair Xpert Hijab & Hair Perfume Mist,72003,https://www.sociolla.com/default-category/25183-hair-xpert-hijab-and-hair-perfume-mist,0,0,0,quota_limit_reached
611_safi,Hydra Glow Hydrating Water Cleanser 125gr - Pembersih Wajah,90943,https://www.sociolla.com/cleanser/62601-hydra-glow-hydrating-water-cleanser-125gr-pembersih-wajah,0,0,0,quota_limit_reached
611_safi,Twinpack Safi Acne Expert Whipped Foam Sebum Cleanser Jerawat 100gr - Wajah,92053,https://www.sociolla.com/default-category/63711-twinpack-safi-acne-expert-whipped-foam-sebum-cleanser-jerawat-100gr-wajah,0,0,0,quota_limit_reached
611_safi,Safi Serum Essentials Duo Lifting Serum,94505,https://www.sociolla.com/face-serum/66163-safi-serum-essentials-duo-lifting-serum,0,0,0,quota_limit_reached
611_safi,Naturals Acne Mattifying Cream Tea Tree Oil,90248,https://www.sociolla.com/moisturizer/61906-naturals-acne-mattifying-cream-tea-tree-oil,0,0,0,quota_limit_reached
611_safi,Twinpack Safi Naturals Toning Toner Lotion Tea Tree Oil 100ml - Perawatan Wajah,92080,https://www.sociolla.com/toner/63738-twinpack-safi-naturals-toning-toner-lotion-tea-tree-oil-100ml-perawatan-wajah,0,0,0,quota_limit_reached
611_safi,White Expert Ultimate Essence,23037,https://www.sociolla.com/essence/12730-white-expert-ultimate-essence,0,0,0,quota_limit_reached
611_safi,Twinpack Safi Naturals Clarifying CLeanser Tea Tree Oil 100gr - Foam Cleanser,92079,https://www.sociolla.com/face-wash/63737-twinpack-safi-naturals-clarifying-cleanser-tea-tree-oil-100gr-foam-cleanser,0,0,0,quota_limit_reached
611_safi,Twinpack Safi Hair Xpert-Hair Fall Treatment Shampoo 320 gr - Perawatan Rambut,92075,https://www.sociolla.com/shampoo/63733-twinpack-safi-hair-xpert-hair-fall-treatment-shampoo-320-gr-perawatan-rambut,0,0,0,quota_limit_reached
611_safi,Safi Serum Essentials Skin Renewal Serum,94507,https://www.sociolla.com/face-serum/66165-safi-serum-essentials-skin-renewal-serum,0,0,0,quota_limit_reached
611_safi,Safi Serum Essentials Intensive Hydrating Serum,94509,https://www.sociolla.com/face-serum/66167-safi-serum-essentials-intensive-hydrating-serum,0,0,0,quota_limit_reached
611_safi,Naturals Clarifying Cleanser + Toning Lotion - Pembersih Wajah,90830,https://www.sociolla.com/face-wash/62488-naturals-clarifying-cleanser-toning-lotion-pembersih-wajah,0,0,0,quota_limit_reached
611_safi,Twinpack Safi White Expert Ultimate Essence Serum 20ml - Perawatan Wajah,92085,https://www.sociolla.com/face-serum/63743-twinpack-safi-white-expert-ultimate-essence-serum-20ml-perawatan-wajah,0,0,0,quota_limit_reached
611_safi,Hydra Glow Hydrating Water Bank Serum 30ml - Serum Wajah,90949,https://www.sociolla.com/face-serum/62607-hydra-glow-hydrating-water-bank-serum-30ml-serum-wajah,0,0,0,quota_limit_reached
611_safi,Safi Ultimate Bright Dark Spot Treatment Serum,95599,https://www.sociolla.com/face-serum/67257-safi-ultimate-bright-dark-spot-treatment-serum,0,0,0,quota_limit_reached
611_safi,Twinpack Safi Naturals Acne Mattifying Face Cream Tea Tree Oil Jerawat 45gr - Wajah,92077,https://www.sociolla.com/default-category/63735-twinpack-safi-naturals-acne-mattifying-face-cream-tea-tree-oil-jerawat-45gr-wajah,0,0,0,quota_limit_reached
611_safi,Hair Xpert-Hair Fall Treatment Shampoo 320 gr & Hair Mist,90827,https://www.sociolla.com/hair-care-set/62485-hair-xpert-hair-fall-treatment-shampoo-320-gr-and-hair-mist,0,0,0,quota_limit_reached
611_safi,TWINPACK - Safi Brightening Cream Grapefruit 45G,78390,https://www.sociolla.com/default-category/50048-twinpack-safi-brightening-cream-grapefruit-20g,0,0,0,quota_limit_reached
611_safi,Age Defy Cream Cleanser Deep Moisturizer,23021,https://www.sociolla.com/face-cream-lotion/12714-age-defy-cream-cleanser-deep-moisturizer,0,0,0,quota_limit_reached
611_safi,Safi Dermasafe Booster Mist,73426,https://www.sociolla.com/face-mist/26606-safi-dermasafe-booster-mist,0,0,0,quota_limit_reached
611_safi,Ultimate Bright Crystal Essence,101102,https://www.sociolla.com/essence/72760-ultimate-bright-crystal-essence,0,0,0,quota_limit_reached
611_safi,Safi Serum Essentials Bright Up Serum,94504,https://www.sociolla.com/face-serum/66162-safi-serum-essentials-bright-up-serum,0,0,0,quota_limit_reached
611_safi,Age Defy Gold Water Essence,34979,https://www.sociolla.com/essence/12725-age-defy-gold-water-essence,0,0,0,quota_limit_reached
611_safi,White Expert Replenishing Night Cream,23039,https://www.sociolla.com/face-cream-lotion/12726-white-expert-replenishing-night-cream,0,0,0,quota_limit_reached
611_safi,Expert Solutions Eye Therapy Serum,84591,https://www.sociolla.com/eye-care/56249-expert-solutions-eye-therapy-serum,0,0,0,quota_limit_reached
611_safi,Hair Xpert Shampoo Itchy Scalp Treatment,72009,https://www.sociolla.com/default-category/25189-hair-xpert-shampoo-itchy-scalp-treatment,0,0,0,quota_limit_reached
611_safi,Safi Dermasafe 3 Essential Kit,73429,https://www.sociolla.com/default-category/26609-safi-dermasafe-3-essential-kit,0,0,0,quota_limit_reached
611_safi,SAFI Hair Xpert Anti Dandruff Shampoo 320 gr + SAFI Hair Xpert Hair Conditioner 180 gr,78396,https://www.sociolla.com/skin-care-sets/50054-safi-hair-xpert-anti-dandruff-shampoo-320-gr-safi-hair-xpert-hair-conditioner-180-gr,0,0,0,quota_limit_reached
611_safi,Expert Solutions Treatment Oil,84590,https://www.sociolla.com/cellulite-stretch-marks/56248-expert-solutions-treatment-oil,0,0,0,quota_limit_reached
611_safi,Safi Dermasafe Night Moisturiser,73424,https://www.sociolla.com/face-cream-lotion/26604-safi-dermasafe-night-moisturiser,0,0,0,quota_limit_reached
611_safi,White Expert CC Cream SPF24PA++,23035,https://www.sociolla.com/sunscreen/12729-white-expert-cc-cream-spf24pa,0,0,0,quota_limit_reached
611_safi,Twinpack Safi Age DefyAnti Aging Gold Water Essence 30 ml - Perawatan Wajah,92058,https://www.sociolla.com/default-category/63716-twinpack-safi-age-defyanti-aging-gold-water-essence-30-ml-perawatan-wajah,0,0,0,quota_limit_reached
611_safi,Safi Dermasafe Day Moisturiser,73423,https://www.sociolla.com/face-gel/26603-safi-dermasafe-day-moisturiser,0,0,0,quota_limit_reached
611_safi,Twinpack Safi Age Defy Anti Aging Gold Water Essence 100ml - Perawatan Wajah,92055,https://www.sociolla.com/default-category/63713-twinpack-safi-age-defy-anti-aging-gold-water-essence-100ml-perawatan-wajah,0,0,0,quota_limit_reached
611_safi,Twinpack Safi Dermasafe Sensitif Skin Day Moisturiser Cream 50 gr - Wajah,92072,https://www.sociolla.com/default-category/63730-twinpack-safi-dermasafe-sensitif-skin-day-moisturiser-cream-50-gr-wajah,0,0,0,quota_limit_reached
611_safi,Dermasafe Sensitif Skin Day Moisturiser + Gel Cleanser,90825,https://www.sociolla.com/skin-care-set/62483-dermasafe-sensitif-skin-day-moisturiser-gel-cleanser,0,0,0,quota_limit_reached
611_safi,"Dermasafe Sensitif Skin Day Pack (Cleanser,Cream,Booster Mist)",90826,https://www.sociolla.com/skin-care-set/62484-dermasafe-sensitif-skin-day-pack-cleanser-cream-booster-mist,0,0,0,quota_limit_reached
611_safi,Twinpack Safi Acne Expert Sebum Control Fluid toner Jerawat 100ml - Wajah,92052,https://www.sociolla.com/toner/63710-twinpack-safi-acne-expert-sebum-control-fluid-toner-jerawat-100ml-wajah,0,0,0,quota_limit_reached
611_safi,Dermasafe Sensitive Skin Glow Up Kit,86831,https://www.sociolla.com/skin-care-set/58489-dermasafe-sensitive-skin-glow-up-kit,0,0,0,quota_limit_reached
611_safi,"Safi Ultimate Bright Illuminating Day Cream SPF 20 PA ++ 18,5gr - krim wajah pagi",104439,https://www.sociolla.com/face-cream-lotion/76097-safi-ultimate-bright-illuminating-day-cream-spf-20-pa-18-5gr-krim-wajah-pagi,0,0,0,quota_limit_reached
611_safi,Twinpack Safi Dermasafe Sensitif Skin Gel Cleanser 100 gr - Foam Cleanser,92073,https://www.sociolla.com/face-wash/63731-twinpack-safi-dermasafe-sensitif-skin-gel-cleanser-100-gr-foam-cleanser,0,0,0,quota_limit_reached
611_safi,Age Defy Eye Contour Treatment Cream,23027,https://www.sociolla.com/eye-care/12718-age-defy-eye-contour-treatment-cream,0,0,0,quota_limit_reached
611_safi,Safi Dermasafe Gel Cleanser,73428,https://www.sociolla.com/face-wash/26608-safi-dermasafe-gel-cleanser,0,0,0,quota_limit_reached
611_safi,White Expert Illuminating Day Cream SPF15 PA ++,23040,https://www.sociolla.com/face-cream-lotion/12728-white-expert-illuminating-day-cream-spf15-pa-,0,0,0,quota_limit_reached
611_safi,Naturals Toning Lotion,86160,https://www.sociolla.com/toner/57818-naturals-toning-lotion,0,0,0,quota_limit_reached
611_safi,Hair Xpert Shampoo Hair Fall,72010,https://www.sociolla.com/default-category/25190-hair-xpert-shampoo-hair-fall,0,0,0,quota_limit_reached
611_safi,Hijab Expert Fresh & Bounce Treatment Shampoo,72008,https://www.sociolla.com/shampoo/25188-hair-xpert-shampoo-fresh-and-bounce,0,0,0,quota_limit_reached
611_safi,Twinpack Safi White Natural Brightening Cleanser Mangosteen 100gr - Wajah,92088,https://www.sociolla.com/face-wash/63746-twinpack-safi-white-natural-brightening-cleanser-mangosteen-100gr-wajah,0,0,0,quota_limit_reached
611_safi,Twinpack Safi Age Defy Anti Aging Cream Cleanser Deep Moisturiser 150ml -,92056,https://www.sociolla.com/default-category/63714-twinpack-safi-age-defy-anti-aging-cream-cleanser-deep-moisturiser-150ml,0,0,0,quota_limit_reached
611_safi,Acne Clarifying 2in1 Cleanser,84558,https://www.sociolla.com/face-wash/56216-acne-clarifying-2in1-cleanser,0,0,0,quota_limit_reached
611_safi,White Expert Double Cleansing Package - Face Cleanser,90834,https://www.sociolla.com/skin-care-set/62492-white-expert-double-cleansing-package-face-cleanser,0,0,0,quota_limit_reached
611_safi,SAFI Hair Xpert Hair Fall Treatment Shampoo 320 gr + SAFI Hair Xpert Hair Conditioner 180 gr,78399,https://www.sociolla.com/default-category/50057-safi-hair-xpert-hair-fall-treatment-shampoo-320-gr-safi-hair-xpert-hair-conditioner-180-gr,0,0,0,quota_limit_reached
611_safi,TWINPACK - SAFI White Expert Cleanser 2IN1 Cleanser & Toner 150ml,78383,https://www.sociolla.com/skin-care-sets/50041-twinpack-safi-white-expert-cleanser-2in1-cleanser-and-toner-150ml,0,0,0,quota_limit_reached
611_safi,Twinpack Safi White Expert Purifying Cleanser 100gr - Foam Cleanser,92086,https://www.sociolla.com/default-category/63744-twinpack-safi-white-expert-purifying-cleanser-100gr-foam-cleanser,0,0,0,quota_limit_reached
611_safi,Hair Xpert Hair Conditioner,72004,https://www.sociolla.com/conditioner/25184-hair-xpert-hair-conditioner,0,0,0,quota_limit_reached
611_safi,Expert Solutions Milk Drop Serum,84587,https://www.sociolla.com/face-cream-lotion/56245-expert-solutions-milk-drop-serum,0,0,0,quota_limit_reached
611_safi,Expert Solutions Intensive Ampoule,84589,https://www.sociolla.com/ampoule/56247-expert-solutions-intensive-ampoule,0,0,0,quota_limit_reached
611_safi,SAFI White Expert Day and Night Essential Cream and Toner,78388,https://www.sociolla.com/skin-care-set/50046-safi-white-expert-day-and-night-essential-cream-and-toner,0,0,0,quota_limit_reached
611_safi,Safi Ramadan Package 2022,94357,https://www.sociolla.com/exclusive-bundles/66015-safi-ramadan-package-2022,0,0,0,quota_limit_reached
611_safi,White Expert Skin Refiner,34987,https://www.sociolla.com/booster/12731-white-expert-skin-refiner,0,0,0,quota_limit_reached
611_safi,Twinpack Safi Acne Expert Clarifying 2in1 Cleanser Jerawat 150ml - Wajah,92051,https://www.sociolla.com/face-wash/63709-twinpack-safi-acne-expert-clarifying-2in1-cleanser-jerawat-150ml-wajah,0,0,0,quota_limit_reached
611_safi,Twinpack Safi White Expert Illuminating Day Cream SPF 15PA++ 25gr - Wajah,92082,https://www.sociolla.com/default-category/63740-twinpack-safi-white-expert-illuminating-day-cream-spf-15pa-25gr-wajah,0,0,0,quota_limit_reached
611_safi,Twinpack Safi White Expert Skin Refiner Toner 100ml - Perawatan Wajah,92078,https://www.sociolla.com/default-category/63736-twinpack-safi-white-expert-skin-refiner-toner-100ml-perawatan-wajah,0,0,0,quota_limit_reached
611_safi,Twinpack Safi Hair Xpert-Hair Conditioner 180gr - Perawatan Rambut,92074,https://www.sociolla.com/default-category/63732-twinpack-safi-hair-xpert-hair-conditioner-180gr-perawatan-rambut,0,0,0,quota_limit_reached
611_safi,Twinpack Safi White Expert Replenishing Night Cream 25gr - Perawatan Wajah,92081,https://www.sociolla.com/default-category/63739-twinpack-safi-white-expert-replenishing-night-cream-25gr-perawatan-wajah,0,0,0,quota_limit_reached
967_santa-marche,Deep Cleansing,92242,https://www.sociolla.com/face-wash/63900-deep-cleansing,0,0,0,quota_limit_reached
967_santa-marche,Green Tea Clear Peeling,75998,https://www.sociolla.com/peeling/47656-green-tea-clear-peeling,0,0,0,quota_limit_reached
611_safi,Expert Solutions Bio Skin Mosturizer SPF 34 PA++,84588,https://www.sociolla.com/default-category/56246-expert-solutions-bio-skin-mosturizer-spf-34-pa,0,0,0,quota_limit_reached
611_safi,Your Multiperfection pack - Foundation & Compact Powder,90824,https://www.sociolla.com/makeup/62482-your-multiperfection-pack-foundation-and-compact-powder,0,0,0,quota_limit_reached
305_sasc,Your Ultimatte Cover Kit,104046,https://www.sociolla.com/skin-care-set/75704-your-ultimatte-cover-kit,0,0,0,quota_limit_reached
305_sasc,Flawless Miracle Powder,70531,https://www.sociolla.com/loose-powder/23719-flawless-miracle-powder,0,0,0,quota_limit_reached
305_sasc,Magic Protection Bundle,104045,https://www.sociolla.com/skin-care-set/75703-magic-protection-bundle,0,0,0,quota_limit_reached
305_sasc,Instant Facelift Rose Quartz Face Roller,90075,https://www.sociolla.com/default-category/61733-instant-facelift-rose-quartz-face-roller,0,0,0,quota_limit_reached
305_sasc,SASC Bundle - Unstoppable to Speak Up,92423,https://www.sociolla.com/lip-tint/64081-sasc-bundle-unstoppable-to-speak-up,0,0,0,quota_limit_reached
305_sasc,We're Unstoppable Lip Tint,92101,https://www.sociolla.com/lip-tint/63759-we-re-unstoppable-lip-tint,0,0,0,quota_limit_reached
305_sasc,ALL DEW LONG Moisturizer,93207,https://www.sociolla.com/face-cream-lotion/64865-all-dew-long-moisturizer,0,0,0,quota_limit_reached
305_sasc,Lift Oléoactif White Truffle Flawless Cushion,106232,https://www.sociolla.com/cushion/77890-lift-oleoactif-white-truffle-flawless-cushion,0,0,0,quota_limit_reached
305_sasc,Wash Me Off Gentle & Hydrating Cleansing Gel,93129,https://www.sociolla.com/default-category/64787-wash-me-off-gentle-and-hydrating-cleansing-gel,0,0,0,quota_limit_reached
305_sasc,SASC GLOW GIRL KIT,104385,https://www.sociolla.com/lip-cream/76043-sasc-glow-girl-kit,0,0,0,quota_limit_reached
305_sasc,Magic Eyeliner Perfector,25532,https://www.sociolla.com/eyeliner/10298-magic-eyeliner-perfector,0,0,0,quota_limit_reached
305_sasc,SASC Lip Cream,19134,https://www.sociolla.com/lip-cream/8713-sasc-lip-cream,0,0,0,quota_limit_reached
305_sasc,Plump It Up Bi-Phase Milky Facial Treatment Essence,93144,https://www.sociolla.com/essence/64802-plump-it-up-bi-phase-milky-facial-treatment-essence,0,0,0,quota_limit_reached
305_sasc,SASC BRIGHT GIRL POWER KIT,104383,https://www.sociolla.com/lip-cream/76041-sasc-bright-girl-power-kit,0,0,0,quota_limit_reached
305_sasc,Flawless Kit,82793,https://www.sociolla.com/default-category/54451-flawless-kit,0,0,0,quota_limit_reached
305_sasc,Double Cleansing Package,96956,https://www.sociolla.com/default-category/68614-double-cleansing-package,0,0,0,quota_limit_reached
305_sasc,SASC X Lula Lahfah Glow or Never Ultra Fine Face Mist,100543,https://www.sociolla.com/default-category/72201-sasc-x-lula-lahfah-glow-or-never-ultra-fine-face-mist,0,0,0,quota_limit_reached
305_sasc,SASC X Lula Lahfah Lip Tint,100544,https://www.sociolla.com/lip-tint/72202-sasc-x-lula-lahfah-lip-tint,0,0,0,quota_limit_reached
305_sasc,Bare My Face Cleansing Oil,93131,https://www.sociolla.com/skincare/64789-bare-my-face-cleansing-oil,0,0,0,quota_limit_reached
305_sasc,Ready To Glow Brush Set,70532,https://www.sociolla.com/brush-set/23720-ready-to-glow-brush-set,0,0,0,quota_limit_reached
305_sasc,SASC Bundle - We're Unstoppable Collections,92424,https://www.sociolla.com/lip-tint/64082-sasc-bundle-we-re-unstoppable-collections,0,0,0,quota_limit_reached
305_sasc,Ultimatte Lip Liquid,70533,https://www.sociolla.com/lip-cream/23721-ultimatte-lip-liquid,0,0,0,quota_limit_reached
305_sasc,Effortless Brow Definer,32092,https://www.sociolla.com/eyebrows/10279-effortless-brow-definer,0,0,0,quota_limit_reached
305_sasc,SASC x Bioderma Bundle - Unstoppable to Love H2O,92422,https://www.sociolla.com/default-category/64080-sasc-x-bioderma-bundle-unstoppable-to-love-h2o,0,0,0,quota_limit_reached
305_sasc,SASC Perfect Eye & Face Palette,34944,https://www.sociolla.com/face-palette/12595-sasc-perfect-eye-and-face-palette,0,0,0,quota_limit_reached
15641_satellite-of-glow,I AM CANCER BODY LOTION,104036,https://www.sociolla.com/body-lotion-body-serum/75694-i-am-cancer-body-lotion,0,0,0,quota_limit_reached
15641_satellite-of-glow,I AM SAGITTARIUS BODY LOTION,104041,https://www.sociolla.com/body-lotion-body-serum/75699-i-am-sagittarius-body-lotion,0,0,0,quota_limit_reached
15641_satellite-of-glow,I AM ARIES BODY LOTION,104032,https://www.sociolla.com/body-lotion-body-serum/75692-i-am-aries-body-lotion,0,0,0,quota_limit_reached
15641_satellite-of-glow,I AM LEO BODY LOTION,104037,https://www.sociolla.com/body-lotion-body-serum/75695-i-am-leo-body-lotion,0,0,0,quota_limit_reached
15641_satellite-of-glow,I AM AQUARIUS BODY LOTION,104033,https://www.sociolla.com/body-lotion-body-serum/75690-i-am-aquarius-body-lotion,0,0,0,quota_limit_reached
15641_satellite-of-glow,I AM CAPRICORN BODY LOTION,104034,https://www.sociolla.com/body-lotion-body-serum/75691-i-am-capricorn-body-lotion,0,0,0,quota_limit_reached
15641_satellite-of-glow,Santorini Omorfia Eau De Parfum 50 ml,108746,https://www.sociolla.com/eau-de-parfum/80404-santorini-omorfia-eau-de-parfum-50-ml,0,0,0,quota_limit_reached
15641_satellite-of-glow,I AM LIBRA BODY LOTION,104040,https://www.sociolla.com/body-lotion-body-serum/75698-i-am-libra-body-lotion,0,0,0,quota_limit_reached
15641_satellite-of-glow,I AM VIRGO BODY LOTION,104039,https://www.sociolla.com/body-lotion-body-serum/75697-i-am-virgo-body-lotion,0,0,0,quota_limit_reached
15641_satellite-of-glow,I AM GEMINI BODY LOTION,104038,https://www.sociolla.com/body-lotion-body-serum/75696-i-am-gemini-body-lotion,0,0,0,quota_limit_reached
15641_satellite-of-glow,I AM TAURUS BODY LOTION,104031,https://www.sociolla.com/body-lotion-body-serum/75689-i-am-taurus-body-lotion,0,0,0,quota_limit_reached
15641_satellite-of-glow,Chillin' bestie,106804,https://www.sociolla.com/bath-body-set/78462-chillin-bestie,0,0,0,quota_limit_reached
15641_satellite-of-glow,I AM PISCES BODY LOTION,104035,https://www.sociolla.com/body-lotion-body-serum/75693-i-am-pisces-body-lotion,0,0,0,quota_limit_reached
15641_satellite-of-glow,Tanaww Eau De Parfum 50 ml,108745,https://www.sociolla.com/eau-de-parfum/80403-tanaww-eau-de-parfum-50-ml,0,0,0,quota_limit_reached
15641_satellite-of-glow,Aura Ubud Eau De Parfum 50 ml,108748,https://www.sociolla.com/eau-de-parfum/80406-aura-ubud-eau-de-parfum-50-ml,0,0,0,quota_limit_reached
15641_satellite-of-glow,Kimononique Eau De Parfum 50 ml,108747,https://www.sociolla.com/eau-de-parfum/80405-kimononique-eau-de-parfum-50-ml,0,0,0,quota_limit_reached
15641_satellite-of-glow,Sophistiqué Eau De Parfum 50 ml,108742,https://www.sociolla.com/eau-de-parfum/80400-sophistique-eau-de-parfum-50-ml,0,0,0,quota_limit_reached
15641_satellite-of-glow,Segreto Eau De Parfum 50 ml,108740,https://www.sociolla.com/eau-de-parfum/80398-segreto-eau-de-parfum-50-ml,0,0,0,quota_limit_reached
15641_satellite-of-glow,Kapadokya Mistik Eau De Parfum 50 ml,108741,https://www.sociolla.com/eau-de-parfum/80399-kapadokya-mistik-eau-de-parfum-50-ml,0,0,0,quota_limit_reached
15641_satellite-of-glow,Cielo Eau De Parfum 50 ml,108739,https://www.sociolla.com/eau-de-parfum/80397-cielo-eau-de-parfum-50-ml,0,0,0,quota_limit_reached
15641_satellite-of-glow,Fire Blast Moisturizing Shower Gel | Brightening 250 ml,107215,https://www.sociolla.com/body-wash/78873-fire-blast-moisturizing-shower-gel-or-brightening-250-ml,0,0,0,quota_limit_reached
15641_satellite-of-glow,Earth Bound Acne Care Shower Gel | Anti Jerawat 250 ml,107216,https://www.sociolla.com/body-wash/78874-earth-bound-acne-care-shower-gel-or-anti-jerawat-250-ml,0,0,0,quota_limit_reached
15641_satellite-of-glow,Air Cloud Brightening Shower Gel 250ml,107213,https://www.sociolla.com/body-wash/78871-air-cloud-brightening-shower-gel-250ml,0,0,0,quota_limit_reached
15641_satellite-of-glow,I AM SCORPIO BODY LOTION,104043,https://www.sociolla.com/body-lotion-body-serum/75701-i-am-scorpio-body-lotion,0,0,0,quota_limit_reached
15641_satellite-of-glow,Water Drop Anti Aging Moisturize Shower Gel 250 ml,107211,https://www.sociolla.com/body-wash/78869-water-drop-anti-aging-moisturize-shower-gel-250-ml,0,0,0,quota_limit_reached
15641_satellite-of-glow,Youthful bestie,106805,https://www.sociolla.com/bath-body-set/78463-youthful-bestie,0,0,0,quota_limit_reached
15641_satellite-of-glow,TRIAL KIT BODY LOTION 4 PCS,104042,https://www.sociolla.com/body-lotion-body-serum/75700-trial-kit-body-lotion-4-pcs,0,0,0,quota_limit_reached
2265_scarlett-whitening,Scarlett Whitening Body Serum Jolly,99801,https://www.sociolla.com/body-lotion/71459-scarlett-whitening-body-serum-jolly,0,0,0,quota_limit_reached
2265_scarlett-whitening,Scarlett Whitening Body Lotion - Romansa,36893,https://www.sociolla.com/body-lotion/15411-scarlett-whitening-body-lotion-romansa,0,0,0,quota_limit_reached
2265_scarlett-whitening,Scarlett Whitening Shower Scrub Charming,90422,https://www.sociolla.com/body-scrub-exfoliants/62080-scarlett-whitening-shower-scrub-charming,0,0,0,quota_limit_reached
2265_scarlett-whitening,Scarlett Whitening Body Cream Charming,99799,https://www.sociolla.com/body-butter-cream/71457-scarlett-whitening-body-cream-charming,0,0,0,quota_limit_reached
2265_scarlett-whitening,Scarlett Whitening Body Lotion - Fantasia,36894,https://www.sociolla.com/body-lotion-body-serum/15457-scarlett-whitening-body-lotion-fantasia,0,0,0,quota_limit_reached
2265_scarlett-whitening,Scarlett Whitening Body Serum Charming,99798,https://www.sociolla.com/body-lotion/71456-scarlett-whitening-body-serum-charming,0,0,0,quota_limit_reached
2265_scarlett-whitening,Scarlett Whitening Body Scrub - Coffee,87128,https://www.sociolla.com/body-scrub-exfoliants/58786-scarlett-whitening-body-scrub-coffee,0,0,0,quota_limit_reached
2265_scarlett-whitening,Scarlett Whitening 7X Ceramide Moisturizer,101153,https://www.sociolla.com/face-cream-lotion/72811-scarlett-whitening-7x-ceramide-moisturizer,0,0,0,quota_limit_reached
2265_scarlett-whitening,Scarlett Whitening Glowtening Serum,86346,https://www.sociolla.com/face-serum/58004-scarlett-whitening-glowtening-serum,0,0,0,quota_limit_reached
2265_scarlett-whitening,Scarlett Whitening Shower Scrub Loving,104309,https://www.sociolla.com/body-wash/75967-scarlett-whitening-shower-scrub-loving,0,0,0,quota_limit_reached
2265_scarlett-whitening,Scarlett Whitening Body Lotion  - Freshy,83394,https://www.sociolla.com/body-lotion/55052-scarlett-brightening-body-lotion-freshy,0,0,0,quota_limit_reached
2265_scarlett-whitening,Scarlett Whitening Body Lotion Loving,104310,https://www.sociolla.com/body-lotion-body-serum/75968-scarlett-whitening-body-lotion-loving,0,0,0,quota_limit_reached
2265_scarlett-whitening,Scarlett Whitening Brightly Essence Toner,88179,https://www.sociolla.com/toner/59837-brightly-essence-toner,0,0,0,quota_limit_reached
2265_scarlett-whitening,Scarlett Whitening Shower Scrub Jolly,90423,https://www.sociolla.com/body-scrub-exfoliants/62081-scarlett-whitening-shower-scrub-jolly,0,0,0,quota_limit_reached
2265_scarlett-whitening,Scarlett Whitening Body Scrub (LULUR) - Pomegrante,36892,https://www.sociolla.com/body-scrub-exfoliants/15409-scarlett-whitening-body-scrub-lulur-pomegrante,0,0,0,quota_limit_reached
2265_scarlett-whitening,Scarlett Whitening Body Scrub (LULUR) - Romansa,36891,https://www.sociolla.com/body-scrub-exfoliants/15410-scarlett-whitening-body-scrub-lulur-romansa,0,0,0,quota_limit_reached
2265_scarlett-whitening,Scarlett Whitening Brightly Ever After Night Cream,83391,https://www.sociolla.com/face-cream-lotion/55049-scarlett-brightly-ever-after-night-cream,0,0,0,quota_limit_reached
2265_scarlett-whitening,Scarlett Whitening Body Cream Happy,97666,https://www.sociolla.com/body-butter-cream/69324-scarlett-whitening-body-cream-happy,0,0,0,quota_limit_reached
2265_scarlett-whitening,Scarlett Whitening Brightly Ever After Day Cream,83390,https://www.sociolla.com/face-cream-lotion/55048-scarlett-brightly-ever-after-day-cream,0,0,0,quota_limit_reached
2265_scarlett-whitening,Scarlett Whitening Body Lotion Happy,97648,https://www.sociolla.com/body-lotion/69306-scarlett-whitening-body-lotion-happy,0,0,0,quota_limit_reached
2265_scarlett-whitening,Scarlett Whitening Body Scrub Happy,97646,https://www.sociolla.com/body-scrub-exfoliants/69304-scarlett-whitening-body-scrub-happy,0,0,0,quota_limit_reached
2265_scarlett-whitening,Scarlett Whitening Body Cream Jolly,99802,https://www.sociolla.com/body-butter-cream/71460-scarlett-whitening-body-cream-jolly,0,0,0,quota_limit_reached
2265_scarlett-whitening,Scarlett Whitening Niacinamide 5% Beta Glucan 7 Phyto Extract Serum,92998,https://www.sociolla.com/default-category/64656-scarlett-whitening-niacinamide-5-beta-glucan-7-phyto-extract-serum,0,0,0,quota_limit_reached
2265_scarlett-whitening,Scarlett Whitening Body Scrub Charming,99797,https://www.sociolla.com/body-scrub-exfoliants/71455-scarlett-whitening-body-scrub-charming,0,0,0,quota_limit_reached
2265_scarlett-whitening,Scarlett Whitening Body Scrub Jolly,99800,https://www.sociolla.com/body-scrub-exfoliants/71458-scarlett-whitening-body-scrub-jolly,0,0,0,quota_limit_reached
2265_scarlett-whitening,Scarlett Whitening Body Serum Loving,104312,https://www.sociolla.com/body-lotion-body-serum/75970-scarlett-whitening-body-serum-loving,0,0,0,quota_limit_reached
2265_scarlett-whitening,Scarlett Whitening Body Serum Happy,97649,https://www.sociolla.com/default-category/69307-scarlett-whitening-body-serum-happy,0,0,0,quota_limit_reached
2265_scarlett-whitening,Scarlett Whitening Facial Wash,36887,https://www.sociolla.com/face-wash/15405-scarlett-whitening-facial-wash-normal-to-dry-skin,0,0,0,quota_limit_reached
2265_scarlett-whitening,Scarlett Body Lotion Tube Freshy,105444,https://www.sociolla.com/body-lotion-body-serum/77102-scarlett-body-lotion-tube-freshy,0,0,0,quota_limit_reached
2265_scarlett-whitening,Scarlett Whitening Age Delay -  Hyalu B9 + Bio Plavita & Ceramide Essence Toner,97029,https://www.sociolla.com/toner/68687-age-delay-hyalu-b9-bio-plavita-and-ceramide-essence-toner,0,0,0,quota_limit_reached
2265_scarlett-whitening,Scarlett Whitening Body Lotion - Charming,63966,https://www.sociolla.com/default-category/16857-scarlett-whitening-body-lotion-charming,0,0,0,quota_limit_reached
2265_scarlett-whitening,Scarlett Body Lotion Tube Jolly,105441,https://www.sociolla.com/body-lotion-body-serum/77099-scarlett-body-lotion-tube-jolly,0,0,0,quota_limit_reached
2265_scarlett-whitening,Scarlett Whitening Body Lotion  - Jolly,86210,https://www.sociolla.com/body-lotion/57868-scarlett-brightening-body-lotion-jolly,0,0,0,quota_limit_reached
2265_scarlett-whitening,Scarlett Whitening Body Scrub Loving,104308,https://www.sociolla.com/body-scrub-exfoliants/75966-scarlett-whitening-body-scrub-loving,0,0,0,quota_limit_reached
2265_scarlett-whitening,Scarlett Whitening Acne Serum,74370,https://www.sociolla.com/face-serum/27550-acne-serum,0,0,0,quota_limit_reached
2265_scarlett-whitening,Scarlett Whitening Brightly Serum,74371,https://www.sociolla.com/face-serum/27551-brightly-serum,0,0,0,quota_limit_reached
2265_scarlett-whitening,Scarlett Whitening Age Delay -  Deep Hydration Firming Eye Serum,97030,https://www.sociolla.com/eye-care/68688-age-delay-deep-hydration-firming-eye-serum,0,0,0,quota_limit_reached
2265_scarlett-whitening,Scarlett Whitening Acne Facial Wash,97070,https://www.sociolla.com/face-wash/68728-scarlett-whitening-acne-facial-wash,0,0,0,quota_limit_reached
2265_scarlett-whitening,Scarlett Whitening Acne Day Cream,83392,https://www.sociolla.com/face-cream-lotion/55050-scarlett-acne-day-cream,0,0,0,quota_limit_reached
2265_scarlett-whitening,Scarlett Body Lotion Tube Charming,105442,https://www.sociolla.com/body-lotion-body-serum/77100-scarlett-body-lotion-tube-charming,0,0,0,quota_limit_reached
2265_scarlett-whitening,Scarlett Whitening Sunscreen Sun Bright Daily SPF 50 PA+++,102706,https://www.sociolla.com/sunscreen/74364-scarlett-whitening-sunscreen-sun-bright-daily-spf-50-pa,0,0,0,quota_limit_reached
2265_scarlett-whitening,Scarlett Whitening Acne Essence Toner,88178,https://www.sociolla.com/toner/59836-acne-essence-toner,0,0,0,quota_limit_reached
2265_scarlett-whitening,Scarlett Whitening  Acne Night Cream,83393,https://www.sociolla.com/face-cream-lotion/55051-scarlett-acne-night-cream,0,0,0,quota_limit_reached
2265_scarlett-whitening,Scarlett Whitening Skin Smoothing Retinol Serum,92793,https://www.sociolla.com/face-serum/64451-scarlett-whitening-niacinamide-5-beta-glucan-7-phyto-extract-serum,0,0,0,quota_limit_reached
2265_scarlett-whitening,Scarlett Whitening Shower Scrub Freshy,90424,https://www.sociolla.com/body-scrub-exfoliants/62082-scarlett-whitening-shower-scrub-freshy,0,0,0,quota_limit_reached
2265_scarlett-whitening,Scarlett Whitening Shower Scrub Happy,97647,https://www.sociolla.com/default-category/69305-scarlett-whitening-shower-scrub-happy,0,0,0,quota_limit_reached
2265_scarlett-whitening,Scarlett Whitening Shower Scrub - Mango,36884,https://www.sociolla.com/body-scrub-exfoliants/15403-scarlett-whitening-shower-scrub-mango,0,0,0,quota_limit_reached
2265_scarlett-whitening,Scarlett Whitening Shower Scrub - Pomegranate,36883,https://www.sociolla.com/body-scrub-exfoliants/15402-scarlett-whitening-shower-scrub-pomegranate,0,0,0,quota_limit_reached
2265_scarlett-whitening,Yordanian Sea Salt Shampoo  (New Formula),92820,https://www.sociolla.com/hair-care/64478-yordanian-sea-salt-shampoo-new-formula,0,0,0,quota_limit_reached
2265_scarlett-whitening,Scarlett Whitening Body Cream Loving,104314,https://www.sociolla.com/body-butter-cream/75972-scarlett-whitening-body-cream-loving,0,0,0,quota_limit_reached
2265_scarlett-whitening,Scarlett Whitening Herbalism Mugwort Mask,89709,https://www.sociolla.com/clay-mask/61367-herbalism-mugwort-mask,0,0,0,quota_limit_reached
2265_scarlett-whitening,Scarlett Whitening Shower Scrub - Coffee,87129,https://www.sociolla.com/body-scrub-exfoliants/58787-scarlett-whitening-shower-scrub-coffee,0,0,0,quota_limit_reached
2265_scarlett-whitening,Scarlett Whitening C-Power Serum,100509,https://www.sociolla.com/face-serum/72167-scarlett-whitening-c-power-serum,0,0,0,quota_limit_reached
2265_scarlett-whitening,Scarlett Whitening Age Delay - Hyalu B5 + Reishi Mushroom & Bifida Serum,97034,https://www.sociolla.com/face-serum/68692-age-delay-hyalu-b5-reishi-mushroom-and-bifida-serum,0,0,0,quota_limit_reached
2265_scarlett-whitening,Scarlett Whitening C-Power Face Mist,100512,https://www.sociolla.com/face-mist/72170-c-power-face-mist,0,0,0,quota_limit_reached
2265_scarlett-whitening,Scarlett Whitening Age Delay - Hydro Fresh Cleanser,97028,https://www.sociolla.com/cleansing-gel/68686-age-delay-hydro-fresh-cleanser,0,0,0,quota_limit_reached
2265_scarlett-whitening,Yordanian Seasalt Conditioner (New Formula),92842,https://www.sociolla.com/conditioner/64500-yordanian-seasalt-conditioner-new-formula,0,0,0,quota_limit_reached
2265_scarlett-whitening,Scarlett Body Lotion Tube Romansa,105446,https://www.sociolla.com/body-lotion-body-serum/77104-scarlett-body-lotion-tube-romansa,0,0,0,quota_limit_reached
2265_scarlett-whitening,Scarlett Whitening Shower Scrub - Cucumber,36885,https://www.sociolla.com/default-category/15404-scarlett-whitening-shower-scrub-cucumber,0,0,0,quota_limit_reached
2265_scarlett-whitening,Scarlett Whitening Seriously Soothing & Hydrating Gel Mask,89710,https://www.sociolla.com/wash-off-mask/61368-seriously-soothing-and-hydrating-gel-mask,0,0,0,quota_limit_reached
2265_scarlett-whitening,Scarlett Whitening  Brightly to Glow Mini Series,88180,https://www.sociolla.com/skin-care-set/59838-brightly-to-glow-mini-series,0,0,0,quota_limit_reached
2265_scarlett-whitening,Scarlett Whitening Acne to Glow Mini Series,88181,https://www.sociolla.com/skin-care-set/59839-acne-to-glow-mini-series,0,0,0,quota_limit_reached
2265_scarlett-whitening,Scarlett Whitening Age Delay - Phyto Biotics Renewing Moisturizer,97036,https://www.sociolla.com/face-cream-lotion/68694-age-delay-phyto-biotics-renewing-moisturizer,0,0,0,quota_limit_reached
1028_schick,Schick Intuition Extreme 3 Hawaiian Tropic 4's,103560,https://www.sociolla.com/shaver-and-clipper/75218-schick-intuition-extreme-3-hawaiian-tropic-4-s,0,0,0,quota_limit_reached
1028_schick,Schick Intuition Kit Lemon Berry Breeze,103574,https://www.sociolla.com/shaver-and-clipper/75232-schick-intuition-kit-lemon-berry-breeze,0,0,0,quota_limit_reached
1028_schick,Schick Intuition Kit Sensitive Care,103579,https://www.sociolla.com/shaver-and-clipper/75237-schick-intuition-kit-sensitive-care,0,0,0,quota_limit_reached
1028_schick,Schick Lemon Berry Kit,104770,https://www.sociolla.com/shaver-and-clipper/76428-schick-lemon-berry-kit,0,0,0,quota_limit_reached
1028_schick,Schick Silk Effects Kit,103575,https://www.sociolla.com/shaver-and-clipper/75233-schick-silk-effects-kit,0,0,0,quota_limit_reached
1028_schick,Schick Exacta 2 Reguler Hanger Biru,103556,https://www.sociolla.com/shaver-and-clipper/75214-schick-exacta-2-reguler-hanger-biru,0,0,0,quota_limit_reached
1028_schick,Schick Intuition Kit Perfect Touch,103582,https://www.sociolla.com/shaver-and-clipper/75240-schick-intuition-kit-perfect-touch,0,0,0,quota_limit_reached
1028_schick,Schick Quattro Titanium Freestyle,103563,https://www.sociolla.com/shaver-and-clipper/75221-schick-quattro-titanium-freestyle,0,0,0,quota_limit_reached
1028_schick,Hydro Sense Comfort Refill 4,103567,https://www.sociolla.com/shaver-and-clipper/75225-hydro-sense-comfort-refill-4,0,0,0,quota_limit_reached
1028_schick,Schick Exacta 2 System Kit 1 + 2's,103562,https://www.sociolla.com/shaver-and-clipper/75220-schick-exacta-2-system-kit-1-2-s,0,0,0,quota_limit_reached
1028_schick,Schick Intuition Exacta 2 Sensitive Women 2 + 1 Pink,103552,https://www.sociolla.com/shaver-and-clipper/75210-schick-intuition-exacta-2-sensitive-women-2-1-pink,0,0,0,quota_limit_reached
1028_schick,Schick Exacta 2 Sensitive 5 + 2,103557,https://www.sociolla.com/shaver-and-clipper/75215-schick-exacta-2-sensitive-5-2,0,0,0,quota_limit_reached
1028_schick,Schick Silk Effects Refill,103571,https://www.sociolla.com/shaver-and-clipper/75229-schick-silk-effects-refill,0,0,0,quota_limit_reached
1028_schick,Schick Intuition Kit Pure Nurishment,103576,https://www.sociolla.com/shaver-and-clipper/75234-schick-intuition-kit-pure-nurishment,0,0,0,quota_limit_reached
1028_schick,Schick Xtreme 3 Men Disposible,103558,https://www.sociolla.com/shaver-and-clipper/75216-schick-xtreme-3-men-disposible-2-1,0,0,0,quota_limit_reached
1028_schick,Schick Intuition Refill Sensitive Care,103580,https://www.sociolla.com/shaver-and-clipper/75238-schick-intuition-refill-sensitive-care,0,0,0,quota_limit_reached
1028_schick,Schick Intuition Refill Perfect Touch,103584,https://www.sociolla.com/shaver-and-clipper/75242-schick-intuition-refill-perfect-touch,0,0,0,quota_limit_reached
1028_schick,Schick Intuition Refill Pure Nurishment,103577,https://www.sociolla.com/shaver-and-clipper/75235-schick-intuition-refill-pure-nurishment,0,0,0,quota_limit_reached
1028_schick,Schick Shave Guard Foam Sensitive Lime,103585,https://www.sociolla.com/shaver-and-clipper/75243-schick-shave-guard-foam-lime-60ml-60gr,0,0,0,quota_limit_reached
1028_schick,Hydro Sense Hydrate Kit,103568,https://www.sociolla.com/shaver-and-clipper/75226-hydro-sense-hydrate-kit,0,0,0,quota_limit_reached
1028_schick,Hydro Sense Comfort Kit,103570,https://www.sociolla.com/shaver-and-clipper/75228-hydro-sense-comfort-kit,0,0,0,quota_limit_reached
1028_schick,Schick Quattro Titanium Kit,103564,https://www.sociolla.com/shaver-and-clipper/75222-schick-quattro-titanium-kit,0,0,0,quota_limit_reached
1028_schick,Schick Exacta 2 Sensitive 2 + 1 Hijau,103554,https://www.sociolla.com/shaver-and-clipper/75212-schick-exacta-2-sensitive-2-1-hijau,0,0,0,quota_limit_reached
1028_schick,Schick Quattro Titanium Refill,103565,https://www.sociolla.com/shaver-and-clipper/75223-schick-quattro-titanium-refill,0,0,0,quota_limit_reached
1028_schick,Schick Intuition Refill Lemon Berry Breeze,103578,https://www.sociolla.com/shaver-and-clipper/75236-schick-intuition-refill-lemon-berry-breeze,0,0,0,quota_limit_reached
1028_schick,Hydro Sense Hydrate Refill 4,103569,https://www.sociolla.com/shaver-and-clipper/75227-hydro-sense-hydrate-refill-4,0,0,0,quota_limit_reached
1028_schick,Schick Xtreme 3 Men Disposible 2 +1,103559,https://www.sociolla.com/shaver-and-clipper/75217-schick-xtreme-3-men-disposible-2-1,0,0,0,quota_limit_reached
1028_schick,Schick Exacta 2 Reguler 2 Biru,103551,https://www.sociolla.com/shaver-and-clipper/75209-schick-exacta-2-reguler-2-biru,0,0,0,quota_limit_reached
1028_schick,Schick Exacta 2 System Refill 2,103566,https://www.sociolla.com/shaver-and-clipper/75224-schick-exacta-2-system-refill-2,0,0,0,quota_limit_reached
1028_schick,Schick Sensitive Care kit,104766,https://www.sociolla.com/shaver-and-clipper/76424-schick-sensitive-care-kit,0,0,0,quota_limit_reached
1028_schick,Schick Pure Nourishment kit,104767,https://www.sociolla.com/shaver-and-clipper/76425-schick-pure-nourishment-kit,0,0,0,quota_limit_reached
1028_schick,Schick Hydro Set for Him & Her,104768,https://www.sociolla.com/shaver-and-clipper/76426-schick-hydro-set-for-him-and-her,0,0,0,quota_limit_reached
1028_schick,Quatro Hydro for Him & Her,104769,https://www.sociolla.com/shaver-and-clipper/76427-quatro-hydro-for-him-and-her,0,0,0,quota_limit_reached
15683_sea-makeup,Acne Butter Cleansing Balm,106333,https://www.sociolla.com/cleansing-balm/77991-acne-butter-cleansing-balm,0,0,0,quota_limit_reached
15683_sea-makeup,Acne 24th Longwear Foundation,106338,https://www.sociolla.com/foundation/77996-acne-24th-longwear-foundation,0,0,0,quota_limit_reached
15683_sea-makeup,Slick Cover Jelly Tint,108053,https://www.sociolla.com/lip-tint/79711-slick-cover-jelly-tint,0,0,0,quota_limit_reached
15683_sea-makeup,Browshow Eyebrow Trio Kit,106332,https://www.sociolla.com/eyebrows/77990-browshow-eyebrow-trio-kit,0,0,0,quota_limit_reached
15683_sea-makeup,Acne Cover & Smooth Two Way Cake,106335,https://www.sociolla.com/pressed-powder/77993-acne-cover-and-smooth-two-way-cake,0,0,0,quota_limit_reached
15683_sea-makeup,Lock It Matte Acne Setting Spray,106337,https://www.sociolla.com/setting-spray/77995-lock-it-matte-acne-setting-spray,0,0,0,quota_limit_reached
15683_sea-makeup,Fix and Flawless Cover Cushion,106336,https://www.sociolla.com/cushion/77994-fix-and-flawless-cover-cushion,0,0,0,quota_limit_reached
15683_sea-makeup,Acne Care Micro Setting Powder,106331,https://www.sociolla.com/loose-powder/77989-acne-care-micro-setting-powder,0,0,0,quota_limit_reached
1384_seca-skin,Salicylic 2% Exfoliating Toner,96455,https://www.sociolla.com/toner/68113-salicylic-2-exfoliating-toner,0,0,0,quota_limit_reached
1384_seca-skin,Panthenol 5% Hydrating & Soothing Toner,96453,https://www.sociolla.com/toner/68111-panthenol-5-hydrating-and-soothing-toner,0,0,0,quota_limit_reached
1384_seca-skin,Polyhydroxy Acid (PHA) 3% Mild Exfoliating Toner,96452,https://www.sociolla.com/toner/68110-polyhydroxy-acid-pha-3-mild-exfoliating-toner,0,0,0,quota_limit_reached
15683_sea-makeup,Acne Clear Micellar Water,106334,https://www.sociolla.com/micellar-water/77992-acne-clear-micellar-water,0,0,0,quota_limit_reached
816_secondate,Dynasty Face Castle,97974,https://www.sociolla.com/face-palette/69632-dynasty-face-castle,0,0,0,quota_limit_reached
816_secondate,Good Skin Day Concealer,104239,https://www.sociolla.com/concealer/75897-good-skin-day-concealer,0,0,0,quota_limit_reached
816_secondate,Milky Gel Lip Tint,70736,https://www.sociolla.com/lip-tint/23916-milky-gel-lip-tint,0,0,0,quota_limit_reached
816_secondate,Royal Lip Mousse,100234,https://www.sociolla.com/lip-cream/71892-royal-lip-mousse,0,0,0,quota_limit_reached
816_secondate,Silky Blur Powder,107031,https://www.sociolla.com/loose-powder/78689-silky-blur-powder,0,0,0,quota_limit_reached
816_secondate,Mermaid Tears,105116,https://www.sociolla.com/eyeshadow/76774-mermaid-tears,0,0,0,quota_limit_reached
816_secondate,Brow Updo Browcara,92428,https://www.sociolla.com/eyebrows/64086-brow-updo-browcara,0,0,0,quota_limit_reached
816_secondate,Secondate The Little Mermaid Collection - Brow People Pencil,105117,https://www.sociolla.com/eyebrows/76775-secondate-the-little-mermaid-collection-brow-people-pencil,0,0,0,quota_limit_reached
816_secondate,Magic Face Castle,97976,https://www.sociolla.com/face-palette/69634-magic-face-castle,0,0,0,quota_limit_reached
816_secondate,Lip Tint x Lip Gloss,96147,https://www.sociolla.com/default-category/67805-lip-tint-x-lip-gloss,0,0,0,quota_limit_reached
816_secondate,Wish Upon A Star Bundle,105283,https://www.sociolla.com/makeup-palettes-set/76941-wish-upon-a-star-bundle,0,0,0,quota_limit_reached
816_secondate,Sunshine Face Castle,97975,https://www.sociolla.com/face/69633-sunshine-face-castle,0,0,0,quota_limit_reached
816_secondate,Secondate Gel Lip Gloss,109062,https://www.sociolla.com/lip-gloss/80720-secondate-gel-lip-gloss,0,0,0,quota_limit_reached
816_secondate,Brow People Pencil,92427,https://www.sociolla.com/brow-pencil/64085-brow-people-pencil,0,0,0,quota_limit_reached
816_secondate,Lift Off Gel Lip Gloss Bundle,92430,https://www.sociolla.com/lip-gloss/64088-lift-off-gel-lip-gloss-bundle,0,0,0,quota_limit_reached
816_secondate,Instapeach Eyeshadow Palette,92426,https://www.sociolla.com/eyeshadow/64084-instapeach-eyeshadow-palette,0,0,0,quota_limit_reached
816_secondate,Rude Nude Eyeshadow Palette,92425,https://www.sociolla.com/eyeshadow/64083-rude-nude-eyeshadow-palette,0,0,0,quota_limit_reached
914_secret-key,Tea Tree Refresh Calming Toner,22254,https://www.sociolla.com/toner/9784-tea-tree-refresh-calming-toner,0,0,0,quota_limit_reached
914_secret-key,Secret Key Starting Treatment Essence Rose Edition,85805,https://www.sociolla.com/essence/57463-secret-key-starting-treatment-essence-rose-edition_new,0,0,0,quota_limit_reached
914_secret-key,Rose Floral Softening Toner,22250,https://www.sociolla.com/toner/9780-rose-floral-softening-toner,0,0,0,quota_limit_reached
914_secret-key,Aloe Soothing Moist Toner,22252,https://www.sociolla.com/toner/9782-aloe-soothing-moist-toner,0,0,0,quota_limit_reached
914_secret-key,Snow White Milky Pack,22241,https://www.sociolla.com/face-cream-lotion/9771-snow-white-milky-pack,0,0,0,quota_limit_reached
914_secret-key,Snow White Spot Gel,22244,https://www.sociolla.com/face-cream-lotion/9774-snow-white-spot-gel,0,0,0,quota_limit_reached
914_secret-key,Starting Treatment Essence,20404,https://www.sociolla.com/essence/45869-starting-treatment-essence,0,0,0,quota_limit_reached
914_secret-key,Witchhazel Pore Clear Toner,22253,https://www.sociolla.com/toner/9783-witchhazel-pore-clear-toner,0,0,0,quota_limit_reached
914_secret-key,Starting Treatment Aura Mist,70978,https://www.sociolla.com/face-mist/24158-starting-treatment-aura-mist,0,0,0,quota_limit_reached
914_secret-key,Starting Treatment Essence Rose Edition - BATIK,74282,https://www.sociolla.com/essence/27462-starting-treatment-essence-rose-edition-batik,0,0,0,quota_limit_reached
914_secret-key,Starting Treatment Kit,70979,https://www.sociolla.com/default-category/24159-starting-treatment-kit,0,0,0,quota_limit_reached
914_secret-key,Starting Treatment Cream,70976,https://www.sociolla.com/face-cream-lotion/24156-starting-treatment-cream,0,0,0,quota_limit_reached
914_secret-key,Snow White Cream,22242,https://www.sociolla.com/face-cream-lotion/9772-snow-white-cream,0,0,0,quota_limit_reached
304_senka,Perfect Pore Skin Bundle,107948,https://www.sociolla.com/face-wash/79606-perfect-pore-skin-bundle,0,0,0,quota_limit_reached
304_senka,Super Smooth Bundle,107951,https://www.sociolla.com/face-wash/79609-super-smooth-bundle,0,0,0,quota_limit_reached
304_senka,Senka - Perfect Whip U,19133,https://www.sociolla.com/face-wash/8712-senka-perfect-whip,0,0,0,quota_limit_reached
304_senka,Perfect Whip U 120gr Twin Pack,107738,https://www.sociolla.com/face-wash/79396-perfect-whip-u-120gr-twin-pack,0,0,0,quota_limit_reached
304_senka,SENKA X Hello Kitty - Perfect Whip Collagen-in Facial Foam,106635,https://www.sociolla.com/face-wash/78293-senka-x-hello-kitty-perfect-whip-collagen-in-facial-foam,0,0,0,quota_limit_reached
304_senka,Senka - Perfect Whip White,25483,https://www.sociolla.com/face-wash/9476-senka-perfect-whip-white,0,0,0,quota_limit_reached
304_senka,Senka - Perfect Whip Fresh,25484,https://www.sociolla.com/face-wash/9477-senka-perfect-whip-fresh,0,0,0,quota_limit_reached
304_senka,Whip White 100gr Twin Pack,107740,https://www.sociolla.com/face-wash/79398-whip-white-100gr-twin-pack,0,0,0,quota_limit_reached
304_senka,Perfect Glowing Bundle,107952,https://www.sociolla.com/face-wash/79610-perfect-glowing-bundle,0,0,0,quota_limit_reached
304_senka,Perfect Blushy Bundle,107955,https://www.sociolla.com/face-wash/79613-perfect-blushy-bundle,0,0,0,quota_limit_reached
304_senka,Perfect Whip Berry Bright,89714,https://www.sociolla.com/face-wash/61372-perfect-whip-berry-bright,0,0,0,quota_limit_reached
304_senka,Senka Perfect Whip Soothing Wakame,106287,https://www.sociolla.com/face-wash/77945-senka-perfect-whip-halal-beauty-soothing-wakame,0,0,0,quota_limit_reached
304_senka,Perfect Whip Soothing Wakame 100gr Twin Pack,107743,https://www.sociolla.com/face-wash/79401-perfect-whip-soothing-wakame-100gr-twin-pack,0,0,0,quota_limit_reached
304_senka,Senka Perfect Whip Gentle Rose,106286,https://www.sociolla.com/face-wash/77944-senka-perfect-whip-halal-beauty-gentle-rose,0,0,0,quota_limit_reached
304_senka,Perfect Whip Gentle Rose 100gr Twin Pack,107742,https://www.sociolla.com/face-wash/79400-perfect-whip-gentle-rose-100gr-twin-pack,0,0,0,quota_limit_reached
304_senka,Perfect Aqua White Mask Extra White,34977,https://www.sociolla.com/sheet-mask/12702-perfect-aqua-white-mask-extra-white,0,0,0,quota_limit_reached
304_senka,Perfect Gel 100gr Twin Pack,107741,https://www.sociolla.com/face-wash/79399-perfect-gel-100gr-twin-pack,0,0,0,quota_limit_reached
304_senka,Perfect Gel Gentle Wash,76337,https://www.sociolla.com/cleansing-gel/47995-perfect-gel-gentle-wash,0,0,0,quota_limit_reached
304_senka,Perfect Whip White Clay 120gr Twin Pack,107739,https://www.sociolla.com/face-wash/79397-perfect-whip-white-clay-120gr-twin-pack,0,0,0,quota_limit_reached
304_senka,Senka Perfect White Clay,19585,https://www.sociolla.com/face-wash/9070-senka-perfect-white-clay,0,0,0,quota_limit_reached
304_senka,Perfect Whip Acne Care,71817,https://www.sociolla.com/face-wash/24997-perfect-whip-acne-care,0,0,0,quota_limit_reached
537_sensatia-botanicals,Lemongrass and Mandarin Body Butter,26338,https://www.sociolla.com/body-butter-cream/11083-lemongrass-and-mandarin-body-butter,0,0,0,quota_limit_reached
537_sensatia-botanicals,Neroli Blossom Facial Toner - 120 ml,11786,https://www.sociolla.com/toner/13019-neroli-blossom-facial-toner-120-ml,0,0,0,quota_limit_reached
537_sensatia-botanicals,Sandalwood Dream Facial C-Serum,34005,https://www.sociolla.com/face-serum/11117-sandalwood-dream-facial-c-serum,0,0,0,quota_limit_reached
537_sensatia-botanicals,Sandalwood Dream Facial Toner,68620,https://www.sociolla.com/toner/11105-sandalwood-dream-facial-toner,0,0,0,quota_limit_reached
537_sensatia-botanicals,Seastem Marine Essence,63334,https://www.sociolla.com/essence/16009-seastem-marine-essence,0,0,0,quota_limit_reached
537_sensatia-botanicals,Aloe Vera Botanical Gel,25106,https://www.sociolla.com/face-gel/11128-aloe-vera-botanical-gel,0,0,0,quota_limit_reached
537_sensatia-botanicals,Cleopatra's Rose Facial C-Serum - 60 ml,35138,https://www.sociolla.com/default-category/13021-cleopatras-rose-facial-c-serum-60-ml,0,0,0,quota_limit_reached
537_sensatia-botanicals,Seastem Marine Eye Concentrate,83809,https://www.sociolla.com/eye-cream/55467-seastem-marine-eye-concentrate,0,0,0,quota_limit_reached
537_sensatia-botanicals,Baby Soothing Body Oil,95452,https://www.sociolla.com/body-oil/67110-baby-soothing-body-oil,0,0,0,quota_limit_reached
537_sensatia-botanicals,Wild Honey Facial Mask,11792,https://www.sociolla.com/clay-mask/11126-wild-honey-facial-mask,0,0,0,quota_limit_reached
537_sensatia-botanicals,Baby Calming Diaper Cream,95447,https://www.sociolla.com/diaper-rash-care/67105-baby-calming-diaper-cream,0,0,0,quota_limit_reached
537_sensatia-botanicals,Unscented Sensitive Facial Scrub,70401,https://www.sociolla.com/scrub-exfoliator/23590-unscented-sensitive-facial-scrub,0,0,0,quota_limit_reached
537_sensatia-botanicals,Unscented Sensitive Facial C-Serum,34006,https://www.sociolla.com/face-serum/11118-unscented-sensitive-facial-c-serum,0,0,0,quota_limit_reached
537_sensatia-botanicals,Tea Tree & Lemon Facial Mask,64004,https://www.sociolla.com/clay-mask/16961-tea-tree-and-lemon-facial-mask,0,0,0,quota_limit_reached
537_sensatia-botanicals,Hydrating Body Wash,25117,https://www.sociolla.com/body-wash/42458-hydrating-body-wash,0,0,0,quota_limit_reached
537_sensatia-botanicals,Hydrating Pomegranate Cleansing Water,35725,https://www.sociolla.com/micellar-water/13937-hydrating-pomegranate-cleansing-water,0,0,0,quota_limit_reached
537_sensatia-botanicals,Cleopatra's Rose Facial Mask,70402,https://www.sociolla.com/clay-mask/23591-cleopatras-rose-facial-mask,0,0,0,quota_limit_reached
537_sensatia-botanicals,Neroli Blossom Facial C-Serum,34004,https://www.sociolla.com/face-serum/11116-neroli-blossom-facial-c-serum,0,0,0,quota_limit_reached
537_sensatia-botanicals,Petal & Rind Hand Wash,70721,https://www.sociolla.com/hand-wash/23901-petal-and-rind-hand-wash,0,0,0,quota_limit_reached
537_sensatia-botanicals,Unscented Sensitive Facial Mask,70404,https://www.sociolla.com/clay-mask/23593-unscented-sensitive-facial-mask,0,0,0,quota_limit_reached
537_sensatia-botanicals,Tropical Wildflower Sea Salt Scrub,36634,https://www.sociolla.com/body-scrub-exfoliants/15096-tropical-wildflower-sea-salt-scrub,0,0,0,quota_limit_reached
537_sensatia-botanicals,Nurturing Body Wash,25109,https://www.sociolla.com/body-wash/42519-nurturing-body-wash,0,0,0,quota_limit_reached
537_sensatia-botanicals,Balancing Body Wash,71690,https://www.sociolla.com/body-wash/24870-balancing-body-wash,0,0,0,quota_limit_reached
537_sensatia-botanicals,Jasmine Sambac Facial C-Serum,70582,https://www.sociolla.com/face-serum/23770-jasmine-sambac-facial-c-serum,0,0,0,quota_limit_reached
537_sensatia-botanicals,Baby Nourishing Face & Body Lotion - 100 ml,95448,https://www.sociolla.com/body-lotion-body-serum/67106-baby-nourishing-face-and-body-lotion,0,0,0,quota_limit_reached
537_sensatia-botanicals,Rejuvenating Pomegranate Cleansing Oil - 100 ml,35136,https://www.sociolla.com/cleansing-oil/13018-rejuvenating-pomegranate-cleansing-oil-100-ml,0,0,0,quota_limit_reached
2146_silcot,Silcot Maximizer Cotton,34852,https://www.sociolla.com/cotton-pad/12461-silcot-maximizer-cotton,0,0,0,quota_limit_reached
2146_silcot,Cleansing Cotton,98300,https://www.sociolla.com/cotton-pad/69958-cleansing-cotton,0,0,0,quota_limit_reached
2146_silcot,Silcot x Sociolla Beauty Tale Box,92380,https://www.sociolla.com/cotton-pad/64038-silcot-x-sociolla-beauty-tale-box,0,0,0,quota_limit_reached
2146_silcot,Bundle of 2 Silcot Maximizer Cotton + 1 Silcot Cleansing Cotton,101399,https://www.sociolla.com/default-category/73057-bundle-of-2-silcot-maximizer-cotton-1-silcot-cleansing-cotton,0,0,0,quota_limit_reached
2146_silcot,Cleansing Cotton Squad Kit,98607,https://www.sociolla.com/cotton-pad/70265-cleansing-cotton-squad-kit,0,0,0,quota_limit_reached
2146_silcot,Bundle of 1 Silcot Maximizer Cotton + 1 Silcot Cleansing Cotton,101396,https://www.sociolla.com/default-category/73054-bundle-of-1-silcot-maximizer-cotton-1-silcot-cleansing-cotton,0,0,0,quota_limit_reached
2146_silcot,Bundle of 1 Silcot Maximizer Cotton + 2 Pack Silcot Cleansing Cotton,101397,https://www.sociolla.com/default-category/73055-bundle-of-1-silcot-maximizer-cotton-2-pack-silcot-cleansing-cotton,0,0,0,quota_limit_reached
2146_silcot,Bundle of 2 Silcot Maximizer Cotton + 2 Silcot Cleansing Cotton,101401,https://www.sociolla.com/default-category/73059-bundle-of-2-silcot-maximizer-cotton-2-silcot-cleansing-cotton,0,0,0,quota_limit_reached
2146_silcot,Cleansing Cotton Triple Set,98602,https://www.sociolla.com/cotton-pad/70260-cleansing-cotton-triple-set,0,0,0,quota_limit_reached
2146_silcot,Cleansing Cotton Duo Set,98590,https://www.sociolla.com/cotton-pad/70248-cleansing-cotton-duo-set,0,0,0,quota_limit_reached
2146_silcot,The Maximizer Squad Kit,70176,https://www.sociolla.com/cotton-pad/14418-exclusive-four-cotton-pack,0,0,0,quota_limit_reached
2146_silcot,Exclusive Duo Pack Cotton,70156,https://www.sociolla.com/cotton-pad/12577-exclusive-duo-pack-cotton,0,0,0,quota_limit_reached
2146_silcot,Exclusive Trio Pack Cotton,70159,https://www.sociolla.com/cotton-pad/12578-exclusive-trio-pack-cotton,0,0,0,quota_limit_reached
15587_sister-ann,Smart Fit Cover Cushion,104306,https://www.sociolla.com/6321-cushion/75964-smart-fit-cover-cushion,0,0,0,quota_limit_reached
15587_sister-ann,Multi Balance Starter,104317,https://www.sociolla.com/primer/75975-multi-balance-starter,0,0,0,quota_limit_reached
15587_sister-ann,Slim Auto Eyebrow,104311,https://www.sociolla.com/eyebrows/75969-slim-auto-eyebrow,0,0,0,quota_limit_reached
15587_sister-ann,Perfect Slim Eye Pencil,104307,https://www.sociolla.com/165-eyeliner/75965-perfect-slim-eye-pencil,0,0,0,quota_limit_reached
15587_sister-ann,Pinkhole Jelly Cover Pact,104315,https://www.sociolla.com/cushion/75973-pinkhole-jelly-cover-pact,0,0,0,quota_limit_reached
92_sk-ii,Genoptics Aura Essence 30ml,1818,https://www.sociolla.com/essence/7621-genoptics-aura-essence-30ml,0,0,0,quota_limit_reached
92_sk-ii,Facial Treatment Essence,2066,https://www.sociolla.com/essence/7978-facial-treatment-essence,0,0,0,quota_limit_reached
92_sk-ii,Skinpower Eye Cream,92222,https://www.sociolla.com/eye-care/63880-skinpower-eye-cream,0,0,0,quota_limit_reached
92_sk-ii,Atmosphere CC Cream,2055,https://www.sociolla.com/bb-cc-cream/7967-atmosphere-cc-cream,0,0,0,quota_limit_reached
289_skin-aqua,Skin Aqua Tone Up  UV Essence Mint Green,91268,https://www.sociolla.com/sunscreen/62926-skin-aqua-tone-up-uv-essence-mint-green,0,0,0,quota_limit_reached
289_skin-aqua,UV Moisture Milk,1656,https://www.sociolla.com/sunscreen/7362-uv-moisture-milk-,0,0,0,quota_limit_reached
289_skin-aqua,UV Whitening Milk,1657,https://www.sociolla.com/sunscreen/7364-uv-whitening-milk,0,0,0,quota_limit_reached
289_skin-aqua,UV Moisture Gel,30805,https://www.sociolla.com/sunscreen/7363-moisture-gel-,0,0,0,quota_limit_reached
289_skin-aqua,UV Mild Milk,30804,https://www.sociolla.com/sunscreen/7361-uv-mild-milk-,0,0,0,quota_limit_reached
289_skin-aqua,Skin Aqua Tone Up,84482,https://www.sociolla.com/sunscreen/56140-skin-aqua-tone-up,0,0,0,quota_limit_reached
1136_skin-game,Kind Watery Moisturizer,107975,https://www.sociolla.com/face-cream-lotion/79633-kind-watery-moisturizer,0,0,0,quota_limit_reached
1136_skin-game,Kind Cream Moisturizer,107976,https://www.sociolla.com/face-cream-lotion/79634-kind-cream-moisturizer,0,0,0,quota_limit_reached
1136_skin-game,Purity Micellar Water,107981,https://www.sociolla.com/micellar-water/79639-purity-micellar-water,0,0,0,quota_limit_reached
1136_skin-game,Kind Hydrating Facial Wash,107982,https://www.sociolla.com/face-wash/79640-kind-hydrating-facial-wash,0,0,0,quota_limit_reached
1136_skin-game,Theory Brightening Essence,107979,https://www.sociolla.com/essence/79637-theory-brightening-essence,0,0,0,quota_limit_reached
1136_skin-game,Kind Extra Hydrating Toner,107980,https://www.sociolla.com/toner/79638-kind-extra-hydrating-toner,0,0,0,quota_limit_reached
1136_skin-game,Acne Warrior Gel,107977,https://www.sociolla.com/acne-pimple-patch/79635-acne-warrior-gel,0,0,0,quota_limit_reached
1136_skin-game,Acne Warrior Paste,107978,https://www.sociolla.com/acne-pimple-patch/79636-acne-warrior-paste,0,0,0,quota_limit_reached
1283_skin-theory,Ceraglow Barrier Multi Cream,107041,https://www.sociolla.com/acne-treatment-sealing-gel-cream/78699-ceraglow-barrier-multi-cream,0,0,0,quota_limit_reached
1283_skin-theory,Multi Use Spray,88809,https://www.sociolla.com/face-mist/60467-multi-use-spray,0,0,0,quota_limit_reached
1283_skin-theory,Antioxidant Suncream,88810,https://www.sociolla.com/sunscreen/60468-antioxidant-suncream,0,0,0,quota_limit_reached
1283_skin-theory,Flawless skin combo,92381,https://www.sociolla.com/face-mist/64039-flawless-skin-combo,0,0,0,quota_limit_reached
1283_skin-theory,Daily Peel Pad Extra Strong,97905,https://www.sociolla.com/default-category/69563-daily-peel-pad-extra-strong,0,0,0,quota_limit_reached
1283_skin-theory,Daily Peel Pad Mild,97903,https://www.sociolla.com/skincare/69561-daily-peel-pad-mild,0,0,0,quota_limit_reached
1283_skin-theory,Cerablemish Barrier Multi Cream,107043,https://www.sociolla.com/acne-treatment-sealing-gel-cream/78701-cerablemish-barrier-multi-cream,0,0,0,quota_limit_reached
1283_skin-theory,Daily Peel Pad Strong,97904,https://www.sociolla.com/default-category/69562-daily-peel-pad-strong,0,0,0,quota_limit_reached
1283_skin-theory,Multicleanser,97906,https://www.sociolla.com/face-wash/69564-multicleanser,0,0,0,quota_limit_reached
1346_skin1004,Centella Easy Package,103683,https://www.sociolla.com/skin-care-set/75341-centella-easy-package,0,0,0,quota_limit_reached
1346_skin1004,Centella DUO Cleanser Set,95198,https://www.sociolla.com/default-category/66856-centella-duo-cleanser-set,0,0,0,quota_limit_reached
1346_skin1004,Centella Basic 5 (Cream),95195,https://www.sociolla.com/skin-care-set/66853-centella-basic-5-cream,0,0,0,quota_limit_reached
1346_skin1004,SKIN1004 Madagascar Centella Poremizing Fresh Ampoule,98626,https://www.sociolla.com/ampoule/70284-madagascar-centella-poremizing-fresh-ampoule,0,0,0,quota_limit_reached
1346_skin1004,SKIN1004 Madagascar Centella Light Cleansing Oil,70727,https://www.sociolla.com/cleansing-oil/23907-madagascar-centella-light-cleansing-oil,0,0,0,quota_limit_reached
1346_skin1004,Centella Basic 5 (Soothing Cream),95194,https://www.sociolla.com/skin-care-set/66852-centella-basic-5-soothing-cream,0,0,0,quota_limit_reached
1346_skin1004,SKIN1004 Madagascar Centella Ampoule Foam,63455,https://www.sociolla.com/face-wash/43228-madagascar-centella-ampoule-foam,0,0,0,quota_limit_reached
1346_skin1004,SKIN1004 Madagascar Centella Quick Calming Pad,95053,https://www.sociolla.com/acne-blemish-treatments/66711-madagascar-centella-quick-calming-pad,0,0,0,quota_limit_reached
1346_skin1004,SKIN1004 Madagascar Centella Watergel Sheet Ampoule Mask 1ea,73228,https://www.sociolla.com/sheet-mask/26408-madagascar-centella-watergel-sheet-ampoule-mask,0,0,0,quota_limit_reached
1346_skin1004,SKIN1004 Madagascar Centella Hyalu-Cica Blue Serum,82939,https://www.sociolla.com/face-serum/54597-madagascar-hyalu-cica-blue-serum,0,0,0,quota_limit_reached
1346_skin1004,SKIN1004 Madagascar Centella Ampoule,33592,https://www.sociolla.com/skincare/34636-madagascar-centella-ampoule,0,0,0,quota_limit_reached
1346_skin1004,SKIN1004 Madagascar Centella Hyalu-Cica Water-Fit Sun Serum,101646,https://www.sociolla.com/default-category/73304-madagascar-centella-hyalu-cica-water-fit-sun-serum-50ml,0,0,0,quota_limit_reached
1346_skin1004,SKIN1004 Madagascar Centella Toning Toner,63288,https://www.sociolla.com/toner/43308-madagascar-centella-toning-toner,0,0,0,quota_limit_reached
1346_skin1004,SKIN1004 Madagascar Centella Soothing Cream,73519,https://www.sociolla.com/face-cream-lotion/26699-madagascar-centella-soothing-cream,0,0,0,quota_limit_reached
1346_skin1004,SKIN1004 Madagascar Centella Poremizing Clear Toner,98625,https://www.sociolla.com/treatment/70283-madagascar-centella-poremizing-clear-toner,0,0,0,quota_limit_reached
1346_skin1004,SKIN1004 Madagascar Centella Air-Fit Suncream Light,101642,https://www.sociolla.com/sunscreen/73300-madagascar-centella-air-fit-suncream-light-50ml,0,0,0,quota_limit_reached
1346_skin1004,SKIN1004 Madagascar Centella Hyalu-Cica Sleeping Pack,95065,https://www.sociolla.com/sleeping-mask/66723-madagascar-centella-hyalu-cica-sleeping-pack,0,0,0,quota_limit_reached
1346_skin1004,SKIN1004 Madagascar Centella Hyalu-Cica Brightening Toner,95060,https://www.sociolla.com/toner/66718-madagascar-centella-hyalu-cica-brightening-toner,0,0,0,quota_limit_reached
1346_skin1004,SKIN1004 Madagascar Centella Tone Brightening Capsule Cream,98629,https://www.sociolla.com/acne-treatment-sealing-gel-cream/70287-madagascar-centella-tone-brightening-capsule-cream,0,0,0,quota_limit_reached
1346_skin1004,Centella Basic 4 (Cream),95182,https://www.sociolla.com/default-category/66840-centella-basic-4-cream,0,0,0,quota_limit_reached
1346_skin1004,Centella Basic 4 (Soothing Cream),95199,https://www.sociolla.com/skin-care-set/66857-centella-basic-4-soothing-cream,0,0,0,quota_limit_reached
1346_skin1004,Centella Basic 2,103677,https://www.sociolla.com/skin-care-set/75335-centella-basic-2,0,0,0,quota_limit_reached
1346_skin1004,Centella Basic 3 (Soothing Cream),95190,https://www.sociolla.com/skin-care-set/66848-centella-basic-3-soothing-cream,0,0,0,quota_limit_reached
1346_skin1004,Centella Basic 3 (Cream),95200,https://www.sociolla.com/default-category/66858-centella-basic-3-cream,0,0,0,quota_limit_reached
1346_skin1004,SKIN1004 Madagascar Centella  Tea-Trica BHA Foam,100164,https://www.sociolla.com/face-wash/71822-madagascar-centella-tea-trica-bha-foam,0,0,0,quota_limit_reached
1346_skin1004,SKIN1004 Madagascar Centella Tone Brightening Capsule Ampoule,91759,https://www.sociolla.com/essence/63417-madagascar-centella-tone-brightening-capsule-ampoule-30ml,0,0,0,quota_limit_reached
1346_skin1004,SKIN1004 Madagascar Centella  Tea-Trica Purifying Toner,100166,https://www.sociolla.com/toner/71824-madagascar-centella-tea-trica-purifying-toner,0,0,0,quota_limit_reached
1346_skin1004,SKIN1004 Madagascar Centella Cream,70720,https://www.sociolla.com/face-cream-lotion/23900-madagascar-centella-asiatica-cream,0,0,0,quota_limit_reached
1346_skin1004,SKIN1004 Madagascar Centella  Tea-Trica Purifying Relief Ampoule,100165,https://www.sociolla.com/ampoule/71823-madagascar-centella-tea-trica-relief-ampoule,0,0,0,quota_limit_reached
1346_skin1004,SKIN1004 Madagascar Centella Hyalu-Cica First Ampoule,101647,https://www.sociolla.com/ampoule/73305-madagascar-centella-hyalu-cica-first-ampoule-100ml,0,0,0,quota_limit_reached
1346_skin1004,Centella Duo Cream Set,103682,https://www.sociolla.com/skin-care-set/75340-centella-duo-cream-set,0,0,0,quota_limit_reached
1346_skin1004,SKIN1004 Madagascar Centella Tone Brightning Tone- Up Sunscreen,101643,https://www.sociolla.com/face-serum/73301-madagascar-centella-tone-brightening-tone-up-sunscreen-50ml,0,0,0,quota_limit_reached
1346_skin1004,SKIN1004 Madagascar Centella Tone Brightening Boosting Toner,91761,https://www.sociolla.com/toner/63419-madagascar-centella-tone-brightening-boosting-toner,0,0,0,quota_limit_reached
1346_skin1004,SKIN1004 Madagascar Centella Watergel Sheet Ampoule Mask 5ea,95058,https://www.sociolla.com/sheet-mask/66716-madagascar-centella-watergel-sheet-ampoule-mask-5pcs,0,0,0,quota_limit_reached
1346_skin1004,Poremizing Basic 3,103681,https://www.sociolla.com/skin-care-set/75339-poremizing-basic-3,0,0,0,quota_limit_reached
1346_skin1004,SKIN1004 Madagascar Centella Travel Kit 5 Types (box ver.),102672,https://www.sociolla.com/default-category/74330-madagascar-centella-travel-kit,0,0,0,quota_limit_reached
1346_skin1004,SKIN1004 Madagascar Centella Poremizing Deep Cleansing Foam,101644,https://www.sociolla.com/face-wash/73302-madagascar-centella-poremizing-deep-cleansing-foam-125ml,0,0,0,quota_limit_reached
1346_skin1004,SKIN1004  Madagascar Centella Poremizing  LIight Gel Cream,101645,https://www.sociolla.com/face-cream-lotion/73303-madagascar-centella-poremizing-liight-gel-cream-75ml,0,0,0,quota_limit_reached
1346_skin1004,SKIN1004 Madagascar Centella Air-Fit Suncream Plus (Renewal),73227,https://www.sociolla.com/sunscreen/26407-madagascar-centella-air-fit-suncreamspf-50,0,0,0,quota_limit_reached
1346_skin1004,SKIN1004 Spot Cover Patch,108264,https://www.sociolla.com/acne-pimple-patch/79922-skin1004-spot-cover-patch,0,0,0,quota_limit_reached
1346_skin1004,SKIN1004 Madagascar Centella Hyalu-Cica Moisture Cream,101648,https://www.sociolla.com/face-cream-lotion/73306-madagascar-centella-hyalu-cica-moisture-cream-75ml,0,0,0,quota_limit_reached
1346_skin1004,Poremizing Basic 2,103679,https://www.sociolla.com/skin-care-set/75337-poremizing-basic-2,0,0,0,quota_limit_reached
1346_skin1004,Tone Brightening Basic 3,95197,https://www.sociolla.com/skin-care-set/66855-tone-brightening-basic-3,0,0,0,quota_limit_reached
1346_skin1004,Tea trica Basic 3,103680,https://www.sociolla.com/skin-care-set/75338-tea-trica-basic-3,0,0,0,quota_limit_reached
1346_skin1004,Tea trica Basic 2,103678,https://www.sociolla.com/skin-care-set/75336-tea-trica-basic-2,0,0,0,quota_limit_reached
1346_skin1004,Hyalu-cica Basic 3,95196,https://www.sociolla.com/skin-care-set/66854-hyalu-cica-basic-3,0,0,0,quota_limit_reached
1346_skin1004,SKIN1004 Madagascar Centella Hyalu-Cica Cloudy Mist,95094,https://www.sociolla.com/face-mist/66752-madagascar-centella-hyalu-cica-cloudy-mist-120ml,0,0,0,quota_limit_reached
1346_skin1004,SKIN1004 Madagascar Centella Tone Brightening Cleansing Gel Foam,95117,https://www.sociolla.com/face-wash/66775-madagascar-centella-tone-brightening-cleansing-gel-foam-125ml,0,0,0,quota_limit_reached
1346_skin1004,SKIN1004 Madagascar Centella Spot cream,95056,https://www.sociolla.com/face-cream-lotion/66714-madagascar-centella-spot-cream-20ml,0,0,0,quota_limit_reached
15619_skindoze,Hydrate Away! Mild Microfoam Cleanser,102414,https://www.sociolla.com/face-wash/74072-hydrate-away-mild-microfoam-cleanser,0,0,0,quota_limit_reached
15619_skindoze,Glow Get It! Brightening Serum,102416,https://www.sociolla.com/treatment/74074-glow-get-it-brightening-serum,0,0,0,quota_limit_reached
15619_skindoze,Hi Moisture! Silky Smooth Water Cream,102417,https://www.sociolla.com/face-cream-lotion/74075-hi-moisture-silky-smooth-water-cream,0,0,0,quota_limit_reached
15619_skindoze,Daily Prep Skin! Cooling Toner & Essence,102415,https://www.sociolla.com/toner/74073-daily-prep-skin-cooling-toner-and-essence,0,0,0,quota_limit_reached
1347_skintific,Alaska Volcano Pore Clay Stick,102580,https://www.sociolla.com/clay-mask/74238-alaska-volcano-pore-clay-stick,0,0,0,quota_limit_reached
1347_skintific,5X Ceramide Barrier Moisture Gel,92496,https://www.sociolla.com/face-gel/64154-5x-ceramide-barrier-moisture-gel,0,0,0,quota_limit_reached
1347_skintific,10% Niacinamide Serum,92495,https://www.sociolla.com/face-serum/64153-10-niacinamide-serum,0,0,0,quota_limit_reached
1347_skintific,5% Panthenol Acne Calming Water Gel,104984,https://www.sociolla.com/face-gel/76642-5-panthenol-acne-calming-water-gel,0,0,0,quota_limit_reached
1347_skintific,SymWhite377 Dark Spot Eraser Serum,97154,https://www.sociolla.com/face-serum/68812-symwhite377-dark-spot-eraser-serum,0,0,0,quota_limit_reached
1347_skintific,5X Ceramide Soothing Sheet Mask,100054,https://www.sociolla.com/sheet-mask/71712-5x-ceramide-soothing-sheet-mask,0,0,0,quota_limit_reached
1347_skintific,5X Ceramide Barrier Repair Kit,101404,https://www.sociolla.com/default-category/73062-5x-ceramide-barrier-repair-kit,0,0,0,quota_limit_reached
1347_skintific,All Day Light Sunscreen Mist SPF 50 PA++++,98204,https://www.sociolla.com/sunscreen/69862-all-day-light-sunscreen-mist-spf-50-pa,0,0,0,quota_limit_reached
1347_skintific,5X Ceramide Serum Sunscreen,97898,https://www.sociolla.com/sunscreen/69556-5x-ceramide-serum-sunscreen,0,0,0,quota_limit_reached
1347_skintific,MSH Niacinamide Brightening Moisture Gel,99613,https://www.sociolla.com/face-gel/71271-msh-niacinamide-brightening-moisture-gel,0,0,0,quota_limit_reached
1347_skintific,Mugwort Acne Clay Stick,101406,https://www.sociolla.com/clay-mask/73064-mugwort-acne-clay-stick,0,0,0,quota_limit_reached
1347_skintific,5X ceramide low ph cleanser,92492,https://www.sociolla.com/face-wash/64150-5x-ceramide-low-ph-cleanser,0,0,0,quota_limit_reached
1347_skintific,Cover All Perfect Cushion,99425,https://www.sociolla.com/cushion/71083-cover-all-perfect-cushion,0,0,0,quota_limit_reached
1347_skintific,5% AHA/BHA exfoliating toner,92497,https://www.sociolla.com/toner/64155-5-aha-bha-exfoliating-toner,0,0,0,quota_limit_reached
1347_skintific,5X Ceramide Barrier Repair Moisturizer Gel,96711,https://www.sociolla.com/face-gel/68369-5x-ceramide-barrier-repair-moisturizer-gel,0,0,0,quota_limit_reached
1347_skintific,5X Ceramide Soothing Toner,96710,https://www.sociolla.com/toner/68368-5x-ceramide-soothing-toner,0,0,0,quota_limit_reached
1347_skintific,REFILL Cover All Perfect Cushion,100053,https://www.sociolla.com/cushion/71711-refill-cover-all-perfect-cushion,0,0,0,quota_limit_reached
1347_skintific,Niacinamide Brightening Essence Toner,107384,https://www.sociolla.com/toner/79042-niacinamide-brightening-essence-toner,0,0,0,quota_limit_reached
1347_skintific,3% Tranexamic Acid Advanced Bright Serum,102582,https://www.sociolla.com/face-serum/74240-3-tranexamic-acid-advanced-bright-serum,0,0,0,quota_limit_reached
1347_skintific,All Day Perfect Serum Foundation,106622,https://www.sociolla.com/foundation/78280-all-day-perfect-serum-foundation,0,0,0,quota_limit_reached
1347_skintific,2% Salicylic Acid Anti Acne Serum,92499,https://www.sociolla.com/face-serum/64157-2-salicylic-acid-anti-acne-serum,0,0,0,quota_limit_reached
1347_skintific,5X Ceramide Barrier Repair Serum,96709,https://www.sociolla.com/face-serum/68367-5x-ceramide-barrier-repair-serum,0,0,0,quota_limit_reached
1347_skintific,4D Hyaluronic Acid Barrier Essence Toner,92493,https://www.sociolla.com/toner/64151-4d-hyaluronic-acid-barrier-essence-toner,0,0,0,quota_limit_reached
1347_skintific,360 Crystal Massager Lifting Eye Cream,92503,https://www.sociolla.com/eye-cream/64161-360-crystal-massager-lifting-eye-cream,0,0,0,quota_limit_reached
1347_skintific,Glycolic Acid Daily Clarifying Toner,97157,https://www.sociolla.com/toner/68815-glycolic-acid-daily-clarifying-toner,0,0,0,quota_limit_reached
1347_skintific,Amino Acid Ultra Gentle Cleansing Mousse,97156,https://www.sociolla.com/default-category/68814-amino-acid-ultra-gentle-cleansing-mousse,0,0,0,quota_limit_reached
1347_skintific,Purifying Barrier Ice Cream Cleansing Balm,97155,https://www.sociolla.com/cleansing-balm/68813-purifying-barrier-ice-cream-cleansing-balm,0,0,0,quota_limit_reached
1347_skintific,Clay Stick Duo,107973,https://www.sociolla.com/skin-care-set/79631-clay-stick-duo,0,0,0,quota_limit_reached
1347_skintific,Panthenol Gentle Gel Cleanser,105416,https://www.sociolla.com/cleansing-gel/77074-panthenol-gentle-gel-cleanser,0,0,0,quota_limit_reached
1347_skintific,5X Ceramide Serum Sun Screen Twinpack,98364,https://www.sociolla.com/sunscreen/70022-5x-ceramide-serum-sun-screen-twinpack,0,0,0,quota_limit_reached
1347_skintific,Anti Comedo Set,107970,https://www.sociolla.com/skin-care-set/79628-anti-comedo-set,0,0,0,quota_limit_reached
1347_skintific,10% Vitamin C Brightening Glow Serum,105856,https://www.sociolla.com/face-serum/77514-10-vitamin-c-brightening-glow-serum,0,0,0,quota_limit_reached
1347_skintific,Truffle Biome Skin Reborn Cream Gel Moisturizer,101400,https://www.sociolla.com/face-cream-lotion/73058-truffle-biome-skin-reborn-cream-gel-moisturizer,0,0,0,quota_limit_reached
1347_skintific,Symwhite 377 Dark Spot Moisture Gel,107198,https://www.sociolla.com/face-cream-lotion/78856-symwhite-377-dark-spot-moisture-gel,0,0,0,quota_limit_reached
1347_skintific,Mugwort Purifying Micellar Water,107385,https://www.sociolla.com/micellar-water/79043-mugwort-purifying-micellar-water,0,0,0,quota_limit_reached
1347_skintific,Pure Centella Acne Calming Toner,104199,https://www.sociolla.com/toner/75857-pure-centella-acne-calming-toner,0,0,0,quota_limit_reached
1347_skintific,White Truffle Cleansing Essence,98205,https://www.sociolla.com/face-wash/69863-white-truffle-cleansing-essence,0,0,0,quota_limit_reached
1347_skintific,Alaska Volcano Deep Pores Cleansing Clay Mask,97782,https://www.sociolla.com/clay-mask/69440-alaska-volcano-deep-pores-cleansing-clay-mask,0,0,0,quota_limit_reached
1347_skintific,Brightening Booster Set,107967,https://www.sociolla.com/skin-care-set/79625-brightening-booster-set,0,0,0,quota_limit_reached
1347_skintific,Mugwort Anti Pores & Acne Clay Mask,92501,https://www.sociolla.com/clay-mask/64159-mugwort-anti-pores-and-acne-clay-mask,0,0,0,quota_limit_reached
1347_skintific,Gentle A Retinol Renewal Serum,97790,https://www.sociolla.com/face-serum/69448-gentle-a-retinol-renewal-serum,0,0,0,quota_limit_reached
1347_skintific,Basic Brightening Kit,102333,https://www.sociolla.com/bundles-skintific/73991-basic-brightening-kit,0,0,0,quota_limit_reached
1347_skintific,Panthenol Calming Set,105867,https://www.sociolla.com/skincare/77525-panthenol-calming-set,0,0,0,quota_limit_reached
1347_skintific,Skin Repair Ceramide Set,102327,https://www.sociolla.com/default-category/73985-skin-repair-ceramide-set,0,0,0,quota_limit_reached
1347_skintific,Anti Acne Set,107969,https://www.sociolla.com/skin-care-set/79627-anti-acne-set,0,0,0,quota_limit_reached
1347_skintific,Acne set,97167,https://www.sociolla.com/skin-care-set/68825-acne-set,0,0,0,quota_limit_reached
1347_skintific,Buy 10 Get 10 Ceramide Soothing Sheet Mask,106078,https://www.sociolla.com/skin-care-set/77736-buy-10-get-10-ceramide-soothing-sheet-mask,0,0,0,quota_limit_reached
1347_skintific,Tips to Keep Your Skin Healthy While Travelling,102334,https://www.sociolla.com/skin-care-set/73992-basic-ceramide-kit,0,0,0,quota_limit_reached
1347_skintific,Basic Skincare Set,105868,https://www.sociolla.com/skin-care-set/77526-basic-skincare-set,0,0,0,quota_limit_reached
1347_skintific,Hydrating set,97165,https://www.sociolla.com/skin-care-set/68823-hydrating-set,0,0,0,quota_limit_reached
1347_skintific,Tips to Keep Your Skin Healthy While Travelling,102329,https://www.sociolla.com/skin-care-set/73987-daily-moisture-care,0,0,0,quota_limit_reached
1347_skintific,Glowing Set,97166,https://www.sociolla.com/skin-care-set/68824-glowing-set,0,0,0,quota_limit_reached
1347_skintific,Day and Night Moisture Gel Set,108157,https://www.sociolla.com/skin-care-set/79815-day-and-night-moisture-gel-set,0,0,0,quota_limit_reached
1347_skintific,Cushion Set,105869,https://www.sociolla.com/cushion/77527-cushion-set,0,0,0,quota_limit_reached
1347_skintific,Outdoor Sun Spray SPF50+ PA++++,108499,https://www.sociolla.com/sunscreen/80157-outdoor-sun-spray-spf50-pa,0,0,0,quota_limit_reached
1347_skintific,SymWhite377 Extra Bright Kit,107972,https://www.sociolla.com/skin-care-set/79630-symwhite377-extra-bright-kit,0,0,0,quota_limit_reached
1347_skintific,Tips to Keep Your Skin Healthy While Travelling,102331,https://www.sociolla.com/skin-care-set/73989-daily-glowing-care,0,0,0,quota_limit_reached
1347_skintific,Truffle Max Moisture Set,107971,https://www.sociolla.com/skin-care-set/79629-truffle-max-moisture-set,0,0,0,quota_limit_reached
1347_skintific,4D Hyaluronic Acid Barrier Essence Toner Twinpack,98048,https://www.sociolla.com/toner/69706-4d-hyaluronic-acid-barrier-essence-toner-twinpack,0,0,0,quota_limit_reached
1347_skintific,Clay Mask Duo,107974,https://www.sociolla.com/skin-care-set/79632-clay-mask-duo,0,0,0,quota_limit_reached
1347_skintific,Ultra Light Serum Sunscreen,98203,https://www.sociolla.com/sunscreen/69861-ultra-light-serum-sunscreen,0,0,0,quota_limit_reached
1347_skintific,Mugwort Anti Pores & Acne Clay Mask Twinpack,98049,https://www.sociolla.com/clay-mask/69707-mugwort-anti-pores-and-acne-clay-mask-twinpack,0,0,0,quota_limit_reached
1347_skintific,5X Ceramide Soothing Sheet Mask Twinpack,100528,https://www.sociolla.com/face-mask/72186-5x-ceramide-soothing-sheet-mask-twinpack,0,0,0,quota_limit_reached
1347_skintific,Salicylic Acid Acne Spot Treatment,92494,https://www.sociolla.com/acne-treatment-sealing-gel-cream/64152-salicylic-acid-acne-spot-treatment,0,0,0,quota_limit_reached
1347_skintific,4D Hyaluronic Acid Hydrating Serum,96704,https://www.sociolla.com/face-serum/68362-4d-hyaluronic-acid-hydrating-serum,0,0,0,quota_limit_reached
1347_skintific,Barrier Booster Facial Oil,97153,https://www.sociolla.com/face-oil/68811-barrier-booster-facial-oil,0,0,0,quota_limit_reached
1347_skintific,Ultra Light Serum Sunscreen Twinpack,98365,https://www.sociolla.com/sunscreen/70023-ultra-light-serum-sunscreen-twinpack,0,0,0,quota_limit_reached
167_sociolla,Lip Queens,97765,https://www.sociolla.com/default-category/69423-lip-queens,0,0,0,quota_limit_reached
167_sociolla,Ready to Glam,97144,https://www.sociolla.com/make-up-set/68802-ready-to-glam,0,0,0,quota_limit_reached
167_sociolla,Nivea x FSS - Make Up Remover Set,74641,https://www.sociolla.com/skin-care-set/27821-nivea-x-fss-micellair-and-cotton-pads-set-hydration,0,0,0,quota_limit_reached
167_sociolla,Pretty Gift,90630,https://www.sociolla.com/e-gift-card/62288-pretty-gift,0,0,0,quota_limit_reached
167_sociolla,Scent Therapy,97770,https://www.sociolla.com/bath-body/69428-scent-therapy,0,0,0,quota_limit_reached
167_sociolla,Nivea x FSS - Micellair and Cotton Pads Set (Hydration),74539,https://www.sociolla.com/skin-care-set/27719-nivea-x-fss-micellair-and-cotton-pads-set-hydration,0,0,0,quota_limit_reached
167_sociolla,Double Bright Protect,92204,https://www.sociolla.com/skin-care-set/63862-double-brightening-effect,0,0,0,quota_limit_reached
167_sociolla,Nivea x FSS - Micellair and Cotton Pads Set (Pearl White),74538,https://www.sociolla.com/skin-care-set/27718-nivea-x-fss-micellair-and-cotton-pads-set-pearl-white,0,0,0,quota_limit_reached
167_sociolla,Double Exfoliation Power,92209,https://www.sociolla.com/skin-care-set/63867-double-exfoliation-power,0,0,0,quota_limit_reached
167_sociolla,Sensitive Skin Set,82796,https://www.sociolla.com/skin-care-set/54454-sensitive-skin-set,0,0,0,quota_limit_reached
167_sociolla,Christmas E-gift Card,101188,https://www.sociolla.com/e-gift-card/72846-christmas-e-gift-card,0,0,0,quota_limit_reached
167_sociolla,Well Cleansed,96934,https://www.sociolla.com/skin-care-set/68592-well-cleansed,0,0,0,quota_limit_reached
167_sociolla,E-Gift Card,72711,https://www.sociolla.com/default-category/25891-e-gift-card,0,0,0,quota_limit_reached
167_sociolla,Supple Preparation Toner Mini + Tea Tree Mask,80263,https://www.sociolla.com/skin-care-set/51921-supple-prepartion-toner-mini-tea-tree-mask,0,0,0,quota_limit_reached
167_sociolla,Supple Preparation Toner Mini + Honey Mask,80258,https://www.sociolla.com/skin-care-set/51916-supple-prepartion-toner-mini-honey-mask,0,0,0,quota_limit_reached
167_sociolla,Supple Preparation Toner Mini + Pomegrenate Mask,80261,https://www.sociolla.com/skin-care-set/51919-supple-prepartion-toner-mini-pomegrenate-mask,0,0,0,quota_limit_reached
167_sociolla,Supple Preparation Toner Mini + Green Tea Mask,80257,https://www.sociolla.com/skin-care-set/51915-supple-prepartion-toner-mini-green-tea-mask,0,0,0,quota_limit_reached
167_sociolla,Perfect Complexion Set,95612,https://www.sociolla.com/make-up-set/67270-perfect-complexion-set,0,0,0,quota_limit_reached
167_sociolla,Missha Double Green Tea Pack,80253,https://www.sociolla.com/skin-care-set/51911-missha-double-green-tea-pack,0,0,0,quota_limit_reached
167_sociolla,Gift For Bestie,92001,https://www.sociolla.com/default-category/63659-gift-for-bestie,0,0,0,quota_limit_reached
167_sociolla,Anti Maskne Kit,95614,https://www.sociolla.com/default-category/67272-anti-maskne-kit,0,0,0,quota_limit_reached
167_sociolla,FantaSIX E-Gift Card,84245,https://www.sociolla.com/e-gift-card/55903-fantasix-e-gift-card,0,0,0,quota_limit_reached
167_sociolla,Treat & Conceal,96933,https://www.sociolla.com/skincare/68591-treat-and-conceal,0,0,0,quota_limit_reached
167_sociolla,Flawless Face Kit,95442,https://www.sociolla.com/exclusive-bundles/67100-flawless-face-kit,0,0,0,quota_limit_reached
167_sociolla,Haple x Colab - Spray Your Worry Away (Original),77969,https://www.sociolla.com/skin-care-set/49627-haple-x-colab-spray-your-worry-away-original,0,0,0,quota_limit_reached
167_sociolla,Prime & Set: MATTE,95616,https://www.sociolla.com/default-category/67274-prime-and-set-matte,0,0,0,quota_limit_reached
167_sociolla,Double Hydration Effect,92214,https://www.sociolla.com/skin-care-set/63872-double-hydration-effect,0,0,0,quota_limit_reached
167_sociolla,Flawless Pamper Set,96102,https://www.sociolla.com/gift-set/67760-flawless-pamper-set,0,0,0,quota_limit_reached
167_sociolla,All Time Best Seller Set (Body & Hair Care),87699,https://www.sociolla.com/default-category/59357-all-time-best-seller-set-body-and-hair-care,0,0,0,quota_limit_reached
167_sociolla,Touch it Up,95613,https://www.sociolla.com/make-up-set/67271-touch-it-up,0,0,0,quota_limit_reached
167_sociolla,Our Selection,95470,https://www.sociolla.com/sociolla-gift-set/67128-our-selection,0,0,0,quota_limit_reached
167_sociolla,Matte and Poreless,92530,https://www.sociolla.com/default-category/64188-matte-and-poreless,0,0,0,quota_limit_reached
167_sociolla,Love is in the Hair,80197,https://www.sociolla.com/hair-care-set/51855-anti-kusut-hair-set,0,0,0,quota_limit_reached
167_sociolla,Christmas Gift for Bestie,109144,https://www.sociolla.com/default-category/80802-christmas-gift-for-bestie,0,0,0,quota_limit_reached
167_sociolla,Pretty Gift,109145,https://www.sociolla.com/default-category/80803-pretty-gift,0,0,0,quota_limit_reached
167_sociolla,Selfcare,92000,https://www.sociolla.com/default-category/63658-selfcare,0,0,0,quota_limit_reached
167_sociolla,Cleansing Perfection,97767,https://www.sociolla.com/skincare/69425-cleansing-perfection,0,0,0,quota_limit_reached
167_sociolla,"Be Mery, Be Pretty",109146,https://www.sociolla.com/default-category/80804-be-mery-be-pretty,0,0,0,quota_limit_reached
167_sociolla,Brighter Day,96566,https://www.sociolla.com/makeup-palettes-set/68224-brighter-day,0,0,0,quota_limit_reached
167_sociolla,Spa at Home,97769,https://www.sociolla.com/skincare/69427-spa-at-home,0,0,0,quota_limit_reached
167_sociolla,Age Defying Routine,97768,https://www.sociolla.com/skincare/69426-age-defying-routine,0,0,0,quota_limit_reached
167_sociolla,The Complexion Kit,95443,https://www.sociolla.com/exclusive-bundles/67101-the-complexion-kit,0,0,0,quota_limit_reached
167_sociolla,Glowing Accomplishment E-Gift Card,99939,https://www.sociolla.com/e-gift-card/71597-glowing-accomplishment-e-gift-card,0,0,0,quota_limit_reached
167_sociolla,Self Care 101,96935,https://www.sociolla.com/skin-care-set/68593-self-care-101,0,0,0,quota_limit_reached
167_sociolla,Glowing Head to Toe Set,96101,https://www.sociolla.com/gift-set/67759-glowing-head-to-toe-set,0,0,0,quota_limit_reached
167_sociolla,Bundles Makeup Dambaan,90667,https://www.sociolla.com/makeup-palettes-set/62325-bundles-makeup-dambaan,0,0,0,quota_limit_reached
167_sociolla,Prime & Set: GLOW,95615,https://www.sociolla.com/make-up-set/67273-prime-and-set-glow,0,0,0,quota_limit_reached
167_sociolla,Supple Preparation Toner Mini + Aloe Mask,80255,https://www.sociolla.com/skin-care-set/51913-supple-prepartion-toner-mini-aloe-mask,0,0,0,quota_limit_reached
167_sociolla,Missha Double Aloe Pack,80252,https://www.sociolla.com/skin-care-set/51910-missha-double-aloe-pack,0,0,0,quota_limit_reached
167_sociolla,Ready to Party Set,96565,https://www.sociolla.com/fragrance-sets/68223-ready-to-party-set,0,0,0,quota_limit_reached
167_sociolla,Supple Preparation Toner Mini + Pearl Mask,80260,https://www.sociolla.com/skin-care-set/51918-supple-prepartion-toner-mini-pearl-mask,0,0,0,quota_limit_reached
167_sociolla,Double Deep Clean Power,92207,https://www.sociolla.com/skin-care-set/63865-double-deep-clean-power,0,0,0,quota_limit_reached
167_sociolla,Men Edition E-Gift Card,74591,https://www.sociolla.com/e-gift-card/27771-e-gift-card-men-edition,0,0,0,quota_limit_reached
167_sociolla,Minimalist Queen,98143,https://www.sociolla.com/makeup-palettes-set/69801-minimalist-queen,0,0,0,quota_limit_reached
167_sociolla,Sociolla Special Foldable Bag - Design 3,86387,https://www.sociolla.com/default-category/58045-sociolla-special-foldable-bag-design-3,0,0,0,quota_limit_reached
167_sociolla,Glowing Skin Package,71492,https://www.sociolla.com/gift-set/24672-glowing-skin-package,0,0,0,quota_limit_reached
167_sociolla,No Makeup Makeup Kit,97766,https://www.sociolla.com/default-category/69424-no-makeup-makeup-kit,0,0,0,quota_limit_reached
167_sociolla,Soothing Gold Water,75108,https://www.sociolla.com/skin-care-set/28288-best-skincare-bundles-9-9-2,0,0,0,quota_limit_reached
167_sociolla,Fun Bath Time,97888,https://www.sociolla.com/bath-body-set/69546-fun-bath-time,0,0,0,quota_limit_reached
167_sociolla,Sociolla Special Foldable Bag - Design 4,90845,https://www.sociolla.com/default-category/62503-sociolla-special-foldable-bag-design-4,0,0,0,quota_limit_reached
167_sociolla,Midnight Gold water,75107,https://www.sociolla.com/skin-care-set/28287-best-skincare-bundles-9-9,0,0,0,quota_limit_reached
167_sociolla,Glow Digger Pouch,33313,https://www.sociolla.com/default-category/10443-glow-digger-pouch,0,0,0,quota_limit_reached
167_sociolla,Fleek Geek Pouch,33311,https://www.sociolla.com/default-category/10441-fleek-geek-pouch,0,0,0,quota_limit_reached
167_sociolla,Product Testing 05 (NOT FOR SALE),33204,https://www.sociolla.com/others/9084-product-testing-05,0,0,0,quota_limit_reached
167_sociolla,Congraduation E-Gift Card,99934,https://www.sociolla.com/e-gift-card/71592-congraduation-e-gift-card,0,0,0,quota_limit_reached
167_sociolla,Custom your E-Gift Card!,99525,https://www.sociolla.com/default-category/71183-custom-your-e-gift-card,0,0,0,quota_limit_reached
167_sociolla,The Smell Good Kit,96564,https://www.sociolla.com/fragrance-sets/68222-the-smell-good-kit,0,0,0,quota_limit_reached
167_sociolla,Bio Oil & Pure Source Pack Lemon,80251,https://www.sociolla.com/skin-care-set/51909-bio-oil-and-pure-source-pack-lemon,0,0,0,quota_limit_reached
167_sociolla,Bio Oil & Pure Source Pack Green Tea,80250,https://www.sociolla.com/skin-care-set/51908-bio-oil-and-pure-source-pack-green-tea,0,0,0,quota_limit_reached
167_sociolla,Bio Oil & Pure Source Pack Aloe,80249,https://www.sociolla.com/skin-care-set/51907-bio-oil-and-pure-source-pack-aloe,0,0,0,quota_limit_reached
167_sociolla,Perfect Cleansing,98763,https://www.sociolla.com/default-category/70421-perfect-cleansing,0,0,0,quota_limit_reached
167_sociolla,Belanja Cantik,91121,https://www.sociolla.com/default-category/62779-belanja-cantik,0,0,0,quota_limit_reached
167_sociolla,Compliment E-Gift Card,82410,https://www.sociolla.com/default-category/54068-compliment-day-e-gift-card,0,0,0,quota_limit_reached
167_sociolla,Dew Darling Pouch,33310,https://www.sociolla.com/makeup-pouch/10440-dew-darling-pouch,0,0,0,quota_limit_reached
167_sociolla,Sociolla Special Foldable Bag - Design 6,90847,https://www.sociolla.com/default-category/62505-sociolla-special-foldable-bag-design-6,0,0,0,quota_limit_reached
167_sociolla,Haple x Colab - Spray Your Worry Away (Unicorn),77970,https://www.sociolla.com/skin-care-set/49628-haple-x-colab-spray-your-worry-away-unicorn,0,0,0,quota_limit_reached
167_sociolla,Sociolla Special Foldable Bag - Design 5,90846,https://www.sociolla.com/default-category/62504-sociolla-special-foldable-bag-design-5,0,0,0,quota_limit_reached
167_sociolla,Clean Pore Essentials,98771,https://www.sociolla.com/skin-care-set/70429-clean-pore-essentials,0,0,0,quota_limit_reached
167_sociolla,Lip Cotton X LBP Hand Cream Delicious Glow,94636,https://www.sociolla.com/sociolla-gift-set/66294-lip-cotton-x-lbp-hand-cream-delicious-glow,0,0,0,quota_limit_reached
167_sociolla,Face and Body Set,96103,https://www.sociolla.com/gift-set/67761-face-and-body-set,0,0,0,quota_limit_reached
167_sociolla,Lip Cotton X LBP Hand Cream Luscious Hydration,94635,https://www.sociolla.com/sociolla-gift-set/66293-lip-cotton-x-lbp-hand-cream-luscious-hydration,0,0,0,quota_limit_reached
167_sociolla,Fun Color Ensamble,97350,https://www.sociolla.com/skincare/69008-fun-color-ensamble,0,0,0,quota_limit_reached
167_sociolla,All About Cleansing Kit,98760,https://www.sociolla.com/skin-care-set/70418-all-about-cleansing-kit,0,0,0,quota_limit_reached
167_sociolla,Clean & Fresh,97143,https://www.sociolla.com/make-up-set/68801-clean-and-fresh,0,0,0,quota_limit_reached
167_sociolla,product bundle testing 01,106242,https://www.sociolla.com/4-make-up/77900-product-bundle-testing-01,0,0,0,quota_limit_reached
167_sociolla,VB TESTING 01 (NOT FOR SALE),69195,https://www.sociolla.com/others/9073-product-testing-bundle-01,0,0,0,quota_limit_reached
167_sociolla,Supple Preparation Toner Mini + Cucumber Mask,80256,https://www.sociolla.com/skin-care-set/51914-supple-prepartion-toner-mini-cucumber-mask,0,0,0,quota_limit_reached
167_sociolla,The Pamper Kit,97352,https://www.sociolla.com/skincare/69010-the-pamper-kit,0,0,0,quota_limit_reached
167_sociolla,Supple Preparation Toner Mini + Lemon Mask,80259,https://www.sociolla.com/skin-care-set/51917-supple-prepartion-toner-mini-lemon-mask,0,0,0,quota_limit_reached
167_sociolla,More Love,92002,https://www.sociolla.com/default-category/63660-more-love,0,0,0,quota_limit_reached
167_sociolla,Brow Boss Pouch,33309,https://www.sociolla.com/default-category/10439-brow-boss-pouch,0,0,0,quota_limit_reached
167_sociolla,Bundles Body Care Tercinta,90668,https://www.sociolla.com/bath-body-set/62326-bundles-body-care-tercinta,0,0,0,quota_limit_reached
167_sociolla,Clean Girl Aesthethic,98146,https://www.sociolla.com/makeup-palettes-set/69804-clean-girl-aesthethic,0,0,0,quota_limit_reached
167_sociolla,Resolusi Glowing,91119,https://www.sociolla.com/default-category/62777-resolusi-glowing,0,0,0,quota_limit_reached
167_sociolla,Beauty Goals E-Gift Card,99936,https://www.sociolla.com/gift-set/71594-beauty-goals-e-gift-card,0,0,0,quota_limit_reached
167_sociolla,Mystery Box 1 : Acne Prone Skin,92105,https://www.sociolla.com/sociolla-gift-set/63763-mystery-box-1-acne-prone-skin,0,0,0,quota_limit_reached
167_sociolla,Double Cleanse is a Must,97624,https://www.sociolla.com/skin-care-set/69282-double-cleanse-is-a-must,0,0,0,quota_limit_reached
167_sociolla,Idul Fitri E-Gift Card,103949,https://www.sociolla.com/e-gift-card/75607-idul-fitri-e-gift-card,0,0,0,quota_limit_reached
167_sociolla,Contour Champ Pouch,33312,https://www.sociolla.com/default-category/10442-contour-champ-pouch,0,0,0,quota_limit_reached
167_sociolla,Eid Mubarak E-Gift Card,103929,https://www.sociolla.com/2521-e-gift-card/75587-eid-mubarak-e-gift-card,0,0,0,quota_limit_reached
167_sociolla,THR for Bestie E-Gift Card,103944,https://www.sociolla.com/e-gift-card/75602-treat-hari-raya-e-gift-card,0,0,0,quota_limit_reached
167_sociolla,Berbuka Cantik E-Gift Card,103930,https://www.sociolla.com/2521-e-gift-card/75588-berbuka-cantik-e-gift-card,0,0,0,quota_limit_reached
167_sociolla,Glam Up,91116,https://www.sociolla.com/default-category/62774-glam-up,0,0,0,quota_limit_reached
167_sociolla,Fresh and Bright,98144,https://www.sociolla.com/bath-body-set/69802-fresh-and-bright,0,0,0,quota_limit_reached
167_sociolla,Happiness in Purple,97351,https://www.sociolla.com/skincare/69009-happiness-in-purple,0,0,0,quota_limit_reached
167_sociolla,Super Clean,97890,https://www.sociolla.com/bath-body-set/69548-super-clean,0,0,0,quota_limit_reached
167_sociolla,My Bestie Exclusive Dark Green Set,100856,https://www.sociolla.com/skin-care-set/72514-my-bestie-exclusive-dark-green-set,0,0,0,quota_limit_reached
167_sociolla,My Bestie Exclusive Light Green Set,100855,https://www.sociolla.com/skin-care-set/72513-my-bestie-exclusive-light-green-set,0,0,0,quota_limit_reached
167_sociolla,"Ready, Set, Go",98137,https://www.sociolla.com/makeup/69795-ready-set-go,0,0,0,quota_limit_reached
167_sociolla,Makin Glowing E-Gift Card,103927,https://www.sociolla.com/e-gift-card/75585-makin-glowing-e-gift-card,0,0,0,quota_limit_reached
167_sociolla,My Bestie Exclusive Pink Set,100857,https://www.sociolla.com/skin-care-set/72515-my-bestie-exclusive-pink-set,0,0,0,quota_limit_reached
167_sociolla,Slay The Day,96567,https://www.sociolla.com/fragrance-sets/68225-slay-the-day,0,0,0,quota_limit_reached
167_sociolla,Bodylicious Mini Bundle,83678,https://www.sociolla.com/gift-sets/55336-bodylicious-mini-bundle,0,0,0,quota_limit_reached
167_sociolla,Product Testing 06 (NOT FOR SALE),103839,https://www.sociolla.com/default-category/75497-product-testing-06,0,0,0,quota_limit_reached
167_sociolla,Hair Me Up Mini Bundle,83682,https://www.sociolla.com/hair-care-set/55340-hair-me-up-mini-bundle,0,0,0,quota_limit_reached
167_sociolla,Bath & Go,97140,https://www.sociolla.com/default-category/68798-bath-and-go,0,0,0,quota_limit_reached
167_sociolla,Self Care Minis - Curated by Sociolla,102410,https://www.sociolla.com/skin-care-set/74068-self-care-minis-curated-by-sociolla,0,0,0,quota_limit_reached
167_sociolla,So Bright,97349,https://www.sociolla.com/skincare/69007-so-bright,0,0,0,quota_limit_reached
167_sociolla,Complexion Protection Set,96104,https://www.sociolla.com/gift-set/67762-complexion-protection-set,0,0,0,quota_limit_reached
167_sociolla,Supple Preparation Toner Mini + Red Ginseng Mask,80262,https://www.sociolla.com/skin-care-set/51920-supple-prepartion-toner-mini-red-ginseng-mask,0,0,0,quota_limit_reached
167_sociolla,Beyond Moisturizing,98765,https://www.sociolla.com/skin-care-set/70423-beyond-moisturizing,0,0,0,quota_limit_reached
167_sociolla,Stay Hydrated All Day Set,96105,https://www.sociolla.com/gift-set/67763-stay-hydrated-all-day-set,0,0,0,quota_limit_reached
167_sociolla,Sociolla Special Foldable Bag - Design 2,86386,https://www.sociolla.com/accessories/58044-sociolla-special-foldable-bag-design-2,0,0,0,quota_limit_reached
167_sociolla,Dear Pretty Monster,92155,https://www.sociolla.com/default-category/63813-dear-pretty-monster,0,0,0,quota_limit_reached
167_sociolla,Eye Perfection Set,96106,https://www.sociolla.com/gift-set/67764-eye-perfection-set,0,0,0,quota_limit_reached
167_sociolla,Single sku bundle testing not for sale,107645,https://www.sociolla.com/non-stationeries/79303-single-sku-bundle-testing-not-for-sale,0,0,0,quota_limit_reached
167_sociolla,Complete Glow,98767,https://www.sociolla.com/skin-care-set/70425-complete-glow,0,0,0,quota_limit_reached
167_sociolla,Lippies Collection,98142,https://www.sociolla.com/makeup-palettes-set/69800-lippies-collection,0,0,0,quota_limit_reached
167_sociolla,Eyes on Me,97142,https://www.sociolla.com/make-up-set/68800-eyes-on-me,0,0,0,quota_limit_reached
167_sociolla,Goodness in Green,97348,https://www.sociolla.com/skincare/69006-goodness-in-green,0,0,0,quota_limit_reached
167_sociolla,Back to Office,97139,https://www.sociolla.com/make-up-set/68797-back-to-office,0,0,0,quota_limit_reached
167_sociolla,Eyemazing Bundle,95445,https://www.sociolla.com/exclusive-bundles/67103-eyemazing-bundle,0,0,0,quota_limit_reached
167_sociolla,Midnight Tea Tree Pack,75130,https://www.sociolla.com/skin-care-set/28310-midnight-tea-tree-pack,0,0,0,quota_limit_reached
167_sociolla,Midnight Pearl Pack,75129,https://www.sociolla.com/skin-care-set/28309-midnight-pearl-pack,0,0,0,quota_limit_reached
167_sociolla,Midnight Honey Pack,75126,https://www.sociolla.com/skin-care-set/28306-midnight-honey-pack,0,0,0,quota_limit_reached
1174_some-by-mi,Super Matcha Pore Tightening Serum,85009,https://www.sociolla.com/face-serum/56667-super-matcha-pore-tightening-serum,0,0,0,quota_limit_reached
1174_some-by-mi,Galactomyces Pure Vitamin C Glow Toner,77613,https://www.sociolla.com/toner/49271-nuoc-hoa-hong-galactomyces,0,0,0,quota_limit_reached
1174_some-by-mi,Super Matcha Pore Clean Clay Mask,82917,https://www.sociolla.com/clay-mask/54575-some-by-mi-super-matcha-pore-clay-mask-100g,0,0,0,quota_limit_reached
1174_some-by-mi,AHA-BHA-PHA 30 Days Miracle Serum,77604,https://www.sociolla.com/face-serum/49262-tinh-chat-aha-bha-pha-serum,0,0,0,quota_limit_reached
1174_some-by-mi,Super Matcha Pore Tightening Toner,82918,https://www.sociolla.com/toner/54576-some-by-mi-super-matcha-pore-toner-150ml,0,0,0,quota_limit_reached
1174_some-by-mi,AHA-BHA-PHA Acne Foam,77600,https://www.sociolla.com/face-wash/49258-sua-rua-mi-aha-bha-pha,0,0,0,quota_limit_reached
1174_some-by-mi,AHA-BHA-PHA 30 Days Miracle Serum Light,88943,https://www.sociolla.com/face-serum/60601-aha-bha-pha-30-days-miracle-serum-light,0,0,0,quota_limit_reached
1174_some-by-mi,Snail Truecica Miracle Toner,77617,https://www.sociolla.com/toner/49275-nuoc-hoa-hong-snail,0,0,0,quota_limit_reached
1174_some-by-mi,Pure Vitamin C V10 Cleansing Bar,88128,https://www.sociolla.com/cleansing-bar/59786-pure-vitamin-c-v10-cleansing-bar,0,0,0,quota_limit_reached
733_st-ives,Soft Skin Avocado and Honey Face Scrub,82328,https://www.sociolla.com/scrub-exfoliator/53986-soft-skin-avocado-and-honey-face-scrub,0,0,0,quota_limit_reached
733_st-ives,Gentle Smoothing Oatmeal Scrub & Mask,19991,https://www.sociolla.com/scrub-exfoliator/42820-gentle-smoothing-oatmeal-scrub-and-mask,0,0,0,quota_limit_reached
733_st-ives,Fresh Skin Apricot Scrub,20089,https://www.sociolla.com/scrub-exfoliator/41677-fresh-skin-apricot-scrub,0,0,0,quota_limit_reached
733_st-ives,Body Wash Softening Coconut Water and Orchid,90093,https://www.sociolla.com/default-category/61751-body-wash-softening-coconut-water-and-orchid,0,0,0,quota_limit_reached
733_st-ives,Nourish & Soothe Oatmeal & Shea Butter Body Lotion,74238,https://www.sociolla.com/body-lotion/27418-nourish-and-soothe-oatmeal-and-shea-butter-body-lotion,0,0,0,quota_limit_reached
733_st-ives,Radiant Skin Pink Lemon & Mandarin Orange Scrub,20668,https://www.sociolla.com/scrub-exfoliator/39947-radiant-skin-pink-lemon-and-mandarin-orange-scrub,0,0,0,quota_limit_reached
733_st-ives,Body Wash Soothing Oatmeal & Shea Butter,90095,https://www.sociolla.com/body-wash/61753-body-wash-soothing-oatmeal-and-shea-butter,0,0,0,quota_limit_reached
733_st-ives,Body Wash Exfoliating Apricot,90094,https://www.sociolla.com/body-wash/61752-body-wash-exfoliating-apricot,0,0,0,quota_limit_reached
733_st-ives,Renewing Body Lotion Collagen & Elastin,88766,https://www.sociolla.com/body-lotion/60424-renewing-body-lotion-collagen-and-elastin,0,0,0,quota_limit_reached
733_st-ives,Body Wash Exfoliating Sea Salt and Pacific Kelp,90092,https://www.sociolla.com/default-category/61750-body-wash-exfoliating-sea-salt-and-pacific-kelp,0,0,0,quota_limit_reached
733_st-ives,Body Wash Exfoliating Pink Lemon & Mandarin Orange,90096,https://www.sociolla.com/body-wash/61754-body-wash-exfoliating-pink-lemon-and-mandarin-orange,0,0,0,quota_limit_reached
733_st-ives,Body Wash Refreshing Rose Water & Aloe Vera,90097,https://www.sociolla.com/body-wash/61755-body-wash-refreshing-rose-water-and-aloe-vera,0,0,0,quota_limit_reached
733_st-ives,Glowing Apricot Sheet Mask,74237,https://www.sociolla.com/sheet-mask/27417-glowing-apricot-sheet-mask,0,0,0,quota_limit_reached
733_st-ives,Gentle Smoothing Rose Water and Aloe Vera Scrub,87380,https://www.sociolla.com/default-category/59038-gentle-smoothing-rose-water-and-aloe-vera-scrub,0,0,0,quota_limit_reached
733_st-ives,Cleanse & Hydrate Aloe Vera Facial Wipes,75454,https://www.sociolla.com/cleansing-wipes/28637-cleanse-and-hydrate-aloe-vera-facial-wipes,0,0,0,quota_limit_reached
733_st-ives,Soothing Oatmeal Sheet Mask,74245,https://www.sociolla.com/sheet-mask/27425-soothing-oatmeal-sheet-mask,0,0,0,quota_limit_reached
733_st-ives,Hydrating Watermelon Face Cleanser,75449,https://www.sociolla.com/face-wash/28632-hydrating-watermelon-face-cleanser,0,0,0,quota_limit_reached
733_st-ives,Blemish Care Tea Tree Face Cleanser,75446,https://www.sociolla.com/face-wash/28629-blemish-care-tea-tree-face-cleanser,0,0,0,quota_limit_reached
733_st-ives,Energizing Coconut & Coffee Scrub,74236,https://www.sociolla.com/scrub-exfoliator/27416-energizing-coconut-and-coffee-scrub,0,0,0,quota_limit_reached
733_st-ives,Glowing Apricot Face Cleanser,75448,https://www.sociolla.com/face-wash/28631-glowing-apricot-face-cleanser,0,0,0,quota_limit_reached
733_st-ives,Daily Hydrating Vitamin E & Avocado Body Lotion,74235,https://www.sociolla.com/body-lotion/27415-daily-hydrating-vitamin-e-and-avocado-body-lotion,0,0,0,quota_limit_reached
733_st-ives,Soothing Chamomile Facial Cleanser,75445,https://www.sociolla.com/face-wash/28628-soothing-chamomile-facial-cleanser,0,0,0,quota_limit_reached
733_st-ives,Soft & Silky Coconut & Orchid Body Lotion,74242,https://www.sociolla.com/body-lotion/27422-soft-and-silky-coconut-and-orchid-body-lotion,0,0,0,quota_limit_reached
733_st-ives,Softening Rose & Argan Oil Lotion,90091,https://www.sociolla.com/body-lotion/61749-softening-rose-and-argan-oil,0,0,0,quota_limit_reached
733_st-ives,Softening Coconut & Orchid Hand Cream,75452,https://www.sociolla.com/hand-foot-cream/28635-softening-coconut-and-orchid-hand-cream,0,0,0,quota_limit_reached
733_st-ives,Acne Care Apricot Scrub,87379,https://www.sociolla.com/default-category/59037-acne-care-apricot-scrub,0,0,0,quota_limit_reached
733_st-ives,St. Ives Coffee Face Scrub (Buy 1 Get 1),74675,https://www.sociolla.com/midnight-sale/27855-st-ives-coffee-face-scrub-twinpack,0,0,0,quota_limit_reached
733_st-ives,SRM NGUA MUN CX TRAI MO,75381,https://vn.sociolla.com/r-a-m-t/28564-srm-ngua-mun-cx-trai-mo,0,0,0,quota_limit_reached
733_st-ives,SUA TAM CAM CHANH,75461,https://vn.sociolla.com/ch-m-s-c-c-th/28644-sua-tam-cam-chanh,0,0,0,quota_limit_reached
733_st-ives,SUA TAM YEN MACH & BO,75459,https://vn.sociolla.com/s-a-t-m/28642-sua-tam-yen-mach-and-bo,0,0,0,quota_limit_reached
733_st-ives,Pampering Cocoa Butter & Vanilla Bean Hand Cream,75451,https://www.sociolla.com/hand-foot-cream/28634-pampering-cocoa-butter-and-vanilla-bean-hand-cream,0,0,0,quota_limit_reached
733_st-ives,Cleanse & Refresh Cucumber Facial Wipes,75455,https://www.sociolla.com/cleansing-wipes/28638-cleanse-and-refresh-cucumber-facial-wipes,0,0,0,quota_limit_reached
733_st-ives,Soothing Oatmeal + Revitalizing Sheet Mask  (BUY 3 GET 3 FREE),87576,https://www.sociolla.com/skin-care-set/59234-soothing-oatmeal-revitalizing-sheet-mask-buy-3-get-3-free,0,0,0,quota_limit_reached
733_st-ives,BEST DEAL - Soothing Oatmeal & Revitalizing Sheet Mask,86673,https://www.sociolla.com/face-masks/58331-soothing-oatmeal-revitalizing-sheet-mask-buy-1-get-1-free,0,0,0,quota_limit_reached
733_st-ives,Soothing Oatmeal & Shea Butter Hand Cream,75453,https://www.sociolla.com/hand-foot-cream/28636-soothing-oatmeal-and-shea-butter-hand-cream,0,0,0,quota_limit_reached
733_st-ives,"Revitalizing Acai, Blueberry & Chia Seed Oil Hand Cream",75450,https://www.sociolla.com/hand-foot-cream/28633-revitalizing-acai-blueberry-and-chia-seed-oil-hand-cream,0,0,0,quota_limit_reached
733_st-ives,Revitalizing Sheet Mask,74241,https://www.sociolla.com/sheet-mask/27421-revitalizing-sheet-mask,0,0,0,quota_limit_reached
733_st-ives,Glowing Apricot + Revitalizing Sheet Mask  (BUY 3 GET 3 FREE),87577,https://www.sociolla.com/skin-care-set/59235-glowing-apricot-revitalizing-sheet-mask-buy-3-get-3-free,0,0,0,quota_limit_reached
733_st-ives,Glowing Apricot FREE Revitalizing Sheet Mask,86674,https://www.sociolla.com/skincare/58332-glowing-apricot-revitalizing-sheet-mask-buy-1-get-1-free,0,0,0,quota_limit_reached
1169_steambase,Warming Eyemask - Rose Garden (5PCS),84037,https://www.sociolla.com/eye-mask/55695-steambase-daily-eyemask-rose-garden-5pcs,0,0,0,quota_limit_reached
733_st-ives,Hydrating Vitamin E & Avocado Hand Cream,79507,https://www.sociolla.com/hand-foot-cream/51165-hydrating-vitamin-e-and-avocado-hand-cream,0,0,0,quota_limit_reached
1169_steambase,Warming Eyemask - Rose Garden,84020,https://www.sociolla.com/eye-mask/55678-steambase-daily-eyemask-rose-garden,0,0,0,quota_limit_reached
1169_steambase,Warming Eyemask - Lavender Blue Water (5PCS),84033,https://www.sociolla.com/eye-mask/55691-steambase-daily-eyemask-lavender-blue-water-5pcs,0,0,0,quota_limit_reached
1169_steambase,Warming Eyemask - Camomile Crown,84024,https://www.sociolla.com/eye-mask/55682-steambase-daily-eyemask-camomile-crown,0,0,0,quota_limit_reached
1169_steambase,Warming Eyemask - Lavender Blue Water,84016,https://www.sociolla.com/eye-mask/55674-steambase-daily-eyemask-lavender-blue-water,0,0,0,quota_limit_reached
1169_steambase,Warming Eyemask - Grapefruit Tree,84017,https://www.sociolla.com/eye-mask/55675-steambase-daily-eyemask-grapefruit-tree,0,0,0,quota_limit_reached
1169_steambase,Warming Eyemask - Camomile Crown (5PCS),84040,https://www.sociolla.com/eye-mask/55698-steambase-daily-eyemask-camomile-crown-5pcs,0,0,0,quota_limit_reached
1169_steambase,Warming Eyemask - Grapefruit Tree (5PCS),84035,https://www.sociolla.com/eye-mask/55693-steambase-daily-eyemask-grapefruit-tree-5pcs,0,0,0,quota_limit_reached
310_studio-tropik,Jelly-To-Oil Cleanser SACRED HERBS,103732,https://www.sociolla.com/cleansing-oil/75390-jelly-to-oil-cleanser-sacred-herbs,0,0,0,quota_limit_reached
1169_steambase,Warming Eyemask - Silent Night Air (5PCS),84039,https://www.sociolla.com/eye-mask/55697-steambase-daily-eyemask-silent-night-air-5pcs,0,0,0,quota_limit_reached
310_studio-tropik,Flawless Priming Water,19420,https://www.sociolla.com/face-mist/8992-flawless-priming-water,0,0,0,quota_limit_reached
1255_sterobac,Sterobac Hand Sterilizer,87470,https://www.sociolla.com/sanitizer/59128-sterobac-hand-sterilizer,0,0,0,quota_limit_reached
310_studio-tropik,Balance Priming Water,34853,https://www.sociolla.com/face-mist/12479-balance-priming-water,0,0,0,quota_limit_reached
310_studio-tropik,Rescue RX - Antibacterial Face Mist,87032,https://www.sociolla.com/face-mist/58690-rescue-rx-face-purifying-mist,0,0,0,quota_limit_reached
310_studio-tropik,Dreamsetter Glowy Setting Spray,63923,https://www.sociolla.com/setting-spray/16841-dreamsetter-glowy-setting-spray,0,0,0,quota_limit_reached
310_studio-tropik,Herbitus Skin Tonic,82087,https://www.sociolla.com/toner/53745-herbitus-skin-tonic,0,0,0,quota_limit_reached
310_studio-tropik,Original Priming Water,19402,https://www.sociolla.com/face-mist/8991-original-priming-water,0,0,0,quota_limit_reached
310_studio-tropik,Rich Skin Barrier Cream,87861,https://www.sociolla.com/face-cream-lotion/59519-rich-skin-barrier-cream,0,0,0,quota_limit_reached
310_studio-tropik,Dreamsetter Setting Spray,36007,https://www.sociolla.com/setting-spray/14375-dreamsetter-setting-spray,0,0,0,quota_limit_reached
310_studio-tropik,Fresh Skin Barrier Cream,87862,https://www.sociolla.com/face-cream-lotion/59520-fresh-skin-barrier-cream,0,0,0,quota_limit_reached
310_studio-tropik,Jelly-To-Oil Cleanser SHROOMS,103731,https://www.sociolla.com/cleansing-oil/75389-jelly-to-oil-cleanser-shrooms,0,0,0,quota_limit_reached
310_studio-tropik,Pumpkinu Skin Tonic,101075,https://www.sociolla.com/toner/72733-pumpkinu-skin-tonic,0,0,0,quota_limit_reached
310_studio-tropik,Probiome Skin Tonic (Giga Size),90328,https://www.sociolla.com/toner/61986-probiome-skin-tonic-giga-size,0,0,0,quota_limit_reached
310_studio-tropik,Probiome Skin Tonic,82088,https://www.sociolla.com/toner/53746-probiome-skin-tonic,0,0,0,quota_limit_reached
310_studio-tropik,SPF 50+ PA++ (Peach) - Skin Pretty Filter,92873,https://www.sociolla.com/sunscreen/64531-spf-50-pa-peach-skin-pretty-filter,0,0,0,quota_limit_reached
310_studio-tropik,SPF 50+ PA++ (Mint) - Skin Pretty Filter,92872,https://www.sociolla.com/sunscreen/64530-spf-50-pa-mint-skin-pretty-filter,0,0,0,quota_limit_reached
310_studio-tropik,Herbitus Skin Tonic (Giga Size),90327,https://www.sociolla.com/toner/61985-herbitus-skin-tonic-giga-size,0,0,0,quota_limit_reached
310_studio-tropik,Brighter Skin Barrier Pudding,101077,https://www.sociolla.com/moisturizer/72735-brighter-skin-barrier-pudding,0,0,0,quota_limit_reached
310_studio-tropik,Studio Tropik x Kopiko Coffee Lip Treat - Americano,97849,https://www.sociolla.com/lip-balm/69507-studio-tropik-x-kopiko-coffee-lip-treat-americano,0,0,0,quota_limit_reached
310_studio-tropik,Studio Tropik x Kopiko Coffee Lip Treat - Cappuccino,97850,https://www.sociolla.com/default-category/69508-studio-tropik-x-kopiko-coffee-lip-treat-cappuccino,0,0,0,quota_limit_reached
773_sugarpot,Natural Wax Strawberry,63926,https://www.sociolla.com/shaving-grooming/16849-natural-wax-strawberry,0,0,0,quota_limit_reached
773_sugarpot,Natural Wax Honey,63925,https://www.sociolla.com/default-category/16848-natural-wax-honey,0,0,0,quota_limit_reached
773_sugarpot,Wax Strips & Easy Spread Spatula,63932,https://www.sociolla.com/hair-removal-care/16855-wax-strips-and-easy-spread-spatula,0,0,0,quota_limit_reached
773_sugarpot,Wonder Serum,73777,https://www.sociolla.com/body-scrub-exfoliants/26957-wonder-serum,0,0,0,quota_limit_reached
773_sugarpot,Basic Waxing Package,99188,https://www.sociolla.com/default-category/70846-basic-waxing-package,0,0,0,quota_limit_reached
773_sugarpot,Tish Body Scrub,63930,https://www.sociolla.com/body-scrub-exfoliants/16853-tish-body-scrub,0,0,0,quota_limit_reached
773_sugarpot,Painless Waxing Package,99189,https://www.sociolla.com/hair-removal-care/70847-painless-waxing-package,0,0,0,quota_limit_reached
773_sugarpot,Bundle Wax + Deo,91033,https://www.sociolla.com/bath-body-set/62691-paket-wax-deo,0,0,0,quota_limit_reached
773_sugarpot,Niawhite Brightening Deodorant Cream,90974,https://www.sociolla.com/deodorant/62632-niawhite-brightening-deodorant-cream,0,0,0,quota_limit_reached
773_sugarpot,Soothing Mist,63928,https://www.sociolla.com/skin-care/16851-soothing-mist,0,0,0,quota_limit_reached
773_sugarpot,Blanch Brightening Cream,63929,https://www.sociolla.com/body-butter-cream/16852-blanch-brightening-cream,0,0,0,quota_limit_reached
773_sugarpot,Hydra U Cooling and Moisturizing Gel,72713,https://www.sociolla.com/hair-removal-care/25893-hydra-u-cooling-and-moisturizing-gel,0,0,0,quota_limit_reached
646_sukin,Sukin Brightening Jelly Exfoliator 125ml Tube,91364,https://www.sociolla.com/scrub-exfoliator/63022-sukin-brightening-jelly-exfoliator-125ml-tube,0,0,0,quota_limit_reached
646_sukin,Signature Facial Moisturizer,35740,https://www.sociolla.com/face-cream-lotion/13980-signature-facial-moisturizer,0,0,0,quota_limit_reached
646_sukin,Hydrating Shampoo,75788,https://www.sociolla.com/shampoo/28971-hydrating-shampoo,0,0,0,quota_limit_reached
646_sukin,Signature Original Hydrating Mist Toner,21251,https://www.sociolla.com/toner/13983-signature-original-hydrating-mist-toner,0,0,0,quota_limit_reached
646_sukin,Signature Foaming Facial Cleanser,26941,https://www.sociolla.com/face-wash/13981-signature-foaming-facial-cleanser,0,0,0,quota_limit_reached
646_sukin,Signature Natural Deodorant,35746,https://www.sociolla.com/deodorant/13986-signature-natural-deodorant,0,0,0,quota_limit_reached
646_sukin,Signature Revitalising Facial Scrub,35744,https://www.sociolla.com/scrub-exfoliator/13985-signature-revitalising-facial-scrub,0,0,0,quota_limit_reached
646_sukin,Mighty Minis (Sukin Cleanser + Scrub + Toner + Moisturizer),73071,https://www.sociolla.com/skin-care-set/26251-mighty-minis-sukin-cleanser-scrub-toner-moisturizer,0,0,0,quota_limit_reached
646_sukin,Set of 2 Sukin Natural Deodorant,82148,https://www.sociolla.com/deodorant/53806-1-1-sukin-natural-deodorant,0,0,0,quota_limit_reached
646_sukin,Be Kind to Your Body,72330,https://www.sociolla.com/body-wash/25510-be-kind-to-your-body,0,0,0,quota_limit_reached
646_sukin,Sukin Brightening Illuminating Moisturiser 60ml Pump,91362,https://www.sociolla.com/face-cream-lotion/63020-sukin-brightening-illuminating-moisturiser-60ml-pump,0,0,0,quota_limit_reached
646_sukin,Real Bright Routine (Brightening Cleanser + Moisturiser),95140,https://www.sociolla.com/skin-care-set/66798-real-bright-routine-brightening-cleanser-moisturiser,0,0,0,quota_limit_reached
646_sukin,Deep Cleanse Shampoo,89588,https://www.sociolla.com/shampoo/61246-deep-cleanse-shampoo,0,0,0,quota_limit_reached
646_sukin,Best Seller Set (Sukin Toner + Moisturizer),73056,https://www.sociolla.com/skin-care-set/26236-best-seller-set-sukin-toner-moisturizer,0,0,0,quota_limit_reached
646_sukin,Be Kind to Your Hair - Deep Cleanse,92129,https://www.sociolla.com/hair-care-set/63787-be-kind-to-your-hair-deep-cleanse,0,0,0,quota_limit_reached
646_sukin,Natural Deodorant Ocean Mist,83427,https://www.sociolla.com/deodorant/55085-natural-deodorant-ocean-mist,0,0,0,quota_limit_reached
646_sukin,Botanical Body Wash Bergamot & Patchouli 500ml,75780,https://www.sociolla.com/body-wash/28963-botanical-body-wash-bergamot-and-patchouli-500ml,0,0,0,quota_limit_reached
646_sukin,Blemish Control Clearing Facial Wash,26952,https://www.sociolla.com/face-wash/16945-blemish-control-clearing-facial-wash,0,0,0,quota_limit_reached
646_sukin,Nourishing Bath Routine - Fresh Lime & Coconut (Sukin Body Wash + Lotion),87806,https://www.sociolla.com/body-lotion-body-serum/59464-nourishing-bath-routine-fresh-lime-and-coconut-sukin-body-wash-lotion,0,0,0,quota_limit_reached
646_sukin,Blemish Control Spot Banishing Gel,27499,https://www.sociolla.com/acne-treatment-sealing-gel-cream/16946-blemish-control-spot-banishing-gel,0,0,0,quota_limit_reached
646_sukin,Oil Balancing Anti-Pollution Facial Masque,75634,https://www.sociolla.com/clay-mask/28817-mat-na-can-bang-dau,0,0,0,quota_limit_reached
646_sukin,Sensitive Facial Moisturiser,35757,https://www.sociolla.com/face-cream-lotion/13990-sensitive-facial-moisturiser,0,0,0,quota_limit_reached
646_sukin,Sensitive Cleansing Gel,35756,https://www.sociolla.com/cleansing-gel/13989-sensitive-cleansing-gel,0,0,0,quota_limit_reached
646_sukin,Sensitive Pink Clay Masque,75653,https://www.sociolla.com/clay-mask/28836-mat-na-dat-set-hong-cho-da-nhay-cam,0,0,0,quota_limit_reached
646_sukin,Sensitive Calming Night Cream,35754,https://www.sociolla.com/face-cream-lotion/13988-sensitive-calming-night-cream,0,0,0,quota_limit_reached
646_sukin,Purifying Facial Masque,20980,https://www.sociolla.com/clay-mask/13984-purifying-facial-masque,0,0,0,quota_limit_reached
646_sukin,Rosehip Hydrating Day Cream,35768,https://www.sociolla.com/face-cream-lotion/13994-rosehip-hydrating-day-cream,0,0,0,quota_limit_reached
646_sukin,Certified Organic Rosehip Oil,22258,https://www.sociolla.com/face-oil/13993-certified-organic-rosehip-oil,0,0,0,quota_limit_reached
646_sukin,Natural Deodorant Fresh Cotton,83428,https://www.sociolla.com/deodorant/55086-natural-deodorant-fresh-cotton,0,0,0,quota_limit_reached
646_sukin,Blemish-prone Essential Set (Sukin Cleanser + Toner),73052,https://www.sociolla.com/skin-care-set/26232-blemish-prone-essential-set-sukin-cleanser-toner,0,0,0,quota_limit_reached
646_sukin,Sukin Brightening Radiance Gel Cleanser 125ml Pump,91363,https://www.sociolla.com/cleansing-gel/63021-sukin-brightening-radiance-gel-cleanser-125ml-pump,0,0,0,quota_limit_reached
646_sukin,Mix & Masque (Sukin Clay Mask + Hydrating Mask),73050,https://www.sociolla.com/sheet-mask/26230-mix-and-masque-sukin-clay-mask-hydrating-mask,0,0,0,quota_limit_reached
646_sukin,Signature Hydrating Facial Masque,35741,https://www.sociolla.com/wash-off-mask/13982-signature-hydrating-facial-masque,0,0,0,quota_limit_reached
646_sukin,Green Tea Hydrating Mist Toner,75663,https://www.sociolla.com/toner/28846-nuoc-can-bang-dang-phun-suong-huong-tra-xanh,0,0,0,quota_limit_reached
646_sukin,Blemish Control Kit,63987,https://www.sociolla.com/skin-care-set/16947-blemish-control-kit,0,0,0,quota_limit_reached
646_sukin,Rose Hydrating Mist Toner,75662,https://www.sociolla.com/face-mist/28845-rose-hydrating-mist-toner,0,0,0,quota_limit_reached
646_sukin,Botanical Body Wash Lime & Coconut 500ml,75774,https://www.sociolla.com/body-wash/28957-botanical-body-wash-lime-and-coconut-500ml,0,0,0,quota_limit_reached
646_sukin,Invigorating Body Scrub White Tea & Jasmine 200ml,86459,https://www.sociolla.com/body-scrub-exfoliants/58117-invigorating-body-scrub-white-tea-and-jasmine-200ml,0,0,0,quota_limit_reached
646_sukin,Blemish Control Pore Perfecting Toner,27493,https://www.sociolla.com/toner/16944-blemish-control-pore-perfecting-toner,0,0,0,quota_limit_reached
646_sukin,Micellar Cleansing Water,75665,https://www.sociolla.com/micellar-water/28848-nuoc-tay-trang,0,0,0,quota_limit_reached
646_sukin,Blemish Control Oil Free Moisturizer,27500,https://www.sociolla.com/face-cream-lotion/33904-blemish-control-oil-free-moisturiser,0,0,0,quota_limit_reached
646_sukin,Hydrating Body Lotion Bergamot & Patchouli 500ml,75779,https://www.sociolla.com/body-lotion-body-serum/28962-hydrating-body-lotion-bergamot-and-patchouli-500ml,0,0,0,quota_limit_reached
646_sukin,Hydrating Body Lotion Lime & Coconut 500ml,75773,https://www.sociolla.com/2365-body-lotion/28956-hydrating-body-lotion-lime-and-coconut-500ml,0,0,0,quota_limit_reached
646_sukin,Nourishing Bath Routine - Sweet Bergamot & Patchouli (Sukin Body Wash + Lotion),87808,https://www.sociolla.com/bath-body-set/59466-nourishing-bath-routine-sweet-bergamot-and-patchouli-sukin-body-wash-lotion,0,0,0,quota_limit_reached
646_sukin,Botanical Body Wash Signature Scent,35751,https://www.sociolla.com/body-wash/13987-botanical-body-wash-signature-scent,0,0,0,quota_limit_reached
646_sukin,Trio Signature Minis with Special Pouch,98026,https://www.sociolla.com/skin-care-set/69684-trio-signature-minis-with-special-pouch,0,0,0,quota_limit_reached
646_sukin,Sukin Brightening Illuminating Eye Gel 15ml Tube,91365,https://www.sociolla.com/eye-serum/63023-sukin-brightening-illuminating-eye-gel-15ml-tube,0,0,0,quota_limit_reached
646_sukin,Deep Cleanse Conditioner,89589,https://www.sociolla.com/conditioner/61247-deep-cleanse-conditioner,0,0,0,quota_limit_reached
646_sukin,Body Care Best Seller (Deodorant + Lotion).,89414,https://www.sociolla.com/bath-body-set/61072-body-care-best-seller-deodorant-lotion,0,0,0,quota_limit_reached
646_sukin,Hydrating Conditioner,75787,https://www.sociolla.com/conditioner/28970-hydrating-conditioner,0,0,0,quota_limit_reached
646_sukin,Sensitive Essential Set (Sukin Cleanser + Moisturizer),73051,https://www.sociolla.com/face-cream-lotion/26231-sensitive-essential-set-sukin-cleanser-moisturizer,0,0,0,quota_limit_reached
646_sukin,Set of 2 Botanical Body Wash,86211,https://www.sociolla.com/body-wash/57869-set-of-2-botanical-body-wash,0,0,0,quota_limit_reached
646_sukin,Rosehip Enriching Night Cream,35772,https://www.sociolla.com/face-cream-lotion/13996-rosehip-enriching-night-cream,0,0,0,quota_limit_reached
646_sukin,Lavender Hydrating Mist Toner,83429,https://www.sociolla.com/face-mist/55087-lavender-hydrating-mist-toner,0,0,0,quota_limit_reached
646_sukin,Healthy Skin Night Set,73551,https://www.sociolla.com/face-cream-lotion/26731-healthy-skin-night-set,0,0,0,quota_limit_reached
646_sukin,Healthy Skin Day Set,73549,https://www.sociolla.com/skin-care-set/26729-healthy-skin-day-set,0,0,0,quota_limit_reached
646_sukin,Rosehip Nourishing Cream Cleanser,35771,https://www.sociolla.com/cleansing-cream/13995-rosehip-nourishing-cream-cleanser,0,0,0,quota_limit_reached
308_sulwhasoo,Special Set Gentle Cleansing Foam,107311,https://www.sociolla.com/face-wash/78969-10-10-gentle-cleansing-foam,0,0,0,quota_limit_reached
308_sulwhasoo,White Ginseng Radiance Refining Mask,105579,https://www.sociolla.com/skin-care-set/77237-white-ginseng-radiance-refining-mask,0,0,0,quota_limit_reached
646_sukin,Mighty Minis,80026,https://www.sociolla.com/default-category/51684-mighty-minis-pb,0,0,0,quota_limit_reached
646_sukin,Botanical Body Wash Ylang Ylang & Cedar 500ml,86458,https://www.sociolla.com/body-wash/58116-botanical-body-wash-ylang-ylang-and-cedar-500ml,0,0,0,quota_limit_reached
308_sulwhasoo,Special Set First Care Activating Serum 6th,107306,https://www.sociolla.com/essence/78964-10-10-first-care-activating-serum-6th,0,0,0,quota_limit_reached
308_sulwhasoo,Special Set Gentle Cleansing Oil,107310,https://www.sociolla.com/cleansing-oil/78968-10-10-gentle-cleansing-oil,0,0,0,quota_limit_reached
308_sulwhasoo,Essential Comfort Balancing Water,102203,https://www.sociolla.com/toner/73861-essential-comfort-balancing-water,0,0,0,quota_limit_reached
308_sulwhasoo,Gentle Cleansing Foam,82617,https://www.sociolla.com/face-wash/54275-gentle-cleansing-foam,0,0,0,quota_limit_reached
308_sulwhasoo,NEW Concentrated Ginseng Renewing Cream Classic,102206,https://www.sociolla.com/moisturizer/73864-new-concentrated-ginseng-renewing-cream-classic,0,0,0,quota_limit_reached
308_sulwhasoo,NEW Clarifying Mask Set,105578,https://www.sociolla.com/skin-care-set/77236-new-clarifying-mask-set,0,0,0,quota_limit_reached
308_sulwhasoo,NEW Concentrated Ginseng Renewing Cream EX,102207,https://www.sociolla.com/face-cream-lotion/73865-new-concentrated-ginseng-renewing-cream-ex,0,0,0,quota_limit_reached
308_sulwhasoo,Concentrated Ginseng Renewing Emulsion EX,106174,https://www.sociolla.com/face-cream-lotion/77832-concentrated-ginseng-renewing-emulsion-ex,0,0,0,quota_limit_reached
308_sulwhasoo,Essential Comfort Balancing Emulsion,102205,https://www.sociolla.com/face-cream-lotion/73863-essential-comfort-balancing-emulsion,0,0,0,quota_limit_reached
308_sulwhasoo,First Care Activating Serum VI,106125,https://www.sociolla.com/essence/77783-first-care-activating-serum-vi,0,0,0,quota_limit_reached
308_sulwhasoo,Concentrated Ginseng Renewing Serum Set,106184,https://www.sociolla.com/skin-care-set/77842-concentrated-ginseng-rinewing-serum-set,0,0,0,quota_limit_reached
308_sulwhasoo,Gentle Cleansing Oil,82618,https://www.sociolla.com/cleansing-oil/54276-gentle-cleansing-oil,0,0,0,quota_limit_reached
308_sulwhasoo,Gentle Cleansing Foam,106123,https://www.sociolla.com/face-wash/77781-gentle-cleansing-foam,0,0,0,quota_limit_reached
308_sulwhasoo,Men UV Defense Protector,106179,https://www.sociolla.com/sunscreen/77837-men-uv-defense-protector,0,0,0,quota_limit_reached
308_sulwhasoo,Overnight Vitalizing Mask,107305,https://www.sociolla.com/sheet-mask/78963-overnight-vitalizing-mask,0,0,0,quota_limit_reached
308_sulwhasoo,Essential Comfort Balancing Water,106133,https://www.sociolla.com/toner/77791-essential-comfort-balancing-water,0,0,0,quota_limit_reached
308_sulwhasoo,UV Wise Brightening Multi Protector No. 1 Creamy Glow,107309,https://www.sociolla.com/sunscreen/78967-uv-wise-brightening-multi-protector-no-1-creamy-glow,0,0,0,quota_limit_reached
308_sulwhasoo,Concentrated Ginseng Brightening Serum,106182,https://www.sociolla.com/face-serum/77840-concentrated-ginseng-brightening-serum,0,0,0,quota_limit_reached
308_sulwhasoo,UV Wise Milky Tone Up Set,105577,https://www.sociolla.com/default-category/77235-uv-wise-milky-tone-up-set,0,0,0,quota_limit_reached
308_sulwhasoo,Essential Comfort Firming Cream,102202,https://www.sociolla.com/face-cream-lotion/73860-essential-comfort-firming-cream,0,0,0,quota_limit_reached
308_sulwhasoo,UV Wise Brightening Multi Protector No. 1 Creamy Glow,106170,https://www.sociolla.com/sunscreen/77828-uv-wise-brightening-multi-protector-no-1-creamy-glow,0,0,0,quota_limit_reached
308_sulwhasoo,First Care Serum Set,102213,https://www.sociolla.com/skin-care-set/73871-first-care-serum-set,0,0,0,quota_limit_reached
308_sulwhasoo,UV Wise Brightening Multi Protector No. 2 Milky Tone Up,106169,https://www.sociolla.com/sunscreen/77827-uv-wise-brightening-multi-protector-no-2-milky-tone-up,0,0,0,quota_limit_reached
308_sulwhasoo,First Care Trial Kit,105580,https://www.sociolla.com/skin-care-set/77238-first-care-trial-kit,0,0,0,quota_limit_reached
308_sulwhasoo,First Care Activating Serum 6th,82625,https://www.sociolla.com/essence/54283-first-care-activating-serum-ex,0,0,0,quota_limit_reached
308_sulwhasoo,Men UV Defense Protector,102209,https://www.sociolla.com/sunscreen/73867-men-uv-defense-protector,0,0,0,quota_limit_reached
308_sulwhasoo,Concentrated Ginseng Renewing Eye Cream,107308,https://www.sociolla.com/eye-cream/78966-concentrated-ginseng-renewing-eye-cream,0,0,0,quota_limit_reached
1386_sundae-shower,Carecoal - SUNDAE Shower Cream,99926,https://www.sociolla.com/body-wash/71584-careoal-sundae-shower-cream,0,0,0,quota_limit_reached
308_sulwhasoo,Concentrated Ginseng Renewing Serum EX,107307,https://www.sociolla.com/face-serum/78965-concentrated-ginseng-renewing-serum-ex,0,0,0,quota_limit_reached
1386_sundae-shower,Berry Sweet - SUNDAE Shower Cream,95925,https://www.sociolla.com/body-wash/67583-berry-sweet-sundae-shower-cream,0,0,0,quota_limit_reached
1386_sundae-shower,Love&Dear - SUNDAE Shower Cream,95922,https://www.sociolla.com/body-wash/67580-love-and-dear-sundae-shower-cream,0,0,0,quota_limit_reached
1386_sundae-shower,Radiance - SUNDAE Shower Cream,95928,https://www.sociolla.com/body-wash/67586-radiance-sundae-shower-cream,0,0,0,quota_limit_reached
1386_sundae-shower,Berry Sweet Bundle,101915,https://www.sociolla.com/default-category/73573-berry-sweet-bundle,0,0,0,quota_limit_reached
1386_sundae-shower,Funilla - SUNDAE Whipped Body Lotion,95932,https://www.sociolla.com/body-lotion-body-serum/67590-funilla-sundae-whipped-body-lotion,0,0,0,quota_limit_reached
1386_sundae-shower,Love&Dear - SUNDAE Whipped Body Lotion,95930,https://www.sociolla.com/body-lotion-body-serum/67588-love-and-dear-sundae-whipped-body-lotion,0,0,0,quota_limit_reached
1386_sundae-shower,Radiance Bundle,101916,https://www.sociolla.com/default-category/73574-radiance-bundle,0,0,0,quota_limit_reached
1386_sundae-shower,Berry Sweet - SUNDAE Whipped Body Lotion,95931,https://www.sociolla.com/body-lotion-body-serum/67589-berry-sweet-sundae-whipped-body-lotion,0,0,0,quota_limit_reached
1386_sundae-shower,Funilla - SUNDAE Shower Cream,95926,https://www.sociolla.com/body-wash/67584-funilla-sundae-shower-cream,0,0,0,quota_limit_reached
1386_sundae-shower,Radiance - SUNDAE Whipped Body Lotion,95934,https://www.sociolla.com/body-lotion-body-serum/67592-radiance-sundae-whipped-body-lotion,0,0,0,quota_limit_reached
1386_sundae-shower,Love&Dear Bundle,101913,https://www.sociolla.com/default-category/73571-love-and-dear-bundle,0,0,0,quota_limit_reached
1386_sundae-shower,Funilla Bundle,101914,https://www.sociolla.com/default-category/73572-funilla-bundle,0,0,0,quota_limit_reached
684_syca,Lash Curler,85114,https://www.sociolla.com/eyelash-curler/56772-lash-curler,0,0,0,quota_limit_reached
684_syca,Syca Glow Tint,104288,https://www.sociolla.com/lip-tint/75946-syca-glow-tint,0,0,0,quota_limit_reached
684_syca,SYCA X EMILY IN PARIS Enchantee Browcara,103722,https://www.sociolla.com/eyebrows/75380-syca-x-emily-in-paris-enchant-e-browcara,0,0,0,quota_limit_reached
684_syca,Syca Liptint,36421,https://www.sociolla.com/lip-tint/14953-syca-liptint,0,0,0,quota_limit_reached
684_syca,Lash Out Love - Dazzling,83313,https://www.sociolla.com/mascara/54971-lash-out-love-dazzling,0,0,0,quota_limit_reached
684_syca,A tint of You - SYCA Natural Glow Weightless Tinted Moisturizer,97557,https://www.sociolla.com/tinted-moisturizer/69215-a-tint-of-you-syca-natural-glow-weightless-tinted-moisturizer,0,0,0,quota_limit_reached
684_syca,SYCA X EMILY IN PARIS Lip Powder,103721,https://www.sociolla.com/lip-cream/75379-syca-x-emily-in-paris-lip-powder-camille,0,0,0,quota_limit_reached
684_syca,SYCA Hydrating Sunscreen 6 UV Filters SPF 50 PA++++ Days in The Sun,105479,https://www.sociolla.com/sunscreen/77137-syca-hydrating-sunscreen-6-uv-filters-spf-50-pa-days-in-the-sun,0,0,0,quota_limit_reached
684_syca,Tint Balm,74683,https://www.sociolla.com/lip-balm/27863-tint-balm,0,0,0,quota_limit_reached
684_syca,Syca Beauty Blender Peach Puff,99697,https://www.sociolla.com/accessories/71355-syca-beauty-blender-peach-puff,0,0,0,quota_limit_reached
684_syca,Tint Balm Plum Lagoon,96212,https://www.sociolla.com/default-category/67870-tint-balm-plum-lagoon,0,0,0,quota_limit_reached
684_syca,Flick Liner,92357,https://www.sociolla.com/eyeliner/64015-flick-liner,0,0,0,quota_limit_reached
684_syca,SYCA X EMILY IN PARIS Multi-use Pot,103723,https://www.sociolla.com/face-palette/75381-syca-x-emily-in-paris-multi-use-pot-mon-soleil,0,0,0,quota_limit_reached
684_syca,Bye-bye Sebum Volcanic Roller,103719,https://www.sociolla.com/blotting-paper/75377-bye-bye-sebum-volcanic-roller,0,0,0,quota_limit_reached
684_syca,Lash Out Love - Darling,83312,https://www.sociolla.com/mascara/54970-lash-out-love-darling,0,0,0,quota_limit_reached
684_syca,Glow Tint Luminous Lasting Tint,104687,https://www.sociolla.com/lip-tint/76345-glow-tint-luminous-lasting-tint,0,0,0,quota_limit_reached
684_syca,Dazzling Lash out love + Curler,85116,https://www.sociolla.com/default-category/56774-dazzling-lash-out-love-curler,0,0,0,quota_limit_reached
684_syca,Lash Out Love Set,83314,https://www.sociolla.com/mascara/54972-lash-out-love-set,0,0,0,quota_limit_reached
684_syca,SYCA Perfect Lip,82968,https://www.sociolla.com/lip-tint/54626-syca-duo-iconic,0,0,0,quota_limit_reached
684_syca,SYCA X EMILY IN PARIS Bonne Nuit Lip Sleeping Mask,103720,https://www.sociolla.com/lip-mask/75378-syca-x-emily-in-paris-bonne-nuit-lip-sleeping-mask,0,0,0,quota_limit_reached
684_syca,The Lunar Gloss,88500,https://www.sociolla.com/lip-gloss/60158-the-lunar-gloss,0,0,0,quota_limit_reached
684_syca,Darling Lash out love + Curler,85115,https://www.sociolla.com/default-category/56773-darling-lash-out-love-curler,0,0,0,quota_limit_reached
684_syca,SYCA Triple Set,71445,https://www.sociolla.com/default-category/24625-syca-triple-set,0,0,0,quota_limit_reached
150_takeda,Curling Iron Green Ceramic,2313,https://www.sociolla.com/accessories/8269-curling-iron-green-ceramic,0,0,0,quota_limit_reached
150_takeda,Catok Lurus Ionic 1- TKD106BG,68393,https://www.sociolla.com/265-flat-irons-curling-irons-hair-stylers/15592-catok-lurus-ionic-1-tkd106bg,0,0,0,quota_limit_reached
150_takeda,Sisir Blow / Round Brush,20897,https://www.sociolla.com/hair-brushes-combs/9640-sisir-blow-round-brush,0,0,0,quota_limit_reached
150_takeda,Steam Hair Straightener,20894,https://www.sociolla.com/default-category/9637-steam-hair-straightener,0,0,0,quota_limit_reached
150_takeda,Super light Hair Dryer 500W Grey - TKD-8899G,85653,https://www.sociolla.com/hair-dryers/57311-super-light-hair-dryer-500w-grey-tkd-8899g,0,0,0,quota_limit_reached
150_takeda,I-Styler Silk Smooth Plus - Hair Curler TKD-22,982,https://www.sociolla.com/hair-straightener-curling-iron-hair-styler/4282-i-styler-silk-smooth-plus-hair-curler-tkd-22,0,0,0,quota_limit_reached
150_takeda,Keratin Golden Coating Straightener 38mm,106906,https://www.sociolla.com/hair-straightener-curling-iron-hair-styler/78564-keratin-golden-coating-straightener-38mm,0,0,0,quota_limit_reached
150_takeda,Catok Styling 25mm - TKD208,34584,https://www.sociolla.com/hair-straightener-curling-iron-hair-styler/12006-catok-styling-25mm-tkd208,0,0,0,quota_limit_reached
150_takeda,Super Deep Waver - TKD601,19475,https://sociolla.com/accessories/8890-super-deep-waver-tkd601.html,0,0,0,quota_limit_reached
150_takeda,Proffesional Hair Dryer 1100W-TKD-8988,35446,https://www.sociolla.com/hair-dryers/13552-proffesional-hair-dryer-1100w-tkd-8988,0,0,0,quota_limit_reached
150_takeda,Time Master Pro White,144,https://www.sociolla.com/facial-tools/1455-time-master-pro-white,0,0,0,quota_limit_reached
150_takeda,Manicure Set (TKD - C810) - White,149,https://www.sociolla.com/manicure-pedicure-set/1498-manicure-set-tkd-c810-white,0,0,0,quota_limit_reached
150_takeda,Super light Hair Dryer 500W Yellow- TKD-8899Y,85654,https://www.sociolla.com/hair-dryers/57312-super-light-hair-dryer-500w-yellow-tkd-8899y,0,0,0,quota_limit_reached
150_takeda,Keratin Golden Coating Straightener 25mm,106905,https://www.sociolla.com/hair-straightener-curling-iron-hair-styler/78563-keratin-golden-coating-straightener-25mm,0,0,0,quota_limit_reached
150_takeda,Catok Crimper 40mm - TKD128B,34583,https://www.sociolla.com/hair-straightener-curling-iron-hair-styler/12005-catok-crimper-40mm-tkd128b,0,0,0,quota_limit_reached
150_takeda,Catok Styling 40mm - TKD 128,34582,https://www.sociolla.com/hair-straightener-curling-iron-hair-styler/12004-catok-styling-40mm-tkd-128,0,0,0,quota_limit_reached
150_takeda,"Pinky Iconic Straightener 1,5 TKD-TR08 pink",981,https://sociolla.com/hair-care/4281-pinky-iconic-straightener-1-5-tkd-tr08-pink.html,0,0,0,quota_limit_reached
150_takeda,Proffesional Hair Dryer 1100W - TKD-9978,76144,https://www.sociolla.com/hair-dryers/47802-proffesional-hair-dryer-1100w-tkd-9978,0,0,0,quota_limit_reached
150_takeda,Proffesional Hair Dryer 900W - TKD-6630,76145,https://www.sociolla.com/hair-dryers/47803-proffesional-hair-dryer-900w-tkd-6630,0,0,0,quota_limit_reached
150_takeda,Clipper Cordless - TKD-9180,73830,https://www.sociolla.com/shaver-and-clipper/27010-clipper-cordless-tkd-9180,0,0,0,quota_limit_reached
150_takeda,Super light Hair Dryer 500W Violet- TKD-8899V,85655,https://www.sociolla.com/hair-dryers/57313-super-light-hair-dryer-500w-violet-tkd-8899v,0,0,0,quota_limit_reached
150_takeda,Takeda Hot Roll Brush TKD-998BF,409,https://sociolla.com/hair-dryers/2463-takeda-hot-roll-brush-tkd-998bf.html,0,0,0,quota_limit_reached
150_takeda,Timmer Lithium - TKD-9230,73831,https://www.sociolla.com/shaver-and-clipper/27011-timmer-lithium-tkd-9230,0,0,0,quota_limit_reached
150_takeda,Clipper Corded - TKD-RFJZ808,73829,https://www.sociolla.com/shaver-and-clipper/27009-clipper-corded-tkd-rfjz808,0,0,0,quota_limit_reached
150_takeda,Catok Lurus Ionic 18 - TKD109BG,66355,https://www.sociolla.com/hair-straightener-curling-iron-hair-styler/15594-catok-lurus-ionic-18-tkd109bg,0,0,0,quota_limit_reached
150_takeda,Proffesional Hair Dryer 800W - TKD-1314,76146,https://www.sociolla.com/hair-dryers/47804-proffesional-hair-dryer-800w-tkd-1314,0,0,0,quota_limit_reached
150_takeda,Pingky Mini S-Plate TKD-TR102 S Pink,64376,https://www.sociolla.com/hair-straightener-curling-iron-hair-styler/1469-pingky-mini-s-plate-tkd-tr102-s-pink,0,0,0,quota_limit_reached
150_takeda,"Catok Styling PTC 0,8"" - TKD-988",85656,https://www.sociolla.com/hair-straightener-curling-iron-hair-styler/57314-catok-styling-ptc-0-8-tkd-988,0,0,0,quota_limit_reached
150_takeda,Super light Hair Dryer 500W Black - TKD-8899B,85651,https://www.sociolla.com/hair-dryers/57309-super-light-hair-dryer-500w-black-tkd-8899b,0,0,0,quota_limit_reached
244_tammia,Eyelash Curler TV119,34359,https://www.sociolla.com/eyelash-curler/11720-eyelash-curler-tv119,0,0,0,quota_limit_reached
150_takeda,Medium Size Hair Dryer 450W - TKD-3031,85650,https://www.sociolla.com/hair-dryers/57308-medium-size-hair-dryer-450w-tkd-3031,0,0,0,quota_limit_reached
244_tammia,Premium 341 Blending Brush,33262,https://www.sociolla.com/default-category/10438-premium-341-blending-brush,0,0,0,quota_limit_reached
244_tammia,Professional 1104 Retractable BB/CC Cream Brush,35122,https://www.sociolla.com/default-category/12983-professional-1104-retractable-bb-cc-cream-brush,0,0,0,quota_limit_reached
244_tammia,Eyelash Curler TV113,34360,https://www.sociolla.com/eyelash-curler/11721-eyelash-curler-tv113,0,0,0,quota_limit_reached
244_tammia,Eyelash Curler TV114,34357,https://www.sociolla.com/default-category/11718-eyelash-curler-tv114,0,0,0,quota_limit_reached
244_tammia,REG-1318-26 Bath Gloves,82242,https://www.sociolla.com/body-sponge/53900-reg-1318-26-bath-gloves,0,0,0,quota_limit_reached
244_tammia,PE sponge JLK-B036B Shower Puff (40gr) - Pink,82239,https://www.sociolla.com/body-sponge/53897-pe-sponge-jlk-b036b-shower-puff-40gr,0,0,0,quota_limit_reached
244_tammia,TDB-002MC Wonder Detangling Brush,34370,https://www.sociolla.com/default-category/11726-tdb-002mc-wonder-detangling-brush,0,0,0,quota_limit_reached
244_tammia,E02 Blending Brush,35104,https://www.sociolla.com/default-category/12966-e02-blending-brush,0,0,0,quota_limit_reached
244_tammia,PE sponge B603/601 Shower puff - Ungu,82240,https://www.sociolla.com/body-sponge/53898-pe-sponge-b603-601-shower-puff,0,0,0,quota_limit_reached
244_tammia,BB-15 Pro Blender Sponge,35099,https://www.sociolla.com/sponge-applicators/12960-bb-15-pro-blender-sponge,0,0,0,quota_limit_reached
244_tammia,Professional Magnetic M002,78533,https://www.sociolla.com/default-category/50191-professional-magnetic-m002,0,0,0,quota_limit_reached
244_tammia,TammiaxMaze Oval WFB-001 Antibacterial Rose Scented (Large),78404,https://www.sociolla.com/default-category/50062-tammiaxmaze-wfb-001-l-antibacterial-rose-scented-pink-oval-wonder-flex-brush,0,0,0,quota_limit_reached
244_tammia,Premium 344 Dual Brow Brush,24133,https://www.sociolla.com/default-category/10512-premium-344-dual-brow-brush,0,0,0,quota_limit_reached
244_tammia,Premium 549 Highlighting Brush,24111,https://www.sociolla.com/default-category/10541-premium-549-highlighting-brush,0,0,0,quota_limit_reached
244_tammia,Premium 541 Small Stippling Brush,24130,https://www.sociolla.com/default-category/10534-premium-541-small-stippling-brush,0,0,0,quota_limit_reached
244_tammia,1505 foundation brush,67940,https://www.sociolla.com/230-face-brushes/15206-1505-foundation-brush,0,0,0,quota_limit_reached
244_tammia,Eyelash Curler Tv118,63326,https://www.sociolla.com/default-category/15990-eyelash-curler-tv118,0,0,0,quota_limit_reached
244_tammia,E15 Foundation Brush,35117,https://www.sociolla.com/default-category/12978-e15-foundation-brush,0,0,0,quota_limit_reached
244_tammia,1509 deluxe complexion sculpting brush,67967,https://www.sociolla.com/230-face-brushes/15209-1509-deluxe-complexion-sculpting-brush,0,0,0,quota_limit_reached
244_tammia,Premium 531 Complexion Brush,33264,https://www.sociolla.com/default-category/10513-premium-531-complexion-brush,0,0,0,quota_limit_reached
244_tammia,MP401 40g crepe mesh sponge Shower Puff - Biru,82255,https://www.sociolla.com/body-sponge/53913-mp401-40g-crepe-mesh-sponge-shower-puff,0,0,0,quota_limit_reached
244_tammia,E07 Eye Sponge Applicator,35109,https://sociolla.com/eye-brush/12971-e07-eye-sponge-applicator.html,0,0,0,quota_limit_reached
244_tammia,TDB-002C Wonder Detangling Brush,34371,https://www.sociolla.com/default-category/11724-tdb-002c-wonder-detangling-brush,0,0,0,quota_limit_reached
244_tammia,BB-20 Fusion Blending Sponge,33267,https://www.sociolla.com/default-category/10546-bb-20-fusion-blending-sponge,0,0,0,quota_limit_reached
244_tammia,BB-27 Fusion Blending Sponge,78538,https://www.sociolla.com/default-category/50196-bb-27-fusion-blending-sponge-purple-slant-cut-flat-bottom,0,0,0,quota_limit_reached
244_tammia,1308 deluxe angled shadow brush,67964,https://www.sociolla.com/default-category/15193-1308-deluxe-angled-shadow-brush,0,0,0,quota_limit_reached
244_tammia,1507 Deluxe Perfect-Finish Brush,67939,https://www.sociolla.com/230-face-brushes/15208-1507-deluxe-perfect-finish-brush,0,0,0,quota_limit_reached
244_tammia,1305 deluxe detailing smudge brush,67912,https://www.sociolla.com/231-eye-brushes/15190-1305-deluxe-detailing-smudge-brush,0,0,0,quota_limit_reached
244_tammia,1309 deluxe dimensional shadow brush,67914,https://www.sociolla.com/default-category/15194-1309-deluxe-dimensional-shadow-brush,0,0,0,quota_limit_reached
244_tammia,1304 deluxe angled liner brush,67922,https://www.sociolla.com/231-eye-brushes/15189-1304-deluxe-angled-liner-brush,0,0,0,quota_limit_reached
244_tammia,Re-PET 901B Bath Sponge - Pink,82244,https://www.sociolla.com/body-sponge/53902-re-pet-901b-bath-sponge,0,0,0,quota_limit_reached
244_tammia,Premium 334 Contour Brush,24148,https://www.sociolla.com/default-category/10424-premium-334-contour-brush,0,0,0,quota_limit_reached
244_tammia,E14 Blush Brush,35116,https://www.sociolla.com/default-category/12977-e14-blush-brush,0,0,0,quota_limit_reached
244_tammia,TammiaxMaze Oval WFB-001 Antibacterial Jasmine Scented (Large),78405,https://www.sociolla.com/default-category/50063-tammiaxmaze-wfb-001-l-antibacterial-jasmine-scented-green-oval-wonder-flex-brush,0,0,0,quota_limit_reached
244_tammia,E04 Angled Eye Brush,35106,https://www.sociolla.com/default-category/12968-e04-angled-eye-brush,0,0,0,quota_limit_reached
244_tammia,Premium 545 Defining Face Brush,24126,https://www.sociolla.com/default-category/10538-premium-545-defining-face-brush,0,0,0,quota_limit_reached
244_tammia,1314 deluxe smudger brush,67923,https://www.sociolla.com/default-category/15199-1314-deluxe-smudger-brush,0,0,0,quota_limit_reached
244_tammia,Exfoliating oval sponge pink 9000-2A - Pink,82251,https://www.sociolla.com/body-sponge/53909-exfoliating-oval-sponge-pink-9000-2a,0,0,0,quota_limit_reached
244_tammia,1301 deluxe crease brush,67899,https://www.sociolla.com/default-category/15183-1301-deluxe-crease-brush,0,0,0,quota_limit_reached
244_tammia,TammiaxMaze Paddle WFB-002 Antibacterial Lavender Scented (Medium),78487,https://www.sociolla.com/default-category/50145-tammiaxmaze-wfb-002-ml-antibacterial-lavender-scented-purple-paddle-wonder-flex-brush,0,0,0,quota_limit_reached
244_tammia,TammiaxMaze Paddle WFB-005 Antibacterial Rose Scented (Small),78512,https://www.sociolla.com/default-category/50170-tammiaxmaze-wfb-005-s-antibacterial-rose-scented-pink-paddle-wonder-flex-brush,0,0,0,quota_limit_reached
244_tammia,Bath sponge SFP402 40g duo color Shower Puff (40g) - Mix Pink Putih,82247,https://www.sociolla.com/body-sponge/53905-bath-sponge-sfp402-40g-duo-color-shower-puff-40g,0,0,0,quota_limit_reached
244_tammia,1302 deluxe shadow brush,67907,https://www.sociolla.com/default-category/15184-1302-deluxe-shadow-brush,0,0,0,quota_limit_reached
244_tammia,E05 Smudge Brush,35107,https://www.sociolla.com/eye-brushes/12969-e05-smudge-brush,0,0,0,quota_limit_reached
244_tammia,1307 deluxe concealer brush,67942,https://www.sociolla.com/230-face-brushes/15192-1307-deluxe-concealer-brush,0,0,0,quota_limit_reached
244_tammia,BB-22 Fusion Blending Sponge,33271,https://www.sociolla.com/default-category/10547-bb-22-fusion-blending-sponge,0,0,0,quota_limit_reached
244_tammia,Premium 544 Large Contour Brush,24127,https://www.sociolla.com/default-category/10537-premium-544-large-contour-brush,0,0,0,quota_limit_reached
244_tammia,1503 deluxe foundation brush,67916,https://www.sociolla.com/default-category/15204-1503-deluxe-foundation-brush,0,0,0,quota_limit_reached
244_tammia,Premium 532 Powder Brush,33266,https://www.sociolla.com/default-category/10514-premium-532-powder-brush,0,0,0,quota_limit_reached
244_tammia,1510 deluxe perfecting powder brush,67933,https://www.sociolla.com/230-face-brushes/15210-1510-deluxe-perfecting-powder-brush,0,0,0,quota_limit_reached
244_tammia,TDB-002SC wonder detangling brush,34369,https://www.sociolla.com/default-category/11728-tdb-002sc-wonder-detangling-brush,0,0,0,quota_limit_reached
244_tammia,KM001 Facial Mesh Sponge (10g) - Pink,82245,https://www.sociolla.com/body-sponge/53903-km001-facial-mesh-sponge-10g,0,0,0,quota_limit_reached
244_tammia,E09 Spot Concealer Brush,35111,https://www.sociolla.com/default-category/12963-e09-spot-concealer-brush,0,0,0,quota_limit_reached
244_tammia,1306 deluxe small shadow brush,67918,https://www.sociolla.com/231-eye-brushes/15191-1306-deluxe-small-shadow-brush,0,0,0,quota_limit_reached
244_tammia,Premium 534 Angled Foundation Brush,33268,https://www.sociolla.com/default-category/10527-premium-534-angled-foundation-brush,0,0,0,quota_limit_reached
244_tammia,ACC-083 Silicone Beauty Sponge Case,35093,https://www.sociolla.com/most-hyped-makeup/12954-acc-083-silicone-beauty-sponge-case,0,0,0,quota_limit_reached
244_tammia,Premium 538 Small Tapered Brush,33273,https://www.sociolla.com/default-category/10531-premium-538-small-tapered-brush,0,0,0,quota_limit_reached
244_tammia,White round korean make up remover pad,78540,https://www.sociolla.com/default-category/50198-10cm-dia-white-round-make-up-remover-pad-korea,0,0,0,quota_limit_reached
244_tammia,E16 Fan Brush,35118,https://www.sociolla.com/default-category/12979-e16-fan-brush,0,0,0,quota_limit_reached
244_tammia,BB-25 Fusion Beauty Sponge,33477,https://www.sociolla.com/default-category/10549-bb-25-fusion-beauty-sponge,0,0,0,quota_limit_reached
244_tammia,Premium 551 Flawless Finish Brush,24108,https://sociolla.com/face-brush/10543-premium-551-flawless-finish-brush.html,0,0,0,quota_limit_reached
244_tammia,1508 Deluxe Fan Brush,67932,https://www.sociolla.com/230-face-brushes/15211-1508-deluxe-fan-brush,0,0,0,quota_limit_reached
244_tammia,C01/2-20g 2pc set mesh sponge Shower Puff - Mix Hijau,82250,https://www.sociolla.com/body-sponge/53908-c01-2-20g-2pc-set-mesh-sponge-shower-puff,0,0,0,quota_limit_reached
244_tammia,Premium 546 Flawless Finish Brush,33259,https://sociolla.com/face-brush/10539-premium-546-flawless-finish-brush.html,0,0,0,quota_limit_reached
244_tammia,E03 Eyeshadow Brush,35105,https://www.sociolla.com/default-category/12967-e03-eyeshadow-brush,0,0,0,quota_limit_reached
244_tammia,840 Wonder Detangling Brush - Pink,66832,https://www.sociolla.com/default-category/5055-840-wonder-detangling-brush-pink,0,0,0,quota_limit_reached
244_tammia,E12 Face Brush,35114,https://www.sociolla.com/default-category/12975-e12-face-brush,0,0,0,quota_limit_reached
244_tammia,BB-24 Fusion Beauty Sponge,33476,https://sociolla.com/sponge-and-applicator/10548-bb-21-fusion-blending-sponge.html,0,0,0,quota_limit_reached
244_tammia,1402 deluxe brow comb,67965,https://www.sociolla.com/default-category/15201-1402-deluxe-brow-comb,0,0,0,quota_limit_reached
244_tammia,1201 deluxe angled lip brush,67910,https://www.sociolla.com/232-lip-brushes/15182-1201-deluxe-angled-lip-brush,0,0,0,quota_limit_reached
244_tammia,1401 deluxe eyebrow brush & comb,67915,https://www.sociolla.com/231-eye-brushes/15200-1401-deluxe-eyebrow-brush-and-comb,0,0,0,quota_limit_reached
244_tammia,BB-7 Blending Sponge,35101,https://www.sociolla.com/default-category/12962-bb-7-blending-sponge,0,0,0,quota_limit_reached
244_tammia,BB-28 Fusion Blending Sponge mini teardrop 2ct,78539,https://www.sociolla.com/default-category/50197-bb-28-fusion-blending-sponge-mini-teardrop-2ct,0,0,0,quota_limit_reached
244_tammia,BB-14 Pro Blender Sponge,35098,https://www.sociolla.com/default-category/12959-bb-14-pro-blender-sponge,0,0,0,quota_limit_reached
244_tammia,Professional 3D Faux Mink,78529,https://www.sociolla.com/false-eyelashes/50187-professional-3d-faux-mink,0,0,0,quota_limit_reached
244_tammia,Premium 539 Angled Blush Brush,33274,https://www.sociolla.com/default-category/10532-premium-539-angled-blush-brush,0,0,0,quota_limit_reached
244_tammia,Buy 1 Share 1 - Re-PET 901B Bath Sponge - Pink,83017,https://www.sociolla.com/sociolla-gift-set/54675-buy-1-share-1-re-pet-901b-bath-sponge-pink,0,0,0,quota_limit_reached
244_tammia,221B bamboo charcoal infused body towel,82256,https://www.sociolla.com/body-sponge/53914-221b-bamboo-charcoal-infused-body-towel,0,0,0,quota_limit_reached
244_tammia,RC01-60g recycled mesh sponges Shower Puff - Hijau,82238,https://www.sociolla.com/body-sponge/53896-rec01-40g-recycled-mesh-sponges-shower-puff,0,0,0,quota_limit_reached
244_tammia,Re-PET RE-3090 Bath Towels - Orange,82243,https://www.sociolla.com/body-sponge/53901-re-pet-re-3090-bath-towels,0,0,0,quota_limit_reached
244_tammia,ACC-078 Brush Cleansing Palette,35092,https://www.sociolla.com/default-category/12953-acc-078-brush-cleansing-palette,0,0,0,quota_limit_reached
244_tammia,Puff K6 (DPS),78535,https://www.sociolla.com/default-category/50193-puff-k6-dps,0,0,0,quota_limit_reached
244_tammia,1312 deluxe dimensional blending brush,67921,https://www.sociolla.com/231-eye-brushes/15197-1312-deluxe-dimensional-blending-brush,0,0,0,quota_limit_reached
244_tammia,TammiaxMaze Paddle WFB-002 Antibacterial Rose Scented (Medium),78483,https://www.sociolla.com/default-category/50141-tammiaxmaze-wfb-002-ml-antibacterial-rose-scented-pink-paddle-wonder-flex-brush,0,0,0,quota_limit_reached
244_tammia,Premium 550 Pointed Powder Brush,24109,https://sociolla.com/face-brush/10542-premium-550-pointed-powder-brush.html,0,0,0,quota_limit_reached
244_tammia,TammiaxMaze Paddle WFB-003 Antibacterial Rose Scented (Large),78491,https://www.sociolla.com/default-category/50149-tammiaxmaze-wfb-003-l-antibacterial-rose-scented-pink-paddle-wonder-flex-brush,0,0,0,quota_limit_reached
244_tammia,TDB-002M Wonder Detangling Brush,34372,https://www.sociolla.com/default-category/11725-tdb-002m-wonder-detangling-brush,0,0,0,quota_limit_reached
244_tammia,Synthetic loofah sponge 2506-4A,82252,https://www.sociolla.com/body-sponge/53910-synthetic-loofah-sponge-2506-4a,0,0,0,quota_limit_reached
244_tammia,Buy 1 Share 1 - TammiaxMaze Paddle WFB-002 Antibacterial Rose Scented (Medium),83016,https://www.sociolla.com/sociolla-gift-set/54674-buy-1-share-1-tammiaxmaze-paddle-wfb-002-antibacterial-rose-scented-medium,0,0,0,quota_limit_reached
244_tammia,Premium 533 Fan Brush,24150,https://www.sociolla.com/face-brushes/10515-premium-533-fan-brush,0,0,0,quota_limit_reached
244_tammia,E10 Spoolie Brush,35112,https://www.sociolla.com/default-category/12973-e10-spoolie-brush,0,0,0,quota_limit_reached
244_tammia,Premium 335 Concealer Brush,24149,https://www.sociolla.com/default-category/10425-premium-335-concealer-brush,0,0,0,quota_limit_reached
244_tammia,Premium 548 Powder Buffing Brush,24114,https://www.sociolla.com/default-category/10540-premium-548-powder-buffing-brush,0,0,0,quota_limit_reached
244_tammia,E06 Crease Brush,35108,https://www.sociolla.com/default-category/12970-e06-crease-brush,0,0,0,quota_limit_reached
244_tammia,Professional Faux Mink,78522,https://www.sociolla.com/default-category/50180-professional-faux-mink,0,0,0,quota_limit_reached
244_tammia,BB-8 Mini Contouring Sponge 2Ct,35102,https://www.sociolla.com/default-category/12964-bb-8-mini-contouring-sponge-2ct,0,0,0,quota_limit_reached
244_tammia,BB-6 Mini Blending Sponge 2Ct,35100,https://www.sociolla.com/sponge-applicators/12961-bb-6-mini-blending-sponge-2ct,0,0,0,quota_limit_reached
244_tammia,Professional 1103 Large Retractable Brush,35121,https://www.sociolla.com/accessories/12982-professional-1103-large-retractable-brush,0,0,0,quota_limit_reached
244_tammia,TammiaxMaze Paddle WFB-002 Antibacterial Jasmine Scented (Medium),78484,https://www.sociolla.com/hair-brushes-combs/50142-tammiaxmaze-wfb-002-ml-antibacterial-jasmine-scented-green-paddle-wonder-flex-brush,0,0,0,quota_limit_reached
244_tammia,1506 deluxe small blush brush,67966,https://www.sociolla.com/230-face-brushes/15207-1506-deluxe-small-blush-brush,0,0,0,quota_limit_reached
244_tammia,1502 deluxe contouring brush,67924,https://www.sociolla.com/230-face-brushes/15203-1502-deluxe-contouring-brush,0,0,0,quota_limit_reached
244_tammia,1501 deluxe powder brush,67948,https://www.sociolla.com/230-face-brushes/15202-1501-deluxe-powder-brush,0,0,0,quota_limit_reached
244_tammia,1504 deluxe angled blush brush,67952,https://www.sociolla.com/230-face-brushes/15205-1504-deluxe-angled-blush-brush,0,0,0,quota_limit_reached
244_tammia,1313 deluxe blending brush,67920,https://www.sociolla.com/231-eye-brushes/15198-1313-deluxe-blending-brush,0,0,0,quota_limit_reached
244_tammia,BB-10 Perfecting Blender Sponge,35095,https://sociolla.com/sponge-and-applicator/12956-bb-10-perfecting-blender-sponge.html,0,0,0,quota_limit_reached
244_tammia,1311 deluxe shading brush,67946,https://www.sociolla.com/230-face-brushes/15196-1311-deluxe-shading-brush,0,0,0,quota_limit_reached
244_tammia,1310 deluxe duo brow brush,67919,https://www.sociolla.com/231-eye-brushes/15195-1310-deluxe-duo-brow-brush,0,0,0,quota_limit_reached
244_tammia,1303 deluxe liner brush,67913,https://www.sociolla.com/231-eye-brushes/15188-1303-deluxe-liner-brush,0,0,0,quota_limit_reached
244_tammia,Eyelash Curler TV117,34358,https://www.sociolla.com/eyelash-curler/11719-eyelash-curler-tv117,0,0,0,quota_limit_reached
244_tammia,TammiaxMaze Oval WFB-004 Antibacterial Jasmine Scented (Small),78509,https://www.sociolla.com/default-category/50167-tammiaxmaze-wfb-004-s-antibacterial-jasmine-scented-green-oval-wonder-flex-brush,0,0,0,quota_limit_reached
244_tammia,TDB-009GW Wooden Wonder Detangling Brush,34362,https://www.sociolla.com/default-category/11732-tdb-009gw-wooden-wonder-detangling-brush,0,0,0,quota_limit_reached
244_tammia,TammiaxMaze Oval WFB-004 Antibacterial Rose Scented (Small),78508,https://www.sociolla.com/default-category/50166-tammiaxmaze-wfb-004-s-antibacterial-rose-scented-pink-oval-wonder-flex-brush,0,0,0,quota_limit_reached
244_tammia,TammiaxMaze Oval WFB-004 Antibacterial Lavender Scented (Small),78510,https://www.sociolla.com/hair-brushes-combs/50168-tammiaxmaze-wfb-004-s-antibacterial-lavender-scented-purple-oval-wonder-flex-brush,0,0,0,quota_limit_reached
244_tammia,TammiaxMaze Paddle WFB-005 Antibacterial Lavender Scented (Small),78518,https://www.sociolla.com/hair-brushes-combs/50176-tammiaxmaze-wfb-005-s-antibacterial-lavender-scented-purple-paddle-wonder-flex-brush,0,0,0,quota_limit_reached
244_tammia,TammiaxMaze WFB-004 S Oval Wonder Flex Brush,63323,https://www.sociolla.com/hair-brushes-combs/15988-tammiaxmaze-wfb-004-s-oval-wonder-flex-brush,0,0,0,quota_limit_reached
244_tammia,Synthetic loofah sponge 2506-2A,82254,https://www.sociolla.com/body-sponge/53912-synthetic-loofah-sponge-2506-2a,0,0,0,quota_limit_reached
244_tammia,Premium 536 Stippling Brush,33270,https://sociolla.com/face-brush/10529-premium-536-stippling-brush.html,0,0,0,quota_limit_reached
244_tammia,TDB-009S Small Wooden Wonder Detangling Brush,34361,https://www.sociolla.com/default-category/11733-tdb-009s-small-wooden-wonder-detangling-brush,0,0,0,quota_limit_reached
244_tammia,TammiaxMaze Paddle WFB-003 Antibacterial Jasmine Scented (Large),78492,https://www.sociolla.com/default-category/50150-tammiaxmaze-wfb-003-l-antibacterial-jasmine-scented-green-paddle-wonder-flex-brush,0,0,0,quota_limit_reached
244_tammia,TPC-001 Deluxe Loose Powder Case,35124,https://www.sociolla.com/default-category/12985-tpc-001-deluxe-loose-powder-case,0,0,0,quota_limit_reached
244_tammia,Premium 535 Blush Brush,33269,https://www.sociolla.com/default-category/10528-premium-535-blush-brush,0,0,0,quota_limit_reached
244_tammia,REC01-40g recycled mesh sponges Shower Puff - Pink,82249,https://www.sociolla.com/body-sponge/53907-rec01-40g-recycled-mesh-sponges-shower-puff,0,0,0,quota_limit_reached
244_tammia,TDB-001 Wonder Detangling Brush,34364,https://www.sociolla.com/hair-brushes-combs/11722-tdb-001-wonder-detangling-brush,0,0,0,quota_limit_reached
244_tammia,Premium 338 Small Angled Brush,33260,https://www.sociolla.com/default-category/10434-premium-338-small-angled-brush,0,0,0,quota_limit_reached
244_tammia,Premium 537 Small Powder Brush,33272,https://www.sociolla.com/default-category/10530-premium-537-small-powder-brush,0,0,0,quota_limit_reached
244_tammia,BB-13 Pro Beauty Sponge,35097,https://www.sociolla.com/default-category/12958-bb-13-pro-beauty-sponge,0,0,0,quota_limit_reached
244_tammia,Premium 336 Eyeshadow Shaping Brush,24141,https://www.sociolla.com/eye-brushes/10426-premium-336-eyeshadow-shaping-brush,0,0,0,quota_limit_reached
244_tammia,Premium 343 Crease Brush,24136,https://www.sociolla.com/default-category/10511-premium-343-crease-brush,0,0,0,quota_limit_reached
244_tammia,Buy 1 Share 1 - REC01-40g recycled mesh sponges Shower Puff - Pink,83018,https://www.sociolla.com/sociolla-gift-set/54676-buy-1-share-1-rec01-40g-recycled-mesh-sponges-shower-puff-pink,0,0,0,quota_limit_reached
244_tammia,TammiaxMaze Paddle WFB-005 Antibacterial Jasmine Scented (Small),78514,https://www.sociolla.com/default-category/50172-tammiaxmaze-wfb-005-s-antibacterial-jasmine-scented-green-paddle-wonder-flex-brush,0,0,0,quota_limit_reached
244_tammia,TammiaxMaze Oval WFB-001 Antibacterial Lavender Scented (Large),78414,https://www.sociolla.com/default-category/50072-tammiaxmaze-wfb-001-l-antibacterial-lavender-scented-purple-oval-wonder-flex-brush,0,0,0,quota_limit_reached
244_tammia,AP-482 Silicone Facial Exfoliating Brush,35094,https://www.sociolla.com/default-category/12955-ap-482-silicone-facial-exfoliating-brush,0,0,0,quota_limit_reached
244_tammia,Premium 342 Flat Eyeliner Brush,24137,https://www.sociolla.com/default-category/10437-premium-342-flat-eyeliner-brush,0,0,0,quota_limit_reached
244_tammia,Professional 1101 Small Retractable Brush,35119,https://www.sociolla.com/default-category/12980-professional-1101-small-retractable-brush,0,0,0,quota_limit_reached
244_tammia,Premium 339 Angled Contour Brush,33261,https://www.sociolla.com/default-category/10435-premium-339-angled-contour-brush,0,0,0,quota_limit_reached
244_tammia,Premium 340 Angled Eyeliner Brush,24143,https://www.sociolla.com/accessories/10436-premium-340-angled-eyeliner-brush,0,0,0,quota_limit_reached
244_tammia,Premium 540 Ultimate Concealer Brush,24129,https://www.sociolla.com/default-category/10533-premium-540-ultimate-concealer-brush,0,0,0,quota_limit_reached
1133_teddy-clubs,Clear Lip Gloss with UV Protection,88253,https://www.sociolla.com/lip-gloss/59911-clear-lip-gloss-with-uv-protection,0,0,0,quota_limit_reached
1133_teddy-clubs,Matcha Green Tea Clay Mask,82340,https://www.sociolla.com/clay-mask/53998-matcha-green-tea-clay-mask,0,0,0,quota_limit_reached
1133_teddy-clubs,Bright Hero Body Wash,90528,https://www.sociolla.com/default-category/62186-bright-hero-body-wash,0,0,0,quota_limit_reached
1133_teddy-clubs,Pink Lava Acne,82269,https://www.sociolla.com/wash-off-mask/53927-pink-lava-acne,0,0,0,quota_limit_reached
1133_teddy-clubs,BHA Bacne Balancing Body Wash,90532,https://www.sociolla.com/body-wash/62190-bha-bacne-balancing-body-wash,0,0,0,quota_limit_reached
1133_teddy-clubs,Boba Pore Care,82272,https://www.sociolla.com/wash-off-mask/53930-boba-pore-care,0,0,0,quota_limit_reached
1133_teddy-clubs,Vanilla Milk Brightening,82268,https://www.sociolla.com/wash-off-mask/53926-vanilla-milk-brightening,0,0,0,quota_limit_reached
1133_teddy-clubs,Glass Skin Glow,82270,https://www.sociolla.com/wash-off-mask/53928-glass-skin-glow,0,0,0,quota_limit_reached
1133_teddy-clubs,Silicone Face Mask Applicator,87495,https://www.sociolla.com/face-brushes/59153-silicone-face-mask-applicator,0,0,0,quota_limit_reached
1133_teddy-clubs,Charcoal Underarm Mask & Scrub,97995,https://www.sociolla.com/hand-foot-mask/69653-charcoal-underarm-mask-and-scrub,0,0,0,quota_limit_reached
1133_teddy-clubs,Deep Green Calming Daily Toner,104394,https://www.sociolla.com/toner/76052-deep-green-calming-daily-toner,0,0,0,quota_limit_reached
1133_teddy-clubs,Bha Bacne Wash and Bright Hero Body Care Bundle,90536,https://www.sociolla.com/body-lotion-body-serum/62194-bha-bacne-wash-and-bright-hero-body-care-bundle,0,0,0,quota_limit_reached
1133_teddy-clubs,Bright Hero Body Care Bundle,90534,https://www.sociolla.com/body-lotion-body-serum/62192-bright-hero-body-care-bundle,0,0,0,quota_limit_reached
1133_teddy-clubs,Bright Hero Body Lotion,90530,https://www.sociolla.com/body-lotion/62188-bright-hero-body-lotion,0,0,0,quota_limit_reached
1133_teddy-clubs,Jeju Centella Blemish Serum,104391,https://www.sociolla.com/face-serum/76049-jeju-centella-blemish-serum,0,0,0,quota_limit_reached
1133_teddy-clubs,Green Clean Gel Cleanser,104393,https://www.sociolla.com/face-wash/76051-green-clean-gel-cleanser,0,0,0,quota_limit_reached
1133_teddy-clubs,Flor de Calendula,82341,https://www.sociolla.com/wash-off-mask/53999-flor-de-calendula,0,0,0,quota_limit_reached
767_the-aubree,Botanical Calendula Toner,70489,https://www.sociolla.com/toner/23677-botanical-calendula-toner,0,0,0,quota_limit_reached
767_the-aubree,Blue Ocean Rich Toner,105939,https://www.sociolla.com/moisturizer/77597-blue-ocean-rich-toner,0,0,0,quota_limit_reached
767_the-aubree,Rose Bloom Petal Essence,78793,https://www.sociolla.com/essence/50451-rose-bloom-petal-essence,0,0,0,quota_limit_reached
767_the-aubree,Advanced Ceramide Soft Cream,105938,https://www.sociolla.com/face-cream-lotion/77596-advanced-ceramide-soft-cream,0,0,0,quota_limit_reached
767_the-aubree,Artemisia Daily Sunscreen SPF 50 PA ++++,95373,https://www.sociolla.com/sunscreen/67031-artemisia-daily-sunscreen-spf-50-pa,0,0,0,quota_limit_reached
767_the-aubree,Ferulic Acid Skin Essence,101329,https://www.sociolla.com/essence/72987-ferulic-acid-skin-essence,0,0,0,quota_limit_reached
767_the-aubree,Centella + Greentea Power Cream,70945,https://www.sociolla.com/face-cream-lotion/24125-centella-greentea-power-cream,0,0,0,quota_limit_reached
767_the-aubree,Niacinamide skin booster,70387,https://www.sociolla.com/face-serum/23576-niacinamide-skin-booster,0,0,0,quota_limit_reached
767_the-aubree,Oat Creamy Jelly Cleanser,107900,https://www.sociolla.com/face-wash/79558-oat-creamy-jelly-cleanser,0,0,0,quota_limit_reached
767_the-aubree,Brightening Serum Concentrate,106921,https://www.sociolla.com/face-serum/78579-brightening-serum-concentrate,0,0,0,quota_limit_reached
767_the-aubree,Radiance Intensive Night Cream,106193,https://www.sociolla.com/face-cream-lotion/77851-radiance-intensive-night-cream,0,0,0,quota_limit_reached
767_the-aubree,BHA Intensive Acne Toner,101320,https://www.sociolla.com/toner/72978-bha-intensive-acne-toner,0,0,0,quota_limit_reached
767_the-aubree,Ginseng Renewing First Serum,70944,https://www.sociolla.com/face-serum/24124-ginseng-renewing-first-serum,0,0,0,quota_limit_reached
767_the-aubree,Centella Herb Serum New Formula,106922,https://www.sociolla.com/face-serum/78580-centella-herb-serum-new-formula,0,0,0,quota_limit_reached
767_the-aubree,Serene Skin Mist,101328,https://www.sociolla.com/face-mist/72986-serene-skin-mist,0,0,0,quota_limit_reached
767_the-aubree,Advanced Centella + Greentea Power Cream,106194,https://www.sociolla.com/face-cream-lotion/77852-advanced-centella-greentea-power-cream,0,0,0,quota_limit_reached
767_the-aubree,Calm and Comfort Hydrating Cleanser,63834,https://www.sociolla.com/face-wash/16676-calm-and-comfort-hydrating-cleanser,0,0,0,quota_limit_reached
767_the-aubree,Triple Action Acne Spot Treatment,101323,https://www.sociolla.com/acne-blemish-treatments/72981-triple-action-acne-spot-treatment,0,0,0,quota_limit_reached
767_the-aubree,Hyaluron Hydrating Serum,90744,https://www.sociolla.com/face-serum/62402-hyaluron-hydrating-serum,0,0,0,quota_limit_reached
767_the-aubree,Botanical Witch Hazel Toner,78862,https://www.sociolla.com/toner/50520-botanical-witch-hazel-toner,0,0,0,quota_limit_reached
767_the-aubree,Brightening Serum Concentrate,63831,https://www.sociolla.com/face-serum/16673-brightening-serum-concentrate,0,0,0,quota_limit_reached
767_the-aubree,Peptide Eye Cream,90743,https://www.sociolla.com/eye-care/62401-peptide-eye-cream,0,0,0,quota_limit_reached
767_the-aubree,Even Brighter Day Cream,63832,https://www.sociolla.com/face-cream-lotion/16674-even-brighter-day-cream,0,0,0,quota_limit_reached
767_the-aubree,Ceramide soft cream,70946,https://www.sociolla.com/face-cream-lotion/24126-ceramide-soft-cream,0,0,0,quota_limit_reached
767_the-aubree,10% Vitamin C Serum,93157,https://www.sociolla.com/face-serum/64815-10-vitamin-c-serum,0,0,0,quota_limit_reached
767_the-aubree,Succinic Acid Oil Control Serum,101321,https://www.sociolla.com/face-serum/72979-succinic-acid-oil-control-serum,0,0,0,quota_limit_reached
314_the-bath-box,Goats Don't Lie - Original,19663,https://www.sociolla.com/body-wash/9134-goats-dont-lie-original,0,0,0,quota_limit_reached
314_the-bath-box,Goats Don't Lie - Geranium,19665,https://www.sociolla.com/default-category/9136-goats-dont-lie-geranium-,0,0,0,quota_limit_reached
314_the-bath-box,Bath Box Starter Set 2,82656,https://www.sociolla.com/default-category/54314-bath-box-starter-set-2,0,0,0,quota_limit_reached
314_the-bath-box,Bath Box Starter Set 1,82655,https://www.sociolla.com/default-category/54313-bath-box-starter-set-1,0,0,0,quota_limit_reached
314_the-bath-box,Goats Don't Lie - Tea Tree,19664,https://www.sociolla.com/body-wash-gel/9135-goats-dont-lie-tea-tree,0,0,0,quota_limit_reached
314_the-bath-box,Ocha,19666,https://www.sociolla.com/body-wash-gel/9137-ocha,0,0,0,quota_limit_reached
314_the-bath-box,Goats Don'T Lie Lemongrass Blend,92415,https://www.sociolla.com/body-wash/64073-goats-don-t-lie-lemongrass-blend,0,0,0,quota_limit_reached
314_the-bath-box,Goats Don'T Lie Grapefruit Blend,92416,https://www.sociolla.com/body-wash/64074-goats-don-t-lie-grapefruit-blend,0,0,0,quota_limit_reached
314_the-bath-box,Eye Essential Serum,73076,https://www.sociolla.com/eye-serum/26256-eye-essential-serum,0,0,0,quota_limit_reached
314_the-bath-box,Salvia Deodorant,87973,https://www.sociolla.com/deodorant/59631-salvia-deodorant,0,0,0,quota_limit_reached
314_the-bath-box,Salted Honey Moisturizing Facial Wash,73443,https://www.sociolla.com/face-wash/26623-salted-honey-moisturizing-facial-wash,0,0,0,quota_limit_reached
314_the-bath-box,Brassica Body Lotion,73186,https://www.sociolla.com/body-lotion/26366-brassica-body-lotion,0,0,0,quota_limit_reached
314_the-bath-box,Mimosa Masque Nutrising Hair Treatment,73173,https://www.sociolla.com/hair-mask/26353-mimosa-masque-nutrising-hair-treatment,0,0,0,quota_limit_reached
314_the-bath-box,Almond Dolce Body Lotion,73044,https://www.sociolla.com/body-lotion/26224-almond-dolce-body-lotion,0,0,0,quota_limit_reached
314_the-bath-box,Brassica,63567,https://www.sociolla.com/face-serum/43313-brassica,0,0,0,quota_limit_reached
314_the-bath-box,Fresh Smell Good,86946,https://www.sociolla.com/bath-body-set/58604-fresh-smell-good,0,0,0,quota_limit_reached
314_the-bath-box,Perfect Couple Active Serum,82654,https://www.sociolla.com/skin-care-set/54312-perfect-couple-active-serum,0,0,0,quota_limit_reached
314_the-bath-box,Acne Exfoliator Champ Kit,82653,https://www.sociolla.com/skin-care-set/54311-exfoliating-for-acne-packages,0,0,0,quota_limit_reached
177_the-body-shop,Vitamin C Sheet Mask,102077,https://www.sociolla.com/sheet-mask/73735-vitamin-c-sheet-mask,0,0,0,quota_limit_reached
314_the-bath-box,Auto-Glow Package,86945,https://www.sociolla.com/skin-care-set/58603-auto-glow-package,0,0,0,quota_limit_reached
177_the-body-shop,Bath Lily,102033,https://www.sociolla.com/body-sponge/73691-bath-lily,0,0,0,quota_limit_reached
177_the-body-shop,Bath Gloves,102030,https://www.sociolla.com/body-sponge/73688-bath-gloves,0,0,0,quota_limit_reached
177_the-body-shop,Body Yogurt,102090,https://www.sociolla.com/body-wash/73748-body-yogurt,0,0,0,quota_limit_reached
177_the-body-shop,Body Butter,102041,https://www.sociolla.com/body-butter-cream/73699-body-butter,0,0,0,quota_limit_reached
177_the-body-shop,White Musk Perfume Oil Roll On,102075,https://www.sociolla.com/perfume-oil/73733-white-musk-perfume-oil-roll-on,0,0,0,quota_limit_reached
177_the-body-shop,Vitamin E Quench Sheet Mask,102072,https://www.sociolla.com/sheet-mask/73730-vitamin-e-quench-sheet-mask,0,0,0,quota_limit_reached
177_the-body-shop,Tea Tree Blemish Gel,102078,https://www.sociolla.com/acne-treatment-sealing-gel-cream/73736-tea-tree-blemish-gel,0,0,0,quota_limit_reached
177_the-body-shop,Tea Tree Skin Clearing Mattifying Toner,102081,https://www.sociolla.com/toner/73739-tea-tree-skin-clearing-mattifying-toner,0,0,0,quota_limit_reached
177_the-body-shop,Seaweed Oil Control Gel Cream Moisturizer,102032,https://www.sociolla.com/face-cream-lotion/73690-seaweed-oil-control-gel-cream-moisturizer,0,0,0,quota_limit_reached
177_the-body-shop,Aloe Soothing Day Cream Moisturizer,102031,https://www.sociolla.com/moisturizer/73689-aloe-soothing-day-cream-moisturizer,0,0,0,quota_limit_reached
177_the-body-shop,Vitamin E Face Wash,102053,https://www.sociolla.com/face-wash/73711-vitamin-e-face-wash,0,0,0,quota_limit_reached
177_the-body-shop,White Musk® EDT,102039,https://www.sociolla.com/body-fragrance/73697-white-musk-r-edt,0,0,0,quota_limit_reached
177_the-body-shop,Tea Tree In Control Hydrator Moisturizer,102029,https://www.sociolla.com/face-cream-lotion/73687-tea-tree-in-control-hydrator-moisturizer,0,0,0,quota_limit_reached
177_the-body-shop,Vitamin E Night Cream,102073,https://www.sociolla.com/face-cream-lotion/73731-vitamin-e-night-cream,0,0,0,quota_limit_reached
177_the-body-shop,The Body Shop EDT,102006,https://www.sociolla.com/body-fragrance/73664-the-body-shop-edt,0,0,0,quota_limit_reached
177_the-body-shop,Seaweed Deep Cleansing Gel Wash Face Wash,101995,https://www.sociolla.com/face-wash/73653-seaweed-deep-cleansing-gel-wash-face-wash,0,0,0,quota_limit_reached
177_the-body-shop,Aloe Calming Toner,102082,https://www.sociolla.com/toner/73740-aloe-calming-toner,0,0,0,quota_limit_reached
177_the-body-shop,Edelweiss Bouncy Gel Face Mist,102049,https://www.sociolla.com/face-mist/73707-edelweiss-bouncy-gel-face-mist,0,0,0,quota_limit_reached
177_the-body-shop,Lemon Purifying Hair & Body Wash,102026,https://www.sociolla.com/body-wash/73684-lemon-purifying-hair-and-body-wash,0,0,0,quota_limit_reached
177_the-body-shop,White Musk® Body Mist Fragrance,102015,https://www.sociolla.com/body-mist/73673-white-musk-r-body-mist-fragrance,0,0,0,quota_limit_reached
177_the-body-shop,Tea Tree Skin Clearing Body Wash Shower Gel,102024,https://www.sociolla.com/body-wash/73682-tea-tree-skin-clearing-body-wash-shower-gel,0,0,0,quota_limit_reached
177_the-body-shop,Body Mist,102065,https://www.sociolla.com/body-mist/73723-body-mist,0,0,0,quota_limit_reached
177_the-body-shop,Body Cream,102058,https://www.sociolla.com/body-butter-cream/73716-body-cream,0,0,0,quota_limit_reached
177_the-body-shop,White Musk Sport Anti-Prespirant,102038,https://www.sociolla.com/deodorant/73696-white-musk-sport-anti-prespirant,0,0,0,quota_limit_reached
177_the-body-shop,Almond Hand & Nail Butter Moisturizer,102002,https://www.sociolla.com/hand-foot-cream/73660-almond-hand-and-nail-butter-moisturizer,0,0,0,quota_limit_reached
177_the-body-shop,Tea Tree Skin Clearing Foaming Face Wash,102057,https://www.sociolla.com/face-wash/73715-tea-tree-skin-clearing-foaming-face-wash,0,0,0,quota_limit_reached
177_the-body-shop,Nourishing Vitamin E Kit,104632,https://www.sociolla.com/skin-care-set/76290-nourishing-vitamin-e-kit,0,0,0,quota_limit_reached
177_the-body-shop,Body Mist Fragrance,102064,https://www.sociolla.com/body-mist/73722-body-mist-fragrance,0,0,0,quota_limit_reached
177_the-body-shop,Tea Tree Oil,102011,https://www.sociolla.com/acne-treatment-sealing-gel-cream/73669-tea-tree-oil,0,0,0,quota_limit_reached
177_the-body-shop,Tea Tree Bath Essentials Kit,104585,https://www.sociolla.com/skin-care-set/76243-tea-tree-bath-essentials-kit,0,0,0,quota_limit_reached
177_the-body-shop,Peppermint Reviving Pumice Foot Scrub,101999,https://www.sociolla.com/body-scrub-exfoliants/73657-peppermint-reviving-pumice-foot-scrub,0,0,0,quota_limit_reached
177_the-body-shop,Peppermint Cooling & Reviving Foot Spray,102000,https://www.sociolla.com/foot-spray/73658-peppermint-cooling-and-reviving-foot-spray,0,0,0,quota_limit_reached
177_the-body-shop,Himalayan Charcoal Purifying Face Wash,101996,https://www.sociolla.com/face-wash/73654-himalayan-charcoal-purifying-face-wash,0,0,0,quota_limit_reached
177_the-body-shop,Peppermint Intensive Cooling Foot Rescue Moisturizer,101998,https://www.sociolla.com/default-category/73656-peppermint-intensive-cooling-foot-rescue-moisturizer,0,0,0,quota_limit_reached
177_the-body-shop,Black Musk EDT,102040,https://www.sociolla.com/eau-de-toilette/73698-black-musk-edt,0,0,0,quota_limit_reached
177_the-body-shop,Vitamin E Gel Cream Moisturizer,102028,https://www.sociolla.com/face-gel/73686-vitamin-e-gel-cream-moisturizer,0,0,0,quota_limit_reached
177_the-body-shop,Black Musk Night Bloom Body Mist Fragrance,102019,https://www.sociolla.com/body-mist/73677-tea-tree-skin-clearing-body-wash-shower-gel,0,0,0,quota_limit_reached
177_the-body-shop,Aloe Multi-Use Soothing Gel,102079,https://www.sociolla.com/face-gel/73737-aloe-multi-use-soothing-gel,0,0,0,quota_limit_reached
177_the-body-shop,Black Musk Body Mist Fragrance,102016,https://www.sociolla.com/body-fragrance/73674-black-musk-body-mist-fragrance,0,0,0,quota_limit_reached
177_the-body-shop,Tea Tree Facial Care Set,104599,https://www.sociolla.com/skin-care-set/76257-tea-tree-facial-care-set,0,0,0,quota_limit_reached
177_the-body-shop,Purified & Fearles Tea Tree Gift,102094,https://www.sociolla.com/skin-care-set/73752-purified-and-fearles-tea-tree-gift,0,0,0,quota_limit_reached
177_the-body-shop,Body Lotion,102061,https://www.sociolla.com/body-lotion-body-serum/73719-body-lotion,0,0,0,quota_limit_reached
177_the-body-shop,Aloe Calm Sheet Mask,102071,https://www.sociolla.com/sheet-mask/73729-aloe-calm-sheet-mask,0,0,0,quota_limit_reached
177_the-body-shop,Vitamin E Hydrating Toner,102080,https://www.sociolla.com/toner/73738-vitamin-e-hydrating-toner,0,0,0,quota_limit_reached
177_the-body-shop,Vitamin E Skincare Essentials Set,104631,https://www.sociolla.com/skin-care-set/76289-vitamin-e-skincare-essentials-set,0,0,0,quota_limit_reached
177_the-body-shop,Moisturized Skin Vitamin E Duo,104630,https://www.sociolla.com/skin-care-set/76288-moisturized-skin-vitamin-e-duo,0,0,0,quota_limit_reached
177_the-body-shop,Seaweed Oil Balancing Toner,102083,https://www.sociolla.com/toner/73741-seaweed-oil-balancing-toner,0,0,0,quota_limit_reached
177_the-body-shop,Shower Gel,102086,https://www.sociolla.com/body-wash/73744-shower-gel,0,0,0,quota_limit_reached
177_the-body-shop,Skin Defence Protective Lip Balm SPF50+ PA++++,102066,https://www.sociolla.com/lip-balm/73724-skin-defence-protective-lip-balm-spf50-pa,0,0,0,quota_limit_reached
177_the-body-shop,Himalayan Charcoal Purifying Glow Face Mask,102043,https://www.sociolla.com/wash-off-mask/73701-himalayan-charcoal-purifying-glow-face-mask,0,0,0,quota_limit_reached
177_the-body-shop,Vitamin Boost Sheet Mask Duo,104635,https://www.sociolla.com/skin-care-set/76293-vitamin-boost-sheet-mask-duo,0,0,0,quota_limit_reached
177_the-body-shop,Tea Tree Skin Clearing Face Wash,102055,https://www.sociolla.com/face-wash/73713-tea-tree-skin-clearing-face-wash,0,0,0,quota_limit_reached
177_the-body-shop,Almond Hand And Nail Cuticle Oil,102070,https://www.sociolla.com/hand-foot-cream/73728-almond-hand-and-nail-cuticle-oil,0,0,0,quota_limit_reached
177_the-body-shop,Aloe Roll-On Deodorant,102034,https://www.sociolla.com/deodorant/73692-aloe-roll-on-deodorant,0,0,0,quota_limit_reached
177_the-body-shop,Vitamin E Moisture Cream Moisturizer,102027,https://www.sociolla.com/face-cream-lotion/73685-vitamin-e-moisture-cream-moisturizer,0,0,0,quota_limit_reached
177_the-body-shop,Deep Moisture Vitamin E Combo,104633,https://www.sociolla.com/skin-care-set/76291-deep-moisture-vitamin-e-combo,0,0,0,quota_limit_reached
177_the-body-shop,Purifying Tea Tree Duo,104600,https://www.sociolla.com/skin-care-set/76258-purifying-tea-tree-duo,0,0,0,quota_limit_reached
177_the-body-shop,Almond Hand And Nail Cream,102004,https://www.sociolla.com/hand-foot-cream/73662-almond-hand-and-nail-cream,0,0,0,quota_limit_reached
177_the-body-shop,White Musk® Deodorant Roll-On,102035,https://www.sociolla.com/deodorant/73693-white-musk-r-deodorant-roll-on,0,0,0,quota_limit_reached
177_the-body-shop,Black Musk Deodorant Roll-On,102036,https://www.sociolla.com/deodorant/73694-black-musk-deodorant-roll-on,0,0,0,quota_limit_reached
177_the-body-shop,Tea Tree Refresh Kit,104583,https://www.sociolla.com/skin-care-set/76241-tea-tree-refresh-kit,0,0,0,quota_limit_reached
177_the-body-shop,White Musk For Men Anti-Prespirant,102037,https://www.sociolla.com/deodorant/73695-white-musk-for-men-anti-prespirant,0,0,0,quota_limit_reached
177_the-body-shop,Vitamin E Replenish and Hydrate Set,104634,https://www.sociolla.com/skin-care-set/76292-vitamin-e-replenish-and-hydrate-set,0,0,0,quota_limit_reached
774_the-goat-skincare,The Goat Skincare Cream,63957,https://www.sociolla.com/body-butter-cream/16861-the-goat-skincare-cream,0,0,0,quota_limit_reached
774_the-goat-skincare,The Goat Skincare Body Wash with Manuka Honey,63961,https://www.sociolla.com/body-wash/16864-the-goat-skincare-body-wash-with-manuka-honey,0,0,0,quota_limit_reached
774_the-goat-skincare,The Goat Skincare Body Wash with Lemon Myrtle,63960,https://www.sociolla.com/body-wash/16863-the-goat-skincare-body-wash-with-lemon-myrtle,0,0,0,quota_limit_reached
774_the-goat-skincare,The Goat Skincare Body Wash,63959,https://www.sociolla.com/body-wash/16862-the-goat-skincare-body-wash,0,0,0,quota_limit_reached
774_the-goat-skincare,The Goat Skincare Lotion (Set of 2),74563,https://www.sociolla.com/body-lotion/27743-the-goat-skincare-lotion-set-of-2,0,0,0,quota_limit_reached
774_the-goat-skincare,The Goat Skincare Family Value Set (Lotion & Wash),74558,https://www.sociolla.com/bath-body-set/27738-the-goat-skincare-family-value-set-lotion-and-wash,0,0,0,quota_limit_reached
774_the-goat-skincare,The Goat Skincare Lotion,63958,https://www.sociolla.com/body-lotion-body-serum/16860-the-goat-skincare-lotion,0,0,0,quota_limit_reached
774_the-goat-skincare,The Baby Goat Skincare Lotion,63964,https://www.sociolla.com/body-lotion-body-serum/16867-the-baby-goat-skincare-lotion,0,0,0,quota_limit_reached
774_the-goat-skincare,The Goat Skincare Mom & Kid Hydration Set (Cream & Lotion),74560,https://www.sociolla.com/default-category/27740-the-goat-skincare-mom-and-kid-hydration-set-cream-and-lotion,0,0,0,quota_limit_reached
774_the-goat-skincare,The Baby Goat Skincare Wash & Shampoo,63965,https://www.sociolla.com/shampoo/16868-the-baby-goat-skincare-wash-and-shampoo,0,0,0,quota_limit_reached
774_the-goat-skincare,Soap Bar with Manuka Honey,78401,https://www.sociolla.com/body-wash/50059-soap-bar-with-manuka-honey,0,0,0,quota_limit_reached
774_the-goat-skincare,The Baby Goat Skincare Lotion (Set of 2),74565,https://www.sociolla.com/body-lotion-body-serum/27745-the-baby-goat-skincare-lotion-set-of-2,0,0,0,quota_limit_reached
774_the-goat-skincare,The Goat Skincare Cream (Set of 2),74562,https://www.sociolla.com/face-cream-lotion/27742-the-goat-skincare-cream-set-of-2,0,0,0,quota_limit_reached
774_the-goat-skincare,The Goat Skincare Complete Hair Treatment,82351,https://www.sociolla.com/hair-care-set/54009-the-goat-skincare-complete-hair-treatment,0,0,0,quota_limit_reached
15693_the-lab-by-blanc-doux,Oligo Hyaluronic Acid 5000 Toner,96624,https://www.sociolla.com/toner/68282-tester-real-nature-avocado-mask-sheet,0,0,0,quota_limit_reached
15693_the-lab-by-blanc-doux,Oligo Hyaluronic Acid Boosting Ampoule,96622,https://www.sociolla.com/ampoule/68280-oligo-hyaluronic-acid-boosting-ampoule,0,0,0,quota_limit_reached
15693_the-lab-by-blanc-doux,Oligo Hyaluronic Acid Calming + Cream,96618,https://www.sociolla.com/face-cream-lotion/68276-oligo-hyaluronic-acid-calming-cream,0,0,0,quota_limit_reached
774_the-goat-skincare,The Baby Goat Skincare Value Set,73348,https://www.sociolla.com/gift-set/26528-the-baby-goat-skincare-value-set,0,0,0,quota_limit_reached
15693_the-lab-by-blanc-doux,Hyaluronic Acid Foam Cleanser,96625,https://www.sociolla.com/face-wash/68283-hyaluronic-acid-foam-cleanser,0,0,0,quota_limit_reached
15693_the-lab-by-blanc-doux,Oligo Hyaluronic Acid Sun Essence,106883,https://www.sociolla.com/sunscreen/78541-oligo-hyaluronic-acid-sun-essence,0,0,0,quota_limit_reached
15608_the-originote,Cicamide Facial Cleanser,101551,https://www.sociolla.com/face-wash/73209-cicamide-facial-cleanser,0,0,0,quota_limit_reached
15608_the-originote,Ceramella Sunscreen,106236,https://www.sociolla.com/sunscreen/77894-ceramella-sunscreen,0,0,0,quota_limit_reached
15608_the-originote,Peeling Solution,101547,https://www.sociolla.com/peeling/73205-peeling-solution,0,0,0,quota_limit_reached
15608_the-originote,Acne Spot Cream,101550,https://www.sociolla.com/acne-treatment-sealing-gel-cream/73208-acne-spot-cream,0,0,0,quota_limit_reached
15608_the-originote,Hyalu-C Serum,106238,https://www.sociolla.com/skin-care-set/77896-hyalu-c-serum,0,0,0,quota_limit_reached
15608_the-originote,Lip Oil Serum,106240,https://www.sociolla.com/lip-balm/77898-lip-oil-serum,0,0,0,quota_limit_reached
15608_the-originote,Hyalucera Moisturizer,101549,https://www.sociolla.com/face-gel/73207-hyalucera-moisturizer,0,0,0,quota_limit_reached
15608_the-originote,H-Llow Clarifying Toner,106235,https://www.sociolla.com/skin-care-set/77893-h-llow-clarifying-toner,0,0,0,quota_limit_reached
15608_the-originote,BHA Charcoal Clay Mask,106239,https://www.sociolla.com/sheet-mask/77897-bha-charcoal-clay-mask,0,0,0,quota_limit_reached
15608_the-originote,Retinol B3 Serum,106237,https://www.sociolla.com/skin-care-set/77895-retinol-b3-serum,0,0,0,quota_limit_reached
15608_the-originote,Ceraluronic Essence Toner,106233,https://www.sociolla.com/skin-care-set/77891-ceraluronic-essence-toner,0,0,0,quota_limit_reached
15608_the-originote,24K Symwhite Jelly Booster,107225,https://www.sociolla.com/face-gel/78883-24k-symwhite-jelly-booster,0,0,0,quota_limit_reached
15608_the-originote,B5 Acne Serum,101543,https://www.sociolla.com/face-serum/73201-b5-acne-serum,0,0,0,quota_limit_reached
15608_the-originote,Rose B3 Brightening Jelly Mask,107176,https://www.sociolla.com/wash-off-mask/78834-rose-b3-brightening-jelly-mask,0,0,0,quota_limit_reached
15608_the-originote,Ceratinol Moisturizer,107178,https://www.sociolla.com/face-gel/78836-ceratinol-moisturizer,0,0,0,quota_limit_reached
15608_the-originote,Eye Serum,101548,https://www.sociolla.com/eye-serum/73206-eye-serum,0,0,0,quota_limit_reached
15608_the-originote,B3 Bright Serum,101544,https://www.sociolla.com/face-serum/73202-b3-bright-serum,0,0,0,quota_limit_reached
15608_the-originote,Ceratides Serum,101545,https://www.sociolla.com/face-serum/73203-ceratides-serum,0,0,0,quota_limit_reached
15608_the-originote,2in1 Lash & Brow Serum,101553,https://www.sociolla.com/eyelash-serum/73211-2in1-lash-and-brow-serum,0,0,0,quota_limit_reached
15608_the-originote,Micellar Foam Cleanser,106241,https://www.sociolla.com/skin-care-set/77899-micellar-foam-cleanser,0,0,0,quota_limit_reached
787_the-wet-brush,The Wet Brush Mini Disney Glitter Ball,82593,https://www.sociolla.com/hair-brushes-combs/54251-the-wet-brush-mini-disney-glitter-ball,0,0,0,quota_limit_reached
787_the-wet-brush,Disney Princess Ultimate,106500,https://www.sociolla.com/hair-brushes-combs/78158-the-wet-brush-disney-princess-ultimate,0,0,0,quota_limit_reached
787_the-wet-brush,The Wet Brush Go Green and Shine,74583,https://www.sociolla.com/hair-brushes-combs/27763-the-wet-brush-go-green-and-shine,0,0,0,quota_limit_reached
787_the-wet-brush,Harry Potter,106497,https://www.sociolla.com/hair-brushes-combs/78155-the-wet-brush-harry-potter,0,0,0,quota_limit_reached
787_the-wet-brush,Go Green Mini,90192,https://www.sociolla.com/hair-brushes-combs/61850-go-green-mini,0,0,0,quota_limit_reached
787_the-wet-brush,The Wet Brush Detangler,64134,https://www.sociolla.com/hair-brushes-combs/17163-the-wet-brush-detangler,0,0,0,quota_limit_reached
787_the-wet-brush,The Wet Brush Pop and Go Speed Dry,64137,https://www.sociolla.com/hair-brushes-combs/17165-the-wet-brush-pop-and-go-speed-dry,0,0,0,quota_limit_reached
787_the-wet-brush,Disney Princess Wholehearted - Cinderella,90181,https://www.sociolla.com/hair-brushes-combs/61839-disney-princess-wholehearted-cinderella,0,0,0,quota_limit_reached
787_the-wet-brush,Disney 100 Years,106499,https://www.sociolla.com/hair-brushes-combs/78157-the-wet-brush-disney-100-years,0,0,0,quota_limit_reached
787_the-wet-brush,Mini Disney Mickey - Mickey & Trees,90186,https://www.sociolla.com/hair-brushes-combs/61844-mini-disney-mickey-mickey-and-trees,0,0,0,quota_limit_reached
787_the-wet-brush,Mini Disney Mickey - Love & Joy,90184,https://www.sociolla.com/hair-brushes-combs/61842-mini-disney-mickey-love-and-joy,0,0,0,quota_limit_reached
787_the-wet-brush,Mini Disney Mickey - Holiday Couple,90185,https://www.sociolla.com/hair-brushes-combs/61843-mini-disney-mickey-holiday-couple,0,0,0,quota_limit_reached
787_the-wet-brush,Disney Princess Wholehearted - Jasmine,90182,https://www.sociolla.com/hair-brushes-combs/61840-disney-princess-wholehearted-jasmine,0,0,0,quota_limit_reached
787_the-wet-brush,The Wet Brush Disney Alice In Wonderland,92738,https://www.sociolla.com/hair-brushes-combs/64396-the-wet-brush-disney-alice-in-wonderland,0,0,0,quota_limit_reached
787_the-wet-brush,Disney Princess Wholehearted - Ariel,90179,https://www.sociolla.com/hair-brushes-combs/61837-disney-princess-wholehearted-ariel,0,0,0,quota_limit_reached
787_the-wet-brush,The Wet Brush Pixar Dory & Marlin,92742,https://www.sociolla.com/hair-brushes-combs/64400-the-wet-brush-pixar-dory-and-marlin,0,0,0,quota_limit_reached
787_the-wet-brush,Disney Princess Wholehearted - Rapunzel,90183,https://www.sociolla.com/hair-brushes-combs/61841-disney-princess-wholehearted-rapunzel,0,0,0,quota_limit_reached
787_the-wet-brush,Disney Princess Wholehearted - Belle,90180,https://www.sociolla.com/hair-brushes-combs/61838-disney-princess-wholehearted-belle,0,0,0,quota_limit_reached
787_the-wet-brush,The Wet Brush Disney Alice In Wonderland Kit,92739,https://www.sociolla.com/hair-brushes-combs/64397-the-wet-brush-disney-alice-in-wonderland-kit,0,0,0,quota_limit_reached
787_the-wet-brush,The Wet Brush Mini Pixar Buzz Lightyear,92740,https://www.sociolla.com/hair-brushes-combs/64398-the-wet-brush-mini-pixar-buzz-lightyear,0,0,0,quota_limit_reached
787_the-wet-brush,The Wet Brush Mini,64136,https://www.sociolla.com/hair-brushes-combs/17164-the-wet-brush-mini,0,0,0,quota_limit_reached
15567_tiga-lab,Organics Lemon Tea Zero Alcohol Antiseptic Mouthwash,101198,https://www.sociolla.com/mouthwash/72856-organics-lemon-tea-zero-alcohol-antiseptic-mouthwash,0,0,0,quota_limit_reached
787_the-wet-brush,The Wet Brush Mini Pixar Nemo,92741,https://www.sociolla.com/hair-brushes-combs/64399-the-wet-brush-mini-pixar-nemo,0,0,0,quota_limit_reached
15567_tiga-lab,Organics Lemon Antiseptic Mouthwash,99033,https://www.sociolla.com/default-category/70691-organics-lemon-antiseptic-mouthwash,0,0,0,quota_limit_reached
15567_tiga-lab,Organics Peppermint Antiseptic Mouthwash,99032,https://www.sociolla.com/default-category/70690-organics-peppermint-antiseptic-mouthwash,0,0,0,quota_limit_reached
949_tish,Tishday Bar - Bloom,82591,https://www.sociolla.com/brush-cleanser-tools/54249-tishday-bar-bloom,0,0,0,quota_limit_reached
949_tish,Tish Pocket,75187,https://www.sociolla.com/default-category/28367-tish-pocket,0,0,0,quota_limit_reached
949_tish,A Total Cleanse Kit - Palm Beach,106559,https://www.sociolla.com/facial-tools/78217-a-total-cleanse-kit-palm-beach,0,0,0,quota_limit_reached
949_tish,A Total Cleanse Kit - Bloom,106558,https://www.sociolla.com/facial-tools/78216-a-total-cleanse-kit-bloom,0,0,0,quota_limit_reached
949_tish,Day-to-Day Beauty Pack,106556,https://www.sociolla.com/facial-tools/78214-day-to-day-beauty-pack,0,0,0,quota_limit_reached
949_tish,A Total Cleanse Kit - Gardenia,106557,https://www.sociolla.com/facial-tools/78215-a-total-cleanse-kit-gardenia,0,0,0,quota_limit_reached
949_tish,The Glorious Set,106551,https://www.sociolla.com/facial-tools/78209-the-glorious-set,0,0,0,quota_limit_reached
949_tish,Tishday Bar Gardenia,96708,https://www.sociolla.com/brush-cleanser-tools/68366-tishday-bar-gardenia,0,0,0,quota_limit_reached
949_tish,Tishdrop 01,75184,https://www.sociolla.com/sponge-applicators/28364-tishdrop-01,0,0,0,quota_limit_reached
949_tish,Tishday Bar - Palm Beach,75188,https://www.sociolla.com/brush-cleanser-tools/28368-tishday-bar-palm-beach,0,0,0,quota_limit_reached
949_tish,Tish Glow it Brush,75190,https://www.sociolla.com/default-category/28370-tish-glow-it-brush,0,0,0,quota_limit_reached
949_tish,Tish holder,75186,https://www.sociolla.com/default-category/28366-tish-holder,0,0,0,quota_limit_reached
949_tish,Puffy Puff,80100,https://www.sociolla.com/sponge-applicators/51758-puffy-puff,0,0,0,quota_limit_reached
949_tish,Rosy Glam,106553,https://www.sociolla.com/facial-tools/78211-rosy-glam,0,0,0,quota_limit_reached
949_tish,Greeny Glam,106552,https://www.sociolla.com/facial-tools/78210-greeny-glam,0,0,0,quota_limit_reached
949_tish,Tishdrop 03,92694,https://www.sociolla.com/sponge-applicators/64352-tishdrop-03,0,0,0,quota_limit_reached
949_tish,Tish Barrel Case,97874,https://www.sociolla.com/travel-bottles-makeup-case/69532-tish-barrel-case,0,0,0,quota_limit_reached
949_tish,Pink Essentials Bundle,106555,https://www.sociolla.com/facial-tools/78213-pink-essentials-bundle,0,0,0,quota_limit_reached
949_tish,Tishday Bar Set Sociolla,92377,https://www.sociolla.com/brush-cleanser-tools/64035-tishday-bar-set-sociolla,0,0,0,quota_limit_reached
949_tish,Celebration Set,102929,https://www.sociolla.com/brush-set/74587-celebration-set,0,0,0,quota_limit_reached
949_tish,Tish Palm Set 01,91244,https://www.sociolla.com/sociolla-gift-set/62902-tish-palm-set-01,0,0,0,quota_limit_reached
949_tish,Tish Invisible Eyelid Tape,98395,https://www.sociolla.com/eye-tape/70053-tish-invisible-eyelid-tape,0,0,0,quota_limit_reached
949_tish,Tish Bloom Set 01,91246,https://www.sociolla.com/sociolla-gift-set/62904-tish-bloom-set-01,0,0,0,quota_limit_reached
949_tish,Green Essentials Bundle,106554,https://www.sociolla.com/facial-tools/78212-green-essentials-bundle,0,0,0,quota_limit_reached
949_tish,Angelic Set,98475,https://www.sociolla.com/sponge-applicators/70133-angelic-set,0,0,0,quota_limit_reached
949_tish,Twindrop,82000,https://www.sociolla.com/sponge-applicators/53658-twindrop,0,0,0,quota_limit_reached
949_tish,Tish Palm Set 02,91245,https://www.sociolla.com/sociolla-gift-set/62903-tish-palm-set-02,0,0,0,quota_limit_reached
949_tish,Tish Bloom Set 02,91247,https://www.sociolla.com/sociolla-gift-set/62905-tish-bloom-set-02,0,0,0,quota_limit_reached
949_tish,Tishdrop 02,75185,https://www.sociolla.com/default-category/28365-tishdrop-02,0,0,0,quota_limit_reached
1367_tone,Duo Function Bundle,99806,https://www.sociolla.com/nail-polish-remover/71464-duo-function-bundle,0,0,0,quota_limit_reached
1367_tone,My Healthy Nails,99819,https://www.sociolla.com/nail-care/71477-tne-nl-mhn1,0,0,0,quota_limit_reached
1367_tone,Nail Polish Remover/ Penghapus Cat Kuku,94546,https://www.sociolla.com/default-category/66204-nail-polish-remover-penghapus-cat-kuku-60-ml,0,0,0,quota_limit_reached
1367_tone,We Dare You- Red Edition,99822,https://www.sociolla.com/nail-polish/71480-we-dare-you-red-edition,0,0,0,quota_limit_reached
1367_tone,Retro Party,105833,https://www.sociolla.com/manicure-pedicure-set/77491-retro-party,0,0,0,quota_limit_reached
1367_tone,Kikir Kuku Glass,95978,https://www.sociolla.com/nail-clippers-files/67636-kikir-kuku-glass,0,0,0,quota_limit_reached
1367_tone,Glimpse of Color,105836,https://www.sociolla.com/manicure-pedicure-set/77494-glimpse-of-color,0,0,0,quota_limit_reached
1367_tone,Nail Care with Essential Oil Lavender,105853,https://www.sociolla.com/nail-polish/77511-nail-care-with-essential-oil,0,0,0,quota_limit_reached
1367_tone,Crush on You,105852,https://www.sociolla.com/manicure-pedicure-set/77510-crush-on-you,0,0,0,quota_limit_reached
1367_tone,Born Nude,105851,https://www.sociolla.com/manicure-pedicure-set/77509-born-nude,0,0,0,quota_limit_reached
1367_tone,Nail Care with Essential Oil Tea Tree & Mint,105854,https://www.sociolla.com/nail-polish/77512-nail-care-with-essential-oil,0,0,0,quota_limit_reached
1367_tone,The Key of Lasting,99821,https://www.sociolla.com/nail-polish/71479-the-key-of-lasting,0,0,0,quota_limit_reached
1367_tone,Jelly Jingle,105828,https://www.sociolla.com/manicure-pedicure-set/77486-jelly-jingle,0,0,0,quota_limit_reached
1367_tone,Nail Care with Essential Oil Lemon Myrtle & Green Lemon,105855,https://www.sociolla.com/nail-polish/77513-nail-care-with-essential-oil,0,0,0,quota_limit_reached
214_too-cool-for-school,Artclass by Rodin Shading #Classic set with leather and brush,107803,https://www.sociolla.com/makeup-palettes-set/79461-artclass-by-rodin-shading-classic-set-with-leather-and-brush,0,0,0,quota_limit_reached
1367_tone,Vitamin Kuku | Booster Keratin+Calcium | Nail Vitamin | Cuticle Oil/Minyak Kuku,94545,https://www.sociolla.com/default-category/66203-vitamin-kuku-tone-or-booster-keratin-calcium-or-nail-vitamin-or-cuticle-oil-minyak-kuku,0,0,0,quota_limit_reached
1367_tone,Perfect Match,105850,https://www.sociolla.com/manicure-pedicure-set/77508-perfect-match,0,0,0,quota_limit_reached
1367_tone,Vibrant Pastel,105831,https://www.sociolla.com/manicure-pedicure-set/77489-vibrant-pastel,0,0,0,quota_limit_reached
214_too-cool-for-school,Artclass by Rodin Shading,107032,https://www.sociolla.com/contour/78690-artclass-by-rodin-shading,0,0,0,quota_limit_reached
214_too-cool-for-school,Artclass By Rodin Highlighter,107033,https://www.sociolla.com/highlighter/78691-artclass-by-rodin-highlighter,0,0,0,quota_limit_reached
214_too-cool-for-school,Artclass by Rodin Blusher,107037,https://www.sociolla.com/blush/78695-artclass-by-rodin-blusher,0,0,0,quota_limit_reached
214_too-cool-for-school,Artclass Brow Designing Pencil,107038,https://www.sociolla.com/eyebrows/78696-artclass-brow-designing-pencil,0,0,0,quota_limit_reached
214_too-cool-for-school,Artclass by Rodin Finish Setting Pact,107034,https://www.sociolla.com/pressed-powder/78692-artclass-by-rodin-finish-setting-pact,0,0,0,quota_limit_reached
15701_torriden,Dive-In Low Molecular Hyaluronic Acid Serum,106981,https://www.sociolla.com/face-serum/78639-dive-in-low-molecular-hyaluronic-acid-serum,0,0,0,quota_limit_reached
15701_torriden,Dive-In Low Molecular Hyaluronic Acid Toner,106978,https://www.sociolla.com/toner/78636-dive-in-low-molecular-hyaluronic-acid-toner,0,0,0,quota_limit_reached
15701_torriden,Dive-In Low-Molecular Hyaluronic Acid Mask,106977,https://www.sociolla.com/sheet-mask/78635-dive-in-low-molecular-hyaluronic-acid-mask,0,0,0,quota_limit_reached
15701_torriden,Sold In Ceramide Lip Essence,106974,https://www.sociolla.com/lip-serum/78632-sold-in-ceramide-lip-essence,0,0,0,quota_limit_reached
15701_torriden,Dive-In Low Molecular Hyaluronic Acid Cream,106980,https://www.sociolla.com/face-cream-lotion/78638-dive-in-low-molecular-hyaluronic-acid-cream,0,0,0,quota_limit_reached
15701_torriden,Dive-In Low Molecular Hyaluronic Acid Skin Booster,106982,https://www.sociolla.com/booster/78640-dive-in-low-molecular-hyaluronic-acid-skin-booster,0,0,0,quota_limit_reached
15701_torriden,Dive-In Low Molecular Hyaluronic Acid Multi Pad,106976,https://www.sociolla.com/cotton-pad/78634-dive-in-low-molecular-hyaluronic-acid-multi-pad,0,0,0,quota_limit_reached
15701_torriden,Sold In Ceramide Cream,106975,https://www.sociolla.com/face-cream-lotion/78633-sold-in-ceramide-cream,0,0,0,quota_limit_reached
15701_torriden,Dive-In Low Molecular Hyaluronic Acid Soothing Cream,106979,https://www.sociolla.com/face-cream-lotion/78637-dive-in-low-molecular-hyaluronic-acid-soothing-cream,0,0,0,quota_limit_reached
1190_tresemme,Tresemme Keratin Smooth Shine Serum​ with Marula Oil for Dry Hair - Smooth & Shiny 97ML,101818,https://www.sociolla.com/hair-serum/73476-tresemme-keratin-smooth-shine-serum-with-marula-oil-for-dry-hair-smooth-and-shiny-97ml,0,0,0,quota_limit_reached
1190_tresemme,"Tresemme Root Touch Up Spray Black 70.8GR - untuk Dull, Faded Colored, Grey Hair",101830,https://www.sociolla.com/hair-spray/73488-tresemme-root-touch-up-spray-black-70-8gr-untuk-dull-faded-colored-grey-hair,0,0,0,quota_limit_reached
1190_tresemme,Tresemme Keratin Smooth Heat Protection Spray with Marula Oil 236ML for Dry Hair,101819,https://www.sociolla.com/hair-vitamin/73477-tresemme-keratin-smooth-heat-protection-spray-with-marula-oil-236ml-for-dry-hair,0,0,0,quota_limit_reached
1190_tresemme,"Tresemme Root Touch Up Spray Dark Brown 70.8g​ - untuk Dull, Faded Colored, Grey Hair",101832,https://www.sociolla.com/hair-spray/73490-tresemme-root-touch-up-spray-dark-brown-70-8g-untuk-dull-faded-colored-grey-hair,0,0,0,quota_limit_reached
1190_tresemme,Micromist​ Lvl 4​ Extend Hair Spray 155g​ for Flat Hair - Long Lasting Curls,101822,https://www.sociolla.com/hair-spray/73480-micromist-lvl-4-extend-hair-spray-155g-for-flat-hair-long-lasting-curls,0,0,0,quota_limit_reached
1190_tresemme,TRESemmé Volume Thickening Hair Spray untuk Rambut Lebih Tebal 193g​,101824,https://www.sociolla.com/hair-spray/73482-tresemme-volume-thickening-hair-spray-untuk-rambut-lebih-tebal-193g,0,0,0,quota_limit_reached
1190_tresemme,Tresemme Keratin Deep Smoothening Hair Mask Perawatan Rambut Rusak & Anti Kusut 180ML,101816,https://www.sociolla.com/hair-mask/73474-tresemme-keratin-deep-smoothening-hair-mask-perawatan-rambut-rusak-and-anti-kusut-180ml,0,0,0,quota_limit_reached
1190_tresemme,TRESemmé Dry Texture Finishing Hair Spray 141g​,101828,https://www.sociolla.com/hair-spray/73486-tresemme-dry-texture-finishing-hair-spray-141g,0,0,0,quota_limit_reached
1190_tresemme,"Tresemme Root Touch Up Spray Light Brown 70.8g​ - untuk Dull, Faded Colored, Grey Hair",101831,https://www.sociolla.com/hair-spray/73489-tresemme-root-touch-up-spray-black-70-8gr-untuk-dull-faded-colored-grey-hair-tresemme-root-touch-up-spray-light,0,0,0,quota_limit_reached
1190_tresemme,Tresemme Conditioner For Colored Hair Color Radiance & Repair 250Ml,76995,https://www.sociolla.com/conditioner/48652-kem-xa-color-radiance-and-repair-toc-nhuom,0,0,0,quota_limit_reached
317_trope-cosmetics,Waterbased Nail Colour,88788,https://www.sociolla.com/nail-polish/60446-waterbased-nail-colour,0,0,0,quota_limit_reached
317_trope-cosmetics,Waterbased 2-in-1 Base & Top Coat,88787,https://www.sociolla.com/nails/60445-waterbased-2-in-1-base-and-top-coat,0,0,0,quota_limit_reached
317_trope-cosmetics,Matte Coat + 2-in-1 Base & Top Coat • Duo Set,99140,https://www.sociolla.com/nail-polish/70798-matte-coat-2-in-1-base-and-top-coat-duo-set,0,0,0,quota_limit_reached
317_trope-cosmetics,Glitter & Metallics Series Bundle  (3pcs Nail Set),88792,https://www.sociolla.com/default-category/60450-glitter-and-metallics-series-bundle-3pcs-nail-set,0,0,0,quota_limit_reached
317_trope-cosmetics,Jelly Series Bundle (4pcs Nail Set),88791,https://www.sociolla.com/default-category/60449-jelly-series-bundle-4pcs-nail-set,0,0,0,quota_limit_reached
317_trope-cosmetics,4pc Set • Gel Cushion Lip Treat,99138,https://www.sociolla.com/makeup-palettes-set/70796-4pc-set-gel-cushion-lip-treat,0,0,0,quota_limit_reached
317_trope-cosmetics,Gel Cushion Lip Treat,99111,https://www.sociolla.com/skincare/70769-gel-cushion-lip-treat,0,0,0,quota_limit_reached
317_trope-cosmetics,Waterbased Matte Coat,99114,https://www.sociolla.com/default-category/70772-waterbased-matte-coat,0,0,0,quota_limit_reached
317_trope-cosmetics,Lash & Brow Nourish Serum,88785,https://www.sociolla.com/eyelash-serum/60443-lash-and-brow-nourish-serum,0,0,0,quota_limit_reached
317_trope-cosmetics,New Age (Dual Blush Palette),99112,https://www.sociolla.com/blush/70770-new-age-dual-blush-palette,0,0,0,quota_limit_reached
317_trope-cosmetics,The Palette • Duo Bundle,99139,https://www.sociolla.com/default-category/70797-the-palette-duo-bundle,0,0,0,quota_limit_reached
317_trope-cosmetics,Earthbound (Pocket Eye Palette),99113,https://www.sociolla.com/eyeshadow/70771-earthbound-pocket-eye-palette,0,0,0,quota_limit_reached
317_trope-cosmetics,Set + Balance Makeup Fixing Mist,88784,https://www.sociolla.com/setting-spray/60442-set-balance-makeup-fixing-mist,0,0,0,quota_limit_reached
317_trope-cosmetics,Weightless Definition Mascara,88786,https://www.sociolla.com/mascara/60444-weightless-definition-mascara,0,0,0,quota_limit_reached
1158_true-to-skin,Skinlike Porefecting Cushion,108633,https://www.sociolla.com/cushion/80291-skinlike-porefecting-cushion,0,0,0,quota_limit_reached
1158_true-to-skin,Sunfriends Soothing Sunscreen Gel SPF 50 PA ++++,98866,https://www.sociolla.com/sunscreen/70524-sunfriends-soothing-sunscreen-gel-spf-50-pa,0,0,0,quota_limit_reached
317_trope-cosmetics,Calm + Hydrate Lavender Toning Mist,88783,https://www.sociolla.com/face-mist/60441-calm-hydrate-lavender-toning-mist,0,0,0,quota_limit_reached
1158_true-to-skin,Matcha Oat Gentle Cleanser,85717,https://www.sociolla.com/face-wash/57375-matcha-oat-gentle-cleanser,0,0,0,quota_limit_reached
1158_true-to-skin,Bakuchiol Skin Smoothing Serum,102096,https://www.sociolla.com/face-serum/73754-bakuchiol-skin-smoothing-serum,0,0,0,quota_limit_reached
1158_true-to-skin,Mugwort Tripeptide Gel Cream,88413,https://www.sociolla.com/face-cream-lotion/60071-mugwort-tripeptide-gel-cream,0,0,0,quota_limit_reached
1158_true-to-skin,Azulene Oat - Barrier Cream,91877,https://www.sociolla.com/face-cream-lotion/63535-azulene-oat-barrier-cream,0,0,0,quota_limit_reached
1158_true-to-skin,Mugwort Cica - Soothing & Hydrating Essence Toner,88412,https://www.sociolla.com/toner/60070-mugwort-cica-soothing-and-hydrating-essence-toner,0,0,0,quota_limit_reached
1158_true-to-skin,Acne Spot Savior,104688,https://www.sociolla.com/acne-pimple-patch/76346-acne-spot-savior,0,0,0,quota_limit_reached
1158_true-to-skin,Big Jade Guasha,101977,https://www.sociolla.com/facial-tools/73635-big-jade-guasha,0,0,0,quota_limit_reached
1158_true-to-skin,Multi Hyaluronic Hydrating Serum,101987,https://www.sociolla.com/face-serum/73645-multi-hyaluronic-hydrating-serum,0,0,0,quota_limit_reached
1158_true-to-skin,Ready Acne Gone! Pimple Patch,106949,https://www.sociolla.com/acne-pimple-patch/78607-ready-acne-gone-pimple-patch,0,0,0,quota_limit_reached
1158_true-to-skin,Niacinamide TXA Brightening Serum,101985,https://www.sociolla.com/face-serum/73643-niacinamide-txa-brightening-serum,0,0,0,quota_limit_reached
1158_true-to-skin,Glo- C Booster Serum,94316,https://www.sociolla.com/default-category/65974-glo-c-booster-serum,0,0,0,quota_limit_reached
1158_true-to-skin,Eyes On You,97485,https://www.sociolla.com/eye-care/69143-true-to-skin-eyes-on-you,0,0,0,quota_limit_reached
1158_true-to-skin,Calaberry Serum,101989,https://www.sociolla.com/face-serum/73647-calaberry-serum,0,0,0,quota_limit_reached
1158_true-to-skin,Moisturizer + Toner Mugwort,88872,https://www.sociolla.com/skin-care-set/60530-moisturizer-toner-mugwort,0,0,0,quota_limit_reached
1158_true-to-skin,Rose Quartz Guasha,101982,https://www.sociolla.com/facial/73640-rose-quartz-guasha,0,0,0,quota_limit_reached
1158_true-to-skin,Oil Absorption Volcanic Roller,101975,https://www.sociolla.com/facial/73633-oil-absorption-volcanic-roller,0,0,0,quota_limit_reached
1140_trueve,Gentle Foaming Facial Cleanser,88190,https://www.sociolla.com/face-wash/59848-gentle-foaming-facial-cleanser,0,0,0,quota_limit_reached
1158_true-to-skin,2 Layer Effortless Cleansing Balm,103803,https://www.sociolla.com/cleansing-balm/75461-2-layer-effortless-cleansing-balm,0,0,0,quota_limit_reached
1140_trueve,Acne Care Treatment Serum,92040,https://www.sociolla.com/face-serum/63698-acne-care-treatment-serum,0,0,0,quota_limit_reached
1140_trueve,Ultimate Drops of Brightening Serum,92044,https://www.sociolla.com/face-serum/63702-ultimate-drops-of-brightening-serum,0,0,0,quota_limit_reached
1140_trueve,True Barrier Aqua Sunscreen Gel 30G SPF 50++++,96984,https://www.sociolla.com/sunscreen/68642-true-barrier-aqua-sunscreen-gel-30g-spf-50,0,0,0,quota_limit_reached
1140_trueve,Luminous Dark Spot Brightening Serum,92045,https://www.sociolla.com/face-serum/63703-luminous-dark-spot-brightening-serum,0,0,0,quota_limit_reached
1140_trueve,Advance Brightening Gel,92826,https://www.sociolla.com/face-gel/64484-advance-brightening-gel,0,0,0,quota_limit_reached
1140_trueve,Barrier Complex Moisturizing Gel,92825,https://www.sociolla.com/face-gel/64483-barrier-complex-moisturizing-gel,0,0,0,quota_limit_reached
1140_trueve,Advanced Treatment Serum 15ml,100551,https://www.sociolla.com/face-serum/72209-advanced-treatment-serum-15ml,0,0,0,quota_limit_reached
1140_trueve,Luminous Skin Intensifying Serum,95055,https://www.sociolla.com/face-serum/66713-luminous-skin-intensifying-serum,0,0,0,quota_limit_reached
1140_trueve,Multi Peptide Glycogen Ultimate Eye Gel Serum,87876,https://www.sociolla.com/face-serum/59534-ultimate-eye-gel-serum-multi-peptide-glycogen,0,0,0,quota_limit_reached
1140_trueve,Gentle Low pH Facial Cleanser,88191,https://www.sociolla.com/face-wash/59849-gentle-low-ph-facial-cleanser,0,0,0,quota_limit_reached
1140_trueve,True Barrier Mineral Sunscreen 30G SPF 50+++,96983,https://www.sociolla.com/sunscreen/68641-true-barrier-mineral-sunscreen-30g-spf-50,0,0,0,quota_limit_reached
1140_trueve,Blue Tansy Mask 50gr,100554,https://www.sociolla.com/wash-off-mask/72212-blue-tansy-mask-50gr,0,0,0,quota_limit_reached
1140_trueve,Trueve 2% BHA Acne Spot Gel,104545,https://www.sociolla.com/acne-treatment-sealing-gel-cream/76203-trueve-2-bha-acne-spot-gel,0,0,0,quota_limit_reached
1140_trueve,Trueve Instant Glowing Kit,105998,https://www.sociolla.com/skin-care-set/77656-trueve-instant-glowing-kit,0,0,0,quota_limit_reached
1140_trueve,Trueve Retinol Revolution Kit,106001,https://www.sociolla.com/skin-care-set/77659-trueve-retinol-revolution-kit,0,0,0,quota_limit_reached
1140_trueve,Serum & Moisturizer Gel Set: For Acne & Dull Skin,97173,https://www.sociolla.com/skin-care-set/68831-serum-and-moisturizer-gel-set-for-acne-and-dull-skin,0,0,0,quota_limit_reached
1140_trueve,MC2 Advance Soothing Essence Toner,89278,https://www.sociolla.com/toner/60936-mc2-advance-soothing-essence-toner,0,0,0,quota_limit_reached
1140_trueve,Recharge Hydrating Essence Toner,89279,https://www.sociolla.com/toner/60937-recharge-hydrating-essence-toner,0,0,0,quota_limit_reached
1140_trueve,B2C Acne Treatment Essence Toner,89277,https://www.sociolla.com/toner/60935-b2c-acne-treatment-essence-toner,0,0,0,quota_limit_reached
1140_trueve,Trueve Glowing Skin Essential Set (Luminous Dark+Gentle Foaming),104559,https://www.sociolla.com/skin-care-set/76217-trueve-glowing-skin-essential-set-luminous-dark-gentle-foaming,0,0,0,quota_limit_reached
1140_trueve,Trueve Instant Glowing Kit,104568,https://www.sociolla.com/skin-care-set/76226-trueve-instant-glowing-kit,0,0,0,quota_limit_reached
1140_trueve,Serum & Moisturizer Gel Set: For Dull & Dry Skin,97172,https://www.sociolla.com/skin-care-set/68830-serum-and-moisturizer-gel-set-for-dull-and-dry-skin,0,0,0,quota_limit_reached
1140_trueve,Serum & Moisturizer Gel Set: For Dry Skin,97174,https://www.sociolla.com/skin-care-set/68832-serum-and-moisturizer-gel-set-for-dry-skin,0,0,0,quota_limit_reached
1140_trueve,Trueve Acne Hero Kit,104569,https://www.sociolla.com/skin-care-set/76227-trueve-acne-hero-kit,0,0,0,quota_limit_reached
1140_trueve,Serum & Moisturizer Gel Set: For Damaged Skin Barrier & Aging Skin,97171,https://www.sociolla.com/skin-care-set/68829-serum-and-moisturizer-gel-set-for-damaged-skin-barrier-and-aging-skin,0,0,0,quota_limit_reached
1140_trueve,Galactomyces & Peptide Anti-Aging Serum,82993,https://www.sociolla.com/face-serum/54651-peptide-and-galactomyces-anti-aging-serum,0,0,0,quota_limit_reached
1140_trueve,Ultimate Youth Activating Serum,104553,https://www.sociolla.com/face-serum/76211-ultimate-youth-activating-serum,0,0,0,quota_limit_reached
1140_trueve,Trueve Acne Hero Kit,105997,https://www.sociolla.com/skin-care-set/77655-trueve-acne-hero-kit,0,0,0,quota_limit_reached
1140_trueve,Trueve Radiance Vit C Kit,105999,https://www.sociolla.com/skin-care-set/77657-trueve-radiance-vit-c-kit,0,0,0,quota_limit_reached
1140_trueve,Luminous Dark Spot Brightening Serum,104550,https://www.sociolla.com/face-serum/76208-luminous-dark-spot-brightening-serum,0,0,0,quota_limit_reached
1140_trueve,Trueve Youth Booster Kit,106000,https://www.sociolla.com/skin-care-set/77658-trueve-youth-booster-kit,0,0,0,quota_limit_reached
1140_trueve,Ultimate Youth Activating Serum,92043,https://www.sociolla.com/face-serum/63701-ultimate-youth-activating-serum,0,0,0,quota_limit_reached
1140_trueve,Acne Care Treatment Serum,104548,https://www.sociolla.com/face-serum/76206-acne-care-treatment-serum,0,0,0,quota_limit_reached
1140_trueve,Bakuchiol Skin Perfecting Serum 15ml,100552,https://www.sociolla.com/skincare/72210-bakuchiol-skin-perfecting-serum-15ml,0,0,0,quota_limit_reached
1140_trueve,AHA - BHA - PHA & Ceramide Peeling Serum,87878,https://www.sociolla.com/face-serum/59536-peeling-serum-aha-bha-pha-and-ceramide,0,0,0,quota_limit_reached
1140_trueve,Advanced Retinol Pro Treatment Serum 15ml,100553,https://www.sociolla.com/face-serum/72211-advanced-retinol-pro-treatment-serum-15ml,0,0,0,quota_limit_reached
1140_trueve,ACTGLO Collagen Drink,87880,https://www.sociolla.com/beauty-suplements/59538-actglo-collagen-drink,0,0,0,quota_limit_reached
1140_trueve,Ultimate Drops of Brightening Serum,104556,https://www.sociolla.com/face-serum/76214-ultimate-drops-of-brightening-serum,0,0,0,quota_limit_reached
1140_trueve,ABC2 Refining & Glowing Essence Toner,89276,https://www.sociolla.com/toner/60934-abc2-refining-and-glowing-essence-toner,0,0,0,quota_limit_reached
1140_trueve,Trueve Radiance Skin Essential Set (Ultimate Drops+Gentle Low pH),104564,https://www.sociolla.com/skin-care-set/76222-trueve-radiance-skin-essential-set-ultimate-drops-gentle-low-ph,0,0,0,quota_limit_reached
1140_trueve,Ultimate Drops of Brightening Serum x Looney Tunes 30ml,100560,https://www.sociolla.com/default-category/72218-ultimate-drops-of-brightening-serum-x-looney-tunes-30ml,0,0,0,quota_limit_reached
1140_trueve,Acne Care Treatment Serum x Looney Tunes 30ml,100555,https://www.sociolla.com/face-serum/72213-acne-care-treatment-serum-x-looney-tunes-30ml,0,0,0,quota_limit_reached
1140_trueve,"Ultimate drops of brightening serum x warner bros VC-IP, CHROMABRIGHT, CERAMIDE-6, HYALU-10",91262,https://www.sociolla.com/face-serum/62920-ultimate-drops-of-brightening-serum-x-warner-bros-vc-ip-chromabright-ceramide-6-hyalu-10,0,0,0,quota_limit_reached
1140_trueve,Niacinamide 10% & Ceramide Brightening Serum,82989,https://www.sociolla.com/face-serum/54647-niacinamide-10-and-ceramide-brightening-serum,0,0,0,quota_limit_reached
1022_tsubaki,Premium Ex Repair Mask,76324,https://www.sociolla.com/hair-mask/47981-premium-ex-repair-mask-180gr,0,0,0,quota_limit_reached
1022_tsubaki,Premium Ex Intensive Repair Conditioner Treatment,106621,https://www.sociolla.com/conditioner/78279-premium-damage-care-conditioner-490ml,0,0,0,quota_limit_reached
1022_tsubaki,Premium Moist & Repair Shampoo,76317,https://www.sociolla.com/shampoo/47975-premium-moist-shampoo-490ml,0,0,0,quota_limit_reached
1022_tsubaki,Premium Ex Intensive Repair Shampoo,106620,https://www.sociolla.com/shampoo/78278-premium-damage-care-shampoo-490ml,0,0,0,quota_limit_reached
1022_tsubaki,Premium Moist & Repair Conditioner,76319,https://www.sociolla.com/conditioner/47977-premium-moist-conditioner-490ml,0,0,0,quota_limit_reached
1022_tsubaki,Premium Moist & Repair Treatment,76320,https://www.sociolla.com/conditioner/47978-premium-moist-treatment-180gr,0,0,0,quota_limit_reached
1022_tsubaki,Premium Ex Repair Mask Twinpack,107383,https://www.sociolla.com/hair-mask/79041-premium-ex-repair-mask-twinpack,0,0,0,quota_limit_reached
1022_tsubaki,Tsubaki Perfect Healthy Bouncy Hair Set,107737,https://www.sociolla.com/hair-care-set/79395-tsubaki-perfect-healthy-bouncy-hair-set,0,0,0,quota_limit_reached
1022_tsubaki,Premium Ex Intensive Repair Conditioner Twinpack,107382,https://www.sociolla.com/conditioner/79040-premium-ex-intensive-repair-conditioner-twinpack,0,0,0,quota_limit_reached
1022_tsubaki,Premium Ex Intensive Repair Shampoo Twinpack,107381,https://www.sociolla.com/shampoo/79039-premium-ex-intensive-repair-shampoo-twinpack,0,0,0,quota_limit_reached
1022_tsubaki,Premium Moist & Repair Treatment Twinpack,107379,https://www.sociolla.com/conditioner/79037-premium-moist-and-repair-treatment-twinpack,0,0,0,quota_limit_reached
1022_tsubaki,Premium Moist & Repair Conditioner Twinpack,107373,https://www.sociolla.com/conditioner/79031-premium-moist-and-repair-conditioner-twinpack,0,0,0,quota_limit_reached
1022_tsubaki,Premium Moist & Repair Shampoo Twinpack,107372,https://www.sociolla.com/shampoo/79030-premium-moist-and-repair-shampoo-twinpack,0,0,0,quota_limit_reached
1022_tsubaki,Tsubaki Perfect Shiny Hair Set,107736,https://www.sociolla.com/hair-care-set/79394-tsubaki-perfect-shiny-hair-set,0,0,0,quota_limit_reached
1242_tulus,Hyalutonic,89344,https://www.sociolla.com/toner/61002-hyalutonic,0,0,0,quota_limit_reached
1242_tulus,Balanced Gel Cleanser,86781,https://www.sociolla.com/cleansing-gel/58439-balanced-gel-cleanser,0,0,0,quota_limit_reached
1242_tulus,Hydromicellar Cleansing Water,105879,https://www.sociolla.com/makeup-remover/77537-hydromicellar-cleansing-water,0,0,0,quota_limit_reached
1242_tulus,Kakadu C(e)rum Sunscreen,106267,https://www.sociolla.com/sunscreen/77925-kakadu-c-e-rum-sunscreen,0,0,0,quota_limit_reached
1242_tulus,Carica Dark Spot C-orrector,107778,https://www.sociolla.com/face-serum/79436-carica-dark-spot-c-orrector,0,0,0,quota_limit_reached
1242_tulus,Zinc Defense Lotion,106266,https://www.sociolla.com/sunscreen/77924-zinc-defense-lotion,0,0,0,quota_limit_reached
1242_tulus,Retinol Oil,102310,https://www.sociolla.com/default-category/73968-retinol-oil,0,0,0,quota_limit_reached
15638_tumbuh-lab,Hair Oil Original,103792,https://www.sociolla.com/hair-oil/75450-hair-oil-original,0,0,0,quota_limit_reached
15638_tumbuh-lab,Hair Mist,103794,https://www.sociolla.com/hair-mist/75452-hair-mist,0,0,0,quota_limit_reached
15638_tumbuh-lab,Hair Oil with Peppermint,103793,https://www.sociolla.com/hair-oil/75451-hair-oil-with-peppermint,0,0,0,quota_limit_reached
15582_uma-women,Organic & Compostable 29cm (10pcs),100250,https://www.sociolla.com/default-category/71908-organic-heavy-pads,0,0,0,quota_limit_reached
15582_uma-women,Organic & Compostable 18cm (20pcs),100247,https://www.sociolla.com/default-category/71905-organic-liners,0,0,0,quota_limit_reached
15582_uma-women,Organic & Compostable 24cm (10pcs),100248,https://www.sociolla.com/default-category/71906-organic-regular-pads,0,0,0,quota_limit_reached
15582_uma-women,Organic & Compostable Regular Pads 24cm (Travel Pack 3pcs),100249,https://www.sociolla.com/default-category/71907-organic-regular-pads-travel,0,0,0,quota_limit_reached
15582_uma-women,Organic & Compostable Heavy Pads 29cm (Travel Pack 3pcs),100251,https://www.sociolla.com/default-category/71909-organic-heavy-pads-travel,0,0,0,quota_limit_reached
15582_uma-women,Organic & Compostable Overnight 36cm (6pcs),100252,https://www.sociolla.com/default-category/71910-organic-overnight-pads,0,0,0,quota_limit_reached
15198_varesse,Varesse Serum Shampoo 2 in 1 Conditioner,95345,https://www.sociolla.com/shampoo/67003-varesse-serum-shampoo-2-in-1-conditioner,0,0,0,quota_limit_reached
15198_varesse,Varesse Serum Shampoo 2 in 1 Conditioner,95346,https://www.sociolla.com/shampoo/67004-varesse-serum-shampoo-2-in-1-conditioner,0,0,0,quota_limit_reached
15198_varesse,Hair Tonic Concentrate,79788,https://www.sociolla.com/hair-tonic/51446-hair-tonic-concentrate,0,0,0,quota_limit_reached
15198_varesse,Hair Loss Defense Travel Size Bundle,100324,https://www.sociolla.com/hair-care-set/71982-hair-loss-defense-travel-size-bundle,0,0,0,quota_limit_reached
15198_varesse,Set Hair Tonic Concentrate,86243,https://www.sociolla.com/hair-tonic/57901-set-hair-tonic-concentrate,0,0,0,quota_limit_reached
15198_varesse,Set Hair Tonic Concentrate 20 ml,86242,https://www.sociolla.com/hair-tonic/57900-set-hair-tonic-concentrate-20-ml,0,0,0,quota_limit_reached
15198_varesse,Set Serum Shampoo 2 in 1 Conditioner,95394,https://www.sociolla.com/shampoo/67052-set-serum-shampoo-2-in-1-conditioner,0,0,0,quota_limit_reached
15198_varesse,Set Hair Tonic Concentrate 60 ml,80364,https://www.sociolla.com/hair-tonic/52022-set-hair-tonic-concentrate,0,0,0,quota_limit_reached
15198_varesse,Hair Loss Defense Full Size Bundle,100323,https://www.sociolla.com/hair-care-set/71981-hair-loss-defense-full-size-bundle,0,0,0,quota_limit_reached
756_vaseline,Lip Therapy Balm Stick,74273,https://www.sociolla.com/lip-balm/27453-lip-therapy-balm-stick,0,0,0,quota_limit_reached
756_vaseline,Healthy Bright​ Gluta Hyaluron & Peptide Serum Lotion Overnight,100114,https://www.sociolla.com/body-lotion-body-serum/71772-healthy-bright-gluta-hyaluron-and-peptide-serum-lotion-overnight,0,0,0,quota_limit_reached
756_vaseline,Double Gluta free Soft Glow,99704,https://www.sociolla.com/body-lotion-body-serum/71362-double-gluta-free-soft-glow,0,0,0,quota_limit_reached
756_vaseline,Repairing Petroleum Jelly Lotion Original Pure,74275,https://www.sociolla.com/body-butter-cream/27455-repairing-petroleum-jelly-lotion-original-pure,0,0,0,quota_limit_reached
756_vaseline,Vaseline Lip Care Rosy Tinted,86493,https://www.sociolla.com/default-category/58151-vaseline-lip-care-pelembab-and-pencerah-bibir-rosy-tinted,0,0,0,quota_limit_reached
756_vaseline,Healthy Bright Vitamin Body Serum Soft Glow,74263,https://www.sociolla.com/body-lotion-body-serum/27443-healthy-bright-vitamin-body-serum-soft-glow,0,0,0,quota_limit_reached
756_vaseline,Healthy Bright​ Gluta Hyaluron Pro-Retinol Serum UV Lotion Flawless Bright,90906,https://www.sociolla.com/body-lotion-body-serum/62564-healthy-bright-gluta-hyaluron-pro-retinol-serum-uv-lotion-flawless-bright,0,0,0,quota_limit_reached
756_vaseline,Sunblock SPF 30,19812,https://www.sociolla.com/body-sunscreen/41783-sunblock-spf-30,0,0,0,quota_limit_reached
756_vaseline,Lip Theraphy Jar,74272,https://www.sociolla.com/lip-care/27452-lip-theraphy-jar,0,0,0,quota_limit_reached
756_vaseline,Healthy Bright Serum Pencerah Badan SPF 30 PA++,22958,https://www.sociolla.com/body-sunscreen/46670-healthy-white-serum-spf-30-pa,0,0,0,quota_limit_reached
756_vaseline,Multi Purpose Repairing Jelly Aloe,74274,https://www.sociolla.com/body-butter-cream/27454-multi-purpose-repairing-jelly-aloe,0,0,0,quota_limit_reached
756_vaseline,Vaseline Lip Care Original,86492,https://www.sociolla.com/lip-care/58150-vaseline-lip-care-pelembab-and-pencerah-bibir-original,0,0,0,quota_limit_reached
756_vaseline,Healthy Bright​ Gluta Hyaluron Niacinamide Serum Lotion Dewy Radiance,90907,https://www.sociolla.com/body-lotion-body-serum/62565-healthy-bright-gluta-hyaluron-niacinamide-serum-lotion-dewy-radiance,0,0,0,quota_limit_reached
756_vaseline,Daily Sun Cream,82320,https://www.sociolla.com/sunscreen/53978-daily-sun-cream,0,0,0,quota_limit_reached
756_vaseline,SPF50 Refreshing Daily Sunscreen Serum Perlindungan UVA UVB,105802,https://www.sociolla.com/sunscreen/77460-spf50-refreshing-daily-sunscreen-serum-perlindungan-uva-uvb,0,0,0,quota_limit_reached
756_vaseline,Intensive Care Body Lotion Aloe Soothe,22960,https://www.sociolla.com/body-lotion/37169-intensive-care-body-lotion-aloe-soothe,0,0,0,quota_limit_reached
756_vaseline,Repairing Hand Mask with Vaseline Jelly & Niacinamide for Moisturized Hand,89201,https://www.sociolla.com/hand-foot-cream/60859-repairing-hand-mask-with-vaseline-jelly-and-niacinamide-for-moisturized-hand,0,0,0,quota_limit_reached
756_vaseline,Vaseline Healthy White Body Lotion UV Lightening Twinpack,84415,https://www.sociolla.com/bath-body/56073-vaseline-healthy-white-body-lotion-uv-lightening-twinpack,0,0,0,quota_limit_reached
756_vaseline,Healthy Bright​ Gluta Hyaluron Pro-Retinol Serum UV Lotion Flawless Bright 330 ml Twinpack,101309,https://www.sociolla.com/body-lotion-body-serum/72967-healthy-bright-gluta-hyaluron-pro-retinol-serum-uv-lotion-flawless-bright-330-ml-twinpack,0,0,0,quota_limit_reached
756_vaseline,Healthy Bright Sun + Pollution Protection Spf24,74265,https://www.sociolla.com/body-lotion-body-serum/27445-healthy-white-body-lotion-spf24-pa,0,0,0,quota_limit_reached
756_vaseline,Healthy Bright UV Extra Brightening,19813,https://www.sociolla.com/body-lotion-body-serum/42345-healthy-white-body-lotion-uv-lightening,0,0,0,quota_limit_reached
756_vaseline,Vaseline Sunblock SPF 30 Twinpack,84427,https://www.sociolla.com/body-sunscreen/56085-vaseline-sunblock-spf-30-twinpack,0,0,0,quota_limit_reached
756_vaseline,Healthy Bright​ Gluta Hyaluron Niacinamide Serum Lotion Dewy Radiance 200ml Twinpack,101308,https://www.sociolla.com/body-lotion-body-serum/72966-healthy-bright-gluta-hyaluron-niacinamide-serum-lotion-dewy-radiance-200ml-twinpack,0,0,0,quota_limit_reached
756_vaseline,Healthy Bright​ Gluta Hyaluron & Peptide Serum Lotion Overnight 200ml Twinpack,101295,https://www.sociolla.com/default-category/72953-healthy-bright-gluta-hyaluron-and-peptide-serum-lotion-overnight-200ml-twinpack,0,0,0,quota_limit_reached
756_vaseline,Healthy Bright​ Gluta Hyaluron Pro-Retinol Serum UV Lotion Flawless Bright 200ml Twinpack,101307,https://www.sociolla.com/body-lotion-body-serum/72965-healthy-bright-gluta-hyaluron-pro-retinol-serum-uv-lotion-flawless-bright-200ml-twinpack,0,0,0,quota_limit_reached
756_vaseline,Healthy Bright​ Gluta Hyaluron Niacinamide Serum Lotion Dewy Radiance 330ml Twinpack,101310,https://www.sociolla.com/body-lotion-body-serum/72968-healthy-bright-gluta-hyaluron-niacinamide-serum-lotion-dewy-radiance-330ml-twinpack,0,0,0,quota_limit_reached
756_vaseline,Lotion Healthy Bright Perfect 10,23227,https://www.sociolla.com/body-lotion-body-serum/37406-healthy-white-body-lotion-perfect-10,0,0,0,quota_limit_reached
756_vaseline,Protect Sun Stick,82324,https://www.sociolla.com/sunscreen/53982-protect-sun-stick,0,0,0,quota_limit_reached
756_vaseline,Men Face Wash Healthy Bright,74279,https://www.sociolla.com/face-wash/27459-vaseline-men-face-wash-healthy-white,0,0,0,quota_limit_reached
756_vaseline,Healthy Bright Spf24,74268,https://www.sociolla.com/body-lotion-body-serum/27448-healthy-white-spf-24-pollution-protection-body-lotion,0,0,0,quota_limit_reached
756_vaseline,Intensive Care Body Lotion Advanced Strength,22963,https://www.sociolla.com/body-lotion-body-serum/37173-intensive-care-body-lotion-advanced-strength,0,0,0,quota_limit_reached
756_vaseline,Healthy Bright​ Gluta Hyaluron & Peptide Serum Lotion Overnight 300ml Twinpack,101306,https://www.sociolla.com/default-category/72964-healthy-bright-gluta-hyaluron-and-peptide-serum-lotion-overnight-300ml-twinpack,0,0,0,quota_limit_reached
756_vaseline,Superfood Skin Serum Cranberry,36560,https://www.sociolla.com/default-category/43256-superfood-skin-serum-cranberry,0,0,0,quota_limit_reached
756_vaseline,Hijab Bright Multi-Purpose Skin & Hair Light Dry Oil 6 Nourishing Oils,96998,https://www.sociolla.com/body-oil/68656-hijab-bright-multi-purpose-skin-and-hair-light-dry-oil-6-nourishing-oils,0,0,0,quota_limit_reached
756_vaseline,Vaseline Men Active Bright Acne Expert Face Wash,74276,https://www.sociolla.com/face-wash/27456-vaseline-men-active-bright-acne-expert-face-wash,0,0,0,quota_limit_reached
756_vaseline,Repairing Hand Mask Twinpack,89349,https://www.sociolla.com/body-mask/61007-repairing-hand-mask-twinpack,0,0,0,quota_limit_reached
756_vaseline,Healthy Bright Vitamin Body Serum Firm Glow,74262,https://www.sociolla.com/body-lotion-body-serum/27442-healthy-bright-vitamin-body-serum-firm-glow,0,0,0,quota_limit_reached
756_vaseline,Buy Body Serum Firm Glow FREE Soft Glow 100ml,105928,https://www.sociolla.com/body-lotion-body-serum/77586-buy-body-serum-firm-glow-free-soft-glow-100ml,0,0,0,quota_limit_reached
756_vaseline,Healthy Bright Vitamin Gel Serum Fresh Glow,74264,https://www.sociolla.com/body-lotion-body-serum/27444-healthy-bright-vitamin-gel-serum-fresh-glow,0,0,0,quota_limit_reached
756_vaseline,Hijab Bright Cooling Body Serum - All Day Radiant Long Lasting Fragrance,88174,https://www.sociolla.com/body-lotion/59832-hijab-bright-cooling-body-serum-all-day-radiant-long-lasting-fragrance,0,0,0,quota_limit_reached
756_vaseline,Healthy Bright Fresh & Bright Cooling Uv Gel Lotion,74267,https://www.sociolla.com/body-lotion-body-serum/27447-healthy-white-fresh-and-fair-cooling-uv-gel-lotion,0,0,0,quota_limit_reached
756_vaseline,BEST DEAL - Anti Bacterial Hand Cream,80822,https://www.sociolla.com/gift-set/52480-anti-bacterial-hand-cream-twinpack,0,0,0,quota_limit_reached
756_vaseline,Vaseline Healthy Bright Vitamin Gel Serum Fresh Glow Twinpack,84413,https://www.sociolla.com/default-category/56071-vaseline-healthy-bright-vitamin-gel-serum-fresh-glow-twinpack,0,0,0,quota_limit_reached
756_vaseline,Vaseline Blueberry Body Yogurt with Prebiotics Twinpack,84407,https://www.sociolla.com/gift-sets/56065-vaseline-blueberry-body-yogurt-with-prebiotics-twinpack,0,0,0,quota_limit_reached
15531_verites,Secretly Sexy Eau De Parfum,108411,https://www.sociolla.com/eau-de-parfum/80069-secretly-sexy-eau-de-parfum,0,0,0,quota_limit_reached
756_vaseline,Vaseline Strawberry Body Yogurt with Prebiotics Twinpack,84421,https://www.sociolla.com/gift-sets/56079-vaseline-strawberry-body-yogurt-with-prebiotics-twinpack,0,0,0,quota_limit_reached
756_vaseline,Tone Up Sun Cream,82322,https://www.sociolla.com/sunscreen/53980-tone-up-sun-cream,0,0,0,quota_limit_reached
15531_verites,Chasing Cloud Eau De Parfum,108422,https://www.sociolla.com/eau-de-parfum/80080-chasing-cloud-eau-de-parfum,0,0,0,quota_limit_reached
15531_verites,Shine All Night EDP,103790,https://www.sociolla.com/eau-de-parfum/75448-shine-all-night-edp,0,0,0,quota_limit_reached
15531_verites,Shine All Night Eau De Parfum,108413,https://www.sociolla.com/eau-de-parfum/80071-shine-all-night-eau-de-parfum,0,0,0,quota_limit_reached
15531_verites,Dreamy Rouge EDP,103787,https://www.sociolla.com/eau-de-parfum/75445-dreamy-rouge-edp,0,0,0,quota_limit_reached
15531_verites,HER Summer Eau De Parfum,108424,https://www.sociolla.com/eau-de-parfum/80082-her-summer-eau-de-parfum,0,0,0,quota_limit_reached
15531_verites,After The Rain Eau De Parfum,108408,https://www.sociolla.com/eau-de-parfum/80066-after-the-rain-eau-de-parfum,0,0,0,quota_limit_reached
15531_verites,De Club Eau De Parfum,108423,https://www.sociolla.com/eau-de-parfum/80081-de-club-eau-de-parfum,0,0,0,quota_limit_reached
15531_verites,Blooming Amoure Eau De Parfum,108418,https://www.sociolla.com/eau-de-parfum/80076-blooming-amoure-eau-de-parfum,0,0,0,quota_limit_reached
15531_verites,Joie de vivre Eau De Parfum,108409,https://www.sociolla.com/eau-de-parfum/80067-joie-de-vivre-eau-de-parfum,0,0,0,quota_limit_reached
15531_verites,Siren Eau De Parfum,108416,https://www.sociolla.com/eau-de-parfum/80074-siren-eau-de-parfum,0,0,0,quota_limit_reached
15531_verites,Joie de vivre EDP,103788,https://www.sociolla.com/eau-de-parfum/75446-joie-de-vivre-edp,0,0,0,quota_limit_reached
15531_verites,Soul Signature Eau De Parfum,108425,https://www.sociolla.com/eau-de-parfum/80083-soul-signature-eau-de-parfum,0,0,0,quota_limit_reached
15531_verites,Zen Garden Eau De Parfum,108427,https://www.sociolla.com/eau-de-parfum/80085-zen-garden-eau-de-parfum,0,0,0,quota_limit_reached
338_votre-peau,"Vitamin C pour Maharis Clinic with Tranexamic Acid, Sodium Hyaluronic & Salicylic Acid",80735,https://www.sociolla.com/face-serum/52393-vitamin-c-pour-maharis-clinic-with-tranexamic-acid-sodium-hyaluronic-and-salicylic-acid,0,0,0,quota_limit_reached
338_votre-peau,Vitamin C Serum,25319,https://www.sociolla.com/face-serum/9997-vitamin-c-serum,0,0,0,quota_limit_reached
15531_verites,Starstruck Eau De Parfum,108426,https://www.sociolla.com/eau-de-parfum/80084-starstruck-eau-de-parfum,0,0,0,quota_limit_reached
338_votre-peau,Facial Sun Shield SPF 50,25320,https://www.sociolla.com/sunscreen/9998-facial-sun-shield-spf-50,0,0,0,quota_limit_reached
338_votre-peau,Serum Retinol Concentrate,89207,https://www.sociolla.com/face-serum/60865-serum-retinol-concentrate,0,0,0,quota_limit_reached
338_votre-peau,Herbal Lavender Facial Cleanser,80733,https://www.sociolla.com/face-wash/52391-herbal-lavender-facial-cleanser,0,0,0,quota_limit_reached
338_votre-peau,Night Cream,25321,https://www.sociolla.com/face-cream-lotion/9999-night-cream,0,0,0,quota_limit_reached
338_votre-peau,Serum Peptide Concentrate,89208,https://www.sociolla.com/face-serum/60866-serum-peptide-concentrate,0,0,0,quota_limit_reached
338_votre-peau,Skin Care Pore-fectionist Package,88221,https://www.sociolla.com/default-category/59879-skin-care-pore-fectionist-package,0,0,0,quota_limit_reached
338_votre-peau,Salicylic Acid Acne Toner 100ml  - Toner Wajah Jerawat,98887,https://www.sociolla.com/treatment/70545-salicylic-acid-acne-toner-100ml-toner-wajah-jerawat,0,0,0,quota_limit_reached
338_votre-peau,Acne Fighter Package,88219,https://www.sociolla.com/face-serum/59877-acne-fighter-package,0,0,0,quota_limit_reached
338_votre-peau,Skin Care Bright & Glow Package,88220,https://www.sociolla.com/face-serum/59878-skin-care-bright-and-glow-package,0,0,0,quota_limit_reached
338_votre-peau,Skin Care Dew It All Package,88218,https://www.sociolla.com/face-serum/59876-skin-care-dew-it-all-package,0,0,0,quota_limit_reached
338_votre-peau,Ginseng & Chesnut Seed Extract Hair Tonic With Biotin & Panthenol,108898,https://www.sociolla.com/hair-tonic/80556-ginseng-and-chesnut-seed-extract-hair-tonic-with-biotin-and-panthenol,0,0,0,quota_limit_reached
338_votre-peau,Ramadhan Special Hampers,104047,https://www.sociolla.com/skin-care-set/75705-ramadhan-special-hampers,0,0,0,quota_limit_reached
338_votre-peau,Skin Care Glow Combo,88217,https://www.sociolla.com/face-cream-lotion/59875-skin-care-glow-combo,0,0,0,quota_limit_reached
338_votre-peau,Skin Care Bye Bye Acne Package - Paket Perawatan Wajah Jerawat,99545,https://www.sociolla.com/skin-care-set/71203-skin-care-bye-bye-acne-package-paket-perawatan-wajah-jerawat,0,0,0,quota_limit_reached
338_votre-peau,Niacinamide Booster Ampoule,89206,https://www.sociolla.com/ampoule/60864-niacinamide-booster-ampoule,0,0,0,quota_limit_reached
338_votre-peau,Sensisoft Facial Wash,85846,https://www.sociolla.com/face-wash/57504-sensisoft-facial-wash,0,0,0,quota_limit_reached
338_votre-peau,Retinol Eye Cream,98885,https://www.sociolla.com/eye-cream/70543-retinol-eye-cream,0,0,0,quota_limit_reached
338_votre-peau,Salicylic Acid Acne Facial Wash 100ml - Sabun Wajah Jerawat,98886,https://www.sociolla.com/cleanser/70544-salicylic-acid-acne-facial-wash-100ml-sabun-wajah-jerawat,0,0,0,quota_limit_reached
338_votre-peau,Retinol Barrier Cream,84933,https://www.sociolla.com/face-cream-lotion/56591-retinol-barrier-cream,0,0,0,quota_limit_reached
338_votre-peau,Polypeptide Eye Gel Cream,84934,https://www.sociolla.com/eye-care/56592-polypeptide-eye-gel-cream,0,0,0,quota_limit_reached
338_votre-peau,Saharan Snow Drop,85844,https://www.sociolla.com/face-cream-lotion/57502-saharan-snow-drop,0,0,0,quota_limit_reached
338_votre-peau,Brightening Essence,74682,https://www.sociolla.com/essence/27862-brightening-essence,0,0,0,quota_limit_reached
338_votre-peau,Herbal Calendula Hydrating Facial Toner,80734,https://www.sociolla.com/toner/52392-hebal-calendula-hydrating-facial-toner,0,0,0,quota_limit_reached
218_wardah,Colorfit Velvet Matte Lip Mousse,35883,https://www.sociolla.com/lip-cream/14171-colorfit-velvet-matte-lip-mousse,0,0,0,quota_limit_reached
338_votre-peau,Bye Bye Wrinkles Package,88222,https://www.sociolla.com/default-category/59880-bye-bye-wrinkles-package,0,0,0,quota_limit_reached
218_wardah,Optimum Hi-Black Liner,810,https://www.sociolla.com/eyeliner/3650-optimum-hi-black-liner,0,0,0,quota_limit_reached
218_wardah,Lightening Face Toner,650,https://www.sociolla.com/toner/3374-lightening-face-toner-150-ml,0,0,0,quota_limit_reached
218_wardah,Aloe Hydramild Facial Wash,20356,https://www.sociolla.com/face-wash/10725-aloe-hydramild-facial-wash,0,0,0,quota_limit_reached
218_wardah,Nature Daily Tea Tree Oil Control Clay Capsule Mask,63466,https://www.sociolla.com/clay-mask/16207-nature-daily-tea-tree-oil-control-clay-capsule-mask,0,0,0,quota_limit_reached
218_wardah,Colorfit Last All Day Lip Paint,83695,https://www.sociolla.com/lip-cream/55353-colorfit-last-all-day-lip-paint,0,0,0,quota_limit_reached
218_wardah,Instaperfect Mattesetter Lip Matte Paint,23208,https://www.sociolla.com/lip-cream/10087-instaperfect-mattesetter-lip-matte-paint,0,0,0,quota_limit_reached
218_wardah,EyeXpert Liftlast Waterproof Mascara,99678,https://www.sociolla.com/mascara/71336-eyexpert-liftlast-waterproof-mascara,0,0,0,quota_limit_reached
218_wardah,Hydra Rose Micro Gel Serum,75296,https://www.sociolla.com/face-serum/28476-hydra-rose-micro-gel-serum,0,0,0,quota_limit_reached
218_wardah,Exclusive Matte Lip Cream,964,https://www.sociolla.com/lip-cream/4046-exclusive-matte-lip-cream,0,0,0,quota_limit_reached
218_wardah,Seaweed Cleansing Micellar Water,2466,https://sociolla.com/micellar-water/8478-seaweed-cleansing-micellar-water.html,0,0,0,quota_limit_reached
218_wardah,Hydra Rose Petal Infused Toner,75298,https://www.sociolla.com/toner/28478-hydra-rose-petal-infused-toner,0,0,0,quota_limit_reached
218_wardah,Nature Daily Milky Oat Exfoliating Scrub Capsule Mask,63467,https://www.sociolla.com/wash-off-mask/16209-nature-daily-milky-oat-exfoliating-scrub-capsule-mask,0,0,0,quota_limit_reached
218_wardah,UV Shield Active Protection Serum SPF 50,74533,https://www.sociolla.com/sunscreen/27713-uv-shield-active-protection-serum-spf-50,0,0,0,quota_limit_reached
218_wardah,Creamy Body Butter with Passion Fruit,681,https://www.sociolla.com/body-butter-cream/3416-creamy-body-butter-with-passion-fruit,0,0,0,quota_limit_reached
218_wardah,Instaperfect MATTETITUDE Matte Stain Lipstick,27310,https://www.sociolla.com/lipstick/10088-instaperfect-mattetitude-matte-stain-lipstick,0,0,0,quota_limit_reached
218_wardah,UV Shield Light Matte Sun Stick,88373,https://www.sociolla.com/sunscreen/60031-uv-shield-light-matte-sun-stick,0,0,0,quota_limit_reached
218_wardah,Crystallure Precious Lustre Prism Blush,84829,https://www.sociolla.com/blush/56487-crystallure-precious-lustre-prism-blush,0,0,0,quota_limit_reached
218_wardah,Hydra Rose Dewy Aqua Day Gel,75285,https://www.sociolla.com/face-gel/28465-hydra-rose-dewy-aqua-day-gel,0,0,0,quota_limit_reached
218_wardah,Renew You Facial Wash,33499,https://www.sociolla.com/face-wash/10723-renew-you-anti-aging-facial-wash,0,0,0,quota_limit_reached
218_wardah,Everyday Cheek and Lip Tint,20328,https://www.sociolla.com/lip-tint/9573-everyday-cheek-and-lip-tint,0,0,0,quota_limit_reached
218_wardah,Colorfit Ultralight Matte Lipstick,83670,https://www.sociolla.com/lipstick/55328-colorfit-ultralight-matte-lipstick,0,0,0,quota_limit_reached
218_wardah,UV Shield Aqua Fresh Essence SPF 50,74532,https://www.sociolla.com/sunscreen/27712-uv-shield-aqua-fresh-essence-spf-50,0,0,0,quota_limit_reached
218_wardah,Colorfit Velvet Powder Foundation,83696,https://www.sociolla.com/cake-foundation/55354-colorfit-velvet-powder-foundation,0,0,0,quota_limit_reached
218_wardah,Lightening Two Way Cake Light Feel,33519,https://www.sociolla.com/pressed-powder/10715-lightening-two-way-cake-light-feel,0,0,0,quota_limit_reached
218_wardah,Colorfit Velvet Powder Foundation Refill,86602,https://www.sociolla.com/cake-foundation/58260-colorfit-velvet-powder-foundation-refill,0,0,0,quota_limit_reached
218_wardah,Crystal Secret Pure Treatment Essence,1557,https://www.sociolla.com/essence/7093-white-secret-pure-treatment-essence,0,0,0,quota_limit_reached
218_wardah,Everyday Moisture Lip Nutrition Balm,33844,https://www.sociolla.com/default-category/10839-everyday-moisture-lip-nutrition-balm,0,0,0,quota_limit_reached
218_wardah,Renew You Intensive Serum,2125,https://www.sociolla.com/face-serum/8046-renew-you-anti-aging-intensive-serum,0,0,0,quota_limit_reached
218_wardah,Pure Olive Oil,9503,https://sociolla.com/body-scrub-and-exfoliants/10798-pure-olive-oil-50-ml.html,0,0,0,quota_limit_reached
218_wardah,Renew You Day Cream,33501,https://www.sociolla.com/face-cream-lotion/8045-renew-you-anti-aging-day-cream,0,0,0,quota_limit_reached
218_wardah,Renew You Night Cream,2126,https://www.sociolla.com/face-cream-lotion/8048-renew-you-anti-aging-night-cream,0,0,0,quota_limit_reached
218_wardah,Hydra Rose Gel to Foam Cleanser,75295,https://www.sociolla.com/face-wash/28475-hydra-rose-gel-to-foam-cleanser,0,0,0,quota_limit_reached
218_wardah,Lightening Blue Clay Mask,76672,https://www.sociolla.com/clay-mask/48330-lightening-blue-clay-mask,0,0,0,quota_limit_reached
218_wardah,Instaperfect Quickmatte Loose Powder,99682,https://www.sociolla.com/loose-powder/71340-instaperfect-quickmatte-loose-powder,0,0,0,quota_limit_reached
218_wardah,Exclusive Flawless Cover Cushion,35875,https://www.sociolla.com/cushion/14166-exclusive-flawless-cover-cushion,0,0,0,quota_limit_reached
218_wardah,Lightening Gentle Exfoliator,651,https://www.sociolla.com/scrub-exfoliator/3375-lightening-facial-scrub-60-ml,0,0,0,quota_limit_reached
218_wardah,Eyexpert Matic Brow Definer,90749,https://www.sociolla.com/brow-pencil/62407-eyexpert-matic-brow-definer,0,0,0,quota_limit_reached
218_wardah,Instaperfect HYPERGETIC Precise Black Liner,27316,https://www.sociolla.com/eyeliner/10096-instaperfect-hypergetic-precise-black-liner,0,0,0,quota_limit_reached
218_wardah,Exclusive Blush On,35878,https://www.sociolla.com/159-blush/14169-exclusive-blush-on,0,0,0,quota_limit_reached
218_wardah,Instaperfect Skinfocus Cover Foundation,99693,https://www.sociolla.com/default-category/71351-instaperfect-skinfocus-cover-foundation,0,0,0,quota_limit_reached
218_wardah,EyeXpert Perfect Precision Liner,99692,https://www.sociolla.com/eyeliner/71350-eyexpert-perfect-precision-liner,0,0,0,quota_limit_reached
218_wardah,Perfect Bright Super-Glow Berry Serum,102656,https://www.sociolla.com/face-serum/74314-perfect-bright-super-glow-berry-serum,0,0,0,quota_limit_reached
218_wardah,Colorfit Quad Eye Palette,102655,https://www.sociolla.com/eyeshadow/74313-colorfit-quad-eye-palette,0,0,0,quota_limit_reached
218_wardah,Instaperfect Gloss Chic Lip Crayon,33875,https://sociolla.com/lip-crayon/10875-instaperfect-gloss-chic-lip-crayon.html,0,0,0,quota_limit_reached
218_wardah,Lightening Day Cream Advanced Niacinamide,648,https://www.sociolla.com/face-cream-lotion/3372-lightening-day-cream-step-2,0,0,0,quota_limit_reached
218_wardah,Nature Daily Orange Pomelo Brightening Wash Off Capsule Mask,63465,https://www.sociolla.com/wash-off-mask/16206-nature-daily-orange-pomelo-brightening-wash-off-capsule-mask,0,0,0,quota_limit_reached
218_wardah,Lightening Matte Powder,21134,https://www.sociolla.com/loose-powder/9619-lightening-loose-powder,0,0,0,quota_limit_reached
218_wardah,EyeXpert Aqua Lash Mascara,643,https://www.sociolla.com/mascara/3364-eyexpert-aqua-lash-mascara,0,0,0,quota_limit_reached
218_wardah,EyeXpert Perfectcurl Mascara,902,https://www.sociolla.com/mascara/3823-eyexpert-perfectcurl-mascara,0,0,0,quota_limit_reached
218_wardah,EyeXpert Brow Lash Serum,99691,https://www.sociolla.com/eyelash-serum/71349-eyexpert-brow-lash-serum,0,0,0,quota_limit_reached
218_wardah,Refill Lightening Two Way Cake Light Feel,36268,https://www.sociolla.com/pressed-powder/14746-refill-lightening-two-way-cake-light-feel,0,0,0,quota_limit_reached
218_wardah,Lightening Two Way Cake Extra Cover 10 gr,890,https://www.sociolla.com/pressed-powder/3782-lightening-two-way-cake-extra-cover-10-gr,0,0,0,quota_limit_reached
218_wardah,Wardah Eyebrow Pencil 1.14 g,1443,https://www.sociolla.com/eyebrows/6782-wardah-eyebrow-pencil-114-g,0,0,0,quota_limit_reached
218_wardah,Hydra Rose Dewy Skin Starter Kit,85339,https://www.sociolla.com/default-category/56997-hydra-rose-dewy-skin-starter-kit,0,0,0,quota_limit_reached
218_wardah,Instaperfect Browfessional 3D Brow Mascara,33874,https://www.sociolla.com/default-category/10876-instaperfect-browfessional-3d-brow-mascara,0,0,0,quota_limit_reached
218_wardah,Hydra Rose Moisture Rich Night Gel,75297,https://www.sociolla.com/face-cream-lotion/28477-hydra-rose-moisture-rich-night-gel,0,0,0,quota_limit_reached
218_wardah,Nature Daily Sheet Mask,35205,https://www.sociolla.com/sheet-mask/13098-nature-daily-sheet-mask,0,0,0,quota_limit_reached
218_wardah,Everyday Luminous Two Way Cake,33515,https://sociolla.com/pressed-powder/10710-everyday-luminous-two-way-cake.html,0,0,0,quota_limit_reached
218_wardah,Eye Shadow - 3.3gr,891,https://www.sociolla.com/eyeshadow/3783-eye-shadow-33gr,0,0,0,quota_limit_reached
218_wardah,Instaperfect Everlast Intense Matte Liquid,74534,https://www.sociolla.com/lip-cream/27714-instaperfect-everlast-intense-matte-liquid,0,0,0,quota_limit_reached
218_wardah,Instaperfect Browflash 3-in-1 Brow Perfector,88365,https://www.sociolla.com/brow-pencil/60023-instaperfect-browflash-3-in-1-brow-perfector,0,0,0,quota_limit_reached
218_wardah,Acnederm Acne Spot Treatment Gel,20993,https://www.sociolla.com/default-category/9610-acnederm-acne-spot-treatment-gel,0,0,0,quota_limit_reached
218_wardah,Acnederm Pore Blackhead Balm,33505,https://www.sociolla.com/cleansing-balm/10732-acnederm-pore-blackhead-balm,0,0,0,quota_limit_reached
218_wardah,Colorfit Fresh Matte Lip Ink,88366,https://www.sociolla.com/lip-cream/60024-colorfit-fresh-matte-lip-ink,0,0,0,quota_limit_reached
218_wardah,Crystallure Precious Glow Radiance Powder,91092,https://www.sociolla.com/loose-powder/62750-crystallure-precious-glow-radiance-powder,0,0,0,quota_limit_reached
218_wardah,Acnederm Pore Refining Toner,20994,https://www.sociolla.com/toner/9611-acnederm-pore-refining-toner,0,0,0,quota_limit_reached
218_wardah,Instaperfect Litesplash Lip Sorbet,91093,https://www.sociolla.com/lip-cream/62751-instaperfect-litesplash-lip-sorbet,0,0,0,quota_limit_reached
218_wardah,Acnederm Pure Foaming Cleanser,20995,https://www.sociolla.com/face-wash/9612-acnederm-pure-foaming-cleanser,0,0,0,quota_limit_reached
218_wardah,EyeXpert Eyeshadow Nude,823,https://www.sociolla.com/eyeshadow/3666-eyexpert-eyeshadow-nude,0,0,0,quota_limit_reached
218_wardah,Blush On,657,https://www.sociolla.com/blush/3381-blush-on,0,0,0,quota_limit_reached
218_wardah,Lightening Day Gel,74535,https://www.sociolla.com/face-gel/27715-lightening-day-gel,0,0,0,quota_limit_reached
218_wardah,Lightening Serum Ampoule,83385,https://www.sociolla.com/face-serum/55043-lightening-serum-ampoule,0,0,0,quota_limit_reached
218_wardah,Renew You Toner Essence,1558,https://www.sociolla.com/essence/7094-renew-you-treatment-essence,0,0,0,quota_limit_reached
218_wardah,Conditioner Hair Fall,21136,https://www.sociolla.com/conditioner/9621-conditioner-hair-fall,0,0,0,quota_limit_reached
218_wardah,Crystallure Precious All Day Corrective Concealer,84821,https://www.sociolla.com/concealer/56479-crystallure-precious-all-day-corrective-concealer,0,0,0,quota_limit_reached
218_wardah,Crystallure Moisture Rich Cleansing Foam,91428,https://www.sociolla.com/face-wash/63086-crystallure-moisture-rich-cleansing-foam,0,0,0,quota_limit_reached
218_wardah,Acnederm Face Powder,20992,https://www.sociolla.com/loose-powder/9609-acnederm-face-powder,0,0,0,quota_limit_reached
218_wardah,Lightening Serum Ampoule,652,https://www.sociolla.com/default-category/3376-lightening-facial-serum-5x5-ml,0,0,0,quota_limit_reached
218_wardah,Olive Oil For Massage,9502,https://sociolla.com/body-lotion-butter-and-oil/10797-olive-oil-for-massage-150-ml.html,0,0,0,quota_limit_reached
218_wardah,Lightening SuperSerum Mask,83387,https://www.sociolla.com/sheet-mask/55045-lightening-essence-sheet-mask,0,0,0,quota_limit_reached
218_wardah,Mineral Clarifying Facial Foam,33511,https://sociolla.com/face-wash/10726-mineral-clarifying-facial-foam.html,0,0,0,quota_limit_reached
218_wardah,Instaperfect SPOTLIGHT Chromatic Eye Palette,27312,https://www.sociolla.com/default-category/10091-instaperfect-spotlight-chromatic-eye-palette,0,0,0,quota_limit_reached
218_wardah,Everyday Luminous Face Powder,9525,https://www.sociolla.com/loose-powder/10708-everyday-luminous-face-powder,0,0,0,quota_limit_reached
218_wardah,Colorfit Highlight Contour Palette,102657,https://www.sociolla.com/face-palette/74315-colorfit-highlight-contour-palette,0,0,0,quota_limit_reached
218_wardah,UV Shield Essential Sunscreen Gel SPF 30,77954,https://www.sociolla.com/sunscreen/49612-uv-shield-essential-sunscreen-gel-spf-30,0,0,0,quota_limit_reached
218_wardah,Instaperfect Porefection Skin Primer,27311,https://www.sociolla.com/face-primer/10090-instaperfect-porefection-skin-primer,0,0,0,quota_limit_reached
218_wardah,Crystallure Superme Double Action Micellar Gel,63387,https://www.sociolla.com/skin-care/16129-crystallure-superme-double-action-micellar-gel,0,0,0,quota_limit_reached
218_wardah,Roll On For Her,33496,https://www.sociolla.com/deodorant/10734-roll-on-for-her,0,0,0,quota_limit_reached
218_wardah,Exclusive Eyeshadow Palette,35882,https://www.sociolla.com/166-eyeshadow/14170-exclusive-eyeshadow-palette,0,0,0,quota_limit_reached
218_wardah,Lightening Oil-Infused Micellar Water,83389,https://www.sociolla.com/micellar-water/55047-lightening-oil-infused-micellar-water,0,0,0,quota_limit_reached
218_wardah,EyeXpert Staylast Liquid Eyeliner,645,https://www.sociolla.com/eyeliner/3367-eyexpert-staylast-liquid-eyeliner,0,0,0,quota_limit_reached
218_wardah,Nature Daily Amazonian Acai Berry Antioxidant Capsule Mask,63464,https://www.sociolla.com/wash-off-mask/16208-nature-daily-amazonian-acai-berry-antioxidant-capsule-mask,0,0,0,quota_limit_reached
218_wardah,Instaperfect MINERALIGHT MATTE BB Cushion,33167,https://www.sociolla.com/bb-cc-cream/10085-instaperfect-mineralight-matte-bb-cushion,0,0,0,quota_limit_reached
218_wardah,C-Defense Serum - 17 ml,812,https://www.sociolla.com/face-serum/3653-c-defense-serum-17-ml,0,0,0,quota_limit_reached
218_wardah,Crystallure Superme Revitalizing Rich Cream,63390,https://www.sociolla.com/face-cream-lotion/16132-crystallure-superme-revitalizing-rich-cream,0,0,0,quota_limit_reached
218_wardah,Instaperfect MATTE FIT Powder Foundation,27309,https://www.sociolla.com/foundation/10086-instaperfect-matte-fit-powder-foundation,0,0,0,quota_limit_reached
218_wardah,Renew You Eye Cream,33497,https://www.sociolla.com/eye-care/10722-renew-you-anti-aging-eye-cream,0,0,0,quota_limit_reached
218_wardah,Perfect Bright Cooling Bright Jelly Facial Foam,99684,https://www.sociolla.com/face-wash/71342-perfect-bright-cooling-bright-jelly-facial-foam,0,0,0,quota_limit_reached
218_wardah,Exclusive Matte Lip Cream X Ayang Cempaka,80011,https://www.sociolla.com/lip-cream/51669-exclusive-matte-lip-cream-x-ayang-cempaka,0,0,0,quota_limit_reached
218_wardah,Crystallure Superme Advance Hydra Gel,63393,https://www.sociolla.com/face-gel/16135-crystallure-superme-advance-hydra-gel,0,0,0,quota_limit_reached
218_wardah,Pore Tightening Toner,2118,https://www.sociolla.com/toner/8039-pore-tightening-toner,0,0,0,quota_limit_reached
218_wardah,Instaperfect CITY BLUSH Blusher Click,22578,https://www.sociolla.com/blush/10092-instaperfect-city-blush-blusher-click,0,0,0,quota_limit_reached
218_wardah,Perfect Bright Bright + Night Glow Night Moisturizer,99686,https://www.sociolla.com/face-cream-lotion/71344-perfect-bright-bright-night-glow-night-moisturizer,0,0,0,quota_limit_reached
895_whitelab,Brightening Face Toner,73198,https://www.sociolla.com/toner/26378-brightening-face-toner,0,0,0,quota_limit_reached
895_whitelab,Granactive retinoid intensive care serum,83472,https://www.sociolla.com/face-serum/55130-whitelab-intensive-care-serum,0,0,0,quota_limit_reached
895_whitelab,Whitelab Cera-Mug Barrier Moisturizing Gel,101209,https://www.sociolla.com/default-category/72867-whitelab-cera-mug-barrier-moisturizing-gel,0,0,0,quota_limit_reached
895_whitelab,Brightening Facial Wash,73197,https://www.sociolla.com/face-wash/26377-brightening-facial-wash,0,0,0,quota_limit_reached
895_whitelab,Brightening Day Cream,73200,https://www.sociolla.com/face-cream-lotion/26380-brightening-day-cream,0,0,0,quota_limit_reached
895_whitelab,Retinol Treatment Serum,94503,https://www.sociolla.com/face-serum/66161-retinol-treatment-serum,0,0,0,quota_limit_reached
895_whitelab,Whitelab Cera-Mug Barrier Moisturizing Gel,101199,https://www.sociolla.com/face-gel/72857-whitelab-cera-mug-barrier-moisturizing-gel,0,0,0,quota_limit_reached
895_whitelab,Whitelab Real Barrier Booster,101200,https://www.sociolla.com/face-serum/72858-whitelab-real-barrier-booster,0,0,0,quota_limit_reached
895_whitelab,C-Dose+ Brightening Serum,89535,https://www.sociolla.com/face-serum/61193-c-dose-brightening-serum,0,0,0,quota_limit_reached
895_whitelab,Buy 3 Get 5 Whitelab Brightening Kit + Pouch,106853,https://www.sociolla.com/skin-care-set/78511-buy-3-get-5-whitelab-brightening-kit-pouch,0,0,0,quota_limit_reached
895_whitelab,Brightening Paket Wajah dan C-Dose+ Brightening Serum New Packaging,92104,https://www.sociolla.com/skin-care-set/63762-brightening-paket-wajah-dan-c-dose-brightening-serum,0,0,0,quota_limit_reached
895_whitelab,Brightening Paket Wajah dan N5-Dose+ Serum New Packaging,92103,https://www.sociolla.com/skin-care-set/63761-brightening-paket-wajah-dan-brightening-face-serum-niacinamide-5,0,0,0,quota_limit_reached
895_whitelab,Brightening Paket Wajah dan N10-Dose+ Serum New Packaging,92102,https://www.sociolla.com/skin-care-set/63760-brightening-paket-wajah-dan-brightening-face-serum-niacinamide-10,0,0,0,quota_limit_reached
895_whitelab,Brightening paket wajah (New Packaging),75017,https://www.sociolla.com/skin-care-set/28197-brightening-paket-wajah,0,0,0,quota_limit_reached
895_whitelab,pH-Balanced Facial Cleanser,91808,https://www.sociolla.com/face-wash/63466-ph-balanced-facial-cleanser,0,0,0,quota_limit_reached
895_whitelab,Whitelab Acne Toner,86571,https://www.sociolla.com/toner/58229-whitelab-acne-toner,0,0,0,quota_limit_reached
895_whitelab,Bakuchiol Treatment Serum,94502,https://www.sociolla.com/face-serum/66160-bakuchiol-treatment-serum,0,0,0,quota_limit_reached
895_whitelab,Whitelab Heartleaf Acne Soothing Gel Mask,101204,https://www.sociolla.com/wash-off-mask/72862-whitelab-heartleaf-acne-soothing-gel-mask,0,0,0,quota_limit_reached
895_whitelab,Whitelab N10-Dose+Brightening Serum,101206,https://www.sociolla.com/face-serum/72864-whitelab-n10-dose-brightening-serum,0,0,0,quota_limit_reached
895_whitelab,Acne Calming Serum,82219,https://www.sociolla.com/face-serum/53877-whitelab-acne-calming-serum,0,0,0,quota_limit_reached
895_whitelab,Whitelab Acne Soap,82518,https://www.sociolla.com/cleansing-bar/54176-whitelab-acne-soap,0,0,0,quota_limit_reached
895_whitelab,Bamboo Charcoal Brightening Gel Mask,94501,https://www.sociolla.com/wash-off-mask/66159-bamboo-charcoal-brightening-gel-mask,0,0,0,quota_limit_reached
895_whitelab,Whitelab Brightening Booster Serum - Niacinamide 5%,89534,https://www.sociolla.com/face-serum/61192-brightening-booster-serum-niacinamide-5,0,0,0,quota_limit_reached
895_whitelab,Acne Care Facial Wash,95556,https://www.sociolla.com/face-wash/67214-acne-care-facial-wash,0,0,0,quota_limit_reached
895_whitelab,Brightening Night Cream,73201,https://www.sociolla.com/face-cream-lotion/26381-brightening-night-cream,0,0,0,quota_limit_reached
895_whitelab,Underarm Cream,73203,https://www.sociolla.com/body-butter-cream/26383-underarm-cream,0,0,0,quota_limit_reached
895_whitelab,Whitelab UV Shield Tank Sunscreen Gel SPF 50++ PA++++,101207,https://www.sociolla.com/sunscreen/72865-whitelab-uv-shield-tank-sunscreen-gel-spf-50-pa,0,0,0,quota_limit_reached
895_whitelab,A-Dose+ Glowing Serum,92386,https://www.sociolla.com/face-serum/64044-a-dose-glowing-serum,0,0,0,quota_limit_reached
895_whitelab,Whitelab Acne Cream,85546,https://www.sociolla.com/acne-treatment-sealing-gel-cream/57204-whitelab-acne-cream,0,0,0,quota_limit_reached
895_whitelab,Heartleaf Skin Purifying Gel Mask,89985,https://www.sociolla.com/wash-off-mask/61643-heartleaf-skin-purifying-gel-mask,0,0,0,quota_limit_reached
895_whitelab,Eye Cream,84818,https://www.sociolla.com/eye-cream/56476-eye-cream,0,0,0,quota_limit_reached
895_whitelab,Acne Care Moisturizer Gel,105688,https://www.sociolla.com/face-gel/77346-acne-care-moisturizer-gel,0,0,0,quota_limit_reached
895_whitelab,Brightening Body Serum,73202,https://www.sociolla.com/body-lotion-body-serum/26382-brightening-body-serum,0,0,0,quota_limit_reached
895_whitelab,Mugwort Pore Clarifying Mask,83433,https://www.sociolla.com/clay-mask/55091-mugwort-pore-clarifying-mask,0,0,0,quota_limit_reached
895_whitelab,Bundling Whitelab Hydrating Essence Toner 70 mL & Whitelab Hydrating Sleeping Mask 30gr,105418,https://www.sociolla.com/skin-care-set/77076-bundling-whitelab-hydrating-essence-toner-70-ml-and-whitelab-hydrating-sleeping-mask-30gr,0,0,0,quota_limit_reached
895_whitelab,Hydrating Sleeping Mask,102743,https://www.sociolla.com/sleeping-mask/74401-hydrating-sleeping-mask,0,0,0,quota_limit_reached
895_whitelab,Whitelab Age-Correxion Firming Serum,101201,https://www.sociolla.com/face-serum/72859-whitelab-age-correxion-firming-serum,0,0,0,quota_limit_reached
895_whitelab,Bundling Whitelab Hydrating Sleeping Mask 30gr & Whitelab Hydrating Serum 20 ml,105417,https://www.sociolla.com/skin-care-set/77075-bundling-whitelab-hydrating-sleeping-mask-30gr-and-whitelab-hydrating-serum-20-ml,0,0,0,quota_limit_reached
895_whitelab,Hydrating Serum,102742,https://www.sociolla.com/face-serum/74400-hydrating-serum,0,0,0,quota_limit_reached
895_whitelab,Hydrating Essence Toner,102741,https://www.sociolla.com/essence/74399-hydrating-essence-toner,0,0,0,quota_limit_reached
895_whitelab,Buy 1 Get 1 FREE Whitelab N10-Dose+ Serum FREE Brightening Facial Wash 30gr,106851,https://www.sociolla.com/skin-care-set/78509-buy-1-get-1-free-whitelab-n10-dose-serum-free-brightening-facial-wash-30gr,0,0,0,quota_limit_reached
895_whitelab,Buy 3 Get 5  Whitelab Acne Kit + Pouch,106854,https://www.sociolla.com/skin-care-set/78512-buy-3-get-5-whitelab-pore-kit-pouch,0,0,0,quota_limit_reached
895_whitelab,Acne Paket Lengkap,87218,https://www.sociolla.com/skin-care-set/58876-acne-paket-lengkap,0,0,0,quota_limit_reached
895_whitelab,Buy 1 Get 1 FREE Whitelab Mugwort Pore Clarifying Mask FREE Intense Brightening Serum 10% - 8 ml,106852,https://www.sociolla.com/skin-care-set/78510-buy-1-get-1-free-whitelab-mugwort-pore-clarifying-mask-free-intense-brightening-serum-10-8-ml,0,0,0,quota_limit_reached
895_whitelab,Brightening Body Package,75018,https://www.sociolla.com/body-lotion-body-serum/28198-brightening-body-package,0,0,0,quota_limit_reached
895_whitelab,Bundling day and night cream (new packaging),105422,https://www.sociolla.com/skin-care-set/77080-bundling-day-and-night-cream-new-packaging,0,0,0,quota_limit_reached
895_whitelab,Bundling Bamboo Charcoal Mask & Mugwort Mask,105420,https://www.sociolla.com/skin-care-set/77078-bundling-bamboo-charcoal-mask-and-mugwort-mask,0,0,0,quota_limit_reached
895_whitelab,Paket Acne Facial Wash Lengkap,105423,https://www.sociolla.com/skin-care-set/77081-paket-acne-facial-wash-lengkap,0,0,0,quota_limit_reached
895_whitelab,Bundling Bamboo Charcoal Mask & Heartleaf Mask,105419,https://www.sociolla.com/skin-care-set/77077-bundling-bamboo-charcoal-mask-and-heartleaf-mask,0,0,0,quota_limit_reached
895_whitelab,Whitelab Basic Skincare (SSP),105421,https://www.sociolla.com/skin-care-set/77079-whitelab-basic-skincare-ssp,0,0,0,quota_limit_reached
895_whitelab,Whitelab Exfoliating Toner,86572,https://www.sociolla.com/toner/58230-whitelab-exfoliating-toner,0,0,0,quota_limit_reached
895_whitelab,Gentle Peeling Gel,99555,https://www.sociolla.com/treatment/71213-gentle-peeling-gel,0,0,0,quota_limit_reached
895_whitelab,Hydrating Face Essence,82025,https://www.sociolla.com/essence/53683-hydrating-face-essence,0,0,0,quota_limit_reached
895_whitelab,Peeling Serum AHA BHA PHA,83538,https://www.sociolla.com/face-serum/55196-whitelab-peeling-serum,0,0,0,quota_limit_reached
895_whitelab,Bundling Whitelab Sanrio Brightening Face Serum - Niacinamide 10% & UV Shield Tank Sunscreen Gel SPF 50++ PA++++ - Gudetama,90775,https://www.sociolla.com/face-serum/62433-bundling-whitelab-x-sanrio-brightening-face-serum-niacinamide-10-and-uv-shield-tank-sunscreen-gel-spf-50-pa,0,0,0,quota_limit_reached
15652_wonderlux,Drop Dead Growgeous! Densifying Hair Scalp Serum,106593,https://www.sociolla.com/hair-serum/78251-drop-dead-growgeous-densifying-hair-scalp-serum,0,0,0,quota_limit_reached
15652_wonderlux,Ready Set Smooth! Hair Perfecting Oil,104645,https://www.sociolla.com/hair-oil/76303-ready-set-smooth-hair-perfecting-oil,0,0,0,quota_limit_reached
15652_wonderlux,Instant Showstopper! Hair Perfecting Oil,104644,https://www.sociolla.com/hair-oil/76302-instant-showstopper-hair-perfecting-oil,0,0,0,quota_limit_reached
15652_wonderlux,Calm it Down! Sensitive & Dry Care Scalp Serum,108182,https://www.sociolla.com/hair-serum/79840-calm-it-down-sensitive-and-dry-care-scalp-serum,0,0,0,quota_limit_reached
15652_wonderlux,Set The Oil Free! Sensitive & Oily Care Scalp Serum,106592,https://www.sociolla.com/hair-serum/78250-set-the-oil-free-sensitive-and-oily-care-scalp-serum,0,0,0,quota_limit_reached
15696_ynm,Candy Pop Glow Melting Balm,106876,https://www.sociolla.com/lip-balm/78534-candy-pop-glow-melting-balm,0,0,0,quota_limit_reached
15696_ynm,Rainbow Honey Lip Balm,106878,https://www.sociolla.com/lip-balm/78536-rainbow-honey-lip-balm,0,0,0,quota_limit_reached
15696_ynm,Candy Honey Lip Balm,106875,https://www.sociolla.com/lip-balm/78533-candy-honey-lip-balm,0,0,0,quota_limit_reached
15696_ynm,Natural Melting Lip Balm,106877,https://www.sociolla.com/lip-balm/78535-natural-melting-lip-balm,0,0,0,quota_limit_reached
15504_yoona,All Night Pads,99340,https://www.sociolla.com/pads/70998-all-night-pads,0,0,0,quota_limit_reached
15504_yoona,Panty Liners,96699,https://www.sociolla.com/default-category/68357-panty-liners,0,0,0,quota_limit_reached
15504_yoona,Day Pads,96697,https://www.sociolla.com/default-category/68355-day-pads,0,0,0,quota_limit_reached
15504_yoona,Yoona Quad Pack,103395,https://www.sociolla.com/pads/75053-yoona-quad-pack,0,0,0,quota_limit_reached
15504_yoona,Yoona Duo Pack (Night & All Night Pads),104595,https://www.sociolla.com/pads/76253-yoona-duo-pack-night-and-all-night-pads,0,0,0,quota_limit_reached
15504_yoona,Yoona Duo Pack (All Night Pads & Panty Liners),104596,https://www.sociolla.com/pads/76254-yoona-duo-pack-all-night-pads-and-panty-liners,0,0,0,quota_limit_reached
15504_yoona,Yoona Duo Pack (Day & Night Pads),104597,https://www.sociolla.com/pads/76255-yoona-duo-pack-day-and-night-pads,0,0,0,quota_limit_reached
15504_yoona,Yoona Duo Pack (Day & All Night Pads),104593,https://www.sociolla.com/pads/76251-yoona-duo-pack-day-and-all-night-pads,0,0,0,quota_limit_reached
15504_yoona,Yoona Duo Pack (Night Pads & Panty Liners),104594,https://www.sociolla.com/pads/76252-yoona-duo-pack-night-pads-and-panty-liners,0,0,0,quota_limit_reached
15504_yoona,Yoona Duo Pack (Day Pads & Panty Liners),104592,https://www.sociolla.com/pads/76250-yoona-duo-pack-day-pads-and-panty-liners,0,0,0,quota_limit_reached
14878_you-beauty,Sunbrella Intensive Care Watery Sunscreen,104481,https://www.sociolla.com/sunscreen/76139-sunbrella-intensive-care-watery-sunscreen,0,0,0,quota_limit_reached
14878_you-beauty,YOU Cloud Touch Fixing Lip Tint,97534,https://www.sociolla.com/lip-tint/69192-y-o-u-cloud-touch-fixing-tint,0,0,0,quota_limit_reached
15504_yoona,Night Pads,96698,https://www.sociolla.com/default-category/68356-night-pads,0,0,0,quota_limit_reached
14878_you-beauty,AcnePlus Skin Defense Moisturizer,87292,https://www.sociolla.com/face-cream-lotion/58950-skin-defense-moisturizer,0,0,0,quota_limit_reached
14878_you-beauty,YOU Symwhite 377 Radiance Up Brightening and Exfoliating Essence,95896,https://www.sociolla.com/treatment/67554-radiance-up-pure-cica-essence,0,0,0,quota_limit_reached
14878_you-beauty,YOU NoutriWear+ Airy Fit Loose Powder,89442,https://www.sociolla.com/loose-powder/61100-noutriwear-airy-fit-loose-powder,0,0,0,quota_limit_reached
14878_you-beauty,YOU Facial Wash Hy! Amino,94030,https://www.sociolla.com/face-wash/65688-hy-amino-facial-wash,0,0,0,quota_limit_reached
14878_you-beauty,YOU NEW FORMULA Rouge Power Matte Lip Cream,102703,https://www.sociolla.com/lip-cream/74361-new-formula-rouge-power-matte-lip-cream,0,0,0,quota_limit_reached
14878_you-beauty,YOU Radiance Glow Toner Essence,107030,https://www.sociolla.com/toner/78688-you-radiance-glow-toner-essence,0,0,0,quota_limit_reached
14878_you-beauty,YOU Simplicity Cotton Lip Clay,98457,https://www.sociolla.com/lip-cream/70115-simplicity-cotton-lip-clay,0,0,0,quota_limit_reached
14878_you-beauty,YOU NoutriWear+ Complete Cover Concealer,89440,https://www.sociolla.com/concealer/61098-noutriwear-complete-cover-concealer,0,0,0,quota_limit_reached
14878_you-beauty,Bodefine CeraFive Intensive Hydrating Body Serum,104474,https://www.sociolla.com/body-lotion-body-serum/76132-bodefine-cerafive-intensive-hydrating-body-serum,0,0,0,quota_limit_reached
14878_you-beauty,YOU Cloud Touch Blurring Skin Tint,105918,https://www.sociolla.com/foundation/77576-you-cloud-touch-blurring-skin-tint,0,0,0,quota_limit_reached
14878_you-beauty,YOU 24H NoutriWear+ Velvet Liquid Foundation,88845,https://www.sociolla.com/foundation/60503-noutriwear-velvet-liquid-foundation,0,0,0,quota_limit_reached
14878_you-beauty,YOU AcnePlus Low pH Calming Cleanser,89447,https://www.sociolla.com/face-wash/61105-acneplus-low-ph-calming-cleanser,0,0,0,quota_limit_reached
14878_you-beauty,YOU Radiance Glow Advanced Day Cream,107028,https://www.sociolla.com/face-cream-lotion/78686-you-radiance-glow-advanced-day-cream,0,0,0,quota_limit_reached
14878_you-beauty,Sunbrella Daily Defense Sunscreen Serum,106026,https://www.sociolla.com/sunscreen/77684-sunbrella-daily-defense-sunscreen-serum,0,0,0,quota_limit_reached
14878_you-beauty,YOU AcnePlus Complete Solution Serum,87290,https://www.sociolla.com/face-serum/58948-complete-solution-serum,0,0,0,quota_limit_reached
14878_you-beauty,YOU Cloud Touch Juicy Tint,102063,https://www.sociolla.com/lip-tint/73721-cloud-touch-juicy-tint,0,0,0,quota_limit_reached
14878_you-beauty,YOU AcnePlus Spot Care X,87291,https://www.sociolla.com/acne-treatment-sealing-gel-cream/58949-triple-action-spot-care,0,0,0,quota_limit_reached
14878_you-beauty,YOU Cloud Touch Invisible Setting Powder,106946,https://www.sociolla.com/pressed-powder/78604-you-cloud-touch-invisible-setting-powder,0,0,0,quota_limit_reached
14878_you-beauty,YOU Radiance Glow Illuminating Serum,107026,https://www.sociolla.com/face-serum/78684-you-radiance-glow-illuminating-serum,0,0,0,quota_limit_reached
14878_you-beauty,YOU Refill Noutriwear+ Flawless Cushion Foundation,101250,https://www.sociolla.com/cushion/72908-refill-you-noutriwear-flawless-cushion-foundation,0,0,0,quota_limit_reached
14878_you-beauty,Simplicity Lip Serum Icy Glow,98456,https://www.sociolla.com/lip-gloss/70114-colorland-icy-glow-lip-serum,0,0,0,quota_limit_reached
14878_you-beauty,YOU Best Cushion Package,104295,https://www.sociolla.com/cushion/75953-you-best-cushion-package,0,0,0,quota_limit_reached
14878_you-beauty,YOU Noutriwear+ Flawless Cushion Foundation,89439,https://www.sociolla.com/cake-foundation/61097-noutriwear-flawless-cushion-foundation,0,0,0,quota_limit_reached
14878_you-beauty,YOU Sunbrella Triple UV Elixir SPF 50+ PA++++,98459,https://www.sociolla.com/sunscreen/70117-sunscreen-triple-uv-elixir-spf-50-pa,0,0,0,quota_limit_reached
14878_you-beauty,YOU Radiance Glow Purifying Facial Foam,107027,https://www.sociolla.com/face-wash/78685-you-radiance-glow-purifying-facial-foam,0,0,0,quota_limit_reached
14878_you-beauty,YOU Radiance Glow Active Night Gel,107029,https://www.sociolla.com/face-gel/78687-you-radiance-glow-active-night-gel,0,0,0,quota_limit_reached
14878_you-beauty,YOU SUNBRELLA Airy Outdoor Sunscreen Spray,106617,https://www.sociolla.com/sunscreen/78275-you-sunbrella-airy-outdoor-sunscreen-spray,0,0,0,quota_limit_reached
14878_you-beauty,YOU Simplicity Matte Loose Powder,100349,https://www.sociolla.com/loose-powder/72007-y-o-u-simplicity-matte-loose-powder,0,0,0,quota_limit_reached
14878_you-beauty,YOU Noutriwear+ Airy Fit Loose Powder Bundle,99770,https://www.sociolla.com/foundation/71428-you-noutriwear-airy-fit-loose-powder-bundle,0,0,0,quota_limit_reached
14878_you-beauty,YOU Colorland Art Shaping Brow Pomade,89436,https://www.sociolla.com/eyebrows/61094-colorland-art-shaping-brow-pomade,0,0,0,quota_limit_reached
14878_you-beauty,YOU Acne Treatment Bundle,99774,https://www.sociolla.com/skin-care-set/71432-you-acne-treatment-bundle,0,0,0,quota_limit_reached
14878_you-beauty,YOU Acne Fighter,104293,https://www.sociolla.com/skin-care-set/75951-you-acne-fighter,0,0,0,quota_limit_reached
14878_you-beauty,[TWINPACK] YOU AcnePlus Triple Action Spot Care,97842,https://www.sociolla.com/acne-treatment-sealing-gel-cream/69500-twinpack-you-acneplus-triple-action-spot-care,0,0,0,quota_limit_reached
14878_you-beauty,YOU Simplicity Matte Lip Color,100361,https://www.sociolla.com/default-category/72019-y-o-u-simplicity-matte-lip-color,0,0,0,quota_limit_reached
14878_you-beauty,YOU Rouge Velvet Matte Lip Cream,82189,https://www.sociolla.com/lips/53847-rouge-velvet-matte-lip-cream,0,0,0,quota_limit_reached
14878_you-beauty,YOU AcnePlus Balancing Skin Toner,87289,https://www.sociolla.com/toner/58947-balancing-skin-toner,0,0,0,quota_limit_reached
14878_you-beauty,YOU Lashtension Enhancing Fiber Mascara,89444,https://www.sociolla.com/mascara/61102-lashtension-enhancing-fiber-mascara,0,0,0,quota_limit_reached
14878_you-beauty,Cloud Touch Correcting Concealer Palette,106025,https://www.sociolla.com/concealer/77683-cloud-touch-correcting-concealer-palette,0,0,0,quota_limit_reached
14878_you-beauty,YOU Advanced Youth Recharging Peptide Eye Cream,97048,https://www.sociolla.com/eye-cream/68706-advance-youth-recharging-peptide-eye-cream,0,0,0,quota_limit_reached
14878_you-beauty,YOU NoutriWear+ Makeup Stay Lock Mist,89441,https://www.sociolla.com/setting-spray/61099-noutriwear-makeup-stay-lock-mist,0,0,0,quota_limit_reached
14878_you-beauty,YOU Foundation Favs,104296,https://www.sociolla.com/cushion/75954-you-foundation-favs,0,0,0,quota_limit_reached
14878_you-beauty,YOU Daily Makeup Kit,104298,https://www.sociolla.com/makeup-palettes-set/75956-you-daily-makeup-kit,0,0,0,quota_limit_reached
14878_you-beauty,YOU NoutriWear+ Silky Pressed Foundation,88846,https://www.sociolla.com/foundation/60504-noutriwear-sliky-pressed-foundation,0,0,0,quota_limit_reached
14878_you-beauty,YOU Gentle Clean! Deep Cleansing Balm-Cocomelt,105758,https://www.sociolla.com/cleansing-balm/77416-you-gentle-clean-deep-cleansing-balm-cocomelt,0,0,0,quota_limit_reached
14878_you-beauty,YOU Rouge Power Matte Lip Cream,92408,https://www.sociolla.com/lip-cream/64066-rouge-power-matte-lip-cream,0,0,0,quota_limit_reached
14878_you-beauty,YOU Express On Point Eyeliner,86753,https://www.sociolla.com/eyeliner/58411-express-on-point-eyeliner,0,0,0,quota_limit_reached
14878_you-beauty,YOU Cloud Touch Fixing Tint (Limited Edition),104156,https://www.sociolla.com/lip-tint/75814-y-o-u-cloud-touch-fixing-tint-limited-edition,0,0,0,quota_limit_reached
14878_you-beauty,YOU 8× SymWhite 377 Radiance Up! Brightening Serum,95897,https://www.sociolla.com/treatment/67555-radiance-up-antioxidant-serum,0,0,0,quota_limit_reached
14878_you-beauty,Bodefine AHA+BHA+PHA Acne Body Serum,104479,https://www.sociolla.com/body-lotion-body-serum/76137-bodefine-aha-bha-pha-acne-body-serum,0,0,0,quota_limit_reached
14878_you-beauty,YOU AcnePlus AHA BHA PHA Daily Essence,104157,https://www.sociolla.com/essence/75815-you-acneplus-aha-bha-pha-daily-essence,0,0,0,quota_limit_reached
14878_you-beauty,YOU AcnePlus B5 Soothing Sheet Mask,104155,https://www.sociolla.com/sheet-mask/75813-you-acneplus-b5-soothing-sheet-mask,0,0,0,quota_limit_reached
14878_you-beauty,YOU Rouge Power Loving Kit,102793,https://www.sociolla.com/lip-cream/74451-you-rouge-power-loving-kit,0,0,0,quota_limit_reached
14878_you-beauty,Bodefine SymWhite377 Glowing Body Serum,104477,https://www.sociolla.com/body-lotion-body-serum/76135-bodefine-symwhite377-glowing-body-serum,0,0,0,quota_limit_reached
14878_you-beauty,YOU Advanced Youth Line-Smoothing Peptide Night Cream,97046,https://www.sociolla.com/face-cream-lotion/68704-advance-youth-line-smoothing-peptide-night-cream,0,0,0,quota_limit_reached
14878_you-beauty,YOU Advanced Youth Revitalizing Micro Essence,97045,https://www.sociolla.com/essence/68703-advance-youth-revitalizing-micro-essence,0,0,0,quota_limit_reached
14878_you-beauty,YOU Colorland Soft Stroke Lip Clay,89435,https://www.sociolla.com/lips/61093-colorland-soft-stroke-lip-clay,0,0,0,quota_limit_reached
14878_you-beauty,YOU Lashboom Ultra Volume Mascara,99187,https://www.sociolla.com/mascara/70845-y-o-u-lashboom-ultra-volume-mascara,0,0,0,quota_limit_reached
14878_you-beauty,YOU Anti Jerawat Bundle,104297,https://www.sociolla.com/skin-care-set/75955-you-anti-jerawat-bundle,0,0,0,quota_limit_reached
14878_you-beauty,YOU Simplicity Gleam Highlighter,100358,https://www.sociolla.com/highlighter/72016-y-o-u-simplicity-gleam-highlighter,0,0,0,quota_limit_reached
14878_you-beauty,YOU Simplicity Eyeshadow Quad,100370,https://www.sociolla.com/eyeshadow/72028-y-o-u-simplicity-eyeshadow-quad,0,0,0,quota_limit_reached
14878_you-beauty,[TWINPACK] YOU Hy! Amino Anti Acne Facial Wash,97843,https://www.sociolla.com/face-wash/69501-twinpack-you-hy-amino-anti-acne-facial-wash,0,0,0,quota_limit_reached
14878_you-beauty,YOU Advanced Youth Line-Smoothing Peptide Day Cream SPF 15,97043,https://www.sociolla.com/face-cream-lotion/68701-advance-youth-line-smoothing-peptide-day-cream-30gr-spf-15,0,0,0,quota_limit_reached
14878_you-beauty,Y.O.U Icy Glow Lip Serum Bundle,99625,https://www.sociolla.com/makeup-palettes-set/71283-you-icy-glow-lip-serum-bundle,0,0,0,quota_limit_reached
14878_you-beauty,Cloud Touch Tint Bundle,99437,https://www.sociolla.com/default-category/71095-cloud-touch-tint-bundle,0,0,0,quota_limit_reached
14878_you-beauty,YOU Lip Kit,99771,https://www.sociolla.com/makeup-palettes-set/71429-you-lip-kit,0,0,0,quota_limit_reached
14878_you-beauty,YOU Colorland Explorer Focus On Me Eyeshadow,88122,https://www.sociolla.com/eyeshadow/59780-colorland-explorer-focus-on-me-eyeshadow,0,0,0,quota_limit_reached
14878_you-beauty,YOU Simplicity Flawless Compact Powder,100346,https://www.sociolla.com/pressed-powder/72004-y-o-u-simplicity-flawless-compact-powder,0,0,0,quota_limit_reached
14878_you-beauty,YOU Colorland Explorer Colorland Aurora Muse Eyeshadow,88152,https://www.sociolla.com/eyeshadow/59810-colorland-explorer-colorland-aurora-muse-eyeshadow,0,0,0,quota_limit_reached
14878_you-beauty,YOU Cloud Touch Limited Bundle,104302,https://www.sociolla.com/lip-tint/75960-you-cloud-touch-limited-bundle,0,0,0,quota_limit_reached
14878_you-beauty,YOU Radiance Up Series Bundle,99803,https://www.sociolla.com/skin-care-set/71461-you-radiance-up-series-bundle,0,0,0,quota_limit_reached
14878_you-beauty,YOU Simplicity Glowy CC Cushion,100350,https://www.sociolla.com/default-category/72008-y-o-u-simplicity-glowy-cc-cushion,0,0,0,quota_limit_reached
14878_you-beauty,YOU Purifying Bubble Sheet Mask Box (6 pcs),101128,https://www.sociolla.com/sheet-mask/72786-you-purifying-bubble-sheet-mask-box-6-pcs,0,0,0,quota_limit_reached
14878_you-beauty,YOU HydraRescue Glacier Water Essence,104160,https://www.sociolla.com/essence/75818-you-hydrarescue-glacier-water-essence,0,0,0,quota_limit_reached
14878_you-beauty,YOU Colorland Explorer Colorland Focus On Me Blush,88151,https://www.sociolla.com/blush/59809-colorland-explorer-colorland-focus-on-me-blush,0,0,0,quota_limit_reached
14878_you-beauty,YOU Simplicity Love You Tint,100362,https://www.sociolla.com/lip-tint/72020-y-o-u-simplicity-love-you-tint,0,0,0,quota_limit_reached
14878_you-beauty,YOU HydraRescue 6x Prebiotics Skin Serum,104159,https://www.sociolla.com/face-serum/75817-you-hydrarescue-6x-prebiotics-skin-serum,0,0,0,quota_limit_reached
14878_you-beauty,YOU Colorland Explorer Colorland Wander Nature Eyeshadow Palette,88153,https://www.sociolla.com/eyeshadow/59811-colorland-explorer-colorland-wander-nature-eyeshadow-palette,0,0,0,quota_limit_reached
14878_you-beauty,[BUY 1 GET 1] YOU Colorland Lip Clay,102343,https://www.sociolla.com/makeup/74001-buy-1-get-1-you-colorland-lip-clay,0,0,0,quota_limit_reached
14878_you-beauty,YOU Cloud Touch Fixing Tint Special Pack,100820,https://www.sociolla.com/lip-tint/72478-you-cloud-touch-fixing-tint-special-pack,0,0,0,quota_limit_reached
14878_you-beauty,YOU Daily Serum Bundle,104294,https://www.sociolla.com/face-serum/75952-you-daily-serum-bundle,0,0,0,quota_limit_reached
14878_you-beauty,YOU 8× SymWhite 377 Radiance Up Travel Kit,100818,https://www.sociolla.com/skin-care-set/72476-you-8-symwhite-377-radiance-up-travel-kit,0,0,0,quota_limit_reached
14878_you-beauty,YOU Symwhite 377 Radiance Up Skin Barrier Moisturizer and Brightening Cream,95898,https://www.sociolla.com/default-category/67556-radiance-up-deep-moisturizing-cream,0,0,0,quota_limit_reached
14878_you-beauty,YOU Tone Up UV Elixir SPF 50+ PA++++,84817,https://www.sociolla.com/sunscreen/56475-tone-up-uv-elixir-spf-50-pa,0,0,0,quota_limit_reached
14878_you-beauty,YOU Golden Age Revitalizing Night Cream,82273,https://www.sociolla.com/face-cream-lotion/53931-golden-age-revitalizing-night-cream,0,0,0,quota_limit_reached
14878_you-beauty,YOU Stay All Day Pen Eyeliner,86751,https://www.sociolla.com/eyeliner/58409-stay-all-day-pen-eyeliner,0,0,0,quota_limit_reached
14878_you-beauty,YOU The Simplicity Color Corrector CC Cushion,82213,https://www.sociolla.com/cushion/53871-the-simplicity-color-corrector-cc-cushion,0,0,0,quota_limit_reached
14878_you-beauty,YOU Neon Lasting Lip Tint,92028,https://www.sociolla.com/lip-tint/63686-neon-lasting-lip-tint,0,0,0,quota_limit_reached
14878_you-beauty,YOU Golden Age Refining Serum,82274,https://www.sociolla.com/face-serum/53932-golden-age-refining-serum,0,0,0,quota_limit_reached
14878_you-beauty,YOU Amino Low pH Cleansing Mousse,97531,https://www.sociolla.com/cleanser/69189-y-o-u-amino-low-ph-cleansing-mousse,0,0,0,quota_limit_reached
14878_you-beauty,Golden Age Deep Cleansing Facial Wash,82265,https://www.sociolla.com/face-wash/53923-golden-age-deep-cleansing-facial-wash,0,0,0,quota_limit_reached
14878_you-beauty,The Simplicity Love You Tint,82323,https://www.sociolla.com/lip-tint/53981-the-simplicity-love-you-tint,0,0,0,quota_limit_reached
14878_you-beauty,YOU Colorland Explorer Focus On Me Highlighter,88123,https://www.sociolla.com/highlighter/59781-colorland-explorer-focus-on-me-highlighter,0,0,0,quota_limit_reached
14878_you-beauty,YOU The Radiance White Active Night Gel,85950,https://www.sociolla.com/face-gel/57608-the-radiance-white-active-night-gel,0,0,0,quota_limit_reached
14878_you-beauty,YOU The Simplicity Eyeshadow Quad Z,82326,https://www.sociolla.com/eyeshadow/53984-the-simplicity-eyeshadow-quad-z,0,0,0,quota_limit_reached
14878_you-beauty,[Buy 1 Get 1] YOU Colorland Lip Stain,102345,https://www.sociolla.com/lips/74003-buy-1-get-1-you-colorland-lip-stain,0,0,0,quota_limit_reached
14878_you-beauty,YOU Biomecera Advanced Booster Serum,89446,https://www.sociolla.com/face-serum/61104-biomecera-advanced-booster-serum,0,0,0,quota_limit_reached
15371_youvit,Youvit Beauty+ 30 days,103727,https://www.sociolla.com/beauty-suplements/75385-youvit-beauty-30-days,0,0,0,quota_limit_reached
15371_youvit,FibreFix Drink,106600,https://www.sociolla.com/beauty-suplements/78258-fibrefix-drink,0,0,0,quota_limit_reached
15371_youvit,Collagen Drink,106601,https://www.sociolla.com/beauty-suplements/78259-collagen-drink,0,0,0,quota_limit_reached
15371_youvit,Youvit Collagen 60's,103728,https://www.sociolla.com/beauty-suplements/75386-youvit-collagen-60-s,0,0,0,quota_limit_reached
15371_youvit,Beauti+ 7 Days,88983,https://www.sociolla.com/beauty-suplements/60641-beauti-7-days,0,0,0,quota_limit_reached
273_yves-rocher,Repair Conditioner,64172,https://www.sociolla.com/conditioner/17237-repair-conditioner,0,0,0,quota_limit_reached
273_yves-rocher,Energizing Shower Gel Mango Coriander,2347,https://www.sociolla.com/body-wash/8312-energizing-shower-gel-mango-coriander,0,0,0,quota_limit_reached
15371_youvit,Youvit Acno 7 days,103726,https://www.sociolla.com/beauty-suplements/75384-youvit-acno-7-days,0,0,0,quota_limit_reached
273_yves-rocher,Relaxing Shower Gel Olive Petitgrain,68293,https://www.sociolla.com/body-wash/8306-relaxing-shower-gel-olive-petitgrain,0,0,0,quota_limit_reached
273_yves-rocher,Repair Hair Mask,36357,https://www.sociolla.com/hair-mask/14833-repair-hair-mask,0,0,0,quota_limit_reached
273_yves-rocher,Hand Cream Olive Petitgrain,36404,https://www.sociolla.com/221-hand-and-foot-cream/14826-hand-cream-olive-petitgrain,0,0,0,quota_limit_reached
273_yves-rocher,Ambre Noir Eau De Toilette,2158,https://sociolla.com/fragrance/8088-ambre-noir-eau-de-toilette.html,0,0,0,quota_limit_reached
273_yves-rocher,Color Mask,64153,https://vn.sociolla.com/kem-t-c/17224-color-mask,0,0,0,quota_limit_reached
273_yves-rocher,Shower Gel,63865,https://vn.sociolla.com/body-wash/16748-shower-gel,0,0,0,quota_limit_reached
273_yves-rocher,Soin Stimulating Conditioner,64174,https://vn.sociolla.com/d-u-x/17239-soin-stimulating-conditioner,0,0,0,quota_limit_reached
