product_id,brand,product_name,bpom_id,marketplace,listing_url,listing_title,seller_name,listing_status,review_access,review_count,counterfeit_evidence_found
DEAR_KLAIRS_FRESHLY_JUICED_VITAMIN_SKIN_PREP_PADS_NA26251200678,Dear Klairs,Freshly Juiced Vitamin Skin Prep Pads,NA26251200678,shopee.ph,https://shopee.ph/KLAIRS-Freshly-Juiced-Vitamin-Skin-Prep-Pads-i.1300174060.54400958117,KLAIRS Freshly Juiced Vitamin Skin Prep Pads,,marketplace_listing_candidate,,0,False
DEAR_KLAIRS_FRESHLY_JUICED_VITAMIN_SKIN_PREP_PADS_NA26251200678,Dear Klairs,Freshly Juiced Vitamin Skin Prep Pads,NA26251200678,shop-id.tokopedia.com,https://shop-id.tokopedia.com/pdp/dear-klairs-freshly-juiced-vitamin-skin-prep-pads-80-pcs/1732198607846344583?source=anchor,Dear Klairs Freshly Juiced Vitamin Skin Prep Pads 80 pads,,marketplace_listing_candidate,,0,False
DEAR_KLAIRS_FRESHLY_JUICED_VITAMIN_SKIN_PREP_PADS_NA26251200678,Dear Klairs,Freshly Juiced Vitamin Skin Prep Pads,NA26251200678,tokopedia.com,https://www.tokopedia.com/find/klairs-freshly?utm_source=google&utm_medium=organic&utm_campaign=find,Jual Klairs Freshly Juli 2026 Harga Termurah,,marketplace_listing_candidate,,0,False
COSRX_AHA_BHA_CLARIFYING_TREATMENT_TONER_NA26221200804,COSRX,AHA/BHA Clarifying treatment toner,NA26221200804,shopee.ph,https://shopee.ph/-COSRX-OFFICIAL-AHA-BHA-Clarifying-Treatment-Toner-AHA-BHA-0.1-Hydrating-Mild-Exfoliating-Facial-Spray-i.153457585.2463824937,[COSRX OFFICIAL] AHA/BHA Clarifying Treatment Toner ...,,marketplace_listing_candidate,,0,False
COSRX_AHA_BHA_CLARIFYING_TREATMENT_TONER_NA26221200804,COSRX,AHA/BHA Clarifying treatment toner,NA26221200804,shopee.co.id,https://shopee.co.id/list/Cosrx/Aha%20Bha/Toner,Jual Cosrx Aha Bha Toner Terlengkap & Harga Terbaru ...,,marketplace_listing_candidate,,0,False
COSRX_AHA_BHA_CLARIFYING_TREATMENT_TONER_NA26221200804,COSRX,AHA/BHA Clarifying treatment toner,NA26221200804,shopee.ph,https://shopee.ph/-COSRX-AHA-BHA-Clarifying-Treatment-Toner-150ml-i.1291041064.41020906697,[COSRX] AHA/BHA Clarifying Treatment Toner 150ml,,marketplace_listing_candidate,,0,False
COSRX_AHA_BHA_CLARIFYING_TREATMENT_TONER_NA26221200804,COSRX,AHA/BHA Clarifying treatment toner,NA26221200804,shopee.ph,https://shopee.ph/COSRX-AHA-BHA-Clarifying-Treatment-Toner150ml-i.578246651.27891466589,COSRX AHA/BHA Clarifying Treatment Toner150ml,,marketplace_listing_candidate,,0,False
COSRX_AHA_BHA_CLARIFYING_TREATMENT_TONER_NA26221200804,COSRX,AHA/BHA Clarifying treatment toner,NA26221200804,tokopedia.com,https://www.tokopedia.com/find/cosrx-aha-bha-clarifying-treatment-toner?utm_source=google&utm_medium=organic&utm_campaign=find,Jual Cosrx Aha Bha Clarifying Treatment Toner Murah & ...,,marketplace_listing_candidate,,0,False
COSRX_AHA_BHA_CLARIFYING_TREATMENT_TONER_NA26221200804,COSRX,AHA/BHA Clarifying treatment toner,NA26221200804,tokopedia.com,https://www.tokopedia.com/find/aha-bha-cosrx?utm_source=google&utm_medium=organic&utm_campaign=find,Jual Aha Bha Cosrx Murah & Lengkap - Harga Agustus 2026,,marketplace_listing_candidate,,0,False
COSRX_AHA_BHA_CLARIFYING_TREATMENT_TONER_NA26221200804,COSRX,AHA/BHA Clarifying treatment toner,NA26221200804,tokopedia.com,https://www.tokopedia.com/find/toner-cosrx-aha-bha?utm_source=google&utm_medium=organic&utm_campaign=find,Toner Cosrx AHA BHA Pasti Awet Muda Agustus 2026,,marketplace_listing_candidate,,0,False
COSRX_AHA_BHA_CLARIFYING_TREATMENT_TONER_NA26221200804,COSRX,AHA/BHA Clarifying treatment toner,NA26221200804,tokopedia.com,https://www.tokopedia.com/ladykosmetik/cosrx-aha-bha-clarifying-treatment-toner-150ml-1733067383897556719,COSRX AHA / BHA CLARIFYING TREATMENT TONER ...,,marketplace_listing_candidate,,0,False
COSRX_AHA_BHA_CLARIFYING_TREATMENT_TONER_NA26221200804,COSRX,AHA/BHA Clarifying treatment toner,NA26221200804,tokopedia.com,https://www.tokopedia.com/vgbeautyshop/cosrx-aha-bha-clarifying-treatment-toner,Promo COSRX AHA/BHA Clarifying Treatment Toner 150ml,,marketplace_listing_candidate,,0,False
COSRX_AHA_BHA_CLARIFYING_TREATMENT_TONER_NA26221200804,COSRX,AHA/BHA Clarifying treatment toner,NA26221200804,tokopedia.com,https://www.tokopedia.com/skinsid/cosrx-aha-bha-clarifying-treatment-toner-150ml-1730861774121567830,Jual COSRX AHA/BHA Clarifying Treatment Toner 150ml,,marketplace_listing_candidate,,0,False
SUNGBOON_EDITOR_SUNGBOON_EDITOR_GREEN_TOMATO_PORE_LIFTING_AMPOULE_TONER_NA26251200757,Sungboon Editor,Sungboon Editor Green Tomato Pore Lifting Ampoule Toner,NA26251200757,shopee.sg,https://shopee.sg/SUNGBOON-EDITOR-Green-Tomato-Pore-Lifting-Ampoule-Toner-350ml-i.1007016883.25752846491,SUNGBOON EDITOR Green Tomato Pore Lifting Ampoule ...,,marketplace_listing_candidate,,0,False
SUNGBOON_EDITOR_SUNGBOON_EDITOR_GREEN_TOMATO_PORE_LIFTING_AMPOULE_TONER_NA26251200757,Sungboon Editor,Sungboon Editor Green Tomato Pore Lifting Ampoule Toner,NA26251200757,shopee.sg,https://shopee.sg/sungbooneditor.sg,"SUNGBOON EDITOR Official Store, Online Shop",,marketplace_listing_candidate,,0,False
SUNGBOON_EDITOR_SUNGBOON_EDITOR_GREEN_TOMATO_PORE_LIFTING_AMPOULE_TONER_NA26251200757,Sungboon Editor,Sungboon Editor Green Tomato Pore Lifting Ampoule Toner,NA26251200757,tokopedia.com,https://www.tokopedia.com/find/sungboon-editor?utm_source=google&utm_medium=organic&utm_campaign=find,Jual Sungboon Editor Agustus 2026 Harga Termurah,,marketplace_listing_candidate,,0,False
SUNGBOON_EDITOR_SUNGBOON_EDITOR_GREEN_TOMATO_PORE_LIFTING_AMPOULE_TONER_NA26251200757,Sungboon Editor,Sungboon Editor Green Tomato Pore Lifting Ampoule Toner,NA26251200757,tokopedia.com,https://www.tokopedia.com/schminkhaus/sungboon-editor-green-tomato-pore-lifting-ampoule-toner-350ml-100ml-set-1730810452726089651,SUNGBOON EDITOR Green Tomato Pore Lifting Ampoule ...,,marketplace_listing_candidate,,0,False
DEAR_KLAIRS_FRESHLY_JUICED_VITAMIN_ESSENCE_TONER_NA26251200677,Dear Klairs,Freshly Juiced Vitamin Essence Toner,NA26251200677,shopee.sg,https://shopee.sg/-Dear-Klairs-Freshly-Juiced-Vitamin-Essence-Toner-180-ml-Brightening-Revital-by-S.O.B-i.1713796853.56154476780?extraParams=%7B%22display_model_id%22%3A365419077555%2C%22model_selection_logic%22%3A3%7D,"[Dear,Klairs] Freshly Juiced Vitamin Essence Toner 180 ml ...",,marketplace_listing_candidate,,0,False
DEAR_KLAIRS_FRESHLY_JUICED_VITAMIN_ESSENCE_TONER_NA26251200677,Dear Klairs,Freshly Juiced Vitamin Essence Toner,NA26251200677,shopee.sg,https://shopee.sg/search?keyword=dear%20klairs%20toner,dear klairs toner - Prices and Deals - Jul 2026,,marketplace_listing_candidate,,0,False
DEAR_KLAIRS_FRESHLY_JUICED_VITAMIN_ESSENCE_TONER_NA26251200677,Dear Klairs,Freshly Juiced Vitamin Essence Toner,NA26251200677,shopee.com.my,https://shopee.com.my/list/dear%20klairs/freshly%20juiced,"dear klairs freshly juiced Malaysia, Best Deals August 2026",,marketplace_listing_candidate,,0,False
DEAR_KLAIRS_FRESHLY_JUICED_VITAMIN_ESSENCE_TONER_NA26251200677,Dear Klairs,Freshly Juiced Vitamin Essence Toner,NA26251200677,shopee.sg,https://shopee.sg/-Dear-Klairs-Freshly-Juiced-Vitamin-Essence-Toner-180ml-Brightening-Dark-Spot-Care-K-Beauty-i.1552166074.55861204647?extraParams=%7B%22display_model_id%22%3A345977008800%2C%22model_selection_logic%22%3A3%7D,[Dear Klairs] Freshly Juiced Vitamin Essence Toner 180ml ...,,marketplace_listing_candidate,,0,False
DEAR_KLAIRS_FRESHLY_JUICED_VITAMIN_ESSENCE_TONER_NA26251200677,Dear Klairs,Freshly Juiced Vitamin Essence Toner,NA26251200677,shopee.sg,https://shopee.sg/list/klairs,Buy klairs Products At Sale Prices Online - August 2026,,marketplace_listing_candidate,,0,False
DEAR_KLAIRS_FRESHLY_JUICED_VITAMIN_ESSENCE_TONER_NA26251200677,Dear Klairs,Freshly Juiced Vitamin Essence Toner,NA26251200677,shopee.sg,https://shopee.sg/Klairs-Freshly-Juiced-Vitamin-Essence-Toner-180ml-Brightening-Hydrating-Toner-Korean-Skincare-i.1789363706.49110356214,Klairs Freshly Juiced Vitamin Essence Toner 180ml,,marketplace_listing_candidate,,0,False
DEAR_KLAIRS_FRESHLY_JUICED_VITAMIN_ESSENCE_TONER_NA26251200677,Dear Klairs,Freshly Juiced Vitamin Essence Toner,NA26251200677,shopee.sg,https://shopee.sg/-Dear-Klairs-Freshly-Juiced-Vitamin-Essence-Toner-180-ml-Korean-Toner-Vitamin-C-Boost-100-Authentic-by-V-select-i.1702831101.49156453344,"Shopee Singapore | Cheaper, Faster On Shopee",,marketplace_listing_candidate,,0,False
DEAR_KLAIRS_FRESHLY_JUICED_VITAMIN_ESSENCE_TONER_NA26251200677,Dear Klairs,Freshly Juiced Vitamin Essence Toner,NA26251200677,shopee.ph,https://shopee.ph/list/dear%20klairs/vitamin%20c,Shop dear klairs vitamin c for Sale on Shopee Philippines,,marketplace_listing_candidate,,0,False
DEAR_KLAIRS_FRESHLY_JUICED_VITAMIN_ESSENCE_TONER_NA26251200677,Dear Klairs,Freshly Juiced Vitamin Essence Toner,NA26251200677,tokopedia.com,https://www.tokopedia.com/find/klairs-freshly?utm_source=google&utm_medium=organic&utm_campaign=find,Jual Klairs Freshly Juli 2026 Harga Termurah,,marketplace_listing_candidate,,0,False
DEAR_KLAIRS_FRESHLY_JUICED_VITAMIN_ESSENCE_TONER_NA26251200677,Dear Klairs,Freshly Juiced Vitamin Essence Toner,NA26251200677,tokopedia.com,https://www.tokopedia.com/find/klairs-freshly-juiced?utm_source=google&utm_medium=organic&utm_campaign=find,Jual Klairs Freshly Juiced Murah & Lengkap - Harga ...,,marketplace_listing_candidate,,0,False
DEAR_KLAIRS_FRESHLY_JUICED_VITAMIN_ESSENCE_TONER_NA26251200677,Dear Klairs,Freshly Juiced Vitamin Essence Toner,NA26251200677,tokopedia.com,https://www.tokopedia.com/find/dear-klairs-toner?utm_source=google&utm_medium=organic&utm_campaign=find,Jual Dear Klairs Toner Murah & Lengkap - Harga Agustus ...,,marketplace_listing_candidate,,0,False
DEAR_KLAIRS_FRESHLY_JUICED_VITAMIN_ESSENCE_TONER_NA26251200677,Dear Klairs,Freshly Juiced Vitamin Essence Toner,NA26251200677,shop-id.tokopedia.com,https://shop-id.tokopedia.com/pdp/1733109681202038663,Dear Klairs Freshly Juiced Vitamin Essence Toner 180ml,,marketplace_listing_candidate,,0,False
ANUA_NIACINAMIDE_5_TXA_BRIGHTENING_PAD_NA26251900083,Anua,Niacinamide 5 TXA Brightening Pad,NA26251900083,tokopedia.com,https://www.tokopedia.com/watsons-indonesia-official-store/anua-niacinamide-5-txa-brightening-pad-210ml-1733283148271289625,Jual Anua Niacinamide 5 Txa Brightening Pad 210ml,,marketplace_listing_candidate,,0,False
ANUA_NIACINAMIDE_5_TXA_BRIGHTENING_PAD_NA26251900083,Anua,Niacinamide 5 TXA Brightening Pad,NA26251900083,tokopedia.com,https://www.tokopedia.com/rekomendasi/102086054989,ANUA Niacinamide 5 TXA Brightening Pad 210ml 60ea,,marketplace_listing_candidate,,0,False
I_M_FROM_RICE_TONER_PAD_NA26251200291,I'm From,Rice Toner Pad,NA26251200291,shopee.ph,https://shopee.ph/I'm-From-Rice-Toner-Pad-140ml-60sheets-i.349938157.28216936079,I'm From Rice Toner Pad 140ml 60sheets,,marketplace_listing_candidate,,0,False
I_M_FROM_RICE_TONER_PAD_NA26251200291,I'm From,Rice Toner Pad,NA26251200291,tokopedia.com,https://www.tokopedia.com/rekomendasi/16430423816,I'M FROM Rice Toner 30ml Travel Size,,marketplace_listing_candidate,,0,False
I_M_FROM_RICE_TONER_PAD_NA26251200291,I'm From,Rice Toner Pad,NA26251200291,tokopedia.com,https://www.tokopedia.com/find/im-from-rice-toner?utm_source=google&utm_medium=organic&utm_campaign=find,Jual Im From Rice Toner Terlengkap - Harga Murah ...,,marketplace_listing_candidate,,0,False
I_M_FROM_RICE_TONER_PAD_NA26251200291,I'm From,Rice Toner Pad,NA26251200291,tokopedia.com,https://www.tokopedia.com/lm-frm-fficial-store/i-m-from-rice-toner-for-dull-skin-150ml-1732397298027824248,[I'm from] Rice Toner For Dull Skin --- (150ml),,marketplace_listing_candidate,,0,False
ANUA_PDRN_100_HYALURONIC_ACID_GLOW_PAD_NA26250100362,Anua,PDRN 100 Hyaluronic Acid Glow Pad,NA26250100362,tokopedia.com,https://www.tokopedia.com/find/anua-pdrn?utm_source=google&utm_medium=organic&utm_campaign=find,Jual Anua Pdrn Murah & Terbaik - Harga Terbaru Agustus ...,,marketplace_listing_candidate,,0,False
ANUA_PDRN_100_HYALURONIC_ACID_GLOW_PAD_NA26250100362,Anua,PDRN 100 Hyaluronic Acid Glow Pad,NA26250100362,tokopedia.com,https://www.tokopedia.com/find/pdrn-100?utm_source=google&utm_medium=organic&utm_campaign=find,Jual Pdrn 100 Murah & Terbaik - Harga Terbaru Agustus ...,,marketplace_listing_candidate,,0,False
I_M_FROM_RICE_TONER_NA26251200644,I'm From,Rice Toner,NA26251200644,shopee.ph,https://shopee.ph/I'm-From-Rice-Toner-150ml-30ml-i.189972634.8233927612,I'm From Rice Toner 150ml / 30ml,,marketplace_listing_candidate,,0,False
I_M_FROM_RICE_TONER_NA26251200644,I'm From,Rice Toner,NA26251200644,tokopedia.com,https://www.tokopedia.com/find/im-from-rice-toner?utm_source,Jual Im From Rice Toner Terlengkap - Harga Murah ...,,marketplace_listing_candidate,,0,False
I_M_FROM_RICE_TONER_NA26251200644,I'm From,Rice Toner,NA26251200644,tokopedia.com,https://www.tokopedia.com/kosmetikdodo/i-m-from-rice-toner-whitening-glowing-toner-150ml-77-78-rice-extract-150ml-4f5dd?utm_source,I'M FROM Rice Toner Whitening Glowing Toner 150ml ...,,marketplace_listing_candidate,,0,False
I_M_FROM_RICE_TONER_NA26251200644,I'm From,Rice Toner,NA26251200644,tokopedia.com,https://www.tokopedia.com/leonybeauty-312/i-m-from-rice-toner-30ml-atau-150ml-1729989215222598300?utm_source,I'M FROM New packaging Rice Toner 30ml atau 150ml New,,marketplace_listing_candidate,,0,False
I_M_FROM_RICE_TONER_NA26251200644,I'm From,Rice Toner,NA26251200644,tokopedia.com,https://www.tokopedia.com/lm-frm-fficial-store/i-m-from-rice-toner-for-dull-skin-150ml-1732397298027824248,[I'm from] Rice Toner For Dull Skin --- (150ml),,marketplace_listing_candidate,,0,False
I_M_FROM_RICE_TONER_NA26251200644,I'm From,Rice Toner,NA26251200644,tokopedia.com,https://www.tokopedia.com/leonybeauty-312/i-m-from-i-m-from-black-rice-toner-1735674129145300636-1735674232324523676?utm_source,Promo I'm From I'm From Black Rice Toner - Toner 150ml,,marketplace_listing_candidate,,0,False
I_M_FROM_RICE_TONER_NA26251200644,I'm From,Rice Toner,NA26251200644,tokopedia.com,https://www.tokopedia.com/find/im-from?utm_source,Jual Im From Terlengkap - Harga Murah Agustus 2026,,marketplace_listing_candidate,,0,False
I_M_FROM_RICE_TONER_NA26251200644,I'm From,Rice Toner,NA26251200644,tokopedia.com,https://www.tokopedia.com/azarinemailonline/i-m-from-rice-cream-50ml-im-from-rice-cream-50ml-im-from-rice-toner-150-ml-cream-50ml-c0df5,Promo I'm from rice cream 50ml / im ...,,marketplace_listing_candidate,,0,False
SKINTIFIC_AHA_BHA_PHA_EXFOLIATING_PADS_NA11251201488,Skintific,AHA BHA PHA Exfoliating Pads,NA11251201488,shopee.com.my,https://shopee.com.my/SKINTIFIC-AHA-BHA-PHA-Exfoliating-Toner-Pads-130ml-for-Pore-Purifying-Skin-Smooth-Brighten-i.1436536970.44067106788,SKINTIFIC AHA BHA PHA Exfoliating Toner Pads 130ml ...,,marketplace_listing_candidate,,0,False
SKINTIFIC_AHA_BHA_PHA_EXFOLIATING_PADS_NA11251201488,Skintific,AHA BHA PHA Exfoliating Pads,NA11251201488,shopee.co.th,https://shopee.co.th/%E3%80%90NEW%E3%80%91SKINTIFIC-AHA-BHA-PHA-Exfoliating-Pads-1-week-smooth-bright-%E0%B9%80%E0%B8%9E%E0%B8%B4%E0%B9%88%E0%B8%A1%E0%B8%84%E0%B8%A7%E0%B8%B2%E0%B8%A1%E0%B8%8A%E0%B8%B8%E0%B9%88%E0%B8%A1%E0%B8%8A%E0%B8%B7%E0%B9%89%E0%B8%99-%E0%B8%A5%E0%B8%94%E0%B8%AA%E0%B8%B4%E0%B8%A7-%E0%B8%9A%E0%B8%B5%E0%B8%9A%E0%B8%95%E0%B8%B1%E0%B8%A7%E0%B8%A3%E0%B8%B9%E0%B8%82%E0%B8%B8%E0%B8%A1%E0%B8%82%E0%B8%99-%E0%B9%82%E0%B8%97%E0%B8%99%E0%B9%80%E0%B8%99%E0%B8%AD%E0%B8%A3%E0%B9%8C%E0%B9%81%E0%B8%9E%E0%B8%94-130ml-i.1459654235.29740938674,【NEW】SKINTIFIC AHA BHA PHA Exfoliating Pads 1 week ...,,marketplace_listing_candidate,,0,False
SKINTIFIC_AHA_BHA_PHA_EXFOLIATING_PADS_NA11251201488,Skintific,AHA BHA PHA Exfoliating Pads,NA11251201488,tokopedia.com,https://www.tokopedia.com/find/skintific-exfoliating-pads?utm_source=google&utm_medium=organic&utm_campaign=find,Jual Skintific Exfoliating Pads Murah & Terbaik - Harga ...,,marketplace_listing_candidate,,0,False
SKINTIFIC_AHA_BHA_PHA_EXFOLIATING_PADS_NA11251201488,Skintific,AHA BHA PHA Exfoliating Pads,NA11251201488,shopee.sg,https://shopee.sg/-New-SKINTIFIC-AHA-BHA-PHA-Exfoliating-Toner-Pads-130ml-for-Pore-Purifying-Skin-Smooth-Brighten-i.1414481946.27543329128,"Shopee Singapore | Cheaper, Faster On Shopee",,marketplace_listing_candidate,,0,False
SKINTIFIC_AHA_BHA_PHA_EXFOLIATING_PADS_NA11251201488,Skintific,AHA BHA PHA Exfoliating Pads,NA11251201488,tokopedia.com,https://www.tokopedia.com/beauskinmansion/skintific-aha-bha-pha-exfoliating-pads-mencerahkan-kulit-1734195127766386589,Jual Skintific AHA BHA PHA Exfoliating Pads Mencerahkan ...,,marketplace_listing_candidate,,0,False
SKINTIFIC_AHA_BHA_PHA_EXFOLIATING_PADS_NA11251201488,Skintific,AHA BHA PHA Exfoliating Pads,NA11251201488,tokopedia.com,https://www.tokopedia.com/find/skintific-aha?utm_source=google&utm_medium=organic&utm_campaign=find,Jual Skintific Aha Murah & Terbaik - Harga Terbaru Juli 2026,,marketplace_listing_candidate,,0,False
SKINTIFIC_AHA_BHA_PHA_EXFOLIATING_PADS_NA11251201488,Skintific,AHA BHA PHA Exfoliating Pads,NA11251201488,tokopedia.com,https://www.tokopedia.com/find/exfoliating-pads-skintific?utm_source=google&utm_medium=organic&utm_campaign=find,Jual Exfoliating Pads Skintific Murah & Terbaik,,marketplace_listing_candidate,,0,False
SKINTIFIC_AHA_BHA_PHA_EXFOLIATING_PADS_NA11251201488,Skintific,AHA BHA PHA Exfoliating Pads,NA11251201488,tokopedia.com,https://www.tokopedia.com/inti-makeup-store/new-skintific-aha-bha-pha-exfoliating-pads-exfoliasi-wajah-skin-smooth-peeling-pencabut-komedo-niacinamide-whitening-brighting-fade-dark-spots-acne-scars-clear-130ml-1734417754961314954,Jual NEW-SKINTIFIC AHA BHA PHA EXFOLIATING PADS,,marketplace_listing_candidate,,0,False
SKINTIFIC_AHA_BHA_PHA_EXFOLIATING_PADS_NA11251201488,Skintific,AHA BHA PHA Exfoliating Pads,NA11251201488,tokopedia.com,https://www.tokopedia.com/find/skintific-aha-bha?utm_source=google&utm_medium=organic&utm_campaign=find,Jual Skintific Aha Bha Murah - Harga Terbaru 2026,,marketplace_listing_candidate,,0,False
SKINTIFIC_AHA_BHA_PHA_EXFOLIATING_PADS_NA11251201488,Skintific,AHA BHA PHA Exfoliating Pads,NA11251201488,tokopedia.com,https://www.tokopedia.com/skintificid/skintific-aha-bha-pha-double-exfoliating-pad-kulit-halus-cerah-seketika-bersih-pori-aman-untuk-semua-jenis-kulit-membersihkan-pori-menghaluskan-mencerahkan-eksfoliasi-aman-nyaman-1732196070505219662-1735279394388739662,SKINTIFIC AHA BHA PHA Double Exfoliating Pad – Kulit ...,,marketplace_listing_candidate,,0,False
SULWHASOO_CONCENTRATED_GINSENG_REJUVENATING_WATER_NA26242000058,Sulwhasoo,Concentrated Ginseng Rejuvenating Water,NA26242000058,shopee.com.br,https://shopee.com.br/SULWHASOO-Concentrated-Ginseng-Rejuvenating-2-Types-(Water-150mL-Emulsion-125mL)-i.920292999.26462785193,"SULWHASOO Concentrated Ginseng Rejuvenating, 2 ...",,marketplace_listing_candidate,,0,False
SULWHASOO_CONCENTRATED_GINSENG_REJUVENATING_WATER_NA26242000058,Sulwhasoo,Concentrated Ginseng Rejuvenating Water,NA26242000058,shopee.co.id,https://shopee.co.id/Sulwhasoo-Concentrated-Ginseng-Rejuvenating-Water-150ml-Toner-i.12312781.45509935620,Sulwhasoo Concentrated Ginseng Rejuvenating Water ...,,marketplace_listing_candidate,,0,False
SULWHASOO_CONCENTRATED_GINSENG_REJUVENATING_WATER_NA26242000058,Sulwhasoo,Concentrated Ginseng Rejuvenating Water,NA26242000058,tokopedia.com,https://www.tokopedia.com/find/sulwhasoo-concentrated-ginseng?utm_source=google&utm_medium=organic&utm_campaign=find,Jual Sulwhasoo Concentrated Ginseng Murah & Lengkap,,marketplace_listing_candidate,,0,False
SULWHASOO_CONCENTRATED_GINSENG_REJUVENATING_WATER_NA26242000058,Sulwhasoo,Concentrated Ginseng Rejuvenating Water,NA26242000058,tokopedia.com,https://www.tokopedia.com/rama-revan/sulwhasoo-concentrated-ginseng-rejuvenating-water-emulsion-25ml-1735220934749030263-1735220934749226871,Sulwhasoo Concentrated Ginseng Rejuvenating Water & ...,,marketplace_listing_candidate,,0,False
SULWHASOO_CONCENTRATED_GINSENG_REJUVENATING_WATER_NA26242000058,Sulwhasoo,Concentrated Ginseng Rejuvenating Water,NA26242000058,shop-id.tokopedia.com,https://shop-id.tokopedia.com/pdp/sulwhasoo-set-ginseng-anti-aging-emulsion-water-kelembapan-maksimal/1730815822378468844?source=anchor,Sulwhasoo Concentrated Ginseng Rejuvenating Duo Set,,marketplace_listing_candidate,,0,False
SULWHASOO_CONCENTRATED_GINSENG_REJUVENATING_WATER_NA26242000058,Sulwhasoo,Concentrated Ginseng Rejuvenating Water,NA26242000058,tokopedia.com,https://www.tokopedia.com/milkajac/sulwhasoo-concentrated-ginseng-rejuvenating-water-150ml-1731430406237750370,Jual SULWHASOO CONCENTRATED GINSENG ...,,marketplace_listing_candidate,,0,False
SULWHASOO_CONCENTRATED_GINSENG_REJUVENATING_WATER_NA26242000058,Sulwhasoo,Concentrated Ginseng Rejuvenating Water,NA26242000058,tokopedia.com,https://www.tokopedia.com/anugerahtoko-12/sulwhasoo-concentrated-ginseng-renewing-water-125-ml-1730902508816598238,Sulwhasoo Concentrated Ginseng Renewing Water 125 Ml,,marketplace_listing_candidate,,0,False
COSRX_CENTELLA_WATER_ALCOHOL_FREE_TONER_NA26221200805,COSRX,Centella Water Alcohol Free Toner,NA26221200805,shopee.ph,https://shopee.ph/COSRX-Centella-Water-Alcohol-Free-Toner-150ml-i.230720.570385862,COSRX Centella Water Alcohol Free Toner 150ml,,marketplace_listing_candidate,,0,False
COSRX_CENTELLA_WATER_ALCOHOL_FREE_TONER_NA26221200805,COSRX,Centella Water Alcohol Free Toner,NA26221200805,shopee.com.my,https://shopee.com.my/-COSRX-Centella-Water-Alcohol-Free-Toner-150ml-face-Moisturizing-skincare-toner-cosrx-toner-i.651470455.23428248020,Shopee Malaysia | Free Shipping Across Malaysia,,marketplace_listing_candidate,,0,False
COSRX_CENTELLA_WATER_ALCOHOL_FREE_TONER_NA26221200805,COSRX,Centella Water Alcohol Free Toner,NA26221200805,tokopedia.com,https://www.tokopedia.com/find/cosrx-toner-centella?utm_source=google&utm_medium=organic&utm_campaign=find,Jual Cosrx Toner Centella Terlengkap - Harga Murah ...,,marketplace_listing_candidate,,0,False
COSRX_CENTELLA_WATER_ALCOHOL_FREE_TONER_NA26221200805,COSRX,Centella Water Alcohol Free Toner,NA26221200805,tokopedia.com,https://www.tokopedia.com/find/cosrx-centella-alcohol-free,Jual Cosrx Centella Alcohol Free Murah & Lengkap,,marketplace_listing_candidate,,0,False
COSRX_CENTELLA_WATER_ALCOHOL_FREE_TONER_NA26221200805,COSRX,Centella Water Alcohol Free Toner,NA26221200805,tokopedia.com,https://www.tokopedia.com/find/cosrx-centella-toner-150-ml?utm_source=google&utm_medium=organic&utm_campaign=find,Jual Cosrx Centella Toner 150 Ml Murah & Terbaik,,marketplace_listing_candidate,,0,False
COSRX_CENTELLA_WATER_ALCOHOL_FREE_TONER_NA26221200805,COSRX,Centella Water Alcohol Free Toner,NA26221200805,tokopedia.com,https://www.tokopedia.com/gladysbeautyshop/cosrx-centella-water-alcohol-free-toner-150ml-1731349550693844228,Cosrx Centella Water Alcohol-Free Toner 150ml,,marketplace_listing_candidate,,0,False
COSRX_CENTELLA_WATER_ALCOHOL_FREE_TONER_NA26221200805,COSRX,Centella Water Alcohol Free Toner,NA26221200805,tokopedia.com,https://www.tokopedia.com/find/centella-cosrx,Jual Centella Cosrx Juli 2026 Harga Termurah,,marketplace_listing_candidate,,0,False
COSRX_CENTELLA_WATER_ALCOHOL_FREE_TONER_NA26221200805,COSRX,Centella Water Alcohol Free Toner,NA26221200805,tokopedia.com,https://www.tokopedia.com/moxy-beauty-corp/cosrx-centella-water-alcohol-free-toner-150ml-1732292984484824553,Jual Cosrx Centella Water Alcohol-Free Toner 150ml,,marketplace_listing_candidate,,0,False
GLAD2GLOW_PERFECT_VITA_C_BRIGHT_GLOW_TONER_NA11251200672,Glad2Glow,Perfect Vita C Bright Glow Toner,NA11251200672,shopee.com.my,https://shopee.com.my/Glad2Glow-Perfect-Vita-C-BRIGHT-GLOW-TONER-Brightens-and-Even-Out-Skin-tone-Brightening-Hydrating-skin-80ml-i.822280677.29535594997,Glad2Glow Perfect Vita C BRIGHT GLOW TONER ...,,marketplace_listing_candidate,,0,False
GLAD2GLOW_PERFECT_VITA_C_BRIGHT_GLOW_TONER_NA11251200672,Glad2Glow,Perfect Vita C Bright Glow Toner,NA11251200672,tokopedia.com,https://www.tokopedia.com/watsons-indonesia-official-store/glad2glow-perfect-vita-c-bright-glow-toner-80ml-1731813587053741337?utm_source,Promo Glad2Glow Perfect Vita C Bright Glow Toner 80ml,,marketplace_listing_candidate,,0,False
GLAD2GLOW_PERFECT_VITA_C_BRIGHT_GLOW_TONER_NA11251200672,Glad2Glow,Perfect Vita C Bright Glow Toner,NA11251200672,shopee.co.id,https://shopee.co.id/Glad2Glow-Perfect-Vita-C-Bright-Glow-Toner-80ml-i.2135194.45404793505,Jual Glad2Glow Perfect Vita C Bright Glow Toner 80ml,,marketplace_listing_candidate,,0,False
GLAD2GLOW_PERFECT_VITA_C_BRIGHT_GLOW_TONER_NA11251200672,Glad2Glow,Perfect Vita C Bright Glow Toner,NA11251200672,shopee.co.id,https://shopee.co.id/Glad2glow-Toner-Perfect-Vitamin-C-Bright-Glow-Toner-i.275055682.41073313092,Jual Glad2glow Toner Perfect Vitamin C Bright Glow Toner,,marketplace_listing_candidate,,0,False
GLAD2GLOW_PERFECT_VITA_C_BRIGHT_GLOW_TONER_NA11251200672,Glad2Glow,Perfect Vita C Bright Glow Toner,NA11251200672,tokopedia.com,https://www.tokopedia.com/find/glad2glow-perfect-vita-c?utm_source=google&utm_medium=organic&utm_campaign=find,Jual Glad2glow Perfect Vita C Murah & Terbaik,,marketplace_listing_candidate,,0,False
GLAD2GLOW_PERFECT_VITA_C_BRIGHT_GLOW_TONER_NA11251200672,Glad2Glow,Perfect Vita C Bright Glow Toner,NA11251200672,tokopedia.com,https://www.tokopedia.com/glad2glowindo-443/new-glad2glow-perfect-vc-bright-glow-toner-toner-vitamin-c-3-o-ethyl-ascorbic-acid-sodium-hyaluronate-untuk-mencerahkan-kulit-menyamarkan-noda-hitam-glowing-alami-hidrasi-sehat-segar-ringan-all-skin-type-vita-c-1733419082167387426?utm_source=google&utm_medium=organic&utm_campaign=pdp,【Buy More Save More】Glad2Glow PERFECT VC BRIGHT ...,,marketplace_listing_candidate,,0,False
GLAD2GLOW_PERFECT_VITA_C_BRIGHT_GLOW_TONER_NA11251200672,Glad2Glow,Perfect Vita C Bright Glow Toner,NA11251200672,tokopedia.com,https://www.tokopedia.com/rekomendasi/102054253400,Glad2Glow Perfect Vita C Bright Glow Toner 80ml,,marketplace_listing_candidate,,0,False
GLAD2GLOW_PERFECT_VITA_C_BRIGHT_GLOW_TONER_NA11251200672,Glad2Glow,Perfect Vita C Bright Glow Toner,NA11251200672,tokopedia.com,https://www.tokopedia.com/find/vita-bright?utm_source=google&utm_medium=organic&utm_campaign=find,Jual Vita Bright Terlengkap & Terbaik,,marketplace_listing_candidate,,0,False
GLAD2GLOW_PERFECT_VITA_C_BRIGHT_GLOW_TONER_NA11251200672,Glad2Glow,Perfect Vita C Bright Glow Toner,NA11251200672,tokopedia.com,https://www.tokopedia.com/topalembang/glad2glow-perfect-vita-c-bright-glow-toner-meratakan-warna-kulit-glad-2-glow-g2g-face-mist-1731708573282698969,glad2glow perfect vita c bright glow toner meratakan warna ...,,marketplace_listing_candidate,,0,False
SKINTIFIC_377_DARK_SPOT_ESSENCE_TONER_NA11251200643,Skintific,377 Dark Spot Essence Toner,NA11251200643,shopee.co.id,https://shopee.co.id/Skintific-377-Dark-Spot-Essence-Toner-80ml-i.30736001.42400155405,Jual Skintific 377 Dark Spot Essence Toner 80ml,,marketplace_listing_candidate,,0,False
SKINTIFIC_377_DARK_SPOT_ESSENCE_TONER_NA11251200643,Skintific,377 Dark Spot Essence Toner,NA11251200643,shopee.co.th,https://shopee.co.th/SKINTIFIC-377-Dark-Spot-Essence-Toner-%E0%B8%A5%E0%B8%9A%E0%B9%80%E0%B8%A5%E0%B8%B7%E0%B8%AD%E0%B8%99%E0%B8%88%E0%B8%B8%E0%B8%94%E0%B8%94%E0%B9%88%E0%B8%B2%E0%B8%87%E0%B8%94%E0%B8%B3-%E0%B8%AA%E0%B8%A7%E0%B9%88%E0%B8%B2%E0%B8%87%E0%B8%82%E0%B8%B6%E0%B9%89%E0%B8%99-%E0%B8%95%E0%B8%B1%E0%B9%89%E0%B8%87%E0%B9%81%E0%B8%95%E0%B9%88-14-%E0%B8%A7%E0%B8%B1%E0%B8%99%E0%B8%97%E0%B8%B5%E0%B9%88%E0%B9%83%E0%B8%8A%E0%B9%89-%E0%B9%82%E0%B8%97%E0%B8%99%E0%B9%80%E0%B8%99%E0%B8%AD%E0%B8%A3%E0%B9%8C%E0%B9%81%E0%B8%9E%E0%B8%94-%E0%B9%82%E0%B8%97%E0%B8%99%E0%B9%80%E0%B8%99%E0%B8%AD%E0%B8%A3%E0%B9%8C-%E0%B8%99%E0%B9%89%E0%B8%B3%E0%B8%95%E0%B8%9A-i.1459654235.27438210192,SKINTIFIC 377 Dark Spot Essence Toner ลบเลือนจุดด่างดำ สว่าง ...,,marketplace_listing_candidate,,0,False
SKINTIFIC_377_DARK_SPOT_ESSENCE_TONER_NA11251200643,Skintific,377 Dark Spot Essence Toner,NA11251200643,shopee.co.id,https://shopee.co.id/Skintific-377-Dark-Spot-Essence-Toner-i.1068737679.41305987512,Jual Skintific 377 Dark Spot Essence Toner,,marketplace_listing_candidate,,0,False
SKINTIFIC_377_DARK_SPOT_ESSENCE_TONER_NA11251200643,Skintific,377 Dark Spot Essence Toner,NA11251200643,tokopedia.com,https://www.tokopedia.com/skintificid/skintific-377-dark-spot-essence-toner-80ml-fades-sun-acne-age-marks-bintik-matahari-bekas-jerawat-flek-penuaan-memulihkan-kulit-cerah-lembut-rata-restores-clarity-smoothness-evenness-1731416575820662350?utm_source=google&utm_medium=organic&utm_campaign=pdp,Promo SKINTIFIC 377 Dark Spot Essence Toner 80ml,,marketplace_listing_candidate,,0,False
SKINTIFIC_377_DARK_SPOT_ESSENCE_TONER_NA11251200643,Skintific,377 Dark Spot Essence Toner,NA11251200643,tokopedia.com,https://www.tokopedia.com/rekomendasi/102067411318,Skintific 377 Dark Spot Essence Toner 80 Ml,,marketplace_listing_candidate,,0,False
SKINTIFIC_377_DARK_SPOT_ESSENCE_TONER_NA11251200643,Skintific,377 Dark Spot Essence Toner,NA11251200643,tokopedia.com,https://www.tokopedia.com/find/toner-skintific-377?utm_source=google&utm_medium=organic&utm_campaign=find,Jual Toner Skintific 377 Murah & Terbaik - Harga Terbaru ...,,marketplace_listing_candidate,,0,False
SKINTIFIC_377_DARK_SPOT_ESSENCE_TONER_NA11251200643,Skintific,377 Dark Spot Essence Toner,NA11251200643,tokopedia.com,https://www.tokopedia.com/find/skintific-dark-spot?utm_source=google&utm_medium=organic&utm_campaign=find,Jual Skintific Dark Spot Murah - Harga Terbaru 2026,,marketplace_listing_candidate,,0,False
SKINTIFIC_377_DARK_SPOT_ESSENCE_TONER_NA11251200643,Skintific,377 Dark Spot Essence Toner,NA11251200643,tokopedia.com,https://www.tokopedia.com/skintificid/skintific-377-dark-spot-essence-toner-80ml-fades-sun-acne-age-marks-bintik-matahari-bekas-jerawat-flek-penuaan-memulihkan-kulit-cerah-lembut-rata-restores-clarity-smoothness-evenness-1731399598909982286,Promo SKINTIFIC 377 Dark Spot Essence Toner 80ml,,marketplace_listing_candidate,,0,False
SKINTIFIC_377_DARK_SPOT_ESSENCE_TONER_NA11251200643,Skintific,377 Dark Spot Essence Toner,NA11251200643,vt.tokopedia.com,https://vt.tokopedia.com/t/ZS9LrobB66HVG-Fwxn0,SKINTIFIC 377 Dark Spot Essence Toner 80ml,,marketplace_listing_candidate,,0,False
BIODANCE_CERA_NOL_GEL_TONER_PADS_NA262412000784,Biodance,CERA-NOL GEL TONER PADS,NA262412000784,shopee.ph,https://shopee.ph/-Biodance-Official-Cera-nol-Gel-Toner-Pad-(60pads)-Cooling-Toner-Pads-4.93-fl.oz.(140g)-i.952094055.28769623475,[Biodance Official] Cera-nol Gel Toner Pad (60pads),,marketplace_listing_candidate,,0,False
BIODANCE_CERA_NOL_GEL_TONER_PADS_NA262412000784,Biodance,CERA-NOL GEL TONER PADS,NA262412000784,sv.shopee.com.my,https://sv.shopee.com.my/web/@decrowncess/video/R0Hki9ZQCQB4PCsGAAAAAA,BIODANCE Collagen Gel Toner Pads,,marketplace_listing_candidate,,0,False
BIODANCE_CERA_NOL_GEL_TONER_PADS_NA262412000784,Biodance,CERA-NOL GEL TONER PADS,NA262412000784,vt.tokopedia.com,https://vt.tokopedia.com/t/ZS91FSP94jchY-UQDm5/,Biodance Cera-Nol Gel Toner Pads @60 pads - Shop,,marketplace_listing_candidate,,0,False
BIODANCE_COLLAGEN_GEL_TONER_PADS_NA26251200029,Biodance,COLLAGEN GEL TONER PADS,NA26251200029,shopee.sg,https://shopee.sg/-Biodance-Official-Collagen-Gel-Toner-Pad-(60pads)-Pore-Perfecting-Toner-Pads-Skin-Prep-Pads-i.951591050.26419619565,[Biodance Official] Collagen Gel Toner (60pads),,marketplace_listing_candidate,,0,False
BIODANCE_COLLAGEN_GEL_TONER_PADS_NA26251200029,Biodance,COLLAGEN GEL TONER PADS,NA26251200029,sv.shopee.com.my,https://sv.shopee.com.my/web/@wyxx1234/video/2gItNHm6CQDvISMZAAAAAA==,Biodance Collagen Gel Toner Pads (60Pads/ 140g),,marketplace_listing_candidate,,0,False
BIODANCE_COLLAGEN_GEL_TONER_PADS_NA26251200029,Biodance,COLLAGEN GEL TONER PADS,NA26251200029,tokopedia.com,https://www.tokopedia.com/find/biodance-toner-pads?utm_source,Jual Biodance Toner Pads Murah & Terbaik,,marketplace_listing_candidate,,0,False
BIODANCE_COLLAGEN_GEL_TONER_PADS_NA26251200029,Biodance,COLLAGEN GEL TONER PADS,NA26251200029,tokopedia.com,https://www.tokopedia.com/find/biodance-toner?utm_source,Jual Biodance Toner Murah & Terbaik - Harga Terbaru Juli ...,,marketplace_listing_candidate,,0,False
HAYEJIN_BLESSING_OF_SPROUT_RADIANCE_TONER_NA26221200313,Hayejin,Blessing Of Sprout Radiance Toner,NA26221200313,shopee.ph,https://shopee.ph/hayejin.ph,"Hayejin Korea, Online Shop",,marketplace_listing_candidate,,0,False
HAYEJIN_BLESSING_OF_SPROUT_RADIANCE_TONER_NA26221200313,Hayejin,Blessing Of Sprout Radiance Toner,NA26221200313,shopee.co.id,https://shopee.co.id/hayejinindonesia,Toko Online Hayejin Indonesia Official Shop,,marketplace_listing_candidate,,0,False
HAYEJIN_BLESSING_OF_SPROUT_RADIANCE_TONER_NA26221200313,Hayejin,Blessing Of Sprout Radiance Toner,NA26221200313,tokopedia.com,https://www.tokopedia.com/find/hayejin-toner?utm_source=google&utm_medium=organic&utm_campaign=find,Jual Hayejin Toner Murah - Harga Terbaru 2026,,marketplace_listing_candidate,,0,False
HAYEJIN_BLESSING_OF_SPROUT_RADIANCE_TONER_NA26221200313,Hayejin,Blessing Of Sprout Radiance Toner,NA26221200313,tokopedia.com,https://www.tokopedia.com/sakurasou-ori-skincare/hayejin-blessing-of-sprout-radiance-toner,Promo HAYEJIN Blessing of Sprout Radiance Toner,,marketplace_listing_candidate,,0,False
HAYEJIN_BLESSING_OF_SPROUT_RADIANCE_TONER_NA26221200313,Hayejin,Blessing Of Sprout Radiance Toner,NA26221200313,tokopedia.com,https://www.tokopedia.com/fastbeautys/hayejin-blessing-of-sprout-radiance-toner/review,Review HAYEJIN Blessing of Sprout Radiance Toner 120ml,,marketplace_listing_candidate,,0,False
HAYEJIN_BLESSING_OF_SPROUT_RADIANCE_TONER_NA26221200313,Hayejin,Blessing Of Sprout Radiance Toner,NA26221200313,vt.tokopedia.com,https://vt.tokopedia.com/t/ZS98KCJ1Jjhjs-hqEhX/,HAYEJIN RiceFila Toner 150ml (2 PCS) - Shop,,marketplace_listing_candidate,,0,False
FACERINNA_SALICYLIC_ACID_ACNE_TONER_NA18250107096,FACERINNA,Salicylic Acid Acne Toner,NA18250107096,shopee.com.my,https://shopee.com.my/Facerinna-Salicylic-Acid-Acne-Toner-100Ml-i.135870504.29192462763,Facerinna Salicylic Acid Acne Toner 100Ml,,marketplace_listing_candidate,,0,False
FACERINNA_SALICYLIC_ACID_ACNE_TONER_NA18250107096,FACERINNA,Salicylic Acid Acne Toner,NA18250107096,tokopedia.com,https://www.tokopedia.com/watsons-indonesia-official-store/facerinna-salicylic-acid-acne-toner-100ml-1731838971842954521?utm_source=google&utm_medium=organic&utm_campaign=pdp,Promo Facerinna Salicylic Acid Acne Toner 100ml,,marketplace_listing_candidate,,0,False
FACERINNA_SALICYLIC_ACID_ACNE_TONER_NA18250107096,FACERINNA,Salicylic Acid Acne Toner,NA18250107096,shopee.co.th,https://shopee.co.th/Facerinna-Salicylic-Acid-Acne-Toner-%E0%B9%82%E0%B8%97%E0%B8%99%E0%B9%80%E0%B8%99%E0%B8%AD%E0%B8%A3%E0%B9%8C-BHA-%E0%B8%9C%E0%B8%A5%E0%B8%B1%E0%B8%94%E0%B9%80%E0%B8%8B%E0%B8%A5%E0%B8%A5%E0%B9%8C%E0%B8%9C%E0%B8%B4%E0%B8%A7-%E0%B8%A5%E0%B9%89%E0%B8%B3%E0%B8%A5%E0%B8%B6%E0%B8%81-%E0%B8%84%E0%B8%A7%E0%B8%9A%E0%B8%84%E0%B8%B8%E0%B8%A1%E0%B8%84%E0%B8%A7%E0%B8%B2%E0%B8%A1%E0%B8%A1%E0%B8%B1%E0%B8%99-%E0%B8%81%E0%B8%A3%E0%B8%B0%E0%B8%8A%E0%B8%B1%E0%B8%9A%E0%B8%A3%E0%B8%B9%E0%B8%82%E0%B8%B8%E0%B8%A1%E0%B8%82%E0%B8%99-%E0%B8%A5%E0%B8%94%E0%B8%AA%E0%B8%B4%E0%B8%A7-%E0%B9%80%E0%B8%95%E0%B8%B4%E0%B8%A1%E0%B8%8A%E0%B8%B8%E0%B9%88%E0%B8%A1%E0%B8%8A%E0%B8%B7%E0%B9%89%E0%B8%99-i.1560991860.50751702657,Facerinna Salicylic Acid Acne Toner โทนเนอร์ BHA ผลัด ...,,marketplace_listing_candidate,,0,False
FACERINNA_SALICYLIC_ACID_ACNE_TONER_NA18250107096,FACERINNA,Salicylic Acid Acne Toner,NA18250107096,tokopedia.com,https://www.tokopedia.com/find/facerinna-salicylic-acid?utm_source,Jual Facerinna Salicylic Acid Murah & Terbaik,,marketplace_listing_candidate,,0,False
FACERINNA_SALICYLIC_ACID_ACNE_TONER_NA18250107096,FACERINNA,Salicylic Acid Acne Toner,NA18250107096,tokopedia.com,https://www.tokopedia.com/find/facerinna?page,Jual Facerinna Murah & Terbaik - Harga Terbaru Juni 2026,,marketplace_listing_candidate,,0,False
FACERINNA_SALICYLIC_ACID_ACNE_TONER_NA18250107096,FACERINNA,Salicylic Acid Acne Toner,NA18250107096,shop-id.tokopedia.com,https://shop-id.tokopedia.com/pdp/toner-jerawat-dengan-salisilik-niacinamida-non-komedogenik/1732641543970916028,【V】FACERINNA Salicylic Acid Acne Toner 100 ml | Tokopedia,,marketplace_listing_candidate,,0,False
FACERINNA_SALICYLIC_ACID_ACNE_TONER_NA18250107096,FACERINNA,Salicylic Acid Acne Toner,NA18250107096,tokopedia.com,https://www.tokopedia.com/find/facerinna-acne?utm_source,Jual Facerinna Acne Murah & Terbaik,,marketplace_listing_candidate,,0,False
FACERINNA_SALICYLIC_ACID_ACNE_TONER_NA18250107096,FACERINNA,Salicylic Acid Acne Toner,NA18250107096,shopee.co.id,https://shopee.co.id/Facerinna-Salicylic-Acid-Acne-Toner-100ml-i.30736001.40007185927,Jual Facerinna Salicylic Acid Acne Toner 100ml,,marketplace_listing_candidate,,0,False
FACERINNA_SALICYLIC_ACID_ACNE_TONER_NA18250107096,FACERINNA,Salicylic Acid Acne Toner,NA18250107096,shop-id.tokopedia.com,https://shop-id.tokopedia.com/pdp/toner-anti-akne-facerinna-100ml-untuk-kulit-sensitif/1731714526916085436,FACERINNA Salicylic Acid Acne Toner 100 ml | Tokopedia,,marketplace_listing_candidate,,0,False
FACERINNA_SALICYLIC_ACID_ACNE_TONER_NA18250107096,FACERINNA,Salicylic Acid Acne Toner,NA18250107096,tokopedia.com,https://www.tokopedia.com/facerinnaindonesia/facerinna-2-salicylic-acid-2-niacinamide-acne-serum-20ml-serum-jerawat-acne-2pcs-cleanser-serumtreatment-menghilangkan-bekas-jerawat-kulit-beruntusan-mencegah-jerawat-datang-lagi-calms-acnes-redness-prevents-breakout-1731714487551166140-1735698082560837308?utm_source,Promo FACERINNA 2% Salicylic Acid + 2% Niacinamide ...,,marketplace_listing_candidate,,0,False
FACERINNA_CERAMIDE_B5_BALANCING_TONER_NA18250107683,FACERINNA,Ceramide B5 Balancing Toner,NA18250107683,shopee.com.my,https://shopee.com.my/FACERINNA-Ceramide-B5-Balancing-Toner-Soothing-Calming-Toner-Barrier-Repair-Essence-After-Sun-Hydrating-Sensitive-Skin-i.1473495725.40856703119,FACERINNA-Ceramide B5 Balancing Toner,,marketplace_listing_candidate,,0,False
FACERINNA_CERAMIDE_B5_BALANCING_TONER_NA18250107683,FACERINNA,Ceramide B5 Balancing Toner,NA18250107683,shop-id.tokopedia.com,https://shop-id.tokopedia.com/pdp/facerinna-ceramide-b5-balancing-toner-100ml-menyegarkan-kulit-kering-menghidrasi-dan-menutrisi-mempe/1731838893666437098?source=anchor,Facerinna Ceramide B5 Balancing Toner 100ml - TikTok Shop,,marketplace_listing_candidate,,0,False
FACERINNA_CERAMIDE_B5_BALANCING_TONER_NA18250107683,FACERINNA,Ceramide B5 Balancing Toner,NA18250107683,sv.shopee.com.my,https://sv.shopee.com.my/web/@badut10/video/xQCQxbt4CQDzboEFAAAAAA==,FACERINNA-Ceramide B5 Balancing Toner,,marketplace_listing_candidate,,0,False
FACERINNA_CERAMIDE_B5_BALANCING_TONER_NA18250107683,FACERINNA,Ceramide B5 Balancing Toner,NA18250107683,shopee.co.th,https://shopee.co.th/Facerinna-Ceramide-B5-Balancing-Toner-%E0%B9%82%E0%B8%97%E0%B8%99%E0%B9%80%E0%B8%99%E0%B8%AD%E0%B8%A3%E0%B9%8C%E0%B9%80%E0%B8%95%E0%B8%B4%E0%B8%A1%E0%B8%8A%E0%B8%B8%E0%B9%88%E0%B8%A1%E0%B8%8A%E0%B8%B7%E0%B9%89%E0%B8%99-%E0%B9%80%E0%B8%AA%E0%B8%A3%E0%B8%B4%E0%B8%A1%E0%B9%80%E0%B8%81%E0%B8%A3%E0%B8%B2%E0%B8%B0%E0%B8%9B%E0%B9%89%E0%B8%AD%E0%B8%87%E0%B8%81%E0%B8%B1%E0%B8%99%E0%B8%9C%E0%B8%B4%E0%B8%A7-%E0%B8%9F%E0%B8%B7%E0%B9%89%E0%B8%99%E0%B8%9A%E0%B8%B3%E0%B8%A3%E0%B8%B8%E0%B8%87%E0%B8%9C%E0%B8%B4%E0%B8%A7%E0%B9%81%E0%B8%AB%E0%B9%89%E0%B8%87-%E0%B8%9B%E0%B8%A3%E0%B8%B1%E0%B8%9A%E0%B8%AA%E0%B8%A1%E0%B8%94%E0%B8%B8%E0%B8%A5%E0%B8%9C%E0%B8%B4%E0%B8%A7-%E0%B8%9A%E0%B8%B55-%E0%B9%81%E0%B8%9E%E0%B9%89%E0%B8%87%E0%B9%88%E0%B8%B2-i.1560991860.54601707256,Facerinna Ceramide B5 Balancing Toner โทนเนอร์เติมชุ่มชื้น ...,,marketplace_listing_candidate,,0,False
FACERINNA_CERAMIDE_B5_BALANCING_TONER_NA18250107683,FACERINNA,Ceramide B5 Balancing Toner,NA18250107683,tokopedia.com,https://www.tokopedia.com/watsons-indonesia-official-store/facerinna-ceramide-b5-balancing-toner-100ml-1731838860929434905?utm_source,Promo Facerinna Ceramide B5 Balancing Toner 100ml,,marketplace_listing_candidate,,0,False
FACERINNA_CERAMIDE_B5_BALANCING_TONER_NA18250107683,FACERINNA,Ceramide B5 Balancing Toner,NA18250107683,tokopedia.com,https://www.tokopedia.com/blackrose-beauty/facerinna-ceramide-b5-balancing-toner-100-ml-ceramide-soothing-calming-toner-hyaluronic-1735371308003591399,Jual FACERINNA Ceramide B5 Balancing Toner 100 ml,,marketplace_listing_candidate,,0,False
FACERINNA_CERAMIDE_B5_BALANCING_TONER_NA18250107683,FACERINNA,Ceramide B5 Balancing Toner,NA18250107683,tokopedia.com,https://www.tokopedia.com/find/facerinna-b5-moisturizer?utm_source,Jual Facerinna B5 Moisturizer Murah & Terbaik,,marketplace_listing_candidate,,0,False
DR_G_BRIGHTENING_VITA_PEELING_PAD_NA26220200245,Dr.G,Brightening Vita Peeling Pad,NA26220200245,shopee.com.my,https://shopee.com.my/(Dr.G)Brightening-Vita-Peeling-Pads-70-Sheets-KOREA-i.405741505.6987822650,(Dr.G)Brightening Vita Peeling Pads 70 Sheets/KOREA,,marketplace_listing_candidate,,0,False
DR_G_BRIGHTENING_VITA_PEELING_PAD_NA26220200245,Dr.G,Brightening Vita Peeling Pad,NA26220200245,shopee.co.th,https://shopee.co.th/Dr.G-Brightening-Vita-Peeling-Pads-70-%E0%B9%81%E0%B8%9C%E0%B9%88%E0%B8%99-K-Beauty-Glow-Toner-Exfoliator-i.1398703919.43005217999,Dr.G Brightening Vita Peeling Pads 70 แผ่น K-Beauty Glow ...,,marketplace_listing_candidate,,0,False
ROUND_LAB_PINE_CALMING_CICA_TONER_NA26231200708,Round Lab,Pine Calming Cica Toner,NA26231200708,shopee.ph,https://shopee.ph/-ROUND-LAB-Official-Pine-Calming-Cica-Toner-250ml-i.1362434419.26327356058,[ROUND LAB Official] Pine Calming Cica Toner 250ml,,marketplace_listing_candidate,,0,False
ROUND_LAB_PINE_CALMING_CICA_TONER_NA26231200708,Round Lab,Pine Calming Cica Toner,NA26231200708,shopee.com.my,https://shopee.com.my/product/1511586957/55359604644?gads_t_sig=gqRjZGVrxHCFomtpsTE0MjUxOnRzc19zZGtfa2V5omt20QABpGFsZ2_SAAAAZKNkZWvAomN0xEAAAAAMfaLqlfFS4JwQPCoOJZHE2YMfq1tWF61pnIIHqGuyOlpkjBotHu7Xpb0YRK1tULWVZdcpI_r9hw6jgE9CqmNpcGhlcnRleHTEdAAAAAzj3anQoi0mILqK1jQdNCSrW8rVuea_uxg5rnHO1FT8dFp9jUWv2GDs2ZI7GBsC1FdWnepte7dAf2jysoWu0AiZXBfI6j2Jgs4n0DugF9tItBo4EAbOg4HZ4beokxdHIDWRhxNWIXkEKHTRpizMjsir,Round Lab Pine Calming Cica Toner 250ml,,marketplace_listing_candidate,,0,False
ROUND_LAB_PINE_CALMING_CICA_TONER_NA26231200708,Round Lab,Pine Calming Cica Toner,NA26231200708,tokopedia.com,https://www.tokopedia.com/roundlab-id/round-lab-pine-calming-cica-toner-1731711857326064875,Promo Round Lab Pine Calming Cica Toner - 250ml,,marketplace_listing_candidate,,0,False
ROUND_LAB_PINE_CALMING_CICA_TONER_NA26231200708,Round Lab,Pine Calming Cica Toner,NA26231200708,shop-id.tokopedia.com,https://shop-id.tokopedia.com/pdp/toner-menenangkan-kulit-iritatif-hidrat-sejukkan/1731711856619914475,Round Lab Pine Calming Cica Toner - TikTok Shop - Tokopedia,,marketplace_listing_candidate,,0,False
ROUND_LAB_PINE_CALMING_CICA_TONER_NA26231200708,Round Lab,Pine Calming Cica Toner,NA26231200708,tokopedia.com,https://www.tokopedia.com/roundlab-id/roundlab-pine-calming-cica-cleanser-1731711927876420843,Promo Roundlab Pine Calming Cica Cleanser - 150ml,,marketplace_listing_candidate,,0,False
LANBENA_BOOST_RADIANCE_HYDRATING_FACIAL_TONER_NA11231201159,LANBENA,Boost Radiance & Hydrating Facial Toner,NA11231201159,shopee.co.id,https://shopee.co.id/LANBENA-Boost-Radiance-Hydrating-Facial-Toner-i.187117294.29940144900,Jual LANBENA Boost Radiance & Hydrating Facial Toner,,marketplace_listing_candidate,,0,False
LANBENA_BOOST_RADIANCE_HYDRATING_FACIAL_TONER_NA11231201159,LANBENA,Boost Radiance & Hydrating Facial Toner,NA11231201159,shopee.ph,https://shopee.ph/-WHOLESALE-12pcs-Set-LANBENA-Vitamin-C-Toner-Moisturizer-Facial-Toner-Whitening-Serum-Brightening-Reduce-Spots-Essence-i.373480679.53102259026?extraParams=%7B%22display_model_id%22%3A302209614001%2C%22model_selection_logic%22%3A3%7D,[WHOLESALE] 12pcs Set LANBENA Vitamin C Toner ...,,marketplace_listing_candidate,,0,False
LANBENA_BOOST_RADIANCE_HYDRATING_FACIAL_TONER_NA11231201159,LANBENA,Boost Radiance & Hydrating Facial Toner,NA11231201159,tokopedia.com,https://www.tokopedia.com/skmcollection/lanbena-toner-wajah-antioksidan-vc-boost-radiance-hydrating-1735981531193443351-1735981640873116695,LANBENA Toner Wajah Antioksidan VC boost radiance hydrating,,marketplace_listing_candidate,,0,False
LANBENA_BOOST_RADIANCE_HYDRATING_FACIAL_TONER_NA11231201159,LANBENA,Boost Radiance & Hydrating Facial Toner,NA11231201159,shop-id.tokopedia.com,https://shop-id.tokopedia.com/pdp/essence-toner-lanbena-kulit-segar-dan-tidak-berminyak/1730677340220786330,[OFFICIAL][Lanbena]POWERFUL-GLOWING ESSENCE ...,,marketplace_listing_candidate,,0,False
MEDIHEAL_WATERMIDE_MOISTURE_PAD_NA26240100017,Mediheal,Watermide Moisture Pad,NA26240100017,shopee.ph,https://shopee.ph/Mediheal-Watermide-Moisture-Toner-Pad-170ml-i.1669227975.46301248997,Mediheal Watermide Moisture Toner Pad 170ml,,marketplace_listing_candidate,,0,False
MEDIHEAL_WATERMIDE_MOISTURE_PAD_NA26240100017,Mediheal,Watermide Moisture Pad,NA26240100017,shopee.co.id,https://shopee.co.id/list/Mediheal/Watermide/Toner%20Pad,Jual Mediheal Watermide Toner Pad Terlengkap & Harga ...,,marketplace_listing_candidate,,0,False
MEDIHEAL_WATERMIDE_MOISTURE_PAD_NA26240100017,Mediheal,Watermide Moisture Pad,NA26240100017,tokopedia.com,https://www.tokopedia.com/find/mediheal-toner-pad?utm_source=google&utm_medium=organic&utm_campaign=find,Jual Mediheal Toner Pad Agustus 2026 Harga Termurah,,marketplace_listing_candidate,,0,False
MEDIHEAL_WATERMIDE_MOISTURE_PAD_NA26240100017,Mediheal,Watermide Moisture Pad,NA26240100017,tokopedia.com,https://www.tokopedia.com/lingonlineshop/ready-mediheal-daily-treatment-watermide-moisture-pad-100pads,Promo [Ready] MEDIHEAL Daily Treatment Watermide ...,,marketplace_listing_candidate,,0,False
MEDIHEAL_WATERMIDE_MOISTURE_PAD_NA26240100017,Mediheal,Watermide Moisture Pad,NA26240100017,tokopedia.com,https://www.tokopedia.com/find/mediheal-watermide?utm_source=google&utm_medium=organic&utm_campaign=find,Jual Mediheal Watermide Murah & Terbaik,,marketplace_listing_candidate,,0,False
MEDIHEAL_WATERMIDE_MOISTURE_PAD_NA26240100017,Mediheal,Watermide Moisture Pad,NA26240100017,tokopedia.com,https://www.tokopedia.com/kayadd-shop/mediheal-toner-pad-mediheal-madecassoside-blemish-pad-100pcs-collagen-ampoule-pad-vitamide-brightening-pad-phyto-enzyme-peeling-pad-watermide-moisture-pad-1734315759264237408,Mediheal Toner Pad / Mediheal Madecassoside Blemish ...,,marketplace_listing_candidate,,0,False
MEDIHEAL_COLLAGEN_AMPOULE_PAD_NA26242000002,Mediheal,Collagen Ampoule Pad,NA26242000002,shopee.com.my,https://shopee.com.my/list/mediheal/collagen%20ampoule/toner%20pad,mediheal collagen ampoule toner pad ...,,marketplace_listing_candidate,,0,False
MEDIHEAL_COLLAGEN_AMPOULE_PAD_NA26242000002,Mediheal,Collagen Ampoule Pad,NA26242000002,shopee.ph,https://shopee.ph/MEDIHEAL-Collagen-Ampoule-Pad-%28100-Pads%29-Toner-Pads--i.1836124716.40731470137,MEDIHEAL Collagen Ampoule Pad (100 Pads) [Toner Pads],,marketplace_listing_candidate,,0,False
MEDIHEAL_COLLAGEN_AMPOULE_PAD_NA26242000002,Mediheal,Collagen Ampoule Pad,NA26242000002,shopee.ph,https://shopee.ph/-MEDIHEAL-Collagen-Ampoule-Pad-%ED%95%91%ED%81%AC-i.1808224848.49809430175?extraParams=%7B%22display_model_id%22%3A177396385049%2C%22model_selection_logic%22%3A3%7D,[MEDIHEAL] Collagen Ampoule Pad-핑크,,marketplace_listing_candidate,,0,False
MEDIHEAL_COLLAGEN_AMPOULE_PAD_NA26242000002,Mediheal,Collagen Ampoule Pad,NA26242000002,tokopedia.com,https://www.tokopedia.com/find/mediheal-collagen-pad?utm_source=google&utm_medium=organic&utm_campaign=find,Jual Mediheal Collagen Pad Murah & Terbaik,,marketplace_listing_candidate,,0,False
MEDIHEAL_COLLAGEN_AMPOULE_PAD_NA26242000002,Mediheal,Collagen Ampoule Pad,NA26242000002,tokopedia.com,https://www.tokopedia.com/find/mediheal-pad?utm_source=google&utm_medium=organic&utm_campaign=find,Jual Mediheal Pad Murah - Harga Terbaru Agustus 2026,,marketplace_listing_candidate,,0,False
MEDIHEAL_COLLAGEN_AMPOULE_PAD_NA26242000002,Mediheal,Collagen Ampoule Pad,NA26242000002,tokopedia.com,https://www.tokopedia.com/find/mediheal-collagen-ampoule-pad?utm_source=google&utm_medium=organic&utm_campaign=find,Jual Mediheal Collagen Ampoule Pad Murah & Terbaik,,marketplace_listing_candidate,,0,False
MEDIHEAL_COLLAGEN_AMPOULE_PAD_NA26242000002,Mediheal,Collagen Ampoule Pad,NA26242000002,tokopedia.com,https://www.tokopedia.com/find/mediheal-toner-pad?utm_source=google&utm_medium=organic&utm_campaign=find,Jual Mediheal Toner Pad Agustus 2026 Harga Termurah,,marketplace_listing_candidate,,0,False
MEDIHEAL_COLLAGEN_AMPOULE_PAD_NA26242000002,Mediheal,Collagen Ampoule Pad,NA26242000002,tokopedia.com,https://www.tokopedia.com/rekomendasi/4513522261,Mediheal Collagen Ampoule Toner Pad 170 ml,,marketplace_listing_candidate,,0,False
MEDIHEAL_COLLAGEN_AMPOULE_PAD_NA26242000002,Mediheal,Collagen Ampoule Pad,NA26242000002,tokopedia.com,https://www.tokopedia.com/msjoustic-1/mediheal-collagen-ampoule-pad-murah-1731213667790390675,Mediheal Collagen Ampoule Pad Murah di Msjoustic,,marketplace_listing_candidate,,0,False
MEDIHEAL_COLLAGEN_AMPOULE_PAD_NA26242000002,Mediheal,Collagen Ampoule Pad,NA26242000002,tokopedia.com,https://www.tokopedia.com/find/mediheal-toner-pads?utm_source=google&utm_medium=organic&utm_campaign=find,Jual Mediheal Toner Pads Murah & Terbaik,,marketplace_listing_candidate,,0,False
ALL_NATURAL_HOUTTUYNIA_CORDATA_COTTON_TONER_PAD_NA26221200918,All Natural,Houttuynia Cordata Cotton Toner Pad,NA26221200918,shopee.ph,https://shopee.ph/allnatural-Houttuynia-Cordata-Cotton-Cotton-Toner-Pads-80pads-140ml-i.237628033.16504631874,allnatural Houttuynia Cordata Cotton Cotton Toner Pads ...,,marketplace_listing_candidate,,0,False
ALL_NATURAL_HOUTTUYNIA_CORDATA_COTTON_TONER_PAD_NA26221200918,All Natural,Houttuynia Cordata Cotton Toner Pad,NA26221200918,shopee.co.id,https://shopee.co.id/All-Natural-Houttuynia-Cordata-Cotton-Toner-Pad-80-sheets-i.35362707.20191223769,All Natural Houttuynia Cordata Cotton Toner Pad 80 sheets,,marketplace_listing_candidate,,0,False
HALE_OVERNIGHT_GLOW_EXFOLIATING_MOUSSE_SOLUTION_NA18240113812,Hale,Overnight Glow Exfoliating Mousse Solution,NA18240113812,shopee.co.id,https://shopee.co.id/Hale-Overnight-Glow-Exfoliating-Mousse-Solution-45ml-i.10689.28677359957,Jual Hale Overnight Glow Exfoliating Mousse Solution 45ml,,marketplace_listing_candidate,,0,False
HALE_OVERNIGHT_GLOW_EXFOLIATING_MOUSSE_SOLUTION_NA18240113812,Hale,Overnight Glow Exfoliating Mousse Solution,NA18240113812,tokopedia.com,https://www.tokopedia.com/rekomendasi/16298424625,Rekomendasi Think Hale Overnight Glow Exfoliating ...,,marketplace_listing_candidate,,0,False
HALE_OVERNIGHT_GLOW_EXFOLIATING_MOUSSE_SOLUTION_NA18240113812,Hale,Overnight Glow Exfoliating Mousse Solution,NA18240113812,tokopedia.com,https://www.tokopedia.com/rekomendasi/103279727017,Rekomendasi Think Hale Overnight Glow Exfoliating ...,,marketplace_listing_candidate,,0,False
HALE_OVERNIGHT_GLOW_EXFOLIATING_MOUSSE_SOLUTION_NA18240113812,Hale,Overnight Glow Exfoliating Mousse Solution,NA18240113812,tokopedia.com,https://www.tokopedia.com/vitamindiskon/hale-overnight-glow-exfoliating-mousse-solution-45-ml-toner-eksfoliasi-wajah-facial-1730891716202169878,Promo HALE OVERNIGHT GLOW EXFOLIATING MOUSSE ...,,marketplace_listing_candidate,,0,False
HALE_OVERNIGHT_GLOW_EXFOLIATING_MOUSSE_SOLUTION_NA18240113812,Hale,Overnight Glow Exfoliating Mousse Solution,NA18240113812,shop-id.tokopedia.com,https://shop-id.tokopedia.com/pdp/hale-overnight-glow-mousse-5-aha-2-bha-mencerahkan-kulit-mengangkat-sel-kulit-mati/1730892224121308510?source=anchor,THINK HALE Overnight Glow Exfoliating Mousse Solution 5 ...,,marketplace_listing_candidate,,0,False
HALE_OVERNIGHT_GLOW_EXFOLIATING_MOUSSE_SOLUTION_NA18240113812,Hale,Overnight Glow Exfoliating Mousse Solution,NA18240113812,tokopedia.com,https://www.tokopedia.com/twomango/hale-overnight-glow-exfoliating-mousse-solution-45-ml-toner-eksfoliasi-wajah-1731038245577524884,Promo HALE OVERNIGHT GLOW EXFOLIATING MOUSSE ...,,marketplace_listing_candidate,,0,False
ANUA_PEACH_77_NIACIN_ESSENCE_TONER_NA26241200669,Anua,Peach 77% Niacin Essence Toner,NA26241200669,shopee.ph,https://shopee.ph/Anua-Peach-77-Niacin-Essence-Toner-250ml-i.11745252.25855745101,Anua Peach 77 Niacin Essence Toner 250ml,,marketplace_listing_candidate,,0,False
ANUA_PEACH_77_NIACIN_ESSENCE_TONER_NA26241200669,Anua,Peach 77% Niacin Essence Toner,NA26241200669,shopee.sg,https://shopee.sg/Anua-Peach-77-Niacin-Essence-Toner-250ml-i.1166872339.27872413491,"Shopee Singapore | Cheaper, Faster On Shopee",,marketplace_listing_candidate,,0,False
ANUA_PEACH_77_NIACIN_ESSENCE_TONER_NA26241200669,Anua,Peach 77% Niacin Essence Toner,NA26241200669,tokopedia.com,https://www.tokopedia.com/find/anua-peach-toner-77?utm_source=google&utm_medium=organic&utm_campaign=find,Jual Anua Peach Toner 77 Murah & Terbaik,,marketplace_listing_candidate,,0,False
ANUA_PEACH_77_NIACIN_ESSENCE_TONER_NA26241200669,Anua,Peach 77% Niacin Essence Toner,NA26241200669,shop-id.tokopedia.com,https://shop-id.tokopedia.com/pdp/5-0-anua-peach-77-niacin-essence-toner-hidrasi-optimal-mencerahkan-kulit-pencerah-alami/1729806299860535098?source=anchor,5.0 Anua Peach 77% Niacin Essence Toner 250ml - Shop,,marketplace_listing_candidate,,0,False
ANUA_PEACH_77_NIACIN_ESSENCE_TONER_NA26241200669,Anua,Peach 77% Niacin Essence Toner,NA26241200669,tokopedia.com,https://www.tokopedia.com/find/anua-toner?page=1&additional_params=7365617263685f69643d3230323630343236303531313132353733374336454332453037313630303535364b&utm_source=google&utm_medium=organic&utm_campaign=find,Jual Anua Toner Juni 2026 Harga Termurah,,marketplace_listing_candidate,,0,False
ANUA_PEACH_77_NIACIN_ESSENCE_TONER_NA26241200669,Anua,Peach 77% Niacin Essence Toner,NA26241200669,tokopedia.com,https://www.tokopedia.com/anuaofficialshop/anua-peach-77-niacin-essence-toner-150ml-1733887461301716520,Promo ANUA Peach 77 Niacin Essence Toner 150ml,,marketplace_listing_candidate,,0,False
ANUA_PEACH_77_NIACIN_ESSENCE_TONER_NA26241200669,Anua,Peach 77% Niacin Essence Toner,NA26241200669,tokopedia.com,https://www.tokopedia.com/fastbeautys/anua-peach-77-niacin-essence-toner-250ml,Promo ANUA Peach 77% Niacin Essence Toner 250ml,,marketplace_listing_candidate,,0,False
PYUNKANG_YUL_ESSENCE_TONER_PAD_NA26241200166,Pyunkang Yul,Essence Toner Pad,NA26241200166,shopee.sg,https://shopee.sg/search?keyword,pyunkang yul essence toner - Prices and Deals - Jul 2026,,marketplace_listing_candidate,,0,False
PYUNKANG_YUL_ESSENCE_TONER_PAD_NA26241200166,Pyunkang Yul,Essence Toner Pad,NA26241200166,shopee.com.my,https://shopee.com.my/Pyunkang-Yul-Essence-Toner-Pad-i.238218775.46611184793,Pyunkang Yul Essence Toner Pad,,marketplace_listing_candidate,,0,False
PYUNKANG_YUL_ESSENCE_TONER_PAD_NA26241200166,Pyunkang Yul,Essence Toner Pad,NA26241200166,shopee.ph,https://shopee.ph/PYUNKANG-YUL-Essence-Toner-Pad-70EA-i.1596810181.41879362340,PYUNKANG YUL Essence Toner Pad 70EA,,marketplace_listing_candidate,,0,False
PYUNKANG_YUL_ESSENCE_TONER_PAD_NA26241200166,Pyunkang Yul,Essence Toner Pad,NA26241200166,tokopedia.com,https://www.tokopedia.com/find/pyunkang-yul-essence-toner?utm_source=google&utm_medium=organic&utm_campaign=find,Pyunkang Yul Essence Toner BPOM Agustus 2026,,marketplace_listing_candidate,,0,False
PYUNKANG_YUL_ESSENCE_TONER_PAD_NA26241200166,Pyunkang Yul,Essence Toner Pad,NA26241200166,tokopedia.com,https://www.tokopedia.com/pyunkang-yul-id/pyunkang-yul-essence-toner-pad-140ml-70-lembar-1730219508106823377,PYUNKANG YUL Essence Toner Pad 140ml (70 lembar),,marketplace_listing_candidate,,0,False
PYUNKANG_YUL_ESSENCE_TONER_PAD_NA26241200166,Pyunkang Yul,Essence Toner Pad,NA26241200166,tokopedia.com,https://www.tokopedia.com/find/pyunkang-essence,Jual Pyunkang Essence Juli 2026 Harga Termurah,,marketplace_listing_candidate,,0,False
PYUNKANG_YUL_ESSENCE_TONER_PAD_NA26241200166,Pyunkang Yul,Essence Toner Pad,NA26241200166,tokopedia.com,https://www.tokopedia.com/rekomendasi/16250363140,Rekomendasi Pyunkang Yul Essence Toner Pad 140ml ...,,marketplace_listing_candidate,,0,False
PYUNKANG_YUL_ESSENCE_TONER_PAD_NA26241200166,Pyunkang Yul,Essence Toner Pad,NA26241200166,tokopedia.com,https://www.tokopedia.com/find/pyunkang-yul-toner?utm_source=google&utm_medium=organic&utm_campaign=find,Jual Pyunkang Yul Toner Terlengkap - Harga Murah ...,,marketplace_listing_candidate,,0,False
PYUNKANG_YUL_ESSENCE_TONER_PAD_NA26241200166,Pyunkang Yul,Essence Toner Pad,NA26241200166,tokopedia.com,https://www.tokopedia.com/find/toner-pad?utm_source=google&utm_medium=organic&utm_campaign=find,Jual Toner Pad Murah & Terbaik - Harga Terbaru Agustus ...,,marketplace_listing_candidate,,0,False
PYUNKANG_YUL_ESSENCE_TONER_PAD_NA26241200166,Pyunkang Yul,Essence Toner Pad,NA26241200166,shopee.co.id,https://shopee.co.id/PYUNKANG-YUL-Essence-Toner-Pad-140ml-(70pcs)-i.180485193.29863171611,Jual PYUNKANG YUL Essence Toner Pad 140ml (70pcs),,marketplace_listing_candidate,,0,False
PYUNKANG_YUL_ESSENCE_TONER_PAD_NA26241200166,Pyunkang Yul,Essence Toner Pad,NA26241200166,tokopedia.com,https://www.tokopedia.com/stylekoreanindo/pyunkang-yul-essence-toner-pad-140ml-70pcs,Promo PYUNKANG YUL Essence Toner Pad 140ml (70pcs),,marketplace_listing_candidate,,0,False
MEDIHEAL_RETINOL_COLLAGEN_LIFTING_PAD_NA26242000012,Mediheal,Retinol Collagen Lifting Pad,NA26242000012,shopee.ph,https://shopee.ph/Mediheal-Retinol-Collagen-Lifting-Toner-Pad-i.11745252.25984069148,Mediheal Retinol Collagen Lifting Toner Pad,,marketplace_listing_candidate,,0,False
MEDIHEAL_RETINOL_COLLAGEN_LIFTING_PAD_NA26242000012,Mediheal,Retinol Collagen Lifting Pad,NA26242000012,shopee.co.th,https://shopee.co.th/%F0%9F%A4%8E-MEDIHEAL-Retinol-Collagen-Lifting-Pad-(%E0%B8%AA%E0%B8%B5%E0%B8%99%E0%B9%89%E0%B8%B3%E0%B8%95%E0%B8%B2%E0%B8%A5)-100-%E0%B9%81%E0%B8%9C%E0%B9%88%E0%B8%99-%F0%9F%A4%8E-%E0%B9%81%E0%B8%9C%E0%B9%88%E0%B8%99%E0%B9%82%E0%B8%97%E0%B8%99%E0%B9%80%E0%B8%99%E0%B8%AD%E0%B8%A3%E0%B9%8C-%E0%B8%AA%E0%B8%B9%E0%B8%95%E0%B8%A3%E0%B9%80%E0%B8%A3%E0%B8%95%E0%B8%B4%E0%B8%99%E0%B8%AD%E0%B8%A5-%E0%B8%84%E0%B8%AD%E0%B8%A5%E0%B8%A5%E0%B8%B2%E0%B9%80%E0%B8%88%E0%B8%99-%E0%B8%A2%E0%B8%81%E0%B8%81%E0%B8%A3%E0%B8%B0%E0%B8%8A%E0%B8%B1%E0%B8%9A%E0%B8%9C%E0%B8%B4%E0%B8%A7-%E0%B8%A5%E0%B8%94%E0%B8%A3%E0%B8%B4%E0%B9%89%E0%B8%A7%E0%B8%A3%E0%B8%AD%E0%B8%A2-i.130678034.29351695770,MEDIHEAL Retinol Collagen Lifting Pad (สีน้ำตาล) 100 แผ่น  ...,,marketplace_listing_candidate,,0,False
MEDIHEAL_RETINOL_COLLAGEN_LIFTING_PAD_NA26242000012,Mediheal,Retinol Collagen Lifting Pad,NA26242000012,tokopedia.com,https://www.tokopedia.com/ghoghomart1/new-mediheal-retinol-collagen-lifting-pad-1731115123297453813,Jual New MEDIHEAL - Retinol Collagen Lifting Pad - 1pcs,,marketplace_listing_candidate,,0,False
MEDIHEAL_RETINOL_COLLAGEN_LIFTING_PAD_NA26242000012,Mediheal,Retinol Collagen Lifting Pad,NA26242000012,tokopedia.com,https://www.tokopedia.com/find/mediheal-pad?utm_source=google&utm_medium=organic&utm_campaign=find,Jual Mediheal Pad Murah - Harga Terbaru Agustus 2026,,marketplace_listing_candidate,,0,False
MEDIHEAL_RETINOL_COLLAGEN_LIFTING_PAD_NA26242000012,Mediheal,Retinol Collagen Lifting Pad,NA26242000012,tokopedia.com,https://www.tokopedia.com/omoobeautyhouse/mediheal-retinol-collagen-lifting-pad-2-pads-1732123476397950102,Jual Mediheal Retinol Collagen Lifting Pad (2 pads),,marketplace_listing_candidate,,0,False
BEAUTY_OF_JOSEON_GLOW_REPLENISHING_RICE_MILK_NA26241200554,Beauty of Joseon,Glow Replenishing Rice Milk,NA26241200554,shopee.ph,https://shopee.ph/-Beauty-of-Joseon-Glow-Replenishing-Rice-Milk-Toner-150ml-i.1561523725.51615091050,<Beauty of Joseon> Glow Replenishing Rice Milk Toner ...,,marketplace_listing_candidate,,0,False
BEAUTY_OF_JOSEON_GLOW_REPLENISHING_RICE_MILK_NA26241200554,Beauty of Joseon,Glow Replenishing Rice Milk,NA26241200554,tokopedia.com,https://www.tokopedia.com/leonybeauty-312/beauty-of-joseon-glow-replenishing-rice-milk-toner-150ml-1729774110299162268?utm_source=google&utm_medium=organic&utm_campaign=pdp,Beauty of joseon Glow Replenishing Rice Milk Toner 150ml,,marketplace_listing_candidate,,0,False
BEAUTY_OF_JOSEON_GLOW_REPLENISHING_RICE_MILK_NA26241200554,Beauty of Joseon,Glow Replenishing Rice Milk,NA26241200554,shop-id.tokopedia.com,https://shop-id.tokopedia.com/pdp/1735123854608467377,【Buy 1 Take 1】 Beauty of Joseon Glow Replenishing Rice ...,,marketplace_listing_candidate,,0,False
BEAUTY_OF_JOSEON_GLOW_REPLENISHING_RICE_MILK_NA26241200554,Beauty of Joseon,Glow Replenishing Rice Milk,NA26241200554,tokopedia.com,https://www.tokopedia.com/find/rice-milk-beauty-of-joseon?utm_source=google&utm_medium=organic&utm_campaign=find,Jual Rice Milk Beauty Of Joseon Murah & Terbaik,,marketplace_listing_candidate,,0,False
BEAUTY_OF_JOSEON_GLOW_REPLENISHING_RICE_MILK_NA26241200554,Beauty of Joseon,Glow Replenishing Rice Milk,NA26241200554,tokopedia.com,https://www.tokopedia.com/beauty-of-joseon-d/buy-1-take-1-beauty-of-joseon-glow-replenishing-rice-milk-150-ml-for-oily-combination-skin-korean-moisturizing-balance-care-150mloixns-1736279528958952986-1736279828874626586,【Buy 1 Take 1】 Beauty of Joseon Glow Replenishing Rice ...,,marketplace_listing_candidate,,0,False
BEAUTY_OF_JOSEON_GLOW_REPLENISHING_RICE_MILK_NA26241200554,Beauty of Joseon,Glow Replenishing Rice Milk,NA26241200554,shop-id.tokopedia.com,https://shop-id.tokopedia.com/pdp/glow-replenishing-rice-milk-150ml-beauty-of-joseon-kulit-segar-beras-ekstrak-hidrasi-tinggi/1730334558239426551,Beauty of Joseon Glow Replenishing Rice Milk 150 ml - Shop,,marketplace_listing_candidate,,0,False
ANUA_RICE_70_GLOW_MILKY_TONER_NA26241200628,Anua,Rice 70 Glow Milky Toner,NA26241200628,shopee.sg,https://shopee.sg/ANUA-Rice-70-Glow-Milky-Toner-250ml-40ml-i.641249.26810473698,ANUA Rice 70 Glow Milky Toner - 250ml / 40ml,,marketplace_listing_candidate,,0,False
ANUA_RICE_70_GLOW_MILKY_TONER_NA26241200628,Anua,Rice 70 Glow Milky Toner,NA26241200628,shopee.co.id,https://shopee.co.id/ANUA-Rice-70-Glow-Milky-Toner-i.897168344.24187735273,Jual ANUA Rice 70 Glow Milky Toner,,marketplace_listing_candidate,,0,False
ANUA_RICE_70_GLOW_MILKY_TONER_NA26241200628,Anua,Rice 70 Glow Milky Toner,NA26241200628,shop-id.tokopedia.com,https://shop-id.tokopedia.com/pdp/toner-milky-rice-bran-water-niacinamide-250ml-anti-jerawat/1733218977650869800,ANUA Rice 70 Glow Milky Toner 250ml - Shop | Tokopedia,,marketplace_listing_candidate,,0,False
ANUA_RICE_70_GLOW_MILKY_TONER_NA26241200628,Anua,Rice 70 Glow Milky Toner,NA26241200628,tokopedia.com,https://www.tokopedia.com/anuaofficialshop/anua-rice-70-glow-milky-toner-1733897521042261544,Promo ANUA Rice 70 Glow Milky Toner - 250ml,,marketplace_listing_candidate,,0,False
ANUA_RICE_70_GLOW_MILKY_TONER_NA26241200628,Anua,Rice 70 Glow Milky Toner,NA26241200628,tokopedia.com,https://www.tokopedia.com/find/anua-toner?utm_source=google&utm_medium=organic&utm_campaign=find,Jual Anua Toner Agustus 2026 Harga Termurah,,marketplace_listing_candidate,,0,False
ANUA_RICE_70_GLOW_MILKY_TONER_NA26241200628,Anua,Rice 70 Glow Milky Toner,NA26241200628,tokopedia.com,https://www.tokopedia.com/find/anua-rice-70-glow?utm_source=google&utm_medium=organic&utm_campaign=find,Jual Anua Rice 70 Glow Murah & Terbaik - Harga Terbaru ...,,marketplace_listing_candidate,,0,False
ANUA_RICE_70_GLOW_MILKY_TONER_NA26241200628,Anua,Rice 70 Glow Milky Toner,NA26241200628,tokopedia.com,https://www.tokopedia.com/rekomendasi/100292623183,ANUA Rice 70 Glow Milky Toner 40ml,,marketplace_listing_candidate,,0,False
ANUA_RICE_70_GLOW_MILKY_TONER_NA26241200628,Anua,Rice 70 Glow Milky Toner,NA26241200628,tokopedia.com,https://www.tokopedia.com/womenwardrobe/ready-instant-anua-rice-70-glow-milky-toner-250-ml-1731051191269164141/media/product/0,Video dan Gambar READY INSTANT - ANUA RICE 70+ ...,,marketplace_listing_candidate,,0,False
ANUA_RICE_70_GLOW_MILKY_TONER_NA26241200628,Anua,Rice 70 Glow Milky Toner,NA26241200628,tokopedia.com,https://www.tokopedia.com/find/anua-rice-70-glow-milky-toner?utm_source=google&utm_medium=organic&utm_campaign=find,Jual Anua Rice 70 Glow Milky Toner Murah & Terbaik,,marketplace_listing_candidate,,0,False
ANUA_RICE_70_GLOW_MILKY_TONER_NA26241200628,Anua,Rice 70 Glow Milky Toner,NA26241200628,tokopedia.com,https://www.tokopedia.com/find/toner-anua?utm_source=google&utm_medium=organic&utm_campaign=find,Jual Toner Anua Agustus 2026 Harga Termurah,,marketplace_listing_candidate,,0,False
BIYU_OIL_CONTROL_CLEANSER_PH_BALANCED_NA18211202530,Biyu,Oil Control Cleanser pH Balanced,NA18211202530,shopee.co.id,https://shopee.co.id/(New-Packaging)-Biyu-Oil-Control-Cleanser-pH-Balanced-i.15635305.11914174606,(New Packaging) Biyu Oil Control Cleanser pH Balanced,,marketplace_listing_candidate,,0,False
BIYU_OIL_CONTROL_CLEANSER_PH_BALANCED_NA18211202530,Biyu,Oil Control Cleanser pH Balanced,NA18211202530,shopee.com.my,https://shopee.com.my/BIYU-Skin-Cleanser-ph-Balanced-100ml-Oil-Control-Facial-Wash-for-Oily-and-Sensitive-Skin-Anti-Acne-and-Pimple-Facial-Cleanser-i.264680857.43414942560,BIYU Skin Cleanser ph Balanced 100ml Oil Control Facial ...,,marketplace_listing_candidate,,0,False
BIYU_OIL_CONTROL_CLEANSER_PH_BALANCED_NA18211202530,Biyu,Oil Control Cleanser pH Balanced,NA18211202530,tokopedia.com,https://www.tokopedia.com/bibiourbabyshop/biyu-oil-control-cleanser-acne-gel-facial-wash-sabun-cuci-muka-jerawat-low-ph-anti-acne-1730160280177182526,Promo BIYU Oil Control Cleanser | Acne Gel Facial Wash,,marketplace_listing_candidate,,0,False
BIYU_OIL_CONTROL_CLEANSER_PH_BALANCED_NA18211202530,Biyu,Oil Control Cleanser pH Balanced,NA18211202530,tokopedia.com,https://www.tokopedia.com/high-mall/biyu-cleanser-2pcs-pure-gentle-cleanser-oil-control-cleanser-sabun-cuci-muka-anti-bruntusan-1731151642404619381,BIYU Cleanser 2pcs (Pure Gentle Cleanser/Oil Control ...,,marketplace_listing_candidate,,0,False
BIYU_OIL_CONTROL_CLEANSER_PH_BALANCED_NA18211202530,Biyu,Oil Control Cleanser pH Balanced,NA18211202530,tokopedia.com,https://www.tokopedia.com/light-linen-home-living--minimalist-furnishings-sh/biyu-oil-control-cleanser-acne-gel-facial-wash-sabun-cuci-muka-jerawat-low-ph-anti-acne-1735322879284250554-1735322879284316090,Promo BIYU Oil Control Cleanser Acne Gel Facial Wash ...,,marketplace_listing_candidate,,0,False
BIYU_OIL_CONTROL_CLEANSER_PH_BALANCED_NA18211202530,Biyu,Oil Control Cleanser pH Balanced,NA18211202530,tokopedia.com,https://www.tokopedia.com/biyuskin/biyu-oil-control-cleanser-acne-gel-facial-wash-sabun-cuci-muka-jerawat-low-ph-anti-acne-1729383571050760003-1736867353409783619,Acne Gel Facial Wash | Sabun Cuci Muka Jerawat | Low pH,,marketplace_listing_candidate,,0,False
BEAUTY_OF_JOSEON_GREEN_PLUM_REFRESHING_TONER_AHA_BHA_NA26241200303,Beauty of Joseon,Green Plum Refreshing Toner: AHA + BHA,NA26241200303,shopee.sg,https://shopee.sg/Beauty-Of-Joseon-Green-Plum-Refreshing-Toner-AHA-BHA-(150ml)-i.1111230332.20086293691,Beauty Of Joseon Green Plum Refreshing Toner,,marketplace_listing_candidate,,0,False
BEAUTY_OF_JOSEON_GREEN_PLUM_REFRESHING_TONER_AHA_BHA_NA26241200303,Beauty of Joseon,Green Plum Refreshing Toner: AHA + BHA,NA26241200303,shopee.ph,https://shopee.ph/BEAUTY-OF-JOSEON-Green-Plum-Refreshing-Toner-AHA-BHA-(150-ml)-i.1618407601.42769659778?extraParams=%7B%22display_model_id%22%3A296609274039%2C%22model_selection_logic%22%3A3%7D,BEAUTY OF JOSEON Green Plum Refreshing Toner,,marketplace_listing_candidate,,0,False
BEAUTY_OF_JOSEON_GREEN_PLUM_REFRESHING_TONER_AHA_BHA_NA26241200303,Beauty of Joseon,Green Plum Refreshing Toner: AHA + BHA,NA26241200303,tokopedia.com,https://www.tokopedia.com/rich-skincare-store/beauty-of-joseon-ginseng-essence-water-150ml-beauty-of-joseon-green-plum-refreshing-toner-aha-bha-1734729933564642839-1734730361410717207/media/product/0,Beauty of Joseon Ginseng Essence Water 150ml & Green Plum ...,,marketplace_listing_candidate,,0,False
BEAUTY_OF_JOSEON_GREEN_PLUM_REFRESHING_TONER_AHA_BHA_NA26241200303,Beauty of Joseon,Green Plum Refreshing Toner: AHA + BHA,NA26241200303,tokopedia.com,https://www.tokopedia.com/beautyofjoseon/beauty-of-joseon-green-plum-refreshing-toner-aha-bha-150-ml/review,Review Beauty of Joseon Green Plum Refreshing Toner,,marketplace_listing_candidate,,0,False
BEAUTY_OF_JOSEON_GREEN_PLUM_REFRESHING_TONER_AHA_BHA_NA26241200303,Beauty of Joseon,Green Plum Refreshing Toner: AHA + BHA,NA26241200303,tokopedia.com,https://www.tokopedia.com/myeverythings/beauty-of-joseon-green-plum-refreshing-toner-aha-bha-150-ml-preloved-1732422075850458960,Beauty Of Joseon Green Plum Refreshing Toner: AHA + BHA ...,,marketplace_listing_candidate,,0,False
BIYU_PURE_GENTLE_CLEANSER_PH_BALANCED_NA18211202524,Biyu,Pure Gentle Cleanser pH Balanced,NA18211202524,shopee.co.id,https://shopee.co.id/Biyu-Pure-Gentle-Cleanser-pH-Balanced-(15-ml-100-ml)-i.7503182.22507597123,Biyu Pure Gentle Cleanser pH Balanced (15 ml & 100 ml),,marketplace_listing_candidate,,0,False
BIYU_PURE_GENTLE_CLEANSER_PH_BALANCED_NA18211202524,Biyu,Pure Gentle Cleanser pH Balanced,NA18211202524,shopee.co.id,https://shopee.co.id/search?keyword=biyu%20pure%20gentle%20cleanser,Jual biyu pure gentle cleanser Harga Terbaik & Termurah ...,,marketplace_listing_candidate,,0,False
BIYU_PURE_GENTLE_CLEANSER_PH_BALANCED_NA18211202524,Biyu,Pure Gentle Cleanser pH Balanced,NA18211202524,shop-id.tokopedia.com,https://shop-id.tokopedia.com/pdp/biyu-pure-gentle-cleanser-ph-seimbang-sabun-cuci-muka-jerawat-100ml/1729383332771825475,BIYU Gentle Gel Cleanser | Kulit Sensitif | Sabun Cuci Muka,,marketplace_listing_candidate,,0,False
BIYU_PURE_GENTLE_CLEANSER_PH_BALANCED_NA18211202524,Biyu,Pure Gentle Cleanser pH Balanced,NA18211202524,tokopedia.com,https://www.tokopedia.com/mondebaby/biyu-pure-gentle-cleanser-sabun-cuci-muka-kulit-normal-100ml-a5d45,Jual Biyu Pure Gentle Cleanser/ Sabun Cuci Muka Kulit Normal,,marketplace_listing_candidate,,0,False
BIYU_PURE_GENTLE_CLEANSER_PH_BALANCED_NA18211202524,Biyu,Pure Gentle Cleanser pH Balanced,NA18211202524,tokopedia.com,https://www.tokopedia.com/high-mall/biyu-cleanser-2pcs-pure-gentle-cleanser-oil-control-cleanser-sabun-cuci-muka-anti-bruntusan-1731151642404619381,BIYU Cleanser 2pcs (Pure Gentle Cleanser/Oil Control Cleanser),,marketplace_listing_candidate,,0,False
BIYU_PURE_GENTLE_CLEANSER_PH_BALANCED_NA18211202524,Biyu,Pure Gentle Cleanser pH Balanced,NA18211202524,tokopedia.com,https://www.tokopedia.com/biyuskin/biyu-gentle-gel-cleanser-2pcs-acne-gel-facial-wash-sabun-cuci-muka-jerawat-low-ph-anti-acne-1731359421771253571,BIYU Gentle Gel Cleanser 2pcs | Acne Gel Facial Wash,,marketplace_listing_candidate,,0,False
BIYU_PURE_GENTLE_CLEANSER_PH_BALANCED_NA18211202524,Biyu,Pure Gentle Cleanser pH Balanced,NA18211202524,shop-id.tokopedia.com,https://shop-id.tokopedia.com/pdp/biyu-mini-cleanser-15ml-sabun-cuci-muka-ph-seimbang-kontrol-minyak-dan-jerawat/1731073991634945859?source=anchor,[KHUSUS LIVE] BIYU Mini Cleanser - 15ml - Shop | Tokopedia,,marketplace_listing_candidate,,0,False
GEMISTRY_2IN1_DOUBLE_CLEANSER_MICELLAR_GEL_FACE_WASH_NA18241210632,Gemistry,2in1 Double Cleanser Micellar Gel + Face Wash,NA18241210632,shopee.co.id,https://shopee.co.id/Gemistry-2in1-Double-Cleanser-Micellar-Gel-Face-Wash-Size-175ml-i.224957239.40600119816,Gemistry 2in1 Double Cleanser Micellar Gel + Face Wash ...,,marketplace_listing_candidate,,0,False
GEMISTRY_2IN1_DOUBLE_CLEANSER_MICELLAR_GEL_FACE_WASH_NA18241210632,Gemistry,2in1 Double Cleanser Micellar Gel + Face Wash,NA18241210632,shop-id.tokopedia.com,https://shop-id.tokopedia.com/pdp/gemistry-2in1-double-cleanser-micellar-gel-face-wash/1734246061109183717,Gemistry 2in1 Double Cleanser Micellar Gel + Face Wash,,marketplace_listing_candidate,,0,False
GEMISTRY_2IN1_DOUBLE_CLEANSER_MICELLAR_GEL_FACE_WASH_NA18241210632,Gemistry,2in1 Double Cleanser Micellar Gel + Face Wash,NA18241210632,tokopedia.com,https://www.tokopedia.com/australian-goods/gemistry-2in1-double-cleanser-micellar-gel-face-wash-30ml-sample-trial-mini-size-1734886166127347005,Gemistry 2in1 Double Cleanser Micellar Gel + Face Wash ...,,marketplace_listing_candidate,,0,False
GEMISTRY_2IN1_DOUBLE_CLEANSER_MICELLAR_GEL_FACE_WASH_NA18241210632,Gemistry,2in1 Double Cleanser Micellar Gel + Face Wash,NA18241210632,tokopedia.com,https://www.tokopedia.com/banber-toko/gemistry-2in1-double-cleanser-micellar-gel-face-wash-175-ml-1734497940970637192,Gemistry 2in1 Double Cleanser Micellar Gel + Face Wash ...,,marketplace_listing_candidate,,0,False
GEMISTRY_2IN1_DOUBLE_CLEANSER_MICELLAR_GEL_FACE_WASH_NA18241210632,Gemistry,2in1 Double Cleanser Micellar Gel + Face Wash,NA18241210632,shop-id.tokopedia.com,https://shop-id.tokopedia.com/pdp/1734246087684687077,Gemistry Bundle 2in1 Double Cleanser Micellar Gel + Face ...,,marketplace_listing_candidate,,0,False
GEMISTRY_2IN1_DOUBLE_CLEANSER_MICELLAR_GEL_FACE_WASH_NA18241210632,Gemistry,2in1 Double Cleanser Micellar Gel + Face Wash,NA18241210632,tokopedia.com,https://www.tokopedia.com/mziishop/gemistry-2-in-1-double-cleanser-micellar-gel-face-wash-30-ml-ukuran-perjalanan-untuk-kulit-sensitif-1735132463920678183,Gemistry 2 in 1 Double Cleanser Micellar Gel Face Wash ...,,marketplace_listing_candidate,,0,False
SUNGBOON_EDITOR_SUNGBOON_EDITOR_GREEN_TOMATO_DEEP_PORE_CLEAN_ENZYME_POWDER_WASH_NA26251200751,Sungboon Editor,Sungboon Editor Green Tomato Deep Pore Clean Enzyme Powder Wash,NA26251200751,shopee.com.my,https://shopee.com.my/SUNGBOON-Editor-Green-Tomato-Deep-Pore-Clean-Enzyme-Powder-Wash-50g-i.981058810.22787367288,SUNGBOON Editor Green Tomato Deep Pore Clean ...,,marketplace_listing_candidate,,0,False
SUNGBOON_EDITOR_SUNGBOON_EDITOR_GREEN_TOMATO_DEEP_PORE_CLEAN_ENZYME_POWDER_WASH_NA26251200751,Sungboon Editor,Sungboon Editor Green Tomato Deep Pore Clean Enzyme Powder Wash,NA26251200751,tokopedia.com,https://www.tokopedia.com/sungboon-editor-indonesia/sungboon-editor-green-tomato-deep-pore-clean-enzyme-powder-wash-enzyme-powder-cleanser-untuk-membersihkan-pori-1735974926235436191,Sungboon Editor Green Tomato Deep Pore Clean Enzyme ...,,marketplace_listing_candidate,,0,False
DEAR_KLAIRS_FRESHLY_JUICED_VITAMIN_MASK_CLEANSER_NA26251200595,Dear Klairs,Freshly Juiced Vitamin Mask Cleanser,NA26251200595,shopee.ph,https://shopee.ph/-Klairs-Freshly-Juiced-Vitamin-Mask-Cleanser-150-mL-i.332749547.29534401402,[Klairs] Freshly Juiced Vitamin Mask Cleanser 150 mL,,marketplace_listing_candidate,,0,False
DEAR_KLAIRS_FRESHLY_JUICED_VITAMIN_MASK_CLEANSER_NA26251200595,Dear Klairs,Freshly Juiced Vitamin Mask Cleanser,NA26251200595,shopee.co.id,https://shopee.co.id/Dear-Klairs-Freshly-Juiced-Vitamin-Mask-Cleanser-i.63803418.42858670188,Shopee Indonesia | Situs Belanja Online Terlengkap & ...,,marketplace_listing_candidate,,0,False
DEAR_KLAIRS_FRESHLY_JUICED_VITAMIN_MASK_CLEANSER_NA26251200595,Dear Klairs,Freshly Juiced Vitamin Mask Cleanser,NA26251200595,tokopedia.com,https://www.tokopedia.com/find/klairs-freshly?utm_source=google&utm_medium=organic&utm_campaign=find,Jual Klairs Freshly Juli 2026 Harga Termurah,,marketplace_listing_candidate,,0,False
DEAR_KLAIRS_FRESHLY_JUICED_VITAMIN_MASK_CLEANSER_NA26251200595,Dear Klairs,Freshly Juiced Vitamin Mask Cleanser,NA26251200595,tokopedia.com,https://www.tokopedia.com/find/klairs-mask,Jual Klairs Mask Murah & Lengkap - Harga Juli 2026,,marketplace_listing_candidate,,0,False
DEAR_KLAIRS_FRESHLY_JUICED_VITAMIN_MASK_CLEANSER_NA26251200595,Dear Klairs,Freshly Juiced Vitamin Mask Cleanser,NA26251200595,shop-id.tokopedia.com,https://shop-id.tokopedia.com/pdp/dear-klairs-freshly-juiced-vitamin-mask-cleanser-pembersih-wajah-masker-2-dalam-1-cerahkan-detoksifi/1732198710220195719?source=anchor,Dear Klairs Freshly Juiced Vitamin Mask Cleanser - TikTok Shop,,marketplace_listing_candidate,,0,False
KLAVUU_KLAVUU_PHYTONCIDE_MILD_CLEANSING_FOAM_NA26251200384,Klavuu,Klavuu Phytoncide Mild Cleansing Foam,NA26251200384,shopee.co.id,https://shopee.co.id/-NEW-UKURAN-KECIL-KLAVUU-Phytoncide-Mild-Cleansing-Foam-20ml-i.32158826.53904593933,Jual [NEW] [UKURAN KECIL] KLAVUU Phytoncide Mild ...,,marketplace_listing_candidate,,0,False
KLAVUU_KLAVUU_PHYTONCIDE_MILD_CLEANSING_FOAM_NA26251200384,Klavuu,Klavuu Phytoncide Mild Cleansing Foam,NA26251200384,shopee.co.id,https://shopee.co.id/Klavuu-Phytoncide-Mild-Cleansing-Foam-150-ml-i.35362707.23652970578,Jual Klavuu Phytoncide Mild Cleansing Foam 150 ml,,marketplace_listing_candidate,,0,False
KLAVUU_KLAVUU_PHYTONCIDE_MILD_CLEANSING_FOAM_NA26251200384,Klavuu,Klavuu Phytoncide Mild Cleansing Foam,NA26251200384,shopee.co.id,https://shopee.co.id/%EF%BF%BCEXP-2025-KLAVUU-Phytoncide-Mild-Cleansing-Foam-150ml-Facial-Foam-Klavuu-Pembersih-Wajah-Klavuu-i.299502946.16670607959,Shopee Indonesia | Situs Belanja Online Terlengkap & ...,,marketplace_listing_candidate,,0,False
KLAVUU_KLAVUU_PHYTONCIDE_MILD_CLEANSING_FOAM_NA26251200384,Klavuu,Klavuu Phytoncide Mild Cleansing Foam,NA26251200384,shopee.co.id,https://shopee.co.id/BPOM-Klavuu-Phytoncide-Mild-Cleansing-Foam-20ml-Pembersih-Wajah-Travel-Size-i.55065740.44282491009,Jual BPOM Klavuu Phytoncide Mild Cleansing Foam 20ml,,marketplace_listing_candidate,,0,False
KLAVUU_KLAVUU_PHYTONCIDE_MILD_CLEANSING_FOAM_NA26251200384,Klavuu,Klavuu Phytoncide Mild Cleansing Foam,NA26251200384,shopee.co.id,https://shopee.co.id/-READY-STOCK-Klavuu-Mild-Cleanser-EXP-2028-Vegan-Phytoncide-Mild-Cleansing-Foam-150ml-i.31915813.22450323598,Jual [ READY STOCK ] Klavuu Mild Cleanser [ EXP 2028 ] ...,,marketplace_listing_candidate,,0,False
KLAVUU_KLAVUU_PHYTONCIDE_MILD_CLEANSING_FOAM_NA26251200384,Klavuu,Klavuu Phytoncide Mild Cleansing Foam,NA26251200384,shopee.co.id,https://shopee.co.id/KLAVUU-Phytoncide-Mild-Cleansing-Foam-150ml-i.1340989012.24936811879,Jual KLAVUU Phytoncide Mild Cleansing Foam 150ml,,marketplace_listing_candidate,,0,False
KLAVUU_KLAVUU_PHYTONCIDE_MILD_CLEANSING_FOAM_NA26251200384,Klavuu,Klavuu Phytoncide Mild Cleansing Foam,NA26251200384,tokopedia.com,https://www.tokopedia.com/yujabeauty/klavuu-phytoncide-mild-cleansing-foam-150ml-original-cleanser,Jual KLAVUU Phytoncide Mild Cleansing Foam (150ml) ...,,marketplace_listing_candidate,,0,False
KLAVUU_KLAVUU_PHYTONCIDE_MILD_CLEANSING_FOAM_NA26251200384,Klavuu,Klavuu Phytoncide Mild Cleansing Foam,NA26251200384,tokopedia.com,https://www.tokopedia.com/find/klavuu-cleansing-foam?utm_source=google&utm_medium=organic&utm_campaign=find,Jual Klavuu Cleansing Foam Murah & Terbaik,,marketplace_listing_candidate,,0,False
SUNGBOON_EDITOR_SUNGBOON_EDITOR_GREEN_TOMATO_PORE_LIFTING_AMPOULE_MASK_NA26250200355,Sungboon Editor,Sungboon Editor Green Tomato Pore Lifting Ampoule Mask,NA26250200355,shopee.com.my,https://shopee.com.my/Sungboon-Editor-Green-Tomato-Pore-Lifting-Ampoule-Mask-10-sheets-i.1469541197.43021061127,Sungboon Editor Green Tomato Pore Lifting Ampoule ...,,marketplace_listing_candidate,,0,False
SUNGBOON_EDITOR_SUNGBOON_EDITOR_GREEN_TOMATO_PORE_LIFTING_AMPOULE_MASK_NA26250200355,Sungboon Editor,Sungboon Editor Green Tomato Pore Lifting Ampoule Mask,NA26250200355,shopee.sg,https://shopee.sg/sungbooneditor.sg,"SUNGBOON EDITOR Official Store, Online Shop",,marketplace_listing_candidate,,0,False
SUNGBOON_EDITOR_SUNGBOON_EDITOR_GREEN_TOMATO_PORE_LIFTING_AMPOULE_MASK_NA26250200355,Sungboon Editor,Sungboon Editor Green Tomato Pore Lifting Ampoule Mask,NA26250200355,tokopedia.com,https://www.tokopedia.com/find/sungboon-editor?utm_source=google&utm_medium=organic&utm_campaign=find,Jual Sungboon Editor Agustus 2026 Harga Termurah,,marketplace_listing_candidate,,0,False
BIO_BEAUTY_LAB_CAPSIBRIGHT_ELIXIR_BUBBLING_MASK_CLEANSER_NA18241210658,Bio Beauty Lab,Capsibright Elixir Bubbling Mask Cleanser,NA18241210658,shopee.co.id,https://shopee.co.id/-NEW-Bio-Beauty-Lab-Capsibright-Elixir-Bubbling-Mask-Cleanser-Deep-Clean-Premium-Masker-Busa-Wajah-Cerah-Anti-Aging-Meredakan-kemerahan-Calming-Redness-untuk-kulit-kusam-i.127156054.40759408735,[ NEW ] Bio Beauty Lab Capsibright Elixir Bubbling Mask ...,,marketplace_listing_candidate,,0,False
BIO_BEAUTY_LAB_CAPSIBRIGHT_ELIXIR_BUBBLING_MASK_CLEANSER_NA18241210658,Bio Beauty Lab,Capsibright Elixir Bubbling Mask Cleanser,NA18241210658,tokopedia.com,https://www.tokopedia.com/biobeautylab/new-bio-beauty-lab-capsibright-elixir-bubbling-mask-cleanser-deep-clean-premium-masker-busa-wajah-cerah-anti-aging-meredakan-kemerahan-calming-redness-untuk-kulit-kusam-1732134252314133830,[ NEW ] Bio Beauty Lab Capsibright Elixir Bubbling Mask ...,,marketplace_listing_candidate,,0,False
BIO_BEAUTY_LAB_CAPSIBRIGHT_ELIXIR_BUBBLING_MASK_CLEANSER_NA18241210658,Bio Beauty Lab,Capsibright Elixir Bubbling Mask Cleanser,NA18241210658,sv.shopee.com.my,https://sv.shopee.com.my/web/@biobeautylab.my/video/mET6gZOECQBYqJcQAAAAAA==,[ NEW ] Bio Beauty Lab Capsibright Elixir Radiance ...,,marketplace_listing_candidate,,0,False
BIO_BEAUTY_LAB_CAPSIBRIGHT_ELIXIR_BUBBLING_MASK_CLEANSER_NA18241210658,Bio Beauty Lab,Capsibright Elixir Bubbling Mask Cleanser,NA18241210658,shopee.co.id,https://shopee.co.id/Bio-Beauty-Lab-Hydrate-Glow-Duo-Capsibright-Elixir-Bubbling-Mask-Cleanser-Luxurious-Soft-moisturizer-Deep-Clean-Premium-Masker-Busa-Wajah-Cerah-Anti-Aging-Meredakan-kemerahan-Calming-Redness-untuk-kulit-kusam-i.127156054.40264316718,Shopee Indonesia | Situs Belanja Online Terlengkap & ...,,marketplace_listing_candidate,,0,False
BIO_BEAUTY_LAB_CAPSIBRIGHT_ELIXIR_BUBBLING_MASK_CLEANSER_NA18241210658,Bio Beauty Lab,Capsibright Elixir Bubbling Mask Cleanser,NA18241210658,tokopedia.com,https://www.tokopedia.com/pelitaorganik33/bio-beauty-lab-capsibright-elixir-bubbling-mask-cleanser-deep-clean-premium-masker-busa-wajah-cerah-anti-aging-meredakan-kemerahan-calming-redness-untuk-kulit-kusam-1732611794221237729,Jual Bio Beauty Lab Capsibright Elixir Bubbling Mask Cleanser,,marketplace_listing_candidate,,0,False
BIO_BEAUTY_LAB_CAPSIBRIGHT_ELIXIR_BUBBLING_MASK_CLEANSER_NA18241210658,Bio Beauty Lab,Capsibright Elixir Bubbling Mask Cleanser,NA18241210658,tokopedia.com,https://www.tokopedia.com/biobeautylab/bio-beauty-lab-glow-recovery-kit-capsibright-elixir-bubbling-mask-cleanser-bright-collagen-invisible-mask-1732313013633844550,Capsibright Elixir Bubbling Mask Cleanser & Bright Collagen ...,,marketplace_listing_candidate,,0,False
BIO_BEAUTY_LAB_CAPSIBRIGHT_ELIXIR_BUBBLING_MASK_CLEANSER_NA18241210658,Bio Beauty Lab,Capsibright Elixir Bubbling Mask Cleanser,NA18241210658,tokopedia.com,https://www.tokopedia.com/find/capsibright?utm_source=google&utm_medium=organic&utm_campaign=find,Jual Capsibright Murah & Terbaik - Harga Terbaru Juli 2026,,marketplace_listing_candidate,,0,False
BIO_BEAUTY_LAB_CAPSIBRIGHT_ELIXIR_BUBBLING_MASK_CLEANSER_NA18241210658,Bio Beauty Lab,Capsibright Elixir Bubbling Mask Cleanser,NA18241210658,tokopedia.com,https://www.tokopedia.com/find/bio-beauty-lab-cleanser?utm_source=google&utm_medium=organic&utm_campaign=find,Jual Bio Beauty Lab Cleanser Murah & Lengkap,,marketplace_listing_candidate,,0,False
KAHF_BRIGHT_REVITALIZING_AMINO_GEL_FACE_WASH_NA18251202219,Kahf,Bright Revitalizing Amino Gel Face Wash,NA18251202219,shopee.co.id,https://shopee.co.id/Kahf-Bright-Revitalizing-Amino-Gel-Face-Wash-100-ml-Man-Corner-i.1346292336.25045696768,Jual Kahf Bright Revitalizing Amino Gel Face Wash 100 ml,,marketplace_listing_candidate,,0,False
KAHF_BRIGHT_REVITALIZING_AMINO_GEL_FACE_WASH_NA18251202219,Kahf,Bright Revitalizing Amino Gel Face Wash,NA18251202219,shop-id.tokopedia.com,https://shop-id.tokopedia.com/pdp/kahf-bright-revitalizing-amino-gel-face-wash-100ml-kulit-cerah-segar/1732543030428534421,KAHF Bright Revitalizing Amino Gel Face Wash 100 ml - Shop,,marketplace_listing_candidate,,0,False
KAHF_BRIGHT_REVITALIZING_AMINO_GEL_FACE_WASH_NA18251202219,Kahf,Bright Revitalizing Amino Gel Face Wash,NA18251202219,tokopedia.com,https://www.tokopedia.com/pesonaayu/kahf-amino-gel-face-wash-acne-care-bright-revitalizing-100ml-1731812114282678130?utm_source=google&utm_medium=organic&utm_campaign=pdp,KAHF Amino Gel Face Wash Acne Care | Bright Revitalizing ...,,marketplace_listing_candidate,,0,False
KAHF_BRIGHT_REVITALIZING_AMINO_GEL_FACE_WASH_NA18251202219,Kahf,Bright Revitalizing Amino Gel Face Wash,NA18251202219,sv.shopee.co.id,https://sv.shopee.co.id/web/@khafidmubarok845/video/YIMTqqKyCQBe835FAAAAAA==,Kahf Bright Revitalizing Amino Gel Face Wash 100 ml,,marketplace_listing_candidate,,0,False
KAHF_BRIGHT_REVITALIZING_AMINO_GEL_FACE_WASH_NA18251202219,Kahf,Bright Revitalizing Amino Gel Face Wash,NA18251202219,tokopedia.com,https://www.tokopedia.com/find/kahf-face-wash-amino-gel?utm_source=google&utm_medium=organic&utm_campaign=find,Jual Kahf Face Wash Amino Gel Murah & Terbaik,,marketplace_listing_candidate,,0,False
KAHF_BRIGHT_REVITALIZING_AMINO_GEL_FACE_WASH_NA18251202219,Kahf,Bright Revitalizing Amino Gel Face Wash,NA18251202219,tokopedia.com,https://www.tokopedia.com/find/kahf-bright-revitalizing?utm_source=google&utm_medium=organic&utm_campaign=find,Jual Kahf Bright Revitalizing Murah & Terbaik,,marketplace_listing_candidate,,0,False
KAHF_BRIGHT_REVITALIZING_AMINO_GEL_FACE_WASH_NA18251202219,Kahf,Bright Revitalizing Amino Gel Face Wash,NA18251202219,tokopedia.com,https://www.tokopedia.com/find/face-wash-kahf-amino-gel?utm_source=google&utm_medium=organic&utm_campaign=find,Jual Face Wash Kahf Amino Gel Murah & Terbaik,,marketplace_listing_candidate,,0,False
KAHF_BRIGHT_REVITALIZING_AMINO_GEL_FACE_WASH_NA18251202219,Kahf,Bright Revitalizing Amino Gel Face Wash,NA18251202219,tokopedia.com,https://www.tokopedia.com/rosekosmetik/kahf-face-wash-sabun-wajah-1732286387120277077?utm_source=google&utm_medium=organic&utm_campaign=pdp,Jual Kahf Face Wash - Sabun Wajah - Bright Revitalizing ...,,marketplace_listing_candidate,,0,False
KAHF_BRIGHT_REVITALIZING_AMINO_GEL_FACE_WASH_NA18251202219,Kahf,Bright Revitalizing Amino Gel Face Wash,NA18251202219,tokopedia.com,https://www.tokopedia.com/groomens-812/kahf-bright-revitalizing-amino-gel-face-wash-100-ml-twin-pack-2-pcs-1735297081748063386,Jual Kahf Bright Revitalizing Amino Gel Face Wash 100 ml,,marketplace_listing_candidate,,0,False
KAHF_BRIGHT_REVITALIZING_AMINO_GEL_FACE_WASH_NA18251202219,Kahf,Bright Revitalizing Amino Gel Face Wash,NA18251202219,tokopedia.com,https://www.tokopedia.com/find/kahf-facial-wash?utm_source=google&utm_medium=organic&utm_campaign=find,Jual Kahf Facial Wash Murah - Harga Terbaru 2026,,marketplace_listing_candidate,,0,False
LANBENA_RETINOL_REJUVENATING_CLEANSER_NA11251201509,LANBENA,Retinol Rejuvenating Cleanser,NA11251201509,shopee.com.my,https://shopee.com.my/LANBENA-Retinol-Rejuvenating-Cleanser-100g-Anti-Aging-Brightening-Moisturizing-Deep-Cleansing-Facial-Cleanser-i.573439184.40861615751,LANBENA Retinol Rejuvenating Cleanser 100g Anti Aging ...,,marketplace_listing_candidate,,0,False
LANBENA_RETINOL_REJUVENATING_CLEANSER_NA11251201509,LANBENA,Retinol Rejuvenating Cleanser,NA11251201509,tokopedia.com,https://www.tokopedia.com/lanbenaid/hot-bpom-lanbena-retinol-cleanser-with-amino-acids-hyaluronic-acid-gentle-clean-brighten-low-ph-gentle-clean-anti-aging-double-layer-encapsulation-100g-1731946897348396831,[HOT][BPOM] LANBENA Retinol Cleanser with Amino ...,,marketplace_listing_candidate,,0,False
LANBENA_RETINOL_REJUVENATING_CLEANSER_NA11251201509,LANBENA,Retinol Rejuvenating Cleanser,NA11251201509,shopee.ph,https://shopee.ph/list/lanbena/retinol,Shop lanbena retinol for Sale on Shopee Philippines,,marketplace_listing_candidate,,0,False
LANBENA_RETINOL_REJUVENATING_CLEANSER_NA11251201509,LANBENA,Retinol Rejuvenating Cleanser,NA11251201509,sv.shopee.com.my,https://sv.shopee.com.my/web/@risanc/video/6MOsTqMOCABxi6EAAAAAAA==,LANBENA Retinol Rejuvenating Cleanser 100g Anti Aging ...,,marketplace_listing_candidate,,0,False
LANBENA_RETINOL_REJUVENATING_CLEANSER_NA11251201509,LANBENA,Retinol Rejuvenating Cleanser,NA11251201509,tokopedia.com,https://www.tokopedia.com/watsons-indonesia-official-store/lanbena-retinol-rejuvenating-cleanser-100g-1736527574592292121,Jual Lanbena Retinol Rejuvenating Cleanser 100g,,marketplace_listing_candidate,,0,False
LANBENA_RETINOL_REJUVENATING_CLEANSER_NA11251201509,LANBENA,Retinol Rejuvenating Cleanser,NA11251201509,tokopedia.com,https://www.tokopedia.com/find/lanbena-retinol?utm_source=google&utm_medium=organic&utm_campaign=find,Jual Lanbena Retinol Murah & Terbaik,,marketplace_listing_candidate,,0,False
LANBENA_RETINOL_REJUVENATING_CLEANSER_NA11251201509,LANBENA,Retinol Rejuvenating Cleanser,NA11251201509,shopee.co.id,https://shopee.co.id/LANBENA-Retinol-Rejuvenating-Cleanser-i.68111.43812821729,Jual LANBENA Retinol Rejuvenating Cleanser,,marketplace_listing_candidate,,0,False
LANBENA_RETINOL_REJUVENATING_CLEANSER_NA11251201509,LANBENA,Retinol Rejuvenating Cleanser,NA11251201509,tokopedia.com,https://www.tokopedia.com/watsons-indonesia-official-store/lanbena-retinol-rejuvenating-serum-30ml-1736522834286183705,Jual Lanbena Retinol Rejuvenating Serum 30ml,,marketplace_listing_candidate,,0,False
LANBENA_RETINOL_REJUVENATING_CLEANSER_NA11251201509,LANBENA,Retinol Rejuvenating Cleanser,NA11251201509,tokopedia.com,https://www.tokopedia.com/lanbenaid/official-bpom-lanbena-skincare-retinol-mengurangi-kerutan-memperbaiki-skin-barrier-skin-care-kits-set-perawatan-kulit-cocok-untuk-semua-jenis-kulit-pembersih-krim-mata-esens-masker-mata-retinol-krim-wajah-retinol-peralatan-perawatan-kulit-1732082799086634783,Promo [OFFICIAL][BPOM] LANBENA Skincare Retinol ...,,marketplace_listing_candidate,,0,False
KAHF_ACNE_RELIEF_AMINO_GEL_FACE_WASH_NA18251202492,Kahf,Acne Relief Amino Gel Face Wash,NA18251202492,shopee.co.id,https://shopee.co.id/Kahf-Acne-Relief-Amino-Gel-Face-Wash-100Ml-i.510901977.41323674384,Jual Kahf Acne Relief Amino Gel Face Wash 100Ml,,marketplace_listing_candidate,,0,False
KAHF_ACNE_RELIEF_AMINO_GEL_FACE_WASH_NA18251202492,Kahf,Acne Relief Amino Gel Face Wash,NA18251202492,shop-id.tokopedia.com,https://shop-id.tokopedia.com/pdp/kahf-acne-relief-amino-gel-face-wash-100ml-hadiah-eksklusif/1732081522253792504,[Gift Not For Sale] Kahf Acne Relief Amino Gel Face Wash 100 ...,,marketplace_listing_candidate,,0,False
KAHF_ACNE_RELIEF_AMINO_GEL_FACE_WASH_NA18251202492,Kahf,Acne Relief Amino Gel Face Wash,NA18251202492,tokopedia.com,https://www.tokopedia.com/pesonaayu/kahf-amino-gel-face-wash-acne-care-bright-revitalizing-100ml-1731812114282678130?utm_source=google&utm_medium=organic&utm_campaign=pdp,KAHF Amino Gel Face Wash Acne Care | Bright Revitalizing ...,,marketplace_listing_candidate,,0,False
KAHF_ACNE_RELIEF_AMINO_GEL_FACE_WASH_NA18251202492,Kahf,Acne Relief Amino Gel Face Wash,NA18251202492,shopee.co.id,https://shopee.co.id/search?keyword=kahf%20oil%20and%20acne%20care%20face%20wash,Jual kahf oil and acne care face wash Harga Terbaik & ...,,marketplace_listing_candidate,,0,False
KAHF_ACNE_RELIEF_AMINO_GEL_FACE_WASH_NA18251202492,Kahf,Acne Relief Amino Gel Face Wash,NA18251202492,tokopedia.com,https://www.tokopedia.com/cosmemurah/kahf-face-wash-amino-gel-100ml-sabun-cuci-muka-pria-kulit-sensitif-1731750444143313939?utm_source=google&utm_medium=organic&utm_campaign=pdp,Promo KAHF Face Wash Amino Gel 100ml 50ml | Sabun Cuci ...,,marketplace_listing_candidate,,0,False
KAHF_ACNE_RELIEF_AMINO_GEL_FACE_WASH_NA18251202492,Kahf,Acne Relief Amino Gel Face Wash,NA18251202492,tokopedia.com,https://www.tokopedia.com/find/kahf-acne-amino?utm_source=google&utm_medium=organic&utm_campaign=find,Jual Kahf Acne Amino Murah & Terbaik,,marketplace_listing_candidate,,0,False
KAHF_ACNE_RELIEF_AMINO_GEL_FACE_WASH_NA18251202492,Kahf,Acne Relief Amino Gel Face Wash,NA18251202492,tokopedia.com,https://www.tokopedia.com/find/kahf-face-wash-low-ph?utm_source=google&utm_medium=organic&utm_campaign=find,Jual Kahf Face Wash Low Ph Murah & Terbaik,,marketplace_listing_candidate,,0,False
KAHF_ACNE_RELIEF_AMINO_GEL_FACE_WASH_NA18251202492,Kahf,Acne Relief Amino Gel Face Wash,NA18251202492,tokopedia.com,https://www.tokopedia.com/find/face-wash-kahf-amino-gel?utm_source=google&utm_medium=organic&utm_campaign=find,Jual Face Wash Kahf Amino Gel Murah & Terbaik,,marketplace_listing_candidate,,0,False
KAHF_ACNE_RELIEF_AMINO_GEL_FACE_WASH_NA18251202492,Kahf,Acne Relief Amino Gel Face Wash,NA18251202492,tokopedia.com,https://www.tokopedia.com/find/acne-gel-kahf?utm_source=google&utm_medium=organic&utm_campaign=find,Jual Acne Gel Kahf Murah & Terbaik,,marketplace_listing_candidate,,0,False
ROUND_LAB_1025_DOKDO_CLEANSER_NA26231200764,Round Lab,1025 Dokdo Cleanser,NA26231200764,shopee.com.br,https://shopee.com.br/round-lab-1025-dokdo-cleanser-150ml-i.457864097.12072180858,round lab 1025 dokdo cleanser 150ml,,marketplace_listing_candidate,,0,False
ROUND_LAB_1025_DOKDO_CLEANSER_NA26231200764,Round Lab,1025 Dokdo Cleanser,NA26231200764,shopee.com.my,https://shopee.com.my/-Shopee-Exclusive-ROUND-LAB-Official-1025-Dokdo-Cleanser-150ml-Cleanser-40ml-Gentle-Low-pH-Daily-Cleanser-i.1362434414.49351224972?extraParams,Gentle Low-pH Daily Cleanser,,marketplace_listing_candidate,,0,False
ROUND_LAB_1025_DOKDO_CLEANSER_NA26231200764,Round Lab,1025 Dokdo Cleanser,NA26231200764,shopee.co.id,https://shopee.co.id/list/Round%20Lab/Dokdo/Cleanser,Jual Round Lab Dokdo Cleanser Terlengkap & Harga ...,,marketplace_listing_candidate,,0,False
ROUND_LAB_1025_DOKDO_CLEANSER_NA26231200764,Round Lab,1025 Dokdo Cleanser,NA26231200764,tokopedia.com,https://www.tokopedia.com/find/round-lab-1025-cleanser?utm_source,Jual Round Lab 1025 Cleanser Murah & Terbaik,,marketplace_listing_candidate,,0,False
ROUND_LAB_1025_DOKDO_CLEANSER_NA26231200764,Round Lab,1025 Dokdo Cleanser,NA26231200764,shopee.ph,https://shopee.ph/list/round%20lab/dokdo/cleansing%20oil,Shop round lab dokdo cleansing oil for Sale on ...,,marketplace_listing_candidate,,0,False
ROUND_LAB_1025_DOKDO_CLEANSER_NA26231200764,Round Lab,1025 Dokdo Cleanser,NA26231200764,tokopedia.com,https://www.tokopedia.com/find/round-lab-cleanser?utm_source=google&utm_medium=organic&utm_campaign=find,Jual Round Lab Cleanser Murah & Terbaik,,marketplace_listing_candidate,,0,False
ROUND_LAB_1025_DOKDO_CLEANSER_NA26231200764,Round Lab,1025 Dokdo Cleanser,NA26231200764,tokopedia.com,https://www.tokopedia.com/find/round-lab-dokdo-cleanser?utm_source=google&utm_medium=organic&utm_campaign=find,Jual Round Lab Dokdo Cleanser Murah & Terbaik,,marketplace_listing_candidate,,0,False
ROUND_LAB_1025_DOKDO_CLEANSER_NA26231200764,Round Lab,1025 Dokdo Cleanser,NA26231200764,shop-id.tokopedia.com,https://shop-id.tokopedia.com/pdp/round-lab-1025-dokdo-cleanser-150ml-pembersih-lembut-air-laut-dalam-menyegarkan-semua-jenis-kulit/1729684850688887487,ROUND LAB 1025 Dokdo Cleanser 150ml Cleansing Facial ...,,marketplace_listing_candidate,,0,False
ROUND_LAB_1025_DOKDO_CLEANSER_NA26231200764,Round Lab,1025 Dokdo Cleanser,NA26231200764,tokopedia.com,https://www.tokopedia.com/sehatcantikbahagia/round-lab-1025-dokdo-cleanser-150-ml-1735382365142812306,Jual Round Lab 1025 Dokdo Cleanser 150 ml,,marketplace_listing_candidate,,0,False
ROUND_LAB_1025_DOKDO_CLEANSER_NA26231200764,Round Lab,1025 Dokdo Cleanser,NA26231200764,tokopedia.com,https://www.tokopedia.com/find/round-lab-1025-dokdo-cleanser?utm_source=google&utm_medium=organic&utm_campaign=find,Jual Round Lab 1025 Dokdo Cleanser Murah & Terbaik,,marketplace_listing_candidate,,0,False
ROUND_LAB_1025_DOKDO_CLEANSER_NA26231200764,Round Lab,1025 Dokdo Cleanser,NA26231200764,tokopedia.com,https://www.tokopedia.com/pesonamutiarabeauty/round-lab-1025-dokdo-cleanser-150ml-150ml-da43d,Jual Round Lab 1025 Dokdo Cleanser 150ml,,marketplace_listing_candidate,,0,False
SENKA_PERFECT_WHIP_FRESH_NA54231200020,Senka,Perfect Whip Fresh,NA54231200020,shopee.sg,https://shopee.sg/list/senka/perfect%20whip,Buy senka perfect whip At Sale Prices Online - August 2026,,marketplace_listing_candidate,,0,False
SENKA_PERFECT_WHIP_FRESH_NA54231200020,Senka,Perfect Whip Fresh,NA54231200020,shopee.co.id,https://shopee.co.id/Senka-Perfect-Whip-Fresh-i.4944169.2020108483,Jual Senka - Perfect Whip Fresh,,marketplace_listing_candidate,,0,False
SENKA_PERFECT_WHIP_FRESH_NA54231200020,Senka,Perfect Whip Fresh,NA54231200020,shopee.co.th,https://shopee.co.th/%F0%9F%87%AF%F0%9F%87%B5New%F0%9F%87%AF%F0%9F%87%B5(%E0%B9%81%E0%B8%97%E0%B9%89-%E0%B8%AB%E0%B8%B4%E0%B9%89%E0%B8%A7%E0%B8%88%E0%B8%B2%E0%B8%81%E0%B8%8D%E0%B8%B5%E0%B9%88%E0%B8%9B%E0%B8%B8%E0%B9%88%E0%B8%99)-SENKA-Premium-Perfect-Whip-Clear-%E0%B8%AA%E0%B8%B9%E0%B8%95%E0%B8%A3%E0%B9%83%E0%B8%AB%E0%B8%A1%E0%B9%88-%E0%B8%94%E0%B8%B9%E0%B9%81%E0%B8%A5%E0%B8%9C%E0%B8%B4%E0%B8%A7%E0%B9%83%E0%B8%AB%E0%B9%89%E0%B8%81%E0%B8%A3%E0%B8%B0%E0%B8%88%E0%B9%88%E0%B8%B2%E0%B8%87%E0%B9%83%E0%B8%AA%E0%B8%9E%E0%B8%A3%E0%B9%89%E0%B8%AD%E0%B8%A1%E0%B8%9A%E0%B8%B3%E0%B8%A3%E0%B8%B8%E0%B8%87-i.740873352.43801836152,🇯🇵New🇯🇵(แท้/หิ้วจากญี่ปุ่น) SENKA Premium Perfect Whip ...,,marketplace_listing_candidate,,0,False
SENKA_PERFECT_WHIP_FRESH_NA54231200020,Senka,Perfect Whip Fresh,NA54231200020,shopee.co.th,https://shopee.co.th/-%E0%B8%82%E0%B8%AD%E0%B8%87%E0%B9%81%E0%B8%97%E0%B9%89-%E0%B8%89%E0%B8%A5%E0%B8%B2%E0%B8%81%E0%B9%84%E0%B8%97%E0%B8%A2-Senka-Perfect-Whip-Foam-120g-%E0%B9%82%E0%B8%9F%E0%B8%A1-%E0%B8%A5%E0%B9%89%E0%B8%B2%E0%B8%87%E0%B8%AB%E0%B8%99%E0%B9%89%E0%B8%B2-%E0%B9%80%E0%B8%8B%E0%B8%99%E0%B8%81%E0%B8%B0-%E0%B9%80%E0%B8%9E%E0%B8%AD%E0%B8%A3%E0%B9%8C%E0%B9%80%E0%B8%9F%E0%B9%87%E0%B8%84-%E0%B8%A7%E0%B8%B4%E0%B8%9B%E0%B9%82%E0%B8%9F%E0%B8%A1-%E0%B8%A7%E0%B8%B4%E0%B8%9B%E0%B9%82%E0%B8%9F%E0%B8%A1%E0%B9%80%E0%B8%A2%E0%B8%AD%E0%B8%B0-%E0%B8%99%E0%B8%B8%E0%B9%88%E0%B8%A1-%E0%B9%80%E0%B8%A5%E0%B8%B7%E0%B8%AD%E0%B8%81%E0%B8%AA%E0%B8%B9%E0%B8%95%E0%B8%A3-%E0%B8%88%E0%B8%B2%E0%B8%81-%E0%B8%8D%E0%B8%B5%E0%B9%88%E0%B8%9B%E0%B8%B8%E0%B9%88%E0%B8%99-i.858669273.24721950307,[ของแท้ ฉลากไทย] Senka Perfect Whip Foam 120g โฟม ล้างหน้า ...,,marketplace_listing_candidate,,0,False
SENKA_PERFECT_WHIP_FRESH_NA54231200020,Senka,Perfect Whip Fresh,NA54231200020,tokopedia.com,https://www.tokopedia.com/find/senka-perfect-whip?utm_source=google&utm_medium=organic&utm_campaign=find,Jual Senka Perfect Whip Murah & Lengkap,,marketplace_listing_candidate,,0,False
SENKA_PERFECT_WHIP_FRESH_NA54231200020,Senka,Perfect Whip Fresh,NA54231200020,tokopedia.com,https://www.tokopedia.com/lolibi/senka-perfect-whip-fresh-facial-foam-pembersih-wajah-100gr?utm_source=google&utm_medium=organic&utm_campaign=pdp,Promo Senka Perfect Whip Fresh Facial Foam Pembersih ...,,marketplace_listing_candidate,,0,False
SENKA_PERFECT_WHIP_FRESH_NA54231200020,Senka,Perfect Whip Fresh,NA54231200020,tokopedia.com,https://www.tokopedia.com/find/senka-fresh,Jual Senka Fresh Murah & Lengkap - Harga Agustus 2026,,marketplace_listing_candidate,,0,False
SENKA_PERFECT_WHIP_FRESH_NA54231200020,Senka,Perfect Whip Fresh,NA54231200020,tokopedia.com,https://www.tokopedia.com/kamiunited/senka-perfect-whip-fresh-100-gram-100-original?utm_source=google&utm_medium=organic&utm_campaign=pdp,Senka Perfect Whip Fresh 100 gram - 100% Original,,marketplace_listing_candidate,,0,False
SENKA_PERFECT_WHIP_FRESH_NA54231200020,Senka,Perfect Whip Fresh,NA54231200020,tokopedia.com,https://www.tokopedia.com/find/senka-perfect-whip-berry-bright?utm_source=google&utm_medium=organic&utm_campaign=find,Jual Senka Perfect Whip Berry Bright Murah & Lengkap,,marketplace_listing_candidate,,0,False
SENKA_PERFECT_WHIP_FRESH_NA54231200020,Senka,Perfect Whip Fresh,NA54231200020,tokopedia.com,https://www.tokopedia.com/solusicenter/senka-perfect-whip-fresh-100gr,Senka Perfect Whip Fresh 100gr di Solusi Center 2,,marketplace_listing_candidate,,0,False
SENKA_PERFECT_WHIP_FRESH_NA54231200020,Senka,Perfect Whip Fresh,NA54231200020,tokopedia.com,https://www.tokopedia.com/find/shiseido-senka?utm_source=google&utm_medium=organic&utm_campaign=find,Jual Shiseido Senka Murah & Lengkap - Harga Agustus ...,,marketplace_listing_candidate,,0,False
SENKA_PERFECT_WHIP_FRESH_NA54231200020,Senka,Perfect Whip Fresh,NA54231200020,tokopedia.com,https://www.tokopedia.com/find/senka-perfect-whip-collagen?utm_source=google&utm_medium=organic&utm_campaign=find,Jual Senka Perfect Whip Collagen Terlengkap,,marketplace_listing_candidate,,0,False
SENKA_PERFECT_WHIP_LOW_PH_CALMING_CICA_TWINPACK_NA54241200014,Senka,Perfect Whip Low pH Calming Cica Twinpack,NA54241200014,shopee.co.id,https://shopee.co.id/-TWINPACK-SENKA-Perfect-Whip-Low-pH-Calming-Cica-100gr-i.1046243692.42459922091,[TWINPACK] SENKA Perfect Whip Low pH Calming Cica ...,,marketplace_listing_candidate,,0,False
SENKA_PERFECT_WHIP_LOW_PH_CALMING_CICA_TWINPACK_NA54241200014,Senka,Perfect Whip Low pH Calming Cica Twinpack,NA54241200014,tokopedia.com,https://www.tokopedia.com/senkaid/senka-perfect-whip-low-ph-calming-cica-100gr-facial-foam-from-japan-with-double-hyaluronic-acid-untuk-membersihkan-kotoran-di-wajah-1731560160541181320?utm_source=google&utm_medium=organic&utm_campaign=pdp,Promo SENKA Perfect Whip Low pH Calming Cica 100gr,,marketplace_listing_candidate,,0,False
SENKA_PERFECT_WHIP_LOW_PH_CALMING_CICA_TWINPACK_NA54241200014,Senka,Perfect Whip Low pH Calming Cica Twinpack,NA54241200014,shopee.com.my,https://shopee.com.my/Senka-Perfect-Whip-Low-pH-Calming-Cica-Facial-Cleanser-100g-i.1136068356.50950070513,Senka Perfect Whip Low pH Calming Cica Facial Cleanser ...,,marketplace_listing_candidate,,0,False
SENKA_PERFECT_WHIP_LOW_PH_CALMING_CICA_TWINPACK_NA54241200014,Senka,Perfect Whip Low pH Calming Cica Twinpack,NA54241200014,tokopedia.com,https://www.tokopedia.com/find/senka-cica?utm_source=google&utm_medium=organic&utm_campaign=find,Jual Senka Cica Murah & Terbaik - Harga Terbaru Agustus ...,,marketplace_listing_candidate,,0,False
SENKA_PERFECT_WHIP_LOW_PH_CALMING_CICA_TWINPACK_NA54241200014,Senka,Perfect Whip Low pH Calming Cica Twinpack,NA54241200014,tokopedia.com,https://www.tokopedia.com/senkaid/twinpack-senka-perfect-whip-low-ph-calming-cica-100gr-buy-2-get-4-hadiah-terbatas-perhari-facial-foam-from-japan-with-double-hyaluronic-acid-untuk-membersihkan-kotoran-di-wajah-1731425342310614408,[TWINPACK] SENKA Perfect Whip Low pH Calming Cica ...,,marketplace_listing_candidate,,0,False
SENKA_PERFECT_WHIP_LOW_PH_CALMING_CICA_TWINPACK_NA54241200014,Senka,Perfect Whip Low pH Calming Cica Twinpack,NA54241200014,tokopedia.com,https://www.tokopedia.com/find/senka-perfect-whip?utm_source=google&utm_medium=organic&utm_campaign=find,Jual Senka Perfect Whip Murah & Lengkap,,marketplace_listing_candidate,,0,False
SENKA_PERFECT_WHIP_LOW_PH_CALMING_CICA_TWINPACK_NA54241200014,Senka,Perfect Whip Low pH Calming Cica Twinpack,NA54241200014,tokopedia.com,https://www.tokopedia.com/senkaid/special-bundle-senka-perfect-whip-low-ph-calming-cica-100gr-perfect-white-clay-120gr-1731425393578116488?utm_source=google&utm_medium=organic&utm_campaign=pdp,[Special Bundle] SENKA Perfect Whip Low pH Calming ...,,marketplace_listing_candidate,,0,False
SENKA_PERFECT_WHIP_LOW_PH_CALMING_CICA_TWINPACK_NA54241200014,Senka,Perfect Whip Low pH Calming Cica Twinpack,NA54241200014,tokopedia.com,https://www.tokopedia.com/dycknee/barang-terlaris-twinpack-senka-perfect-whip-low-ph-calming-cica-100gr-buy-2-get-5-hadiah-terbatas-perhari-facial-foam-from-japan-with-double-hyaluronic-acid-untuk-membersihkan-kotoran-di-wajah-1735284910013580462,BARANG TERLARIS [TWINPACK] SENKA Perfect Whip ...,,marketplace_listing_candidate,,0,False
COSRX_SALICYLIC_ACID_DAILY_GENTLE_CLEANSER_NA26181202688,COSRX,Salicylic Acid Daily Gentle Cleanser,NA26181202688,shopee.ph,https://shopee.ph/COSRX-Salicylic-Acid-Daily-Gentle-Cleanser-50ml-i.578246651.41968759294,COSRX Salicylic Acid Daily Gentle Cleanser 50ml,,marketplace_listing_candidate,,0,False
COSRX_SALICYLIC_ACID_DAILY_GENTLE_CLEANSER_NA26181202688,COSRX,Salicylic Acid Daily Gentle Cleanser,NA26181202688,shopee.com.my,https://shopee.com.my/-COSRX-OFFICIAL-Salicylic-Acid-Daily-Gentle-Cleanser-150ml-i.1376888285.27978164759,[COSRX OFFICIAL] Salicylic Acid Daily Gentle Cleanser ...,,marketplace_listing_candidate,,0,False
COSRX_SALICYLIC_ACID_DAILY_GENTLE_CLEANSER_NA26181202688,COSRX,Salicylic Acid Daily Gentle Cleanser,NA26181202688,shopee.ph,https://shopee.ph/COSRX-Salicylic-Acid-Daily-Gentle-Cleanser-150Ml-1B6-i.1808126315.42880724388,COSRX Salicylic Acid Daily Gentle Cleanser - 150Ml 1B6,,marketplace_listing_candidate,,0,False
COSRX_SALICYLIC_ACID_DAILY_GENTLE_CLEANSER_NA26181202688,COSRX,Salicylic Acid Daily Gentle Cleanser,NA26181202688,tokopedia.com,https://www.tokopedia.com/find/cosrx-salicylic-acid-daily-gentle-cleanser?utm_source=google&utm_medium=organic&utm_campaign=find,Jual Cosrx Salicylic Acid Daily Gentle Cleanser Murah & ...,,marketplace_listing_candidate,,0,False
COSRX_SALICYLIC_ACID_DAILY_GENTLE_CLEANSER_NA26181202688,COSRX,Salicylic Acid Daily Gentle Cleanser,NA26181202688,tokopedia.com,https://www.tokopedia.com/find/cosrx-salicylic-acid?utm_source=google&utm_medium=organic&utm_campaign=find,Jual Cosrx Salicylic Acid Agustus 2026 Harga Termurah,,marketplace_listing_candidate,,0,False
COSRX_SALICYLIC_ACID_DAILY_GENTLE_CLEANSER_NA26181202688,COSRX,Salicylic Acid Daily Gentle Cleanser,NA26181202688,tokopedia.com,https://www.tokopedia.com/find/cosrx-cleanser?utm_source=google&utm_medium=organic&utm_campaign=find,Jual Cosrx Cleanser Murah & Lengkap - Harga Agustus 2026,,marketplace_listing_candidate,,0,False
COSRX_SALICYLIC_ACID_DAILY_GENTLE_CLEANSER_NA26181202688,COSRX,Salicylic Acid Daily Gentle Cleanser,NA26181202688,tokopedia.com,https://www.tokopedia.com/mslcosmetics/cosrx-salicylic-acid-daily-gentle-cleanser-150ml-50ml-original-cosrx-cleanser-face-wash-1731270408712062808,COSRX Salicylic Acid Daily Gentle Cleanser 150ml & 50ml ...,,marketplace_listing_candidate,,0,False
COSRX_SALICYLIC_ACID_DAILY_GENTLE_CLEANSER_NA26181202688,COSRX,Salicylic Acid Daily Gentle Cleanser,NA26181202688,tokopedia.com,https://www.tokopedia.com/find/cosrx-salicylic-acid-daily-gentle-cleanser-150ml?utm_source=google&utm_medium=organic&utm_campaign=find,Jual Cosrx Salicylic Acid Daily Gentle Cleanser 150Ml ...,,marketplace_listing_candidate,,0,False
COSRX_SALICYLIC_ACID_DAILY_GENTLE_CLEANSER_NA26181202688,COSRX,Salicylic Acid Daily Gentle Cleanser,NA26181202688,shop-id.tokopedia.com,https://shop-id.tokopedia.com/pdp/1735580931560277645,COSRX Salicylic Acid Daily Gentle Cleanser Skin Care - 150 ML,,marketplace_listing_candidate,,0,False
ANUA_HYALURONIC_ACID_GENTLE_FOAMING_CLEANSER_NA26241200857,Anua,Hyaluronic Acid Gentle Foaming Cleanser,NA26241200857,shopee.ph,https://shopee.ph/-Official-ANUA-8-Hyaluronic-Acid-Hydrating-Gentle-Foaming-Cleanser-150ml-i.1473373883.51902996307,[Official] ANUA 8 Hyaluronic Acid Hydrating Gentle ...,,marketplace_listing_candidate,,0,False
ANUA_HYALURONIC_ACID_GENTLE_FOAMING_CLEANSER_NA26241200857,Anua,Hyaluronic Acid Gentle Foaming Cleanser,NA26241200857,shopee.com.my,https://shopee.com.my/Anua-8-Hyaluronic-Acid-Hydrating-Gentle-Foaming-Cleanser-150ml-i.825441900.28476685720,Anua 8 Hyaluronic Acid Hydrating Gentle Foaming ...,,marketplace_listing_candidate,,0,False
ANUA_HYALURONIC_ACID_GENTLE_FOAMING_CLEANSER_NA26241200857,Anua,Hyaluronic Acid Gentle Foaming Cleanser,NA26241200857,tokopedia.com,https://www.tokopedia.com/anuaofficialshop/anua-8-hyaluronic-acid-moisturizing-gentle-gel-cleanser-150ml-1731900669617145384,ANUA 8 Hyaluronic Acid Moisturizing Gentle Gel Cleanser ...,,marketplace_listing_candidate,,0,False
ANUA_HYALURONIC_ACID_GENTLE_FOAMING_CLEANSER_NA26241200857,Anua,Hyaluronic Acid Gentle Foaming Cleanser,NA26241200857,tokopedia.com,https://www.tokopedia.com/fastbeautys/anua-8-hyaluronic-acid-hydrating-gentle-foaming-cleanser-150ml-melembapkan-perkuat-skin-barrier-regulasi-minyak-1736449822118086616,Promo ANUA 8 Hyaluronic Acid Hydrating Gentle Foaming ...,,marketplace_listing_candidate,,0,False
GLAD2GLOW_TREMELLA_VITA_B5_SENSITIVE_CALMING_GEL_CLEANSER_NA11241201006,Glad2Glow,Tremella Vita B5 Sensitive Calming Gel Cleanser,NA11241201006,shopee.com.my,https://shopee.com.my/Glad2Glow-Tremella-Vita-B5-Sensitive-Calming-Gel-Cleanser-70ml-Sensitive-Skin-Low-pH-repair-skin-barrier-i.822280677.29784906966,Glad2Glow Tremella Vita B5 Sensitive Calming Face Wash ...,,marketplace_listing_candidate,,0,False
GLAD2GLOW_TREMELLA_VITA_B5_SENSITIVE_CALMING_GEL_CLEANSER_NA11241201006,Glad2Glow,Tremella Vita B5 Sensitive Calming Gel Cleanser,NA11241201006,shop-id.tokopedia.com,https://shop-id.tokopedia.com/pdp/glad2glow-sensitive-bundle-3-in-1-gel-cleanser-moisturizer-micellar-water/1730950731400054050,[New] Glad2Glow Sensitive Bundle 3 in 1-Tremella Vita B5 ...,,marketplace_listing_candidate,,0,False
GLAD2GLOW_TREMELLA_VITA_B5_SENSITIVE_CALMING_GEL_CLEANSER_NA11241201006,Glad2Glow,Tremella Vita B5 Sensitive Calming Gel Cleanser,NA11241201006,tokopedia.com,https://www.tokopedia.com/skinbeautee1/glad2glow-tremella-vita-b5-sensitive-calming-gel-cleanser-70ml-pembersih-wajah-1731467920511829573,Promo ￼Glad2Glow Tremella Vita B5 Sensitive Calming ...,,marketplace_listing_candidate,,0,False
GLAD2GLOW_TREMELLA_VITA_B5_SENSITIVE_CALMING_GEL_CLEANSER_NA11241201006,Glad2Glow,Tremella Vita B5 Sensitive Calming Gel Cleanser,NA11241201006,tokopedia.com,https://www.tokopedia.com/anggicosmetics/glad2glow-tremella-vita-b5-sensitive-calming-gel-cleanser-70ml-1731011371190814380,Jual GLAD2GLOW Tremella Vita B5 Sensitive Calming Gel ...,,marketplace_listing_candidate,,0,False
GLAD2GLOW_TREMELLA_VITA_B5_SENSITIVE_CALMING_GEL_CLEANSER_NA11241201006,Glad2Glow,Tremella Vita B5 Sensitive Calming Gel Cleanser,NA11241201006,tokopedia.com,https://www.tokopedia.com/nhhstoreid/glad2glow-tremella-vita-b5-sensitive-calming-gel-cleanser-facial-wash-sabun-cuci-muka-g2g-biru-acne-prone-skin-1731444474310067831,Tremella Vita B5 sensitive Calming Gel Cleanser Facial ...,,marketplace_listing_candidate,,0,False
GLAD2GLOW_TREMELLA_VITA_B5_SENSITIVE_CALMING_GEL_CLEANSER_NA11241201006,Glad2Glow,Tremella Vita B5 Sensitive Calming Gel Cleanser,NA11241201006,tokopedia.com,https://www.tokopedia.com/find/glad2glow-sensitive?utm_source=google&utm_medium=organic&utm_campaign=find,Jual Glad2glow Sensitive Murah & Terbaik,,marketplace_listing_candidate,,0,False
SENKA_PERFECT_WHIP_LOW_PH_CALMING_CICA_NA54241200014,Senka,Perfect Whip Low pH Calming Cica,NA54241200014,shopee.ph,https://shopee.ph/SENKA-Perfect-Whip-Low-Ph-Calming-Cica-100g-i.92328166.25020118513,SENKA Perfect Whip Low Ph Calming Cica 100g,,marketplace_listing_candidate,,0,False
SENKA_PERFECT_WHIP_LOW_PH_CALMING_CICA_NA54241200014,Senka,Perfect Whip Low pH Calming Cica,NA54241200014,tokopedia.com,https://www.tokopedia.com/senkaid/senka-perfect-whip-low-ph-calming-cica-100gr-facial-foam-from-japan-with-double-hyaluronic-acid-untuk-membersihkan-kotoran-di-wajah-1731560160541181320?utm_source=google&utm_medium=organic&utm_campaign=pdp,Promo SENKA Perfect Whip Low pH Calming Cica 100gr,,marketplace_listing_candidate,,0,False
SENKA_PERFECT_WHIP_LOW_PH_CALMING_CICA_NA54241200014,Senka,Perfect Whip Low pH Calming Cica,NA54241200014,shopee.sg,https://shopee.sg/-SENKA-Senka-Perfect-Whip-Low-pH-Calming-Cica-100g-Shipping-from-Korea-Korea-Beauty-i.696883891.24722192930,"Shopee Singapore | Cheaper, Faster On Shopee",,marketplace_listing_candidate,,0,False
SENKA_PERFECT_WHIP_LOW_PH_CALMING_CICA_NA54241200014,Senka,Perfect Whip Low pH Calming Cica,NA54241200014,tokopedia.com,https://www.tokopedia.com/find/senka-cica?utm_source=google&utm_medium=organic&utm_campaign=find,Jual Senka Cica Murah & Terbaik - Harga Terbaru Agustus ...,,marketplace_listing_candidate,,0,False
SENKA_PERFECT_WHIP_LOW_PH_CALMING_CICA_NA54241200014,Senka,Perfect Whip Low pH Calming Cica,NA54241200014,tokopedia.com,https://www.tokopedia.com/rekomendasi/102709081089,Rekomendasi Senka Perfect Whip Low Ph Calming Cica ...,,marketplace_listing_candidate,,0,False
SENKA_PERFECT_WHIP_LOW_PH_CALMING_CICA_NA54241200014,Senka,Perfect Whip Low pH Calming Cica,NA54241200014,tokopedia.com,https://www.tokopedia.com/senkaid/special-bundle-senka-perfect-whip-low-ph-calming-cica-100gr-perfect-white-clay-120gr-1731425393578116488?utm_source=google&utm_medium=organic&utm_campaign=pdp,[Special Bundle] SENKA Perfect Whip Low pH Calming ...,,marketplace_listing_candidate,,0,False
SENKA_PERFECT_WHIP_LOW_PH_CALMING_CICA_NA54241200014,Senka,Perfect Whip Low pH Calming Cica,NA54241200014,tokopedia.com,https://www.tokopedia.com/bestbeautyskin/senka-perfect-whip-low-ph-calming-cica-facial-foam-100gr-1732783749109876562/media/product/0,SENKA Perfect Whip Low pH Calming Cica Facial Foam 100gr,,marketplace_listing_candidate,,0,False
SENKA_PERFECT_WHIP_LOW_PH_CALMING_CICA_NA54241200014,Senka,Perfect Whip Low pH Calming Cica,NA54241200014,tokopedia.com,https://www.tokopedia.com/find/senka-perfect-whip?utm_source=google&utm_medium=organic&utm_campaign=find,Jual Senka Perfect Whip Murah & Lengkap,,marketplace_listing_candidate,,0,False
SENKA_PERFECT_WHIP_LOW_PH_CALMING_CICA_NA54241200014,Senka,Perfect Whip Low pH Calming Cica,NA54241200014,tokopedia.com,https://www.tokopedia.com/kiosapothecary/senka-perfect-whip-120-gram-face-cleanser-all-variasi-1735214813086188940,Jual Senka Perfect Whip 120 gram Face Cleanser All variasi,,marketplace_listing_candidate,,0,False
SENKA_PERFECT_WHIP_ACNE_CARE_TWINPACK_NA54231200018,Senka,Perfect Whip Acne Care Twinpack,NA54231200018,shopee.co.id,https://shopee.co.id/-TWINPACK-SENKA-Perfect-Whip-Acne-Care-Facial-Foam-50gr-i.138850166.7157922404,[TWINPACK] SENKA Perfect Whip Acne Care Facial Foam ...,,marketplace_listing_candidate,,0,False
SENKA_PERFECT_WHIP_ACNE_CARE_TWINPACK_NA54231200018,Senka,Perfect Whip Acne Care Twinpack,NA54231200018,shop-id.tokopedia.com,https://shop-id.tokopedia.com/pdp/1734453445626135944?source=anchor,[BUY 2 GET 3] Twinpack Senka Perfect Whip Acne Care ...,,marketplace_listing_candidate,,0,False
SENKA_PERFECT_WHIP_ACNE_CARE_TWINPACK_NA54231200018,Senka,Perfect Whip Acne Care Twinpack,NA54231200018,shopee.co.id,https://shopee.co.id/list/Senka/Perfect%20Whip,Jual Senka Perfect Whip Terlengkap & Harga Terbaru ...,,marketplace_listing_candidate,,0,False
SENKA_PERFECT_WHIP_ACNE_CARE_TWINPACK_NA54231200018,Senka,Perfect Whip Acne Care Twinpack,NA54231200018,shopee.co.th,https://shopee.co.th/(%E0%B8%82%E0%B8%AD%E0%B8%87%E0%B9%81%E0%B8%97%E0%B9%89)-SENKA-Perfect-Whip-%E0%B8%97%E0%B8%B8%E0%B8%81%E0%B8%AA%E0%B8%B5-%E0%B8%9F%E0%B9%89%E0%B8%B2-%E0%B9%80%E0%B8%82%E0%B8%B5%E0%B8%A2%E0%B8%A7-Acne-Collagen-VitC-Poreless-%E0%B8%AA%E0%B8%B5%E0%B9%80%E0%B8%AB%E0%B8%A5%E0%B8%B7%E0%B8%AD%E0%B8%87-%E0%B8%82%E0%B8%B2%E0%B8%A7-%E0%B9%80%E0%B8%8B%E0%B8%99%E0%B8%81%E0%B8%B0-%E0%B9%80%E0%B8%9E%E0%B8%AD%E0%B8%A3%E0%B9%8C%E0%B9%80%E0%B8%9F%E0%B9%87%E0%B8%84-%E0%B8%A7%E0%B8%B4%E0%B8%9B-%E0%B8%A7%E0%B8%B4%E0%B8%95%E0%B8%8B%E0%B8%B5-%E0%B8%9E%E0%B8%AD%E0%B8%A3%E0%B9%8C%E0%B9%80%E0%B8%A5%E0%B8%AA-i.858669273.25572141920,(ของแท้) SENKA Perfect Whip ทุกสี ฟ้า เขียว Acne Collagen ...,,marketplace_listing_candidate,,0,False
SENKA_PERFECT_WHIP_ACNE_CARE_TWINPACK_NA54231200018,Senka,Perfect Whip Acne Care Twinpack,NA54231200018,shopee.ph,https://shopee.ph/Bulk-buy-Senka-Senka-SENKA-Perfect-Whip-Acne-Care-a-Facial-Cleansing-Foam-120g-x-2pcs-extra-acne-rough-skin-moist-foam-adult-pores-sebum-dirt-i.1322781187.27524788675,Bulk buy Senka Senka SENKA Perfect Whip Acne Care a ...,,marketplace_listing_candidate,,0,False
SENKA_PERFECT_WHIP_ACNE_CARE_TWINPACK_NA54231200018,Senka,Perfect Whip Acne Care Twinpack,NA54231200018,tokopedia.com,https://www.tokopedia.com/find/senka-perfect-whip-acne-care?utm_source=google&utm_medium=organic&utm_campaign=find,"Senka Perfect Whip Acne Care, Kulit Sehat & Bebas Jerawat!",,marketplace_listing_candidate,,0,False
SENKA_PERFECT_WHIP_ACNE_CARE_TWINPACK_NA54231200018,Senka,Perfect Whip Acne Care Twinpack,NA54231200018,tokopedia.com,https://www.tokopedia.com/find/senka-acne-care?utm_source=google&utm_medium=organic&utm_campaign=find,Jual Senka Acne Care Terlengkap - Harga Murah Agustus ...,,marketplace_listing_candidate,,0,False
SENKA_PERFECT_WHIP_ACNE_CARE_TWINPACK_NA54231200018,Senka,Perfect Whip Acne Care Twinpack,NA54231200018,tokopedia.com,https://www.tokopedia.com/find/senka-perfect-whip?utm_source=google&utm_medium=organic&utm_campaign=find,Jual Senka Perfect Whip Murah & Lengkap,,marketplace_listing_candidate,,0,False
SENKA_PERFECT_WHIP_ACNE_CARE_TWINPACK_NA54231200018,Senka,Perfect Whip Acne Care Twinpack,NA54231200018,tokopedia.com,https://www.tokopedia.com/senkaid,Senka by FineToday - Produk Resmi & Terlengkap,,marketplace_listing_candidate,,0,False
SENKA_PERFECT_WHIP_ACNE_CARE_TWINPACK_NA54231200018,Senka,Perfect Whip Acne Care Twinpack,NA54231200018,tokopedia.com,https://www.tokopedia.com/nini-888/senka-perfect-whip-acne-care-50gr-1730575955108922856,Promo SENKA Perfect Whip Acne Care 50gr di Nini 888,,marketplace_listing_candidate,,0,False
SENKA_PERFECT_WHIP_ACNE_CARE_TWINPACK_NA54231200018,Senka,Perfect Whip Acne Care Twinpack,NA54231200018,tokopedia.com,https://www.tokopedia.com/bestbeautyskin/senka-perfect-whip-acne-care-50gr-100gr-1730009983691623250,Jual SENKA Perfect Whip Acne Care 50gr / 100gr,,marketplace_listing_candidate,,0,False
SENKA_PERFECT_WHIP_ACNE_CARE_TWINPACK_NA54231200018,Senka,Perfect Whip Acne Care Twinpack,NA54231200018,tokopedia.com,https://www.tokopedia.com/find/senka?utm_source=google&utm_medium=organic&utm_campaign=find,Senka Original & Terlengkap Agustus 2026,,marketplace_listing_candidate,,0,False
DANCING_WHALE_CLEAR_CLEANSING_FOAM_NA26241200756,Dancing Whale,Clear Cleansing Foam,NA26241200756,shopee.co.id,https://shopee.co.id/DANCING-WHALE-Clear-Cleansing-Foam-20ml-(Travel-Size)-i.1405165510.28824144852,Jual DANCING WHALE Clear Cleansing Foam,,marketplace_listing_candidate,,0,False
DANCING_WHALE_CLEAR_CLEANSING_FOAM_NA26241200756,Dancing Whale,Clear Cleansing Foam,NA26241200756,tokopedia.com,https://www.tokopedia.com/dancing-whale-indonesia/dancing-whale-clear-cleansing-foam-travel-size-1732000279418144184,Promo DANCING WHALE Clear Cleansing Foam (Travel Size),,marketplace_listing_candidate,,0,False
DANCING_WHALE_CLEAR_CLEANSING_FOAM_NA26241200756,Dancing Whale,Clear Cleansing Foam,NA26241200756,tokopedia.com,https://www.tokopedia.com/dancing-whale-indonesia,Toko Dancing Whale Indonesia Online,,marketplace_listing_candidate,,0,False
FACETOLOGY_TRIPLE_CARE_ACNE_CALM_CLEANSER_NA18241210486,Facetology,Triple Care Acne Calm Cleanser,NA18241210486,shopee.co.id,https://shopee.co.id/Facetology-Triple-Care-Acne-Calm-Cleanser-100ml-sabun-cuci-muka-berjerawat-Facial-Wash-Facial-Cleanser-Low-PH-ZnPto-Salicylic-Acid-Pria-Wanita-Pembersih-Wajah-i.684531921.26476062482,Jual Facetology Triple Care Acne Calm Cleanser 100ml,,marketplace_listing_candidate,,0,False
FACETOLOGY_TRIPLE_CARE_ACNE_CALM_CLEANSER_NA18241210486,Facetology,Triple Care Acne Calm Cleanser,NA18241210486,shop-id.tokopedia.com,https://shop-id.tokopedia.com/pdp/facetology-triple-care-acne-calm-cleanser-100ml-meredakan-jerawat-menjaga-kelembapan-2pcs/1730968808015824685,Facetology Triple Care Acne Calm Cleanser 100ml 2PCS,,marketplace_listing_candidate,,0,False
FACETOLOGY_TRIPLE_CARE_ACNE_CALM_CLEANSER_NA18241210486,Facetology,Triple Care Acne Calm Cleanser,NA18241210486,tokopedia.com,https://www.tokopedia.com/istanakosmetikofficial/facetology-triple-care-facial-gel-cleanser-gentle-low-ph-oat-100ml-1732297446319162971?utm_source=google&utm_medium=organic&utm_campaign=pdp,Promo FACETOLOGY Triple Care Facial Gel Cleanser Gentle ...,,marketplace_listing_candidate,,0,False
FACETOLOGY_TRIPLE_CARE_ACNE_CALM_CLEANSER_NA18241210486,Facetology,Triple Care Acne Calm Cleanser,NA18241210486,shopee.co.id,https://shopee.co.id/Facetology-Triple-Care-Acne-Calm-Cleanser-100ml-Merah-Jingga-Official-i.1396577881.47203898262,Jual Facetology Triple Care Acne Calm Cleanser 100ml,,marketplace_listing_candidate,,0,False
FACETOLOGY_TRIPLE_CARE_ACNE_CALM_CLEANSER_NA18241210486,Facetology,Triple Care Acne Calm Cleanser,NA18241210486,shopee.co.id,https://shopee.co.id/FACETOLOGY-Triple-Care-Acne-Calm-Cleanser-100ml-i.290470014.50808633098,Jual FACETOLOGY - Triple Care Acne Calm Cleanser 100ml,,marketplace_listing_candidate,,0,False
FACETOLOGY_TRIPLE_CARE_ACNE_CALM_CLEANSER_NA18241210486,Facetology,Triple Care Acne Calm Cleanser,NA18241210486,shop-id.tokopedia.com,https://shop-id.tokopedia.com/pdp/cuci-muka-anti-acne-tri-purpose-hidrat-menenangkan-kulit/1729560415459575597,[FLASH SALE] Facetology Triple Care Acne Calm Cleanser ...,,marketplace_listing_candidate,,0,False
FACETOLOGY_TRIPLE_CARE_ACNE_CALM_CLEANSER_NA18241210486,Facetology,Triple Care Acne Calm Cleanser,NA18241210486,tokopedia.com,https://www.tokopedia.com/find/cleanser-facetology?utm_source=google&utm_medium=organic&utm_campaign=find,Jual Cleanser Facetology Murah & Terbaik,,marketplace_listing_candidate,,0,False
FACETOLOGY_TRIPLE_CARE_ACNE_CALM_CLEANSER_NA18241210486,Facetology,Triple Care Acne Calm Cleanser,NA18241210486,tokopedia.com,https://www.tokopedia.com/twocare/facetology-triple-care-acne-calm-cleanser-100ml-face-wash-1731588341141701817,Jual Facetology Triple Care Acne Calm Cleanser 100ml,,marketplace_listing_candidate,,0,False
FACETOLOGY_TRIPLE_CARE_ACNE_CALM_CLEANSER_NA18241210486,Facetology,Triple Care Acne Calm Cleanser,NA18241210486,tokopedia.com,https://www.tokopedia.com/find/facetology-triple-care-acne-calm-moisturizer?utm_source=google&utm_medium=organic&utm_campaign=find,Jual Facetology Triple Care Acne Calm Moisturizer Murah ...,,marketplace_listing_candidate,,0,False
ARIUL_SMOOTH_PURE_DEEP_CLEAN_CLEANSING_FOAM_NA26231200642,Ariul,Smooth & Pure Deep Clean Cleansing Foam,NA26231200642,shopee.com.my,https://shopee.com.my/Ariul-Smooth-Pure-Deep-Clean-Cleansing-Foam-120ml-i.1142974852.28544525854,Ariul Smooth & Pure Deep Clean Cleansing Foam 120ml,,marketplace_listing_candidate,,0,False
ARIUL_SMOOTH_PURE_DEEP_CLEAN_CLEANSING_FOAM_NA26231200642,Ariul,Smooth & Pure Deep Clean Cleansing Foam,NA26231200642,shopee.ph,https://shopee.ph/Ariul-Smooth-Pure-Deep-Clean-Cleansing-Foam-%E2%80%93-120ml-i.1563006915.44557014099,Ariul Smooth & Pure Deep Clean Cleansing Foam – 120ml,,marketplace_listing_candidate,,0,False
ARIUL_SMOOTH_PURE_DEEP_CLEAN_CLEANSING_FOAM_NA26231200642,Ariul,Smooth & Pure Deep Clean Cleansing Foam,NA26231200642,tokopedia.com,https://www.tokopedia.com/find/ariul-cleansing-foam?utm_source=google&utm_medium=organic&utm_campaign=find,Jual Ariul Cleansing Foam Murah & Lengkap,,marketplace_listing_candidate,,0,False
ARIUL_SMOOTH_PURE_DEEP_CLEAN_CLEANSING_FOAM_NA26231200642,Ariul,Smooth & Pure Deep Clean Cleansing Foam,NA26231200642,tokopedia.com,https://www.tokopedia.com/sakura-kosmetik-666/ariul-smooth-pure-deep-clean-cleansing-foam-80ml-facial-wajah-cleanser-muka-1730004401017686681,Promo ARIUL Smooth & Pure Deep Clean Cleansing Foam,,marketplace_listing_candidate,,0,False
ARIUL_SMOOTH_PURE_DEEP_CLEAN_CLEANSING_FOAM_NA26231200642,Ariul,Smooth & Pure Deep Clean Cleansing Foam,NA26231200642,tokopedia.com,https://www.tokopedia.com/anekalaris808/ariul-face-cleanser-smooth-pure-deep-clean-cleansing-foam-80ml-bpom-sabun-pembersih-wajah-1731859217572005469/media/product/0,Video dan Gambar Ariul Face Cleanser Smooth & Pure Deep ...,,marketplace_listing_candidate,,0,False
ARIUL_SMOOTH_PURE_DEEP_CLEAN_CLEANSING_FOAM_NA26231200642,Ariul,Smooth & Pure Deep Clean Cleansing Foam,NA26231200642,tokopedia.com,https://www.tokopedia.com/find/ariul-foam?utm_source=google&utm_medium=organic&utm_campaign=find,Jual Ariul Foam Murah & Lengkap - Harga Juli 2026,,marketplace_listing_candidate,,0,False
ARIUL_SMOOTH_PURE_DEEP_CLEAN_CLEANSING_FOAM_NA26231200642,Ariul,Smooth & Pure Deep Clean Cleansing Foam,NA26231200642,tokopedia.com,https://www.tokopedia.com/yanimutiyadi22/special-ariul-smooth-pure-deep-clean-cleansing-foam-80ml-pembersih-wajah-buruan-sebelum-kehabisan-1735526601682486832-1735526626191115824,Special~ ARIUL Smooth & Pure Deep Clean Cleansing ...,,marketplace_listing_candidate,,0,False
ARIUL_SMOOTH_PURE_DEEP_CLEAN_CLEANSING_FOAM_NA26231200642,Ariul,Smooth & Pure Deep Clean Cleansing Foam,NA26231200642,tokopedia.com,https://www.tokopedia.com/nerieshop/ariul-smooth-pure-deep-clean-cleansing-foam-sabun-muka-original-80ml,Ariul Smooth & Pure Deep Clean Cleansing Foam Sabun ...,,marketplace_listing_candidate,,0,False
ARIUL_SMOOTH_PURE_DEEP_CLEAN_CLEANSING_FOAM_NA26231200642,Ariul,Smooth & Pure Deep Clean Cleansing Foam,NA26231200642,tokopedia.com,https://www.tokopedia.com/sanumkosmetik/ariul-smooth-pure-deep-clean-cleansing-foam-80ml-1730648086754067511?utm_source=google&utm_medium=organic&utm_campaign=pdp,Promo ARIUL Smooth & Pure Deep Clean Cleansing Foam,,marketplace_listing_candidate,,0,False
ARIUL_SMOOTH_PURE_DEEP_CLEAN_CLEANSING_FOAM_NA26231200642,Ariul,Smooth & Pure Deep Clean Cleansing Foam,NA26231200642,tokopedia.com,https://www.tokopedia.com/babyshopklaten-656/ariul-smooth-pure-deep-cleansing-foam-80ml-cleanser-1730849119140087640?utm_source=google&utm_medium=organic&utm_campaign=pdp,Ariul Smooth & Pure Deep Cleansing Foam 80ml Cleanser ...,,marketplace_listing_candidate,,0,False
NEUTROGENA_HYDRO_BOOST_WATER_GEL_CLEANSER_NA26241200626,Neutrogena,Hydro Boost Water Gel Cleanser,NA26241200626,shopee.ph,https://shopee.ph/list/neutrogena/hydro%20boost,Shop neutrogena hydro boost for Sale on ...,,marketplace_listing_candidate,,0,False
NEUTROGENA_HYDRO_BOOST_WATER_GEL_CLEANSER_NA26241200626,Neutrogena,Hydro Boost Water Gel Cleanser,NA26241200626,shopee.ph,https://shopee.ph/Neutrogena-Hydro-Boost-Cleanser-145ml-Water-Gel-50g-i.29990515.9015510351,Shopee Philippines | Shop Online with Promos and Vouchers,,marketplace_listing_candidate,,0,False
NEUTROGENA_HYDRO_BOOST_WATER_GEL_CLEANSER_NA26241200626,Neutrogena,Hydro Boost Water Gel Cleanser,NA26241200626,shopee.vn,https://shopee.vn/S%E1%BB%AFa-r%E1%BB%ADa-m%E1%BA%B7t-NEUTROGENA-%C2%AE-Hydro-Boost-Water-Gel-Cleanser-200ml-Nh%E1%BA%ADp-HUNGARY--i.59425889.22502359181,Sữa rửa mặt NEUTROGENA ® Hydro Boost Water Gel ...,,marketplace_listing_candidate,,0,False
NEUTROGENA_HYDRO_BOOST_WATER_GEL_CLEANSER_NA26241200626,Neutrogena,Hydro Boost Water Gel Cleanser,NA26241200626,tokopedia.com,https://www.tokopedia.com/find/neutrogena-hydro-boost?utm_source=google&utm_medium=organic&utm_campaign=find,Jual Neutrogena Hydro Boost Terlengkap,,marketplace_listing_candidate,,0,False
NEUTROGENA_HYDRO_BOOST_WATER_GEL_CLEANSER_NA26241200626,Neutrogena,Hydro Boost Water Gel Cleanser,NA26241200626,tokopedia.com,https://www.tokopedia.com/find/neutrogena-hydro-boost-cleanser?utm_source=google&utm_medium=organic&utm_campaign=find,Jual Neutrogena Hydro Boost Cleanser Murah & Terbaik,,marketplace_listing_candidate,,0,False
NEUTROGENA_HYDRO_BOOST_WATER_GEL_CLEANSER_NA26241200626,Neutrogena,Hydro Boost Water Gel Cleanser,NA26241200626,tokopedia.com,https://www.tokopedia.com/ediirohayatii/neutrogena-hydro-boost-water-gel-cleanser-145ml-ori-australia-1731225682472306301,Neutrogena Hydro Boost Water Gel Cleanser 145ml ORI ...,,marketplace_listing_candidate,,0,False
NEUTROGENA_HYDRO_BOOST_WATER_GEL_CLEANSER_NA26241200626,Neutrogena,Hydro Boost Water Gel Cleanser,NA26241200626,tokopedia.com,https://www.tokopedia.com/find/neutrogena-hydro-boost-water-gel?utm_source=google&utm_medium=organic&utm_campaign=find,Neutrogena Hydro Boost Water Gel Ori Agustus 2026,,marketplace_listing_candidate,,0,False
NEUTROGENA_HYDRO_BOOST_WATER_GEL_CLEANSER_NA26241200626,Neutrogena,Hydro Boost Water Gel Cleanser,NA26241200626,tokopedia.com,https://www.tokopedia.com/find/neutrogena-gel-cleanser?utm_source=google&utm_medium=organic&utm_campaign=find,Jual Neutrogena Gel Cleanser Murah & Terbaik,,marketplace_listing_candidate,,0,False
ALL_NATURAL_HOUTTUYNIA_CORDATA_CLEANSING_FOAM_NA26221200909,All Natural,Houttuynia Cordata Cleansing Foam,NA26221200909,shopee.ph,https://shopee.ph/allNatural-Houttuynia-Cordata-Cleansing-Foam-120ml-i.237628033.16104636174,allNatural Houttuynia Cordata Cleansing Foam 120ml,,marketplace_listing_candidate,,0,False
ALL_NATURAL_HOUTTUYNIA_CORDATA_CLEANSING_FOAM_NA26221200909,All Natural,Houttuynia Cordata Cleansing Foam,NA26221200909,shopee.co.id,https://shopee.co.id/allnaturalofficialstore,Produk All Natural Official Store,,marketplace_listing_candidate,,0,False
ALL_NATURAL_HOUTTUYNIA_CORDATA_CLEANSING_FOAM_NA26221200909,All Natural,Houttuynia Cordata Cleansing Foam,NA26221200909,shop-id.tokopedia.com,https://shop-id.tokopedia.com/pdp/houttuynia-cordata-mary-may-cleansing-foam-anti-jerawat-cocok-untuk-kulit-sensitif/1729775011903735560,[CLEARANCE SALE] Mary&May Houttuynia Cordata + Tea ...,,marketplace_listing_candidate,,0,False
ALL_NATURAL_HOUTTUYNIA_CORDATA_CLEANSING_FOAM_NA26221200909,All Natural,Houttuynia Cordata Cleansing Foam,NA26221200909,shopee.co.id,https://shopee.co.id/ALL-NATURAL-Houttuynia-Cordata-Cleansing-Foam-(Heartleaf)-Sabun-Cuci-Muka-untuk-Kulit-Sensitif-dari-Korea-i.268794741.47209310695,Sabun Cuci Muka untuk Kulit Sensitif dari Korea,,marketplace_listing_candidate,,0,False
ALL_NATURAL_HOUTTUYNIA_CORDATA_CLEANSING_FOAM_NA26221200909,All Natural,Houttuynia Cordata Cleansing Foam,NA26221200909,tokopedia.com,https://www.tokopedia.com/find/cleansing-foam,Jual Cleansing Foam Murah & Lengkap - Harga Juli 2026,,marketplace_listing_candidate,,0,False
ALL_NATURAL_HOUTTUYNIA_CORDATA_CLEANSING_FOAM_NA26221200909,All Natural,Houttuynia Cordata Cleansing Foam,NA26221200909,tokopedia.com,https://www.tokopedia.com/emubashop/tony-moly-houttuynia-cordata-cica-quick-soothing-cleansing-foam-cleanser-sample-1731188675924756430,Jual Tony Moly Houttuynia Cordata Cica Quick Soothing ...,,marketplace_listing_candidate,,0,False
NEUTROGENA_OIL_FREE_ACNE_WASH_NA26231200409,Neutrogena,Oil-Free Acne Wash,NA26231200409,shopee.ph,https://shopee.ph/list/neutrogena/oil%20free%20acne%20wash,Shop neutrogena oil free acne wash for Sale on ...,,marketplace_listing_candidate,,0,False
NEUTROGENA_OIL_FREE_ACNE_WASH_NA26231200409,Neutrogena,Oil-Free Acne Wash,NA26231200409,shopee.ph,https://shopee.ph/list/neutrogena/body%20clear,Shop neutrogena body clear for Sale on Shopee Philippines,,marketplace_listing_candidate,,0,False
NEUTROGENA_OIL_FREE_ACNE_WASH_NA26231200409,Neutrogena,Oil-Free Acne Wash,NA26231200409,shopee.co.th,https://shopee.co.th/**%E0%B8%8A%E0%B9%88%E0%B8%A7%E0%B8%A2%E0%B8%A5%E0%B8%94%E0%B8%AA%E0%B8%B4%E0%B8%A7%E0%B8%94%E0%B8%B5%E0%B8%A1%E0%B8%B2%E0%B8%81**-Neutrogena-Stubborn-Acne-AM-Treatment-with-Benzoyl-Peroxide-(Fragrance-Free)-%E0%B8%AA%E0%B8%B9%E0%B8%95%E0%B8%A3%E0%B9%84%E0%B8%A1%E0%B9%88%E0%B8%A1%E0%B8%B5%E0%B8%99%E0%B9%89%E0%B8%B3%E0%B8%AB%E0%B8%AD%E0%B8%A1-(No.645)-i.760668928.20794347127,ช่วยลดสิวดีมาก** Neutrogena Stubborn Acne AM Treatment with ...,,marketplace_listing_candidate,,0,False
NEUTROGENA_OIL_FREE_ACNE_WASH_NA26231200409,Neutrogena,Oil-Free Acne Wash,NA26231200409,tokopedia.com,https://www.tokopedia.com/find/neutrogena-oil-free-acne-wash?utm_source=google&utm_medium=organic&utm_campaign=find,Jual Neutrogena Oil Free Acne Wash Terlengkap,,marketplace_listing_candidate,,0,False
NEUTROGENA_OIL_FREE_ACNE_WASH_NA26231200409,Neutrogena,Oil-Free Acne Wash,NA26231200409,tokopedia.com,https://www.tokopedia.com/find/Neutrogena-Oil-Free,Jual Neutrogena Oil Free Murah & Lengkap,,marketplace_listing_candidate,,0,False
NEUTROGENA_OIL_FREE_ACNE_WASH_NA26231200409,Neutrogena,Oil-Free Acne Wash,NA26231200409,tokopedia.com,https://www.tokopedia.com/find/neutrogena-facial-wash?utm_source=google&utm_medium=organic&utm_campaign=find,Jual Neutrogena Facial Wash Murah & Lengkap,,marketplace_listing_candidate,,0,False
NEUTROGENA_OIL_FREE_ACNE_WASH_NA26231200409,Neutrogena,Oil-Free Acne Wash,NA26231200409,tokopedia.com,https://www.tokopedia.com/soliha12/neutrogena-oil-free-acne-wash-175ml-1729814455070262940,Jual Neutrogena Oil Free Acne Wash 175ml,,marketplace_listing_candidate,,0,False
NEUTROGENA_OIL_FREE_ACNE_WASH_NA26231200409,Neutrogena,Oil-Free Acne Wash,NA26231200409,tokopedia.com,https://www.tokopedia.com/find/neutrogena-oil?utm_source=google&utm_medium=organic&utm_campaign=find,Jual Neutrogena Oil Murah & Lengkap - Harga Agustus 2026,,marketplace_listing_candidate,,0,False
NEUTROGENA_OIL_FREE_ACNE_WASH_NA26231200409,Neutrogena,Oil-Free Acne Wash,NA26231200409,tokopedia.com,https://www.tokopedia.com/farmaku/neutrogena-oil-free-acne-wash-175ml-pembersih-wajah-1735974459233830683,Promo Neutrogena Oil-Free Acne Wash 175ml Pembersih ...,,marketplace_listing_candidate,,0,False
INNISFREE_VITAMIN_C_GREEN_TEA_ENZYME_BRIGHTENING_PAD_NA26241900034,Innisfree,Vitamin C Green Tea Enzyme Brightening Pad,NA26241900034,shopee.ph,https://shopee.ph/-INNISFREE-Vitamin-C-Green-Tea-Enzyme-Brightening-Pad-60P-i.920292983.25073719107,[INNISFREE] Vitamin C Green Tea Enzyme Brightening ...,,marketplace_listing_candidate,,0,False
INNISFREE_VITAMIN_C_GREEN_TEA_ENZYME_BRIGHTENING_PAD_NA26241900034,Innisfree,Vitamin C Green Tea Enzyme Brightening Pad,NA26241900034,tokopedia.com,https://www.tokopedia.com/innisfree/innisfree-vitamin-c-green-tea-enzyme-brightening-pad-170ml-60-lembar?extParam=whid%3D3173058%26src%3Dshop,https://www.tokopedia.com/innisfree/innisfree-vita...,,marketplace_listing_candidate,,0,False
INNISFREE_VITAMIN_C_GREEN_TEA_ENZYME_BRIGHTENING_PAD_NA26241900034,Innisfree,Vitamin C Green Tea Enzyme Brightening Pad,NA26241900034,tokopedia.com,https://www.tokopedia.com/find/innisfree-vitamin-c?utm_source=google&utm_medium=organic&utm_campaign=find,Jual Innisfree Vitamin C Murah & Terbaik - Harga Terbaru ...,,marketplace_listing_candidate,,0,False
INNISFREE_VITAMIN_C_GREEN_TEA_ENZYME_BRIGHTENING_PAD_NA26241900034,Innisfree,Vitamin C Green Tea Enzyme Brightening Pad,NA26241900034,tokopedia.com,https://www.tokopedia.com/vpoutlet/innisfree-vitamin-c-green-tea-enzyme-brightening-pad-170ml-60ea-toner-pad-mencerahkan/media/product/0,[innisfree] Vitamin C Green Tea Enzyme Brightening Pad ...,,marketplace_listing_candidate,,0,False
INNISFREE_VITAMIN_C_GREEN_TEA_ENZYME_BRIGHTENING_PAD_NA26241900034,Innisfree,Vitamin C Green Tea Enzyme Brightening Pad,NA26241900034,shop-id.tokopedia.com,https://shop-id.tokopedia.com/pdp/innisfree-serum-pencerah-vitamin-c-buy-1-get-1-free-pad-170ml/1734518517795227314?source=anchor,[BUY 1 GET 1] Innisfree Vitamin C Green Tea Enzyme ...,,marketplace_listing_candidate,,0,False
INNISFREE_VITAMIN_C_GREEN_TEA_ENZYME_BRIGHTENING_PAD_NA26241900034,Innisfree,Vitamin C Green Tea Enzyme Brightening Pad,NA26241900034,tokopedia.com,https://www.tokopedia.com/find/innisfree-vit-c?utm_source=google&utm_medium=organic&utm_campaign=find,Jual Innisfree Vit C Murah & Terbaik - Harga Terbaru ...,,marketplace_listing_candidate,,0,False
INNISFREE_VITAMIN_C_GREEN_TEA_ENZYME_BRIGHTENING_PAD_NA26241900034,Innisfree,Vitamin C Green Tea Enzyme Brightening Pad,NA26241900034,tokopedia.com,https://www.tokopedia.com/rekomendasi/15502211826,Rekomendasi [innisfree] Vitamin C Green Tea Enzyme ...,,marketplace_listing_candidate,,0,False
ROUND_LAB_PINE_CALMING_CICA_CLEANSER_NA26231200953,Round Lab,Pine Calming Cica Cleanser,NA26231200953,shopee.com.my,https://shopee.com.my/list/round%20lab/pine%20calming%20cica,"round lab pine calming cica Malaysia, Best Deals August ...",,marketplace_listing_candidate,,0,False
ROUND_LAB_PINE_CALMING_CICA_CLEANSER_NA26231200953,Round Lab,Pine Calming Cica Cleanser,NA26231200953,shopee.ph,https://shopee.ph/-ROUND-LAB-PINE-CALMING-CICA-Cleanser-150mL-Sebum-cleaning-cleanser-i.1629672080.49450120518?extraParams=%7B%22display_model_id%22%3A390008262292%2C%22model_selection_logic%22%3A3%7D,[ROUND LAB] PINE CALMING CICA - Cleanser | 150mL,,marketplace_listing_candidate,,0,False
ANUA_PDRN_HYALURONIC_ACID_CAPSULE_100_SERUM_NA26250100251,Anua,PDRN Hyaluronic Acid Capsule 100 Serum,NA26250100251,shopee.ph,https://shopee.ph/-Official-ANUA-PDRN-Hyaluronic-Acid-Capsule-100-Serum-30ml-i.1473373883.56604639787,[Official] ANUA PDRN Hyaluronic Acid Capsule 100 Serum ...,,marketplace_listing_candidate,,0,False
ANUA_PDRN_HYALURONIC_ACID_CAPSULE_100_SERUM_NA26250100251,Anua,PDRN Hyaluronic Acid Capsule 100 Serum,NA26250100251,shopee.co.id,https://shopee.co.id/ANUA-PDRN-Hyaluronic-Acid-Capsule-100-Serum-30ml-i.897168344.44201642600,Jual ANUA PDRN Hyaluronic Acid Capsule 100 Serum 30ml,,marketplace_listing_candidate,,0,False
ANUA_PDRN_HYALURONIC_ACID_CAPSULE_100_SERUM_NA26250100251,Anua,PDRN Hyaluronic Acid Capsule 100 Serum,NA26250100251,tokopedia.com,https://www.tokopedia.com/find/anua-pdrn-hyaluronic-acid?utm_source,Jual Anua Pdrn Hyaluronic Acid Murah & Terbaik,,marketplace_listing_candidate,,0,False
ANUA_PDRN_HYALURONIC_ACID_CAPSULE_100_SERUM_NA26250100251,Anua,PDRN Hyaluronic Acid Capsule 100 Serum,NA26250100251,tokopedia.com,https://www.tokopedia.com/anuaofficialshop/anua-pdrn-hyaluronic-acid-capsule-100-serum-30ml-1731473635821520424?utm_source=google&utm_medium=organic&utm_campaign=pdp,ANUA PDRN Hyaluronic Acid Capsule 100 Serum 30ml,,marketplace_listing_candidate,,0,False
ANUA_PDRN_HYALURONIC_ACID_CAPSULE_100_SERUM_NA26250100251,Anua,PDRN Hyaluronic Acid Capsule 100 Serum,NA26250100251,tokopedia.com,https://www.tokopedia.com/anuaofficialshop/anua-pdrn-hyaluronic-acid-hydrating-capsule-mist-1734421027808052776?utm_source=google&utm_medium=organic&utm_campaign=pdp,Promo ANUA PDRN Hyaluronic Acid Hydrating Capsule Mist,,marketplace_listing_candidate,,0,False
ANUA_PDRN_HYALURONIC_ACID_CAPSULE_100_SERUM_NA26250100251,Anua,PDRN Hyaluronic Acid Capsule 100 Serum,NA26250100251,tokopedia.com,https://www.tokopedia.com/find/anua-pdrn?utm_source=google&utm_medium=organic&utm_campaign=find,Jual Anua Pdrn Murah & Terbaik - Harga Terbaru Agustus ...,,marketplace_listing_candidate,,0,False
ANUA_PDRN_HYALURONIC_ACID_CAPSULE_100_SERUM_NA26250100251,Anua,PDRN Hyaluronic Acid Capsule 100 Serum,NA26250100251,tokopedia.com,https://www.tokopedia.com/rekomendasi/100567545032,ANUA PDRN Hyaluronic Acid Capsule 100 Serum 30ml,,marketplace_listing_candidate,,0,False
ANUA_PDRN_HYALURONIC_ACID_CAPSULE_100_SERUM_NA26250100251,Anua,PDRN Hyaluronic Acid Capsule 100 Serum,NA26250100251,tokopedia.com,https://www.tokopedia.com/find/anua-pdrn-100-serum?utm_source=google&utm_medium=organic&utm_campaign=find,Jual Anua Pdrn 100 Serum Murah & Terbaik,,marketplace_listing_candidate,,0,False
ARIUL_ARIUL_WATERMELON_HYDRO_VITAL_SUN_SERUM_NA26251700082,Ariul,Ariul Watermelon Hydro Vital Sun Serum,NA26251700082,shopee.com.my,https://shopee.com.my/Ariul-Watermelon-Hydro-Vital-Sun-Serum-i.1020780892.56000484375,Ariul Watermelon Hydro Vital Sun Serum,,marketplace_listing_candidate,,0,False
ARIUL_ARIUL_WATERMELON_HYDRO_VITAL_SUN_SERUM_NA26251700082,Ariul,Ariul Watermelon Hydro Vital Sun Serum,NA26251700082,shopee.co.id,https://shopee.co.id/search?keyword=ariul%20watermelon,Jual ariul watermelon Harga Terbaik & Termurah Agustus ...,,marketplace_listing_candidate,,0,False
ARIUL_ARIUL_WATERMELON_HYDRO_VITAL_SUN_SERUM_NA26251700082,Ariul,Ariul Watermelon Hydro Vital Sun Serum,NA26251700082,tokopedia.com,https://www.tokopedia.com/find/ariul-watermelon?utm_source=google&utm_medium=organic&utm_campaign=find,Jual Ariul Watermelon Agustus 2026 Harga Termurah,,marketplace_listing_candidate,,0,False
SENKA_PERFECT_WHIP_COLLAGEN_IN_NA22231200149,Senka,Perfect Whip Collagen in,NA22231200149,shopee.ph,https://shopee.ph/list/senka/perfect%20whip,Shop senka perfect whip for Sale on Shopee Philippines,,marketplace_listing_candidate,,0,False
SENKA_PERFECT_WHIP_COLLAGEN_IN_NA22231200149,Senka,Perfect Whip Collagen in,NA22231200149,shopee.ph,https://shopee.ph/SENKA-SENKA-Perfect-Whip-Collagen-In-120-G.-i.1387796647.28988774168?extraParams=%7B%22display_model_id%22%3A280746464070%2C%22model_selection_logic%22%3A3%7D,SENKA Perfect Whip Collagen In 120 G.,,marketplace_listing_candidate,,0,False
SENKA_PERFECT_WHIP_COLLAGEN_IN_NA22231200149,Senka,Perfect Whip Collagen in,NA22231200149,tokopedia.com,https://www.tokopedia.com/find/senka-perfect-whip-collagen?utm_source=google&utm_medium=organic&utm_campaign=find,Jual Senka Perfect Whip Collagen Terlengkap,,marketplace_listing_candidate,,0,False
SENKA_PERFECT_WHIP_COLLAGEN_IN_NA22231200149,Senka,Perfect Whip Collagen in,NA22231200149,shopee.co.th,https://shopee.co.th/(%E0%B8%82%E0%B8%AD%E0%B8%87%E0%B9%81%E0%B8%97%E0%B9%89)-SENKA-Perfect-Whip-%E0%B8%97%E0%B8%B8%E0%B8%81%E0%B8%AA%E0%B8%B5-%E0%B8%9F%E0%B9%89%E0%B8%B2-%E0%B9%80%E0%B8%82%E0%B8%B5%E0%B8%A2%E0%B8%A7-Acne-Collagen-VitC-Poreless-%E0%B8%AA%E0%B8%B5%E0%B9%80%E0%B8%AB%E0%B8%A5%E0%B8%B7%E0%B8%AD%E0%B8%87-%E0%B8%82%E0%B8%B2%E0%B8%A7-%E0%B9%80%E0%B8%8B%E0%B8%99%E0%B8%81%E0%B8%B0-%E0%B9%80%E0%B8%9E%E0%B8%AD%E0%B8%A3%E0%B9%8C%E0%B9%80%E0%B8%9F%E0%B9%87%E0%B8%84-%E0%B8%A7%E0%B8%B4%E0%B8%9B-%E0%B8%A7%E0%B8%B4%E0%B8%95%E0%B8%8B%E0%B8%B5-%E0%B8%9E%E0%B8%AD%E0%B8%A3%E0%B9%8C%E0%B9%80%E0%B8%A5%E0%B8%AA-i.858669273.25572141920,(ของแท้) SENKA Perfect Whip ทุกสี ฟ้า เขียว Acne Collagen VitC ...,,marketplace_listing_candidate,,0,False
SENKA_PERFECT_WHIP_COLLAGEN_IN_NA22231200149,Senka,Perfect Whip Collagen in,NA22231200149,shopee.ph,https://shopee.ph/Senka-Perfect-Whip-Collagen-In-Trio-(120g)-Facial-Cleanser-All-Skin-Types--i.576674591.51508284873,Senka Perfect Whip Collagen-In Trio (120g) [Facial ...,,marketplace_listing_candidate,,0,False
SENKA_PERFECT_WHIP_COLLAGEN_IN_NA22231200149,Senka,Perfect Whip Collagen in,NA22231200149,tokopedia.com,https://www.tokopedia.com/find/senka-perfect-whip?utm_source=google&utm_medium=organic&utm_campaign=find,Jual Senka Perfect Whip Murah & Lengkap,,marketplace_listing_candidate,,0,False
SENKA_PERFECT_WHIP_COLLAGEN_IN_NA22231200149,Senka,Perfect Whip Collagen in,NA22231200149,tokopedia.com,https://www.tokopedia.com/find/senka-collagen-50gr?utm_source=google&utm_medium=organic&utm_campaign=find,Daftar Harga Senka Collagen 50gr Terbaru Agustus 2026,,marketplace_listing_candidate,,0,False
SENKA_PERFECT_WHIP_COLLAGEN_IN_NA22231200149,Senka,Perfect Whip Collagen in,NA22231200149,tokopedia.com,https://www.tokopedia.com/asnell/special-senka-perfect-whip-collagen-in-120g-buruan-sebelum-kehabisan-1735527108180476949,Special~ SENKA Perfect Whip Collagen In 120g Buruan ...,,marketplace_listing_candidate,,0,False
SENKA_PERFECT_WHIP_COLLAGEN_IN_NA22231200149,Senka,Perfect Whip Collagen in,NA22231200149,tokopedia.com,https://www.tokopedia.com/guardian-officia/senka-perfect-whip-collagen-in-120g-1736868837512349218,Jual SENKA Perfect Whip Collagen In 120g - Kab. Bekasi,,marketplace_listing_candidate,,0,False
SENKA_PERFECT_WHIP_COLLAGEN_IN_NA22231200149,Senka,Perfect Whip Collagen in,NA22231200149,tokopedia.com,https://www.tokopedia.com/find/senka-facial-wash-white-clay?utm_source=google&utm_medium=organic&utm_campaign=find,Jual Senka Facial Wash White Clay Murah & Terbaik,,marketplace_listing_candidate,,0,False
SENKA_PERFECT_WHIP_COLLAGEN_IN_NA22231200149,Senka,Perfect Whip Collagen in,NA22231200149,tokopedia.com,https://www.tokopedia.com/find/senka?utm_source=google&utm_medium=organic&utm_campaign=find,Senka Original & Terlengkap Agustus 2026,,marketplace_listing_candidate,,0,False
CAUDALIE_VINOPURE_BLEMISH_SALICYLIC_SERUM_NC14250100072,Caudalie,Vinopure Blemish Salicylic Serum,NC14250100072,shopee.ph,https://shopee.ph/CAUDALIE-Vinopure-Blemish-Control-Anti-Imperfections-Salicylic-Serum-(30ml)-i.45640869.25587094050,CAUDALIE Vinopure Blemish Control Anti-Imperfections ...,,marketplace_listing_candidate,,0,False
CAUDALIE_VINOPURE_BLEMISH_SALICYLIC_SERUM_NC14250100072,Caudalie,Vinopure Blemish Salicylic Serum,NC14250100072,sv.shopee.com.my,https://sv.shopee.com.my/web/@hugomall90/video/h8VtNW5uCQClJP0IAAAAAA==,Caudalie Vinopure Blemish Control Salicylic Acid Serum,,marketplace_listing_candidate,,0,False
CAUDALIE_VINOPURE_BLEMISH_SALICYLIC_SERUM_NC14250100072,Caudalie,Vinopure Blemish Salicylic Serum,NC14250100072,tokopedia.com,https://www.tokopedia.com/find/caudalie-vinopure-serum?utm_source=google&utm_medium=organic&utm_campaign=find,Jual Caudalie Vinopure Serum Murah & Terbaik,,marketplace_listing_candidate,,0,False
CAUDALIE_VINOPURE_BLEMISH_SALICYLIC_SERUM_NC14250100072,Caudalie,Vinopure Blemish Salicylic Serum,NC14250100072,tokopedia.com,https://www.tokopedia.com/babeloniolakik/caudalie-vinopure-blemish-salicylic-serum-anti-jerawat-15ml-1734302766433863166,Caudalie vinopure Blemish salicylic serum Anti jerawat 15ml,,marketplace_listing_candidate,,0,False
CAUDALIE_VINOPURE_BLEMISH_SALICYLIC_SERUM_NC14250100072,Caudalie,Vinopure Blemish Salicylic Serum,NC14250100072,tokopedia.com,https://www.tokopedia.com/caudalie,Toko Caudalie Official Store Online,,marketplace_listing_candidate,,0,False
CAUDALIE_VINOPURE_BLEMISH_SALICYLIC_SERUM_NC14250100072,Caudalie,Vinopure Blemish Salicylic Serum,NC14250100072,tokopedia.com,https://www.tokopedia.com/yausgatosgarot47/caudalie-vinopure-blemish-control-infusion-serum-skin-perfecting-serum-1732723202698217305,Caudalie Vinopure Blemish Control Infusion Serum / Skin ...,,marketplace_listing_candidate,,0,False
SULWHASOO_CONCENTRATED_GINSENG_BRIGHTENING_SERUM_NA26221900044,Sulwhasoo,Concentrated Ginseng Brightening Serum,NA26221900044,shopee.ph,https://shopee.ph/list/sulwhasoo/concentrated%20ginseng,Shop sulwhasoo concentrated ginseng for Sale on ...,,marketplace_listing_candidate,,0,False
SULWHASOO_CONCENTRATED_GINSENG_BRIGHTENING_SERUM_NA26221900044,Sulwhasoo,Concentrated Ginseng Brightening Serum,NA26221900044,shopee.co.id,https://shopee.co.id/Sulwhasoo-Concentrated-Ginseng-Brightening-Serum-50ml-i.2510874.23161606277,Sulwhasoo Concentrated Ginseng Brightening Serum 50ml,,marketplace_listing_candidate,,0,False
SULWHASOO_CONCENTRATED_GINSENG_BRIGHTENING_SERUM_NA26221900044,Sulwhasoo,Concentrated Ginseng Brightening Serum,NA26221900044,shopee.co.th,https://shopee.co.th/-Sulwhasoo-CONCENTRATED-GINSENG-BRIGHTENING-SERUM-(1ml-x-12ea)-213-i.235506753.49054675081,[Sulwhasoo] CONCENTRATED GINSENG BRIGHTENING ...,,marketplace_listing_candidate,,0,False
SULWHASOO_CONCENTRATED_GINSENG_BRIGHTENING_SERUM_NA26221900044,Sulwhasoo,Concentrated Ginseng Brightening Serum,NA26221900044,tokopedia.com,https://www.tokopedia.com/find/sulwhasoo-concentrated,Jual Sulwhasoo Concentrated Murah & Lengkap,,marketplace_listing_candidate,,0,False
SULWHASOO_CONCENTRATED_GINSENG_BRIGHTENING_SERUM_NA26221900044,Sulwhasoo,Concentrated Ginseng Brightening Serum,NA26221900044,tokopedia.com,https://www.tokopedia.com/koreanladies87/sulwhasoo-concentrated-ginseng-rejuvenating-serum-1731542328067459009?utm_source,Jual Sulwhasoo Concentrated Ginseng Rejuvenating Serum,,marketplace_listing_candidate,,0,False
SULWHASOO_CONCENTRATED_GINSENG_BRIGHTENING_SERUM_NA26221900044,Sulwhasoo,Concentrated Ginseng Brightening Serum,NA26221900044,tokopedia.com,https://www.tokopedia.com/widisierashop/sulwhasoo-ginseng-brightening-serum-set,Jual Sulwhasoo Ginseng Brightening Serum Set,,marketplace_listing_candidate,,0,False
SULWHASOO_CONCENTRATED_GINSENG_BRIGHTENING_SERUM_NA26221900044,Sulwhasoo,Concentrated Ginseng Brightening Serum,NA26221900044,tokopedia.com,https://www.tokopedia.com/find/sulwhasoo-brightening-serum?utm_source,Jual Sulwhasoo Brightening Serum Agustus 2026 Harga ...,,marketplace_listing_candidate,,0,False
SULWHASOO_CONCENTRATED_GINSENG_BRIGHTENING_SERUM_NA26221900044,Sulwhasoo,Concentrated Ginseng Brightening Serum,NA26221900044,tokopedia.com,https://www.tokopedia.com/toko-yessishop/sulwhasoo-concentrated-ginseng-brightening-serum-50ml-original-counter-bpom-resmi-1731561794980644819,Promo SULWHASOO Concentrated Ginseng Brightening ...,,marketplace_listing_candidate,,0,False
SULWHASOO_CONCENTRATED_GINSENG_BRIGHTENING_SERUM_NA26221900044,Sulwhasoo,Concentrated Ginseng Brightening Serum,NA26221900044,tokopedia.com,https://www.tokopedia.com/find/sulwhasoo-ginseng-serum?utm_source,Jual Sulwhasoo Ginseng Serum Murah & Terbaik,,marketplace_listing_candidate,,0,False
SULWHASOO_CONCENTRATED_GINSENG_BRIGHTENING_SERUM_NA26221900044,Sulwhasoo,Concentrated Ginseng Brightening Serum,NA26221900044,tokopedia.com,https://www.tokopedia.com/keabeautyshopoffici/sulwhasoo-concentrated-ginseng-renewing-rejuvenating-brightening-serum-1732342986198254846,Jual SULWHASOO CONCENTRATED GINSENG ...,,marketplace_listing_candidate,,0,False
ELSHESKIN_15_VITAMIN_C_GLOW_ADVANCE_SERUM_NA18251900022,Elsheskin,15% Vitamin C + Glow Advance Serum,NA18251900022,shopee.co.id,https://shopee.co.id/Elsheskin-15-Vitamin-C-Glow-Advance-Serum-20ml-Brightening-Skincare-Serum-Wajah-Tampak-Lebih-Cerah-dan-Glowing-Mencerahkan-Kulit-Kusam-Memudarkan-Dark-Spots-Melindungi-Kulit-dari-Polusi-Membantu-Mencegah-Penuaan-Dini-i.9035345.13258187670,Jual Elsheskin 15% Vitamin C+ Glow Advance Serum 20ml,,marketplace_listing_candidate,,0,False
ELSHESKIN_15_VITAMIN_C_GLOW_ADVANCE_SERUM_NA18251900022,Elsheskin,15% Vitamin C + Glow Advance Serum,NA18251900022,tokopedia.com,https://www.tokopedia.com/find/elsheskin-vitamin-c?utm_source=google&utm_medium=organic&utm_campaign=find,Jual Elsheskin Vitamin C Murah - Harga Terbaru Agustus ...,,marketplace_listing_candidate,,0,False
ELSHESKIN_15_VITAMIN_C_GLOW_ADVANCE_SERUM_NA18251900022,Elsheskin,15% Vitamin C + Glow Advance Serum,NA18251900022,shopee.co.id,https://shopee.co.id/-NEW-Elsheskin-15-Vitamin-C-Glow-Advance-Serum-i.1089030785.27537475611,Jual [NEW] Elsheskin 15% Vitamin C+Glow Advance Serum,,marketplace_listing_candidate,,0,False
ELSHESKIN_15_VITAMIN_C_GLOW_ADVANCE_SERUM_NA18251900022,Elsheskin,15% Vitamin C + Glow Advance Serum,NA18251900022,tokopedia.com,https://www.tokopedia.com/nihonmart/elsheskin-15-vitamin-c-glow-advance-serum-20ml-1732080970823010186,Promo Elsheskin 15% Vitamin C+ Glow Advance Serum ...,,marketplace_listing_candidate,,0,False
ELSHESKIN_15_VITAMIN_C_GLOW_ADVANCE_SERUM_NA18251900022,Elsheskin,15% Vitamin C + Glow Advance Serum,NA18251900022,tokopedia.com,https://www.tokopedia.com/yomnyamid/elsheskin-15-vitamin-c-glow-advance-serum-20ml-1731161741985613737,Elsheskin 15% Vitamin C+ Glow Advance Serum 20ml,,marketplace_listing_candidate,,0,False
ELSHESKIN_15_VITAMIN_C_GLOW_ADVANCE_SERUM_NA18251900022,Elsheskin,15% Vitamin C + Glow Advance Serum,NA18251900022,tokopedia.com,https://www.tokopedia.com/belibeee/elsheskin-15-vitamin-c-glow-advance-serum-20ml-glowing-skin-cerahkan-kulit-skincare-1734570900114278103,Elsheskin 15% Vitamin C+ Glow Advance Serum 20ml,,marketplace_listing_candidate,,0,False
ELSHESKIN_15_VITAMIN_C_GLOW_ADVANCE_SERUM_NA18251900022,Elsheskin,15% Vitamin C + Glow Advance Serum,NA18251900022,tokopedia.com,https://www.tokopedia.com/elshe-skin,Elsheskin - Produk Resmi & Terlengkap,,marketplace_listing_candidate,,0,False
ELSHESKIN_15_VITAMIN_C_GLOW_ADVANCE_SERUM_NA18251900022,Elsheskin,15% Vitamin C + Glow Advance Serum,NA18251900022,tokopedia.com,https://www.tokopedia.com/padma-estetika-co/elsheskin-15-vitamin-c-glow-advance-serum-20ml-serum-wajah-super-booster-12x-brightening-untuk-kulit-lebih-cerah-dan-glowing-1733851866902530044,Jual Elsheskin 15% Vitamin C+ Glow Advance Serum 20ml,,marketplace_listing_candidate,,0,False
LANBENA_RETINOL_REJUVENATING_SERUM_NA11252000022,LANBENA,Retinol Rejuvenating Serum,NA11252000022,shopee.ph,https://shopee.ph/LANBENA-Retinol-Rejuvenating-Serum-i.340771271.44476546295,LANBENA Retinol Rejuvenating Serum,,marketplace_listing_candidate,,0,False
LANBENA_RETINOL_REJUVENATING_SERUM_NA11252000022,LANBENA,Retinol Rejuvenating Serum,NA11252000022,shop-id.tokopedia.com,https://shop-id.tokopedia.com/pdp/krim-wajah-lanbena-3x-retinol-anti-penuaan-perbaiki-kulit/1731849383881836186,[OFFICIAL STORE] LANBENA 3X Retinol Face Cream | Double,,marketplace_listing_candidate,,0,False
LANBENA_RETINOL_REJUVENATING_SERUM_NA11252000022,LANBENA,Retinol Rejuvenating Serum,NA11252000022,shopee.co.id,https://shopee.co.id/lanbena-retinol-rejuvenating-serum-i.820085553.43123676988,Jual lanbena retinol rejuvenating serum,,marketplace_listing_candidate,,0,False
LANBENA_RETINOL_REJUVENATING_SERUM_NA11252000022,LANBENA,Retinol Rejuvenating Serum,NA11252000022,shopee.co.th,https://shopee.co.th/LANBENA-%E0%B9%81%E0%B8%9C%E0%B9%88%E0%B8%99%E0%B8%95%E0%B8%B2%E0%B9%80%E0%B8%A3%E0%B8%95%E0%B8%B4%E0%B8%99%E0%B8%AD%E0%B8%A5-Retinol-60pcs-30pairs-%E0%B8%95%E0%B9%88%E0%B8%AD%E0%B8%95%E0%B9%89%E0%B8%B2%E0%B8%99%E0%B8%A3%E0%B8%B4%E0%B9%89%E0%B8%A7%E0%B8%A3%E0%B8%AD%E0%B8%A2-%E0%B8%A5%E0%B8%94%E0%B8%A3%E0%B8%B4%E0%B9%89%E0%B8%A7%E0%B9%80%E0%B8%A5%E0%B9%87%E0%B8%81-%E0%B8%A2%E0%B8%81%E0%B8%81%E0%B8%A3%E0%B8%B0%E0%B8%8A%E0%B8%B1%E0%B8%9A-%E0%B8%9F%E0%B8%B7%E0%B9%89%E0%B8%99%E0%B8%9F%E0%B8%B9%E0%B8%9C%E0%B8%B4%E0%B8%A7-%E0%B8%A1%E0%B8%B2%E0%B8%AA%E0%B9%8C%E0%B8%81%E0%B9%83%E0%B8%95%E0%B9%89%E0%B8%95%E0%B8%B2-i.86465195.23260973784,LANBENA แผ่นตาเรตินอล Retinol 60pcs/30pairs ต่อต้านริ้วรอย ลด ...,,marketplace_listing_candidate,,0,False
LANBENA_RETINOL_REJUVENATING_SERUM_NA11252000022,LANBENA,Retinol Rejuvenating Serum,NA11252000022,shopee.com.my,https://shopee.com.my/lanbenaofficial.os,"LANBENA Official Store Online, August 2026",,marketplace_listing_candidate,,0,False
LANBENA_RETINOL_REJUVENATING_SERUM_NA11252000022,LANBENA,Retinol Rejuvenating Serum,NA11252000022,tokopedia.com,https://www.tokopedia.com/watsons-indonesia-official-store/lanbena-retinol-rejuvenating-serum-30ml-1736522834286183705,Jual Lanbena Retinol Rejuvenating Serum 30ml,,marketplace_listing_candidate,,0,False
LANBENA_RETINOL_REJUVENATING_SERUM_NA11252000022,LANBENA,Retinol Rejuvenating Serum,NA11252000022,tokopedia.com,https://www.tokopedia.com/lanbenaid/hot-official-lanbena-3x-encapsulated-retinol-serum-double-layer-encapsulation-anti-aging-reduce-fine-lines-retinol-serum-with-niacinamide-ceramides-brighten-skin-repair-barrier-30ml-1731908802610628383,[HOT][OFFICIAL] LANBENA 3X Encapsulated Retinol Serum,,marketplace_listing_candidate,,0,False
LANBENA_RETINOL_REJUVENATING_SERUM_NA11252000022,LANBENA,Retinol Rejuvenating Serum,NA11252000022,tokopedia.com,https://www.tokopedia.com/find/lanbena-retinol?utm_source,Jual Lanbena Retinol Murah & Terbaik,,marketplace_listing_candidate,,0,False
LANBENA_RETINOL_REJUVENATING_SERUM_NA11252000022,LANBENA,Retinol Rejuvenating Serum,NA11252000022,tokopedia.com,https://www.tokopedia.com/find/lanbena-serum,Jual Lanbena Serum Agustus 2026 Harga Termurah,,marketplace_listing_candidate,,0,False
COSRX_THE_HYALURONIC_ACID_3_SERUM_NA26222000050,COSRX,The Hyaluronic Acid 3 Serum,NA26222000050,shopee.ph,https://shopee.ph/COSRX-The-Hyaluronic-Acid-3-Serum-20ml-i.230720.19626159531,COSRX The Hyaluronic Acid 3 Serum 20ml,,marketplace_listing_candidate,,0,False
COSRX_THE_HYALURONIC_ACID_3_SERUM_NA26222000050,COSRX,The Hyaluronic Acid 3 Serum,NA26222000050,shopee.ph,https://shopee.ph/-COSRX-The-Hyaluronic-Acid-3-Serum-20ml-i.153457773.18352648565,[COSRX] The Hyaluronic Acid 3 Serum 20ml,,marketplace_listing_candidate,,0,False
COSRX_THE_HYALURONIC_ACID_3_SERUM_NA26222000050,COSRX,The Hyaluronic Acid 3 Serum,NA26222000050,tokopedia.com,https://www.tokopedia.com/krean-eauty-fficial-stre/original-cosrx-the-hyaluronic-acid-3-serum-amino-acids-ceramide-np-size-20-ml-1732360890115196622,[ Original ]COSRX The Hyaluronic Acid 3 Serum Amino ...,,marketplace_listing_candidate,,0,False
COSRX_THE_HYALURONIC_ACID_3_SERUM_NA26222000050,COSRX,The Hyaluronic Acid 3 Serum,NA26222000050,tokopedia.com,https://www.tokopedia.com/find/cosrx-hyaluronic?utm_source=google&utm_medium=organic&utm_campaign=find,Jual Cosrx Hyaluronic Agustus 2026 Harga Termurah,,marketplace_listing_candidate,,0,False
COSRX_THE_HYALURONIC_ACID_3_SERUM_NA26222000050,COSRX,The Hyaluronic Acid 3 Serum,NA26222000050,tokopedia.com,https://www.tokopedia.com/rekomendasi/100576424496,Rekomendasi [original 100%] Cosrx The Hyaluronic Acid 3 ...,,marketplace_listing_candidate,,0,False
COSRX_THE_HYALURONIC_ACID_3_SERUM_NA26222000050,COSRX,The Hyaluronic Acid 3 Serum,NA26222000050,tokopedia.com,https://www.tokopedia.com/cillabeautypalace/original-cosrx-the-hyaluronic-acid-3-serum-20ml?utm_source=google&utm_medium=organic&utm_campaign=pdp,Jual ORIGINAL COSRX The Hyaluronic Acid 3 Serum 20ml,,marketplace_listing_candidate,,0,False
COSRX_THE_HYALURONIC_ACID_3_SERUM_NA26222000050,COSRX,The Hyaluronic Acid 3 Serum,NA26222000050,tokopedia.com,https://www.tokopedia.com/schminkhaus/bpom-cosrx-the-hyaluronic-acid-3-serum-20ml?utm_source=google&utm_medium=organic&utm_campaign=pdp,[BPOM] COSRX The Hyaluronic Acid 3 Serum 20ml,,marketplace_listing_candidate,,0,False
COSRX_THE_HYALURONIC_ACID_3_SERUM_NA26222000050,COSRX,The Hyaluronic Acid 3 Serum,NA26222000050,shopee.co.id,https://shopee.co.id/COSRX-The-Hyaluronic-Acid-3-Serum-Size-20-ml-i.404429429.18088383939,"COSRX The Hyaluronic Acid 3 Serum, Size - 20 ml",,marketplace_listing_candidate,,0,False
DR_G_DR_G_RTX_INTO_SERUM_VITAMINSHOT_NA26251900043,Dr.G,Dr.G RTX Into Serum Vitaminshot,NA26251900043,shopee.sg,https://shopee.sg/-Dr.G-RTX-Into-Serum-Vitamin-Shot-Peptishot-Hyalshot-50ml-Essence-Ampoule-Moisturiser-Moisturizer-i.648421237.27002402579,"[Dr.G] RTX Into Serum Vitamin Shot, Peptishot, Hyalshot ...",,marketplace_listing_candidate,,0,False
DR_G_DR_G_RTX_INTO_SERUM_HYALSHOT_NA26250100229,Dr.G,Dr.G RTX Into Serum Hyalshot,NA26250100229,shopee.com.my,https://shopee.com.my/-Dr.G-RTX-Into-Serum-Vitamin-Shot-Peptishot-Hyalshot-50ml-Essence-Ampoule-Moisturiser-Moisturizer-i.701553031.26252407519,"[Dr.G] RTX Into Serum Vitamin Shot, Peptishot, Hyalshot ...",,marketplace_listing_candidate,,0,False
ELSHESKIN_DAILY_BOOST_ANTIOXIDANT_SERUM_NA18211903438,Elsheskin,Daily Boost Antioxidant Serum,NA18211903438,shopee.co.id,https://shopee.co.id/ElsheSkin-Daily-Boost-Antioxidant-Serum-30ml-Vitamin-C-(Kulit-8x-Lebih-Cerah)-NEW-Brightening-Serum-i.66348476.25963189923,ElsheSkin Daily Boost Antioxidant Serum 30ml Vitamin C ...,,marketplace_listing_candidate,,0,False
ELSHESKIN_DAILY_BOOST_ANTIOXIDANT_SERUM_NA18211903438,Elsheskin,Daily Boost Antioxidant Serum,NA18211903438,tokopedia.com,https://www.tokopedia.com/find/elsheskin-vitamin-c?utm_source=google&utm_medium=organic&utm_campaign=find,Jual Elsheskin Vitamin C Murah - Harga Terbaru Agustus ...,,marketplace_listing_candidate,,0,False
ELSHESKIN_DAILY_BOOST_ANTIOXIDANT_SERUM_NA18211903438,Elsheskin,Daily Boost Antioxidant Serum,NA18211903438,tokopedia.com,https://www.tokopedia.com/jocelynroom/elsheskin-daily-boost-antioxidant-serum-new-kaya-antioksidan-mel/media/product/0,ELSHESKIN Daily Boost Antioxidant Serum [ NEW ],,marketplace_listing_candidate,,0,False
ELSHESKIN_DAILY_BOOST_ANTIOXIDANT_SERUM_NA18211903438,Elsheskin,Daily Boost Antioxidant Serum,NA18211903438,tokopedia.com,https://www.tokopedia.com/yueha/elsheskin-daily-boost-antioxidant-serum-15-30ml-vitamin-c-kulit-8x-30ml-b6c18,ElsheSkin Daily Boost Antioxidant Serum 15 30ml Vitamin ...,,marketplace_listing_candidate,,0,False
ELSHESKIN_DAILY_BOOST_ANTIOXIDANT_SERUM_NA18211903438,Elsheskin,Daily Boost Antioxidant Serum,NA18211903438,tokopedia.com,https://www.tokopedia.com/elshe-skin/elsheskin-daily-boost-antioxidant-serum/media/product/0,Video dan Gambar Elsheskin Daily Boost Antioxidant Serum,,marketplace_listing_candidate,,0,False
ELSHESKIN_DAILY_BOOST_ANTIOXIDANT_SERUM_NA18211903438,Elsheskin,Daily Boost Antioxidant Serum,NA18211903438,tokopedia.com,https://www.tokopedia.com/find/elsheskin-antioxidant?utm_source=google&utm_medium=organic&utm_campaign=find,Jual Elsheskin Antioxidant Murah - Harga Terbaru 2026,,marketplace_listing_candidate,,0,False
ELSHESKIN_DAILY_BOOST_ANTIOXIDANT_SERUM_NA18211903438,Elsheskin,Daily Boost Antioxidant Serum,NA18211903438,tokopedia.com,https://www.tokopedia.com/yueha/elsheskin-daily-boost-antioxidant-serum-15-30ml-vitamin-c-kulit-8x-15ml-e9a6b,ElsheSkin Daily Boost Antioxidant Serum 15 30ml Vitamin ...,,marketplace_listing_candidate,,0,False
ELSHESKIN_DAILY_BOOST_ANTIOXIDANT_SERUM_NA18211903438,Elsheskin,Daily Boost Antioxidant Serum,NA18211903438,tokopedia.com,https://www.tokopedia.com/amoradaisy/elsheskin-daily-boost-antioxidant-serum-1731556008390723545?utm_source=google&utm_medium=organic&utm_campaign=pdp,Jual Elsheskin Daily Boost Antioxidant Serum - 30ML,,marketplace_listing_candidate,,0,False
ELSHESKIN_DAILY_BOOST_ANTIOXIDANT_SERUM_NA18211903438,Elsheskin,Daily Boost Antioxidant Serum,NA18211903438,tokopedia.com,https://www.tokopedia.com/elshe-skin/live-flash-sale-elsheskin-daily-boost-antioxidant-serum-15ml/review?spd=7878107047,Review (LIVE FLASH SALE) Elsheskin Daily Boost ...,,marketplace_listing_candidate,,0,False
ELSHESKIN_DAILY_BOOST_ANTIOXIDANT_SERUM_NA18211903438,Elsheskin,Daily Boost Antioxidant Serum,NA18211903438,tokopedia.com,https://www.tokopedia.com/elshe-skin/elsheskin-daily-boost-antioxidant-serum-30ml/media/product/0,Video dan Gambar Elsheskin Daily Boost Antioxidant Serum,,marketplace_listing_candidate,,0,False
DR_G_DR_G_RTX_INTO_SERUM_PEPTISHOT_NA26250100230,Dr.G,Dr.G RTX Into Serum Peptishot,NA26250100230,shopee.sg,https://shopee.sg/-Dr.G-RTX-Into-Serum-Vitamin-Shot-Peptishot-Hyalshot-50ml-Essence-Ampoule-Moisturiser-Moisturizer-i.648421237.27002402579,"[Dr.G] RTX Into Serum Vitamin Shot, Peptishot, Hyalshot ...",,marketplace_listing_candidate,,0,False
SKINTIFIC_10_PURE_VITAMIN_C_BRIGHTENING_SERUM_NKIT250001190,Skintific,10% Pure Vitamin C Brightening Serum,NKIT250001190,shopee.co.id,https://shopee.co.id/SKINTIFIC-10-Pure-Vitamin-C-Brightening-Serum-Kemasan-Baru--i.64299569.23974457163,Jual SKINTIFIC 10% Pure Vitamin C Brightening Serum ...,,marketplace_listing_candidate,,0,False
SKINTIFIC_10_PURE_VITAMIN_C_BRIGHTENING_SERUM_NKIT250001190,Skintific,10% Pure Vitamin C Brightening Serum,NKIT250001190,shopee.co.id,https://shopee.co.id/list/Skintific/Vitamin%20C/Serum,Jual Skintific Vitamin C Serum Terlengkap & Harga ...,,marketplace_listing_candidate,,0,False
SKINTIFIC_10_PURE_VITAMIN_C_BRIGHTENING_SERUM_NKIT250001190,Skintific,10% Pure Vitamin C Brightening Serum,NKIT250001190,shopee.co.id,https://shopee.co.id/list/Skintific/Vitamin%20C,Jual Skintific Vitamin C Terlengkap & Harga Terbaru ...,,marketplace_listing_candidate,,0,False
SKINTIFIC_10_PURE_VITAMIN_C_BRIGHTENING_SERUM_NKIT250001190,Skintific,10% Pure Vitamin C Brightening Serum,NKIT250001190,tokopedia.com,https://www.tokopedia.com/find/skintific-10-vitamin-c-serum?utm_source,Jual Skintific 10 Vitamin C Serum Murah & Terbaik,,marketplace_listing_candidate,,0,False
SKINTIFIC_10_PURE_VITAMIN_C_BRIGHTENING_SERUM_NKIT250001190,Skintific,10% Pure Vitamin C Brightening Serum,NKIT250001190,tokopedia.com,https://www.tokopedia.com/find/skintific-vitamin-c?utm_source=google&utm_medium=organic&utm_campaign=find,Jual Skintific Vitamin C Murah - Harga Terbaru Agustus 2026,,marketplace_listing_candidate,,0,False
SKINTIFIC_10_PURE_VITAMIN_C_BRIGHTENING_SERUM_NKIT250001190,Skintific,10% Pure Vitamin C Brightening Serum,NKIT250001190,tokopedia.com,https://www.tokopedia.com/find/skintific-vitamin-c-10?utm_source=google&utm_medium=organic&utm_campaign=find,Jual Skintific Vitamin C 10 Murah & Terbaik,,marketplace_listing_candidate,,0,False
SKINTIFIC_10_PURE_VITAMIN_C_BRIGHTENING_SERUM_NKIT250001190,Skintific,10% Pure Vitamin C Brightening Serum,NKIT250001190,tokopedia.com,https://www.tokopedia.com/alfamedikaofficial/skintific-10-pure-vitamin-c-brightening-serum-1731411750602704745,Jual Skintific 10% Pure Vitamin C Brightening Serum,,marketplace_listing_candidate,,0,False
SKINTIFIC_10_PURE_VITAMIN_C_BRIGHTENING_SERUM_NKIT250001190,Skintific,10% Pure Vitamin C Brightening Serum,NKIT250001190,tokopedia.com,https://www.tokopedia.com/limeikosmetik/skintific-10-pure-vitamin-c-brightening-serum-1732769612094932674,Jual ￼Skintific 10% Pure Vitamin C Brightening Serum,,marketplace_listing_candidate,,0,False
SKINTIFIC_10_PURE_VITAMIN_C_BRIGHTENING_SERUM_NKIT250001190,Skintific,10% Pure Vitamin C Brightening Serum,NKIT250001190,tokopedia.com,https://www.tokopedia.com/find/serum-skintific-10?utm_source=google&utm_medium=organic&utm_campaign=find,Jual Serum Skintific 10 Murah & Terbaik - Harga Terbaru ...,,marketplace_listing_candidate,,0,False
SKINTIFIC_10_PURE_VITAMIN_C_BRIGHTENING_SERUM_NKIT250001190,Skintific,10% Pure Vitamin C Brightening Serum,NKIT250001190,tokopedia.com,https://www.tokopedia.com/find/10-pure-vitamin-c-brightening-serum?utm_source=google&utm_medium=organic&utm_campaign=find,Jual 10 Pure Vitamin C Brightening Serum Murah & Terbaik,,marketplace_listing_candidate,,0,False
GLAD2GLOW_PERFECT_VITA_C_BRIGHT_GLOW_SERUM_NA11251900043,Glad2Glow,Perfect Vita C Bright Glow Serum,NA11251900043,shopee.com.my,https://shopee.com.my/GLAD2GLOW-PERFECT-VITA-C-BRIGHT-GLOW-SERUM-(17-ML)-BRIGHT-Glowing-Facial-Serum-G2G-i.270030518.57908466036,PERFECT VITA C BRIGHT GLOW SERUM (17 ML),,marketplace_listing_candidate,,0,False
GLAD2GLOW_PERFECT_VITA_C_BRIGHT_GLOW_SERUM_NA11251900043,Glad2Glow,Perfect Vita C Bright Glow Serum,NA11251900043,shop-id.tokopedia.com,https://shop-id.tokopedia.com/pdp/1733419153695474978,【Buy More Save More】Glad2Glow PERFECT VC BRIGHT ...,,marketplace_listing_candidate,,0,False
GLAD2GLOW_PERFECT_VITA_C_BRIGHT_GLOW_SERUM_NA11251900043,Glad2Glow,Perfect Vita C Bright Glow Serum,NA11251900043,sv.shopee.co.id,https://sv.shopee.co.id/web/@alfani_hasabi/video/ecAtD2IoCQA2zIorAAAAAA==,Glad2Glow Perfect Vita C Bright Glow Serum 17ml,,marketplace_listing_candidate,,0,False
GLAD2GLOW_PERFECT_VITA_C_BRIGHT_GLOW_SERUM_NA11251900043,Glad2Glow,Perfect Vita C Bright Glow Serum,NA11251900043,tokopedia.com,https://www.tokopedia.com/find/glad2glow-perfect-vita-c?utm_source=google&utm_medium=organic&utm_campaign=find,Jual Glad2glow Perfect Vita C Murah & Terbaik,,marketplace_listing_candidate,,0,False
GLAD2GLOW_PERFECT_VITA_C_BRIGHT_GLOW_SERUM_NA11251900043,Glad2Glow,Perfect Vita C Bright Glow Serum,NA11251900043,tokopedia.com,https://www.tokopedia.com/skincare-termantul/glad2glow-perfect-vita-c-bright-glow-serum-17ml-1732143960723654037,Jual Glad2Glow Perfect Vita C Bright Glow Serum 17ml,,marketplace_listing_candidate,,0,False
GLAD2GLOW_PERFECT_VITA_C_BRIGHT_GLOW_SERUM_NA11251900043,Glad2Glow,Perfect Vita C Bright Glow Serum,NA11251900043,tokopedia.com,https://www.tokopedia.com/find/vitamin-c-glad2glow-serum?utm_source=google&utm_medium=organic&utm_campaign=find,Jual Vitamin C Glad2glow Serum Murah & Terbaik,,marketplace_listing_candidate,,0,False
GLAD2GLOW_PERFECT_VITA_C_BRIGHT_GLOW_SERUM_NA11251900043,Glad2Glow,Perfect Vita C Bright Glow Serum,NA11251900043,tokopedia.com,https://www.tokopedia.com/ernayabeauty/glad2glow-jeju-tangerine-vita-c-power-bright-glow-serum-moisturiser-1730514773924676771?utm_source=google&utm_medium=organic&utm_campaign=pdp,GLAD2GLOW Jeju Tangerine Vita C Power Bright Glow ...,,marketplace_listing_candidate,,0,False
GLAD2GLOW_PERFECT_VITA_C_BRIGHT_GLOW_SERUM_NA11251900043,Glad2Glow,Perfect Vita C Bright Glow Serum,NA11251900043,tokopedia.com,https://www.tokopedia.com/find/glad2glow-serum?page=1&additional_params=7365617263685f69643d3230323630333232303735303030384433424241373432354537433933384452344a&utm_source=google&utm_medium=organic&utm_campaign=find,Jual Glad2glow Serum Terlengkap - Harga Murah Juni 2026,,marketplace_listing_candidate,,0,False
KAIE_EVEN_TONE_RADIANCE_RENEW_SERUM_NA18240107391,KAIE,Even Tone + Radiance Renew Serum,NA18240107391,shopee.co.id,https://shopee.co.id/KAIE-Even-Tone-Radiance-Renew-Serum-i.101868353.28461305847,Jual KAIE - Even Tone + Radiance Renew Serum,,marketplace_listing_candidate,,0,False
KAIE_EVEN_TONE_RADIANCE_RENEW_SERUM_NA18240107391,KAIE,Even Tone + Radiance Renew Serum,NA18240107391,tokopedia.com,https://www.tokopedia.com/kaieofficial/kaie-discovery-set-a-rice-powder-cleanser-hydra-booster-daily-moisture-serum-even-tone-radiance-renew-serum-blemish-care-pore-refining-serum-anti-aging-peptide-complex-cream-moisturizer-lively-lip-oil-1731529973197145262,Promo Kaie Discovery Set A (Rice Powder Cleanser ...,,marketplace_listing_candidate,,0,False
KAIE_EVEN_TONE_RADIANCE_RENEW_SERUM_NA18240107391,KAIE,Even Tone + Radiance Renew Serum,NA18240107391,tokopedia.com,https://www.tokopedia.com/kaieofficial/kaie-ultimate-anti-aging-focus-trio-hydra-booster-daily-moisture-serum-even-tone-radiance-renew-serum-anti-aging-peptide-complex-cream-moisturizer,Promo KAIE - Ultimate Anti-Aging Focus Trio (Hydra ...,,marketplace_listing_candidate,,0,False
KAIE_EVEN_TONE_RADIANCE_RENEW_SERUM_NA18240107391,KAIE,Even Tone + Radiance Renew Serum,NA18240107391,tokopedia.com,https://www.tokopedia.com/kaieofficial/even-tone-radiance-renew-serum,Promo Even Tone + Radiance Renew Serum - Kota Depok,,marketplace_listing_candidate,,0,False
KAIE_EVEN_TONE_RADIANCE_RENEW_SERUM_NA18240107391,KAIE,Even Tone + Radiance Renew Serum,NA18240107391,tokopedia.com,https://www.tokopedia.com/kaieofficial/kaie-radiant-glow-skin-set-rice-powder-cleanser-hydra-booster-daily-moisture-serum-even-tone-radiance-renew-serum?utm_source=google&utm_medium=organic&utm_campaign=pdp,"Jual Kaie Radiant Glow Skin Set (Rice Powder Cleanser, Hydra ...",,marketplace_listing_candidate,,0,False
KAIE_EVEN_TONE_RADIANCE_RENEW_SERUM_NA18240107391,KAIE,Even Tone + Radiance Renew Serum,NA18240107391,tokopedia.com,https://www.tokopedia.com/kaieofficial/kaie-duo-radiance-care-set-lively-lip-oil-peptide-ceramide-and-squalane-even-tone-radiance-renew-serum-1732276260211754158-1735475450203440302,Promo KAIE - Duo Radiance Care Set - Lively Lip Oil (Peptide ...,,marketplace_listing_candidate,,0,False
KAIE_EVEN_TONE_RADIANCE_RENEW_SERUM_NA18240107391,KAIE,Even Tone + Radiance Renew Serum,NA18240107391,tokopedia.com,https://www.tokopedia.com/kaieofficial/kaie-trio-serum-blemish-banish-pore-refining-hydra-booster-daily-moisture-even-tone-radiance-renew,"Kaie Trio Serum (Blemish Banish + Pore Refining, Hydra ...",,marketplace_listing_candidate,,0,False
KAIE_EVEN_TONE_RADIANCE_RENEW_SERUM_NA18240107391,KAIE,Even Tone + Radiance Renew Serum,NA18240107391,tokopedia.com,https://www.tokopedia.com/kaieofficial/kaie-moisturizer-anti-aging-serum-even-tone-1735896699482703022-1735896815544927406,Duo Radiant & Youthful Skin Set - Moisturizer Anti Aging ...,,marketplace_listing_candidate,,0,False
COSRX_THE_VITAMIN_C_23_SERUM_NA26222000054,COSRX,The Vitamin C 23 Serum,NA26222000054,shopee.ph,https://shopee.ph/list/cosrx/serum/vitamin%20c%2023,Shop cosrx serum vitamin c 23 for Sale on ...,,marketplace_listing_candidate,,0,False
COSRX_THE_VITAMIN_C_23_SERUM_NA26222000054,COSRX,The Vitamin C 23 Serum,NA26222000054,shopee.ph,https://shopee.ph/COSRX-The-Vitamin-C-23-Serum-(20g)-i.1423495833.48561037857,COSRX The Vitamin C 23 Serum (20g),,marketplace_listing_candidate,,0,False
COSRX_THE_VITAMIN_C_23_SERUM_NA26222000054,COSRX,The Vitamin C 23 Serum,NA26222000054,shop-id.tokopedia.com,https://shop-id.tokopedia.com/pdp/serum-vitamin-c-cosrx-20ml-mencerahkan-memudarkan-jerawat-kulit-glowing/1729570070412101961,Cosrx The Vitamin C 23 Serum 20 gr Wajah Kering Kusam ...,,marketplace_listing_candidate,,0,False
COSRX_THE_VITAMIN_C_23_SERUM_NA26222000054,COSRX,The Vitamin C 23 Serum,NA26222000054,tokopedia.com,https://www.tokopedia.com/find/cosrx-vitamin-c-23-serum?utm_source=google&utm_medium=organic&utm_campaign=find,Jual Cosrx Vitamin C 23 Serum Murah & Terbaik,,marketplace_listing_candidate,,0,False
COSRX_THE_VITAMIN_C_23_SERUM_NA26222000054,COSRX,The Vitamin C 23 Serum,NA26222000054,tokopedia.com,https://www.tokopedia.com/find/cosrx-vitamin-c?utm_source=google&utm_medium=organic&utm_campaign=find,Jual Cosrx Vitamin C Agustus 2026 Harga Termurah,,marketplace_listing_candidate,,0,False
COSRX_THE_VITAMIN_C_23_SERUM_NA26222000054,COSRX,The Vitamin C 23 Serum,NA26222000054,tokopedia.com,https://www.tokopedia.com/cosrxindonesia/cosrx-triplepack-of-advanced-the-vitamin-c-23-serum-1734572835865003337,COSRX Triplepack of Advanced The Vitamin C 23 Serum,,marketplace_listing_candidate,,0,False
COSRX_THE_VITAMIN_C_23_SERUM_NA26222000054,COSRX,The Vitamin C 23 Serum,NA26222000054,tokopedia.com,https://www.tokopedia.com/find/vitamin-c-cosrx?page=1&additional_params=7365617263685f69643d32303236303431313037303231343430303038423941353338304643323442354e4f&utm_source=google&utm_medium=organic&utm_campaign=find,Jual Vitamin C Cosrx Murah & Terbaik - Harga Terbaru ...,,marketplace_listing_candidate,,0,False
COSRX_THE_VITAMIN_C_23_SERUM_NA26222000054,COSRX,The Vitamin C 23 Serum,NA26222000054,tokopedia.com,https://www.tokopedia.com/rekomendasi/100266831799,Rekomendasi Cosrx The Vitamin C 23 Serum Size,,marketplace_listing_candidate,,0,False
COSRX_THE_VITAMIN_C_23_SERUM_NA26222000054,COSRX,The Vitamin C 23 Serum,NA26222000054,tokopedia.com,https://www.tokopedia.com/find/cosrx-peptide-serum?utm_source=google&utm_medium=organic&utm_campaign=find,Jual Cosrx Peptide Serum Murah & Terbaik,,marketplace_listing_candidate,,0,False
COSRX_THE_VITAMIN_C_23_SERUM_NA26222000054,COSRX,The Vitamin C 23 Serum,NA26222000054,tokopedia.com,https://www.tokopedia.com/find/cosrx-vitamin-c-23?utm_source=google&utm_medium=organic&utm_campaign=find,Jual Cosrx Vitamin C 23 Murah - Harga Terbaru Agustus ...,,marketplace_listing_candidate,,0,False
COSRX_THE_VITAMIN_C_23_SERUM_NA26222000054,COSRX,The Vitamin C 23 Serum,NA26222000054,tokopedia.com,https://www.tokopedia.com/ana-uswah-syarifa-shop/cosrx-the-vitamin-c-23-serum-20-g-1736159863236953098-1736160291690152970,Jual COSRX The Vitamin C 23 Serum 20 g - Niacinamide 15,,marketplace_listing_candidate,,0,False
KAIE_HYDRA_BOOSTER_DAILY_MOISTURE_SERUM_NA18240107392,KAIE,Hydra Booster + Daily Moisture Serum,NA18240107392,shopee.co.id,https://shopee.co.id/KAIE-Hydra-Booster-Daily-Moisture-Serum-i.101868353.21687692189,Jual KAIE - Hydra Booster + Daily Moisture Serum,,marketplace_listing_candidate,,0,False
KAIE_HYDRA_BOOSTER_DAILY_MOISTURE_SERUM_NA18240107392,KAIE,Hydra Booster + Daily Moisture Serum,NA18240107392,tokopedia.com,https://www.tokopedia.com/kaieofficial/hydra-booster-daily-moisture-serum,Hydra Booster + Daily Moisture Serum - Kota Depok - Kaie.co,,marketplace_listing_candidate,,0,False
KAIE_HYDRA_BOOSTER_DAILY_MOISTURE_SERUM_NA18240107392,KAIE,Hydra Booster + Daily Moisture Serum,NA18240107392,tokopedia.com,https://www.tokopedia.com/kaieofficial/kaie-ultimate-anti-aging-focus-trio-hydra-booster-daily-moisture-serum-even-tone-radiance-renew-serum-anti-aging-peptide-complex-cream-moisturizer,Promo KAIE - Ultimate Anti-Aging Focus Trio (Hydra Booster ...,,marketplace_listing_candidate,,0,False
KAIE_HYDRA_BOOSTER_DAILY_MOISTURE_SERUM_NA18240107392,KAIE,Hydra Booster + Daily Moisture Serum,NA18240107392,tokopedia.com,https://www.tokopedia.com/kaieofficial/kaie-radiant-glow-skin-set-rice-powder-cleanser-hydra-booster-daily-moisture-serum-even-tone-radiance-renew-serum?utm_source=google&utm_medium=organic&utm_campaign=pdp,"Jual Kaie Radiant Glow Skin Set (Rice Powder Cleanser, Hydra ...",,marketplace_listing_candidate,,0,False
KAIE_HYDRA_BOOSTER_DAILY_MOISTURE_SERUM_NA18240107392,KAIE,Hydra Booster + Daily Moisture Serum,NA18240107392,tokopedia.com,https://www.tokopedia.com/kaieofficial/kaie-skin-barrier-duo-hydra-booster-daily-moisture-serum-barrier-repair-gentle-soothe-gel-moisturizer?txsc=google,Skin Barrier Duo (Hydra Booster + Daily Moisture Serum ...,,marketplace_listing_candidate,,0,False
KAIE_HYDRA_BOOSTER_DAILY_MOISTURE_SERUM_NA18240107392,KAIE,Hydra Booster + Daily Moisture Serum,NA18240107392,tokopedia.com,https://www.tokopedia.com/kaieofficial/kaie-discovery-set-a-rice-powder-cleanser-hydra-booster-daily-moisture-serum-even-tone-radiance-renew-serum-blemish-care-pore-refining-serum-anti-aging-peptide-complex-cream-moisturizer-lively-lip-oil-1731529973197145262,Promo Kaie Discovery Set A (Rice Powder Cleanser ...,,marketplace_listing_candidate,,0,False
KAIE_HYDRA_BOOSTER_DAILY_MOISTURE_SERUM_NA18240107392,KAIE,Hydra Booster + Daily Moisture Serum,NA18240107392,tokopedia.com,https://www.tokopedia.com/kaieofficial/kaie-trio-serum-blemish-banish-pore-refining-hydra-booster-daily-moisture-even-tone-radiance-renew,"Kaie Trio Serum (Blemish Banish + Pore Refining, Hydra ...",,marketplace_listing_candidate,,0,False
KAIE_HYDRA_BOOSTER_DAILY_MOISTURE_SERUM_NA18240107392,KAIE,Hydra Booster + Daily Moisture Serum,NA18240107392,tokopedia.com,https://www.tokopedia.com/kaieofficial/hydra-booster-daily-moisture-serum/review?spd=15130387713,Review KAIE - Hydra Booster + Daily Moisture Serum,,marketplace_listing_candidate,,0,False
KAIE_BLEMISH_CARE_PORE_REFINING_SERUM_NA18240108161,KAIE,Blemish Care + Pore Refining Serum,NA18240108161,shopee.co.id,https://shopee.co.id/KAIE-Blemish-Care-Pore-Refining-Serum-i.101868353.25536542181,Jual KAIE - Blemish Care + Pore Refining Serum,,marketplace_listing_candidate,,0,False
KAIE_BLEMISH_CARE_PORE_REFINING_SERUM_NA18240108161,KAIE,Blemish Care + Pore Refining Serum,NA18240108161,shop-id.tokopedia.com,https://shop-id.tokopedia.com/pdp/kaie-set-pembersih-harian-serum-perawatan-noda-gel-melembapkan/1730688846812578990,"KAIE - Daily Purifying Trio (Rice Powder Cleanser, Blemish ...",,marketplace_listing_candidate,,0,False
KAIE_BLEMISH_CARE_PORE_REFINING_SERUM_NA18240108161,KAIE,Blemish Care + Pore Refining Serum,NA18240108161,shopee.co.id,https://shopee.co.id/KAIE-Duo-Care-Set-Lively-Lip-Oil-(Peptide-Ceramide-and-Squalane)-Blemish-Care-Pore-Refining-Serum-i.101868353.43314524206,"KAIE - Duo Care Set - Lively Lip Oil (Peptide, Ceramide ...",,marketplace_listing_candidate,,0,False
KAIE_BLEMISH_CARE_PORE_REFINING_SERUM_NA18240108161,KAIE,Blemish Care + Pore Refining Serum,NA18240108161,tokopedia.com,https://www.tokopedia.com/kaieofficial/kaie-blemish-care-pore-refining-serum,Blemish Care + Pore Refining Serum - Kota Depok - Kaie.co,,marketplace_listing_candidate,,0,False
KAIE_BLEMISH_CARE_PORE_REFINING_SERUM_NA18240108161,KAIE,Blemish Care + Pore Refining Serum,NA18240108161,tokopedia.com,https://www.tokopedia.com/kaieofficial/kaie-discovery-set-a-rice-powder-cleanser-hydra-booster-daily-moisture-serum-even-tone-radiance-renew-serum-blemish-care-pore-refining-serum-anti-aging-peptide-complex-cream-moisturizer-lively-lip-oil-1731529973197145262,Promo Kaie Discovery Set A (Rice Powder Cleanser ...,,marketplace_listing_candidate,,0,False
KAIE_BLEMISH_CARE_PORE_REFINING_SERUM_NA18240108161,KAIE,Blemish Care + Pore Refining Serum,NA18240108161,tokopedia.com,https://www.tokopedia.com/kaieofficial/kaie-duo-care-plus-2-x-lively-lip-oil-peptide-ceramide-and-squalane-blemish-care-pore-refining-serum-1735896461507200174-1735896571970225326,Promo KAIE - Duo Care Plus - 2 X Lively Lip Oil (Peptide ...,,marketplace_listing_candidate,,0,False
KAIE_BLEMISH_CARE_PORE_REFINING_SERUM_NA18240108161,KAIE,Blemish Care + Pore Refining Serum,NA18240108161,tokopedia.com,https://www.tokopedia.com/kaieofficial/kaie-clear-skin-set-rice-powder-cleanser-hydra-booster-daily-moisture-serum-blemish-care-pore-refining-serum,"Promo Kaie Clear Skin Set (Rice Powder Cleanser, Hydra ...",,marketplace_listing_candidate,,0,False
KAIE_BLEMISH_CARE_PORE_REFINING_SERUM_NA18240108161,KAIE,Blemish Care + Pore Refining Serum,NA18240108161,tokopedia.com,https://www.tokopedia.com/kaieofficial/kaie-trio-serum-blemish-banish-pore-refining-hydra-booster-daily-moisture-even-tone-radiance-renew,"Kaie Trio Serum (Blemish Banish + Pore Refining, Hydra ...",,marketplace_listing_candidate,,0,False
KAIE_BLEMISH_CARE_PORE_REFINING_SERUM_NA18240108161,KAIE,Blemish Care + Pore Refining Serum,NA18240108161,tokopedia.com,https://www.tokopedia.com/kaieofficial,Toko Kaie.co Online - Produk Lengkap & Harga Terbaik,,marketplace_listing_candidate,,0,False
ANUA_NIACINAMIDE_10_TXA_3_SERUM_NA26251900042,Anua,Niacinamide 10% + TXA 3% Serum,NA26251900042,shopee.sg,https://shopee.sg/-Anua-Official-Niacinamide-10-TXA-3-Dark-Spot-Correcting-Serum-30ml-Brightening-Serum-for-Radiant-Balanced-Skin-i.1640496926.40922755643,[Anua Official] Niacinamide 10 TXA 3 Dark Spot Correcting ...,,marketplace_listing_candidate,,0,False
ANUA_NIACINAMIDE_10_TXA_3_SERUM_NA26251900042,Anua,Niacinamide 10% + TXA 3% Serum,NA26251900042,shop-id.tokopedia.com,https://shop-id.tokopedia.com/pdp/anua-niacinamide-serum-10-txa-3-30ml-serum-mencerahkan-mengurangi-noda-pore-minimizer/1731416339104695848,ANUA Niacinamide 10% + TXA 3% Serum for Brightening and ...,,marketplace_listing_candidate,,0,False
ANUA_NIACINAMIDE_10_TXA_3_SERUM_NA26251900042,Anua,Niacinamide 10% + TXA 3% Serum,NA26251900042,sv.shopee.com.my,https://sv.shopee.com.my/web/@ptryafiqah06/video/-0LMMluxCACbu58oAAAAAA==,Anua Niacinamide 10% + TXA 3% Serum (30ml),,marketplace_listing_candidate,,0,False
ANUA_NIACINAMIDE_10_TXA_3_SERUM_NA26251900042,Anua,Niacinamide 10% + TXA 3% Serum,NA26251900042,tokopedia.com,https://www.tokopedia.com/anuaofficialshop/anua-niacinamide-10-txa-3-serum-10ml-1731593692038333992?utm_source=google&utm_medium=organic&utm_campaign=pdp,Promo ANUA Niacinamide 10 + TXA 3 Serum 10ml,,marketplace_listing_candidate,,0,False
ANUA_NIACINAMIDE_10_TXA_3_SERUM_NA26251900042,Anua,Niacinamide 10% + TXA 3% Serum,NA26251900042,tokopedia.com,https://www.tokopedia.com/find/anua-niacinamide?utm_source=google&utm_medium=organic&utm_campaign=find,Jual Anua Niacinamide Murah - Harga Terbaru Agustus 2026,,marketplace_listing_candidate,,0,False
ANUA_NIACINAMIDE_10_TXA_3_SERUM_NA26251900042,Anua,Niacinamide 10% + TXA 3% Serum,NA26251900042,tokopedia.com,https://www.tokopedia.com/find/anua-niacinamide-10-txa-4-serum?utm_source=google&utm_medium=organic&utm_campaign=find,Jual Anua Niacinamide 10 Txa 4 Serum Murah & Terbaik,,marketplace_listing_candidate,,0,False
ANUA_NIACINAMIDE_10_TXA_3_SERUM_NA26251900042,Anua,Niacinamide 10% + TXA 3% Serum,NA26251900042,tokopedia.com,https://www.tokopedia.com/find/anua-niacinamide-10-txa-3?utm_source=google&utm_medium=organic&utm_campaign=find,Jual Anua Niacinamide 10 Txa 3 Murah & Terbaik,,marketplace_listing_candidate,,0,False
ANUA_NIACINAMIDE_10_TXA_3_SERUM_NA26251900042,Anua,Niacinamide 10% + TXA 3% Serum,NA26251900042,tokopedia.com,https://www.tokopedia.com/find/anua-dark-spot-serum?utm_source=google&utm_medium=organic&utm_campaign=find,Jual Anua Dark Spot Serum Murah & Lengkap,,marketplace_listing_candidate,,0,False
ANUA_NIACINAMIDE_10_TXA_3_SERUM_NA26251900042,Anua,Niacinamide 10% + TXA 3% Serum,NA26251900042,tokopedia.com,https://www.tokopedia.com/anuaofficialshop/anua-niacinamide-10-txa-3-serum-30ml-1731416339104695848-1736449525237515816,ANUA Niacinamide 10% + TXA 3% Serum for Brightening ...,,marketplace_listing_candidate,,0,False
MEDIHEAL_VITAMIN_C_BRIGHTENING_SERUM_WITH_NIACINAMIDE_NA26241900078,Mediheal,Vitamin C Brightening Serum with Niacinamide,NA26241900078,shopee.sg,https://shopee.sg/MEDIHEAL-Vitamin-C-Brightening-Serum-40ml-Hydrate-and-Radiant-(Niacinamide-PHA-LHA)-*NEW*-i.304086417.24960734401,MEDIHEAL Vitamin C Brightening Serum 40ml,,marketplace_listing_candidate,,0,False
MEDIHEAL_VITAMIN_C_BRIGHTENING_SERUM_WITH_NIACINAMIDE_NA26241900078,Mediheal,Vitamin C Brightening Serum with Niacinamide,NA26241900078,shopee.ph,https://shopee.ph/MEDIHEAL-Vitamin-C-Brightening-Serum-with-Niacinamide-Sachet-40ml-i.1224933246.50763470030,MEDIHEAL Vitamin C Brightening Serum with Niacinamide ...,,marketplace_listing_candidate,,0,False
MEDIHEAL_VITAMIN_C_BRIGHTENING_SERUM_WITH_NIACINAMIDE_NA26241900078,Mediheal,Vitamin C Brightening Serum with Niacinamide,NA26241900078,tokopedia.com,https://www.tokopedia.com/enhkoap/mediheal-vitamin-c-brightening-serum-with-niacinamide-40-ml-original-product-1731388642266285272,Mediheal Vitamin C Brightening Serum with Niacinamide ...,,marketplace_listing_candidate,,0,False
MEDIHEAL_VITAMIN_C_BRIGHTENING_SERUM_WITH_NIACINAMIDE_NA26241900078,Mediheal,Vitamin C Brightening Serum with Niacinamide,NA26241900078,tokopedia.com,https://www.tokopedia.com/ankc-skincare/mediheal-vitamin-c-brightening-serum-30ml-1734423371817780987,Promo MEDIHEAL Vitamin C Brightening Serum 30ml,,marketplace_listing_candidate,,0,False
WARDAH_LIFT_REGENERATING_SERUM_NA18242000770,Wardah,Lift Regenerating Serum,NA18242000770,shopee.co.id,https://shopee.co.id/WARDAH-Serum-Clinical-Series-PDRN-Retinal-Microneedle-Serum-Mencerahkan-Wajah-Brightening-Hydrating-Anti-Aging-Glowing-Melembabkan-Smooth-Serum-30ML-Skincare-Untuk-Semua-Jenis-Kulit-Repair-Skin-Barrier-Smooth-Texture-Day-Night-Skincare-i.59763733.26286638405,"WARDAH Serum Clinical Series - PDRN, Retinal, & ...",,marketplace_listing_candidate,,0,False
WARDAH_LIFT_REGENERATING_SERUM_NA18242000770,Wardah,Lift Regenerating Serum,NA18242000770,tokopedia.com,https://www.tokopedia.com/find/wardah-lift-regenerating-serum?utm_source=google&utm_medium=organic&utm_campaign=find,Jual Wardah Lift Regenerating Serum Murah & Terbaik,,marketplace_listing_candidate,,0,False
WARDAH_LIFT_REGENERATING_SERUM_NA18242000770,Wardah,Lift Regenerating Serum,NA18242000770,shopee.co.id,https://shopee.co.id/Wardah-EXOSOME-PDRN-Lift-Regenerating-Serum-i.173998612.43418670104,Jual Wardah EXOSOME + PDRN Lift Regenerating Serum,,marketplace_listing_candidate,,0,False
WARDAH_LIFT_REGENERATING_SERUM_NA18242000770,Wardah,Lift Regenerating Serum,NA18242000770,tokopedia.com,https://www.tokopedia.com/find/wardah-lift-serum?utm_source=google&utm_medium=organic&utm_campaign=find,Jual Wardah Lift Serum Murah & Terbaik - Harga Terbaru ...,,marketplace_listing_candidate,,0,False
WARDAH_LIFT_REGENERATING_SERUM_NA18242000770,Wardah,Lift Regenerating Serum,NA18242000770,tokopedia.com,https://www.tokopedia.com/rekomendasi/102193410533,Wardah Exosome EGF-PDRN Lift Regenerating Serum 30 ml,,marketplace_listing_candidate,,0,False
WARDAH_LIFT_REGENERATING_SERUM_NA18242000770,Wardah,Lift Regenerating Serum,NA18242000770,tokopedia.com,https://www.tokopedia.com/tammy-beauty-care/wardah-lift-regenerating-serum-30-ml-exosome-pdrn-serum-regenerasi-klinis-dengan-dna-salmon-untuk-kontur-wajah-yang-lebih-muda-1732637708123735472/media/product/0,Video dan Gambar Wardah Lift Regenerating Serum 30 ml ...,,marketplace_listing_candidate,,0,False
WARDAH_LIFT_REGENERATING_SERUM_NA18242000770,Wardah,Lift Regenerating Serum,NA18242000770,tokopedia.com,https://www.tokopedia.com/find/exosome-wardah?utm_source=google&utm_medium=organic&utm_campaign=find,Jual Exosome Wardah Murah & Terbaik - Harga Terbaru ...,,marketplace_listing_candidate,,0,False
WARDAH_LIFT_REGENERATING_SERUM_NA18242000770,Wardah,Lift Regenerating Serum,NA18242000770,tokopedia.com,https://www.tokopedia.com/rekomendasi/102485427761,Rekomendasi Wardah Lift Regenerating Serum Exosome ...,,marketplace_listing_candidate,,0,False
WARDAH_LIFT_REGENERATING_SERUM_NA18242000770,Wardah,Lift Regenerating Serum,NA18242000770,tokopedia.com,https://www.tokopedia.com/find/pdrn-wardah?utm_source=google&utm_medium=organic&utm_campaign=find,Jual Pdrn Wardah Murah & Terbaik,,marketplace_listing_candidate,,0,False
ANUA_7_RICE_CERAMIDE_HYDRATING_BARRIER_SERUM_NA26250100205,Anua,7 Rice Ceramide Hydrating Barrier Serum,NA26250100205,shopee.sg,https://shopee.sg/ANUA-7-Rice-Ceramide-Hydrating-Barrier-Serum-50ml-i.641249.28960483510,ANUA 7 Rice Ceramide Hydrating Barrier Serum - 50ml,,marketplace_listing_candidate,,0,False
ANUA_7_RICE_CERAMIDE_HYDRATING_BARRIER_SERUM_NA26250100205,Anua,7 Rice Ceramide Hydrating Barrier Serum,NA26250100205,tokopedia.com,https://www.tokopedia.com/find/anua-7-rice-ceramide-hydrating-barrier-serum?utm_source=google&utm_medium=organic&utm_campaign=find,Jual Anua 7 Rice Ceramide Hydrating Barrier Serum ...,,marketplace_listing_candidate,,0,False
ANUA_7_RICE_CERAMIDE_HYDRATING_BARRIER_SERUM_NA26250100205,Anua,7 Rice Ceramide Hydrating Barrier Serum,NA26250100205,tokopedia.com,https://www.tokopedia.com/beyondbeauty-id/anua-7-rice-ceramide-hydrating-barrier-serum-50ml-1735030709073577975,Promo Anua 7 Rice Ceramide Hydrating Barrier Serum 50ml,,marketplace_listing_candidate,,0,False
ANUA_7_RICE_CERAMIDE_HYDRATING_BARRIER_SERUM_NA26250100205,Anua,7 Rice Ceramide Hydrating Barrier Serum,NA26250100205,tokopedia.com,https://www.tokopedia.com/anua--1/ready-stock-anua-7-rice-ceramide-hydrating-barrier-serum-50mliemge-1736324004441851431-1736324074876798503,【ready stock】 ANUA 7 Rice Ceramide Hydrating Barrier ...,,marketplace_listing_candidate,,0,False
ANUA_7_RICE_CERAMIDE_HYDRATING_BARRIER_SERUM_NA26250100205,Anua,7 Rice Ceramide Hydrating Barrier Serum,NA26250100205,tokopedia.com,https://www.tokopedia.com/beauty-and-skincare---direct-store/cod-ready-anua-7-rice-ceramide-hydrating-barrier-serum-50ml-jjwmr-1734451039048926765,Promo 【cod】 Ready ANUA 7 RICE CERAMIDE ...,,marketplace_listing_candidate,,0,False
ELSHESKIN_RADIANT_ADVANCE_SERUM_NA18231901807,Elsheskin,Radiant Advance Serum,NA18231901807,shopee.co.id,https://shopee.co.id/Elsheskin-Radiant-Advance-Serum-20ml-Brightening-Serum-Cerahkan-Kulit-Kusam-Mencerahkan-Maksimal-dan-Samarkan-Noda-Hitam-Bekas-Jerawat-i.9035345.23546250246,Jual Elsheskin Radiant Advance Serum 20ml Brightening ...,,marketplace_listing_candidate,,0,False
ELSHESKIN_RADIANT_ADVANCE_SERUM_NA18231901807,Elsheskin,Radiant Advance Serum,NA18231901807,shop-id.tokopedia.com,https://shop-id.tokopedia.com/pdp/elsheskin-radiant-serum-20ml-pencerah-fleck-hitam-niacinamide-kojic-acid-mencerahkan-kulit/1729895971799009911,[LIVE] Elsheskin Radiant Advance Serum 20ml | Tokopedia,,marketplace_listing_candidate,,0,False
ELSHESKIN_RADIANT_ADVANCE_SERUM_NA18231901807,Elsheskin,Radiant Advance Serum,NA18231901807,shopee.co.id,https://shopee.co.id/elsheskin_,Toko Online ElsheSkin Official Shop,,marketplace_listing_candidate,,0,False
ELSHESKIN_RADIANT_ADVANCE_SERUM_NA18231901807,Elsheskin,Radiant Advance Serum,NA18231901807,shopee.co.id,https://shopee.co.id/Elsheskin-Radiant-Advance-Serum-i.28058230.28157443800,Jual Elsheskin Radiant Advance Serum,,marketplace_listing_candidate,,0,False
ELSHESKIN_RADIANT_ADVANCE_SERUM_NA18231901807,Elsheskin,Radiant Advance Serum,NA18231901807,tokopedia.com,https://www.tokopedia.com/find/elsheskin-radiant-serum?utm_source=google&utm_medium=organic&utm_campaign=find,Jual Elsheskin Radiant Serum Agustus 2026 Harga ...,,marketplace_listing_candidate,,0,False
ELSHESKIN_RADIANT_ADVANCE_SERUM_NA18231901807,Elsheskin,Radiant Advance Serum,NA18231901807,tokopedia.com,https://www.tokopedia.com/find/radiant-advance-serum-elsheskin?utm_source=google&utm_medium=organic&utm_campaign=find,Jual Radiant Advance Serum Elsheskin Murah & Terbaik,,marketplace_listing_candidate,,0,False
ELSHESKIN_RADIANT_ADVANCE_SERUM_NA18231901807,Elsheskin,Radiant Advance Serum,NA18231901807,tokopedia.com,https://www.tokopedia.com/elshe-skin/elsheskin-radiant-advance-serum-20ml-brightening-serum-essence-1731183019788109431?utm_source=google&utm_medium=organic&utm_campaign=pdp,Elsheskin Radiant Advance Serum 20ml Brightening ...,,marketplace_listing_candidate,,0,False
ELSHESKIN_RADIANT_ADVANCE_SERUM_NA18231901807,Elsheskin,Radiant Advance Serum,NA18231901807,tokopedia.com,https://www.tokopedia.com/elshe-skin,Elsheskin - Produk Resmi & Terlengkap,,marketplace_listing_candidate,,0,False
ELSHESKIN_RADIANT_ADVANCE_SERUM_NA18231901807,Elsheskin,Radiant Advance Serum,NA18231901807,tokopedia.com,https://www.tokopedia.com/find/radiant-advance-serum?utm_source=google&utm_medium=organic&utm_campaign=find,Jual Radiant Advance Serum Murah & Terbaik,,marketplace_listing_candidate,,0,False
ELSHESKIN_RADIANT_ADVANCE_SERUM_NA18231901807,Elsheskin,Radiant Advance Serum,NA18231901807,tokopedia.com,https://www.tokopedia.com/homestock/elsheskin-radiant-advance-serum-20ml-brightening-serum-cerahkan-kulit-kusam-mencerahkan-maksimal-dan-samarkan-noda-hitam-bekas-jerawat-terbaik-1734397824330794911,Jual elsheskin radiant advance serum 20ml brightening ...,,marketplace_listing_candidate,,0,False
SULWHASOO_CONCENTRATED_GINSENG_REJUVENATING_SERUM_NA26242000060,Sulwhasoo,Concentrated Ginseng Rejuvenating Serum,NA26242000060,shopee.ph,https://shopee.ph/list/sulwhasoo/concentrated%20ginseng,Shop sulwhasoo concentrated ginseng for Sale on ...,,marketplace_listing_candidate,,0,False
SULWHASOO_CONCENTRATED_GINSENG_REJUVENATING_SERUM_NA26242000060,Sulwhasoo,Concentrated Ginseng Rejuvenating Serum,NA26242000060,shopee.co.th,https://shopee.co.th/Sulwhasoo-Concentrated-Ginseng-Rejuvenating-Serum-%285ml%29-%28Sample%29-i.193874190.47353119626,Sulwhasoo Concentrated Ginseng Rejuvenating Serum ...,,marketplace_listing_candidate,,0,False
SULWHASOO_CONCENTRATED_GINSENG_REJUVENATING_SERUM_NA26242000060,Sulwhasoo,Concentrated Ginseng Rejuvenating Serum,NA26242000060,shopee.co.th,https://shopee.co.th/Sulwhasoo-Concentrated-Ginseng-Rejuvenating-Serum-8ml-(Sample)-i.193874190.41466808995?extraParams=%7B%22display_model_id%22%3A188681529740%2C%22model_selection_logic%22%3A3%7D,Sulwhasoo Concentrated Ginseng Rejuvenating Serum ...,,marketplace_listing_candidate,,0,False
SULWHASOO_CONCENTRATED_GINSENG_REJUVENATING_SERUM_NA26242000060,Sulwhasoo,Concentrated Ginseng Rejuvenating Serum,NA26242000060,tokopedia.com,https://www.tokopedia.com/find/sulwhasoo-concentrated-ginseng-rejuvenating-serum?utm_source=google&utm_medium=organic&utm_campaign=find,Jual Sulwhasoo Concentrated Ginseng Rejuvenating ...,,marketplace_listing_candidate,,0,False
SULWHASOO_CONCENTRATED_GINSENG_REJUVENATING_SERUM_NA26242000060,Sulwhasoo,Concentrated Ginseng Rejuvenating Serum,NA26242000060,tokopedia.com,https://www.tokopedia.com/find/sulwhasoo-concentrated,Jual Sulwhasoo Concentrated Murah & Lengkap,,marketplace_listing_candidate,,0,False
SULWHASOO_CONCENTRATED_GINSENG_REJUVENATING_SERUM_NA26242000060,Sulwhasoo,Concentrated Ginseng Rejuvenating Serum,NA26242000060,tokopedia.com,https://www.tokopedia.com/widisierashop/sulwhasoo-concentrated-ginseng-rejuvenating-serum-8ml-1730780736084542522,Sulwhasoo Concentrated Ginseng Rejuvenating Serum 8ml,,marketplace_listing_candidate,,0,False
SULWHASOO_CONCENTRATED_GINSENG_REJUVENATING_SERUM_NA26242000060,Sulwhasoo,Concentrated Ginseng Rejuvenating Serum,NA26242000060,tokopedia.com,https://www.tokopedia.com/koreanladies87/sulwhasoo-concentrated-ginseng-rejuvenating-serum-1733482231139698625,Jual Sulwhasoo Concentrated Ginseng Rejuvenating Serum,,marketplace_listing_candidate,,0,False
SULWHASOO_CONCENTRATED_GINSENG_REJUVENATING_SERUM_NA26242000060,Sulwhasoo,Concentrated Ginseng Rejuvenating Serum,NA26242000060,tokopedia.com,https://www.tokopedia.com/find/sulwhasoo-trial-kit?utm_source=google&utm_medium=organic&utm_campaign=find,Jual Sulwhasoo Trial Kit Murah & Terbaik - Harga Terbaru ...,,marketplace_listing_candidate,,0,False
SULWHASOO_CONCENTRATED_GINSENG_REJUVENATING_SERUM_NA26242000060,Sulwhasoo,Concentrated Ginseng Rejuvenating Serum,NA26242000060,tokopedia.com,https://www.tokopedia.com/find/sulwhasoo-concentrated-ginseng?utm_source=google&utm_medium=organic&utm_campaign=find,Jual Sulwhasoo Concentrated Ginseng Murah & Lengkap,,marketplace_listing_candidate,,0,False
SKINTIFIC_RADIANCE_BOOSTER_SERUM_SPRAY_NA11240100454,Skintific,Radiance Booster Serum Spray,NA11240100454,shopee.co.id,https://shopee.co.id/Skintific-Radiance-Booster-Serum-Spray-100ml-i.30736001.26224863765,Jual Skintific Radiance Booster Serum Spray 100ml,,marketplace_listing_candidate,,0,False
SKINTIFIC_RADIANCE_BOOSTER_SERUM_SPRAY_NA11240100454,Skintific,Radiance Booster Serum Spray,NA11240100454,shopee.co.id,https://shopee.co.id/list/Skintific/Spray,Jual Skintific Spray Terlengkap & Harga Terbaru Agustus ...,,marketplace_listing_candidate,,0,False
SKINTIFIC_RADIANCE_BOOSTER_SERUM_SPRAY_NA11240100454,Skintific,Radiance Booster Serum Spray,NA11240100454,shopee.co.id,https://shopee.co.id/SKINTIFIC-Radiance-Booster-Serum-Spray-i.1275254953.43326371545,Jual SKINTIFIC Radiance Booster Serum Spray,,marketplace_listing_candidate,,0,False
SKINTIFIC_RADIANCE_BOOSTER_SERUM_SPRAY_NA11240100454,Skintific,Radiance Booster Serum Spray,NA11240100454,tokopedia.com,https://www.tokopedia.com/find/skintific-spray?utm_source=google&utm_medium=organic&utm_campaign=find,Jual Skintific Spray Murah - Harga Terbaru 2026,,marketplace_listing_candidate,,0,False
SKINTIFIC_RADIANCE_BOOSTER_SERUM_SPRAY_NA11240100454,Skintific,Radiance Booster Serum Spray,NA11240100454,tokopedia.com,https://www.tokopedia.com/find/skintific-radiance-booster-serum-spray?utm_source=google&utm_medium=organic&utm_campaign=find,Jual Skintific Radiance Booster Serum Spray Murah & ...,,marketplace_listing_candidate,,0,False
SKINTIFIC_RADIANCE_BOOSTER_SERUM_SPRAY_NA11240100454,Skintific,Radiance Booster Serum Spray,NA11240100454,tokopedia.com,https://www.tokopedia.com/skintific-indonesiastore/skintific-radiance-booster-serum-spray-100ml-1733572474390808179,SKINTIFIC Radiance Booster Serum Spray 100ml,,marketplace_listing_candidate,,0,False
SKINTIFIC_RADIANCE_BOOSTER_SERUM_SPRAY_NA11240100454,Skintific,Radiance Booster Serum Spray,NA11240100454,tokopedia.com,https://www.tokopedia.com/dkmall/skintific-radiance-booster-serum-spray-instant-glowing-first-serum-spray-face-serum-1731202248581154459/media/product/0,Video dan Gambar SKINTIFIC Radiance Booster Serum Spray ...,,marketplace_listing_candidate,,0,False
SKINTIFIC_RADIANCE_BOOSTER_SERUM_SPRAY_NA11240100454,Skintific,Radiance Booster Serum Spray,NA11240100454,tokopedia.com,https://www.tokopedia.com/beautyneedsskw/skintific-radiance-booster-serum-spray-100ml-1733518948657170380-1736861235934824396,SKINTIFIC RADIANCE BOOSTER SERUM SPRAY 50ML & ...,,marketplace_listing_candidate,,0,False
SKINTIFIC_RADIANCE_BOOSTER_SERUM_SPRAY_NA11240100454,Skintific,Radiance Booster Serum Spray,NA11240100454,tokopedia.com,https://www.tokopedia.com/find/skintific-serum?utm_source=google&utm_medium=organic&utm_campaign=find,Jual Skintific Serum Murah - Harga Terbaru 2026,,marketplace_listing_candidate,,0,False
NUMBUZIN_NO_1_PANTOTHENIC_B5_ACTIVE_SOOTHING_SERUM_NA26250100033,Numbuzin,No.1 Pantothenic B5 Active Soothing Serum,NA26250100033,shopee.ph,https://shopee.ph/-Numbuzin-Official-No.1-Pantothenic-B5-Active-Soothing-Serum-50ml-i.832134646.24674870691,[Numbuzin Official] No.1 Pantothenic B5 Active Soothing ...,,marketplace_listing_candidate,,0,False
NUMBUZIN_NO_1_PANTOTHENIC_B5_ACTIVE_SOOTHING_SERUM_NA26250100033,Numbuzin,No.1 Pantothenic B5 Active Soothing Serum,NA26250100033,tokopedia.com,https://www.tokopedia.com/numbuzinofficial/no-1-pantothenic-b5-active-soothing-cream?utm_source=google&utm_medium=organic&utm_campaign=pdp,Numbuzin No.1 Pantothenic B5 Active Soothing Cream,,marketplace_listing_candidate,,0,False
NUMBUZIN_NO_1_PANTOTHENIC_B5_ACTIVE_SOOTHING_SERUM_NA26250100033,Numbuzin,No.1 Pantothenic B5 Active Soothing Serum,NA26250100033,tokopedia.com,https://www.tokopedia.com/numbuzinofficial/numbuzin-no-1-pantothenic-b5-active-soothing-serum-50ml-1731068384858506525/review?spd=16503458899,Review Numbuzin No.1 Pantothenic B5 Active Soothing ...,,marketplace_listing_candidate,,0,False
NUMBUZIN_NO_1_PANTOTHENIC_B5_ACTIVE_SOOTHING_SERUM_NA26250100033,Numbuzin,No.1 Pantothenic B5 Active Soothing Serum,NA26250100033,tokopedia.com,https://www.tokopedia.com/find/serum-numbuzin?utm_source=google&utm_medium=organic&utm_campaign=find,Jual Serum Numbuzin Murah & Terbaik - Harga Terbaru ...,,marketplace_listing_candidate,,0,False
NUMBUZIN_NO_1_PANTOTHENIC_B5_ACTIVE_SOOTHING_SERUM_NA26250100033,Numbuzin,No.1 Pantothenic B5 Active Soothing Serum,NA26250100033,tokopedia.com,https://www.tokopedia.com/find/numbuzin-pantothenic-b5?utm_source=google&utm_medium=organic&utm_campaign=find,Jual Numbuzin Pantothenic B5 Murah & Terbaik,,marketplace_listing_candidate,,0,False
FACERINNA_10_NIACINAMIDE_3_TXA_BRIGHT_DARK_SPOT_SERUM_NA18251901656,FACERINNA,10% Niacinamide 3% TXA Bright Dark Spot Serum,NA18251901656,shopee.com.my,https://shopee.com.my/FACERINNA-10-Niacinamide-3-TXA-Power-Bright-Serum-Brightening-Fade-Dark-Spots-Acne-Scars-Evens-Skin-Glowing-20ml-i.1473495725.29238182369,FACERINNA-10% Niacinamide + 3% TXA Power Bright ...,,marketplace_listing_candidate,,0,False
FACERINNA_10_NIACINAMIDE_3_TXA_BRIGHT_DARK_SPOT_SERUM_NA18251901656,FACERINNA,10% Niacinamide 3% TXA Bright Dark Spot Serum,NA18251901656,shop-id.tokopedia.com,https://shop-id.tokopedia.com/pdp/serum-wajah-facerinna-mencerahkan-anti-aging-20ml/1734202326207858364,2% Salicylic Acid + 2% Niacinamide Acne Serum 20ml,,marketplace_listing_candidate,,0,False
FACERINNA_10_NIACINAMIDE_3_TXA_BRIGHT_DARK_SPOT_SERUM_NA18251901656,FACERINNA,10% Niacinamide 3% TXA Bright Dark Spot Serum,NA18251901656,shopee.co.th,https://shopee.co.th/Facerinna-10-Niacinamide-3-TXA-Bright-Dark-Spot-Serum-%E0%B9%80%E0%B8%8B%E0%B8%A3%E0%B8%B1%E0%B9%88%E0%B8%A1-%E0%B8%9C%E0%B8%B4%E0%B8%A7%E0%B8%81%E0%B8%A3%E0%B8%B0%E0%B8%88%E0%B9%88%E0%B8%B2%E0%B8%87%E0%B9%83%E0%B8%AA-%E0%B8%A5%E0%B8%94%E0%B8%88%E0%B8%B8%E0%B8%94%E0%B8%94%E0%B9%88%E0%B8%B2%E0%B8%87%E0%B8%94%E0%B8%B3-%E0%B9%80%E0%B8%A3%E0%B8%B5%E0%B8%A2%E0%B8%9A%E0%B9%80%E0%B8%99%E0%B8%B5%E0%B8%A2%E0%B8%99-%E0%B8%AA%E0%B8%B3%E0%B8%AB%E0%B8%A3%E0%B8%B1%E0%B8%9A%E0%B8%9C%E0%B8%B4%E0%B8%A7%E0%B8%AB%E0%B8%A1%E0%B8%AD%E0%B8%87%E0%B8%84%E0%B8%A5%E0%B9%89%E0%B8%B3-i.1560991860.41026580087,Facerinna 10% Niacinamide 3% TXA Bright Dark Spot ...,,marketplace_listing_candidate,,0,False
FACERINNA_10_NIACINAMIDE_3_TXA_BRIGHT_DARK_SPOT_SERUM_NA18251901656,FACERINNA,10% Niacinamide 3% TXA Bright Dark Spot Serum,NA18251901656,tokopedia.com,https://www.tokopedia.com/beautyneedsskw/facerinna-10-niacinamide-3-txa-bright-dark-spot-serum-1735691183187789772,facerinna 10% niacinamide 3% txa bright dark spot serum ...,,marketplace_listing_candidate,,0,False
FACERINNA_10_NIACINAMIDE_3_TXA_BRIGHT_DARK_SPOT_SERUM_NA18251901656,FACERINNA,10% Niacinamide 3% TXA Bright Dark Spot Serum,NA18251901656,tokopedia.com,https://www.tokopedia.com/skinwhiteid/facerinna-10-niacinamide-bright-dark-spot-serum-20ml-putih-1734397258912859298,Facerinna 10% niacinamide bright dark spot serum 20ml ...,,marketplace_listing_candidate,,0,False
FACERINNA_10_NIACINAMIDE_3_TXA_BRIGHT_DARK_SPOT_SERUM_NA18251901656,FACERINNA,10% Niacinamide 3% TXA Bright Dark Spot Serum,NA18251901656,shop-id.tokopedia.com,https://shop-id.tokopedia.com/view/product/1731839116500174826,Facerinna 10% Niacinamide 3% TXA Bright Dark Spot Serum ...,,marketplace_listing_candidate,,0,False
FACERINNA_10_NIACINAMIDE_3_TXA_BRIGHT_DARK_SPOT_SERUM_NA18251901656,FACERINNA,10% Niacinamide 3% TXA Bright Dark Spot Serum,NA18251901656,tokopedia.com,https://www.tokopedia.com/facerinnaindonesia/facerinna-10-niacinamide-3-txa-power-bright-serum-20ml-white-serum-mencerahkan-wajah-mengurangi-dark-spot-flek-hitam-bekas-jerawat-pemutih-wajah-whitening-brightening-glowing-anti-aging-anti-acne-with-msh-niacinamide-ceramide-semua-jenis-kulit-1731714517962426044,FACERINNA 10% Niacinamide + 3% TXA Power Bright ...,,marketplace_listing_candidate,,0,False
WARDAH_RADIANT_RESURFACING_SERUM_NA18242000769,Wardah,Radiant Resurfacing Serum,NA18242000769,shopee.co.id,https://shopee.co.id/Wardah-Radiant-Resurfacing-Retinal-Cysteamine-Serum-30-ml-Serum-Pencerah-Penghilang-Kerutan-i.1040170218.26038469584,Wardah Radiant Resurfacing Retinal Cysteamine Serum ...,,marketplace_listing_candidate,,0,False
WARDAH_RADIANT_RESURFACING_SERUM_NA18242000769,Wardah,Radiant Resurfacing Serum,NA18242000769,tokopedia.com,https://www.tokopedia.com/find/wardah-radiant-resurfacing-serum?utm_source=google&utm_medium=organic&utm_campaign=find,Jual Wardah Radiant Resurfacing Serum Murah & Terbaik,,marketplace_listing_candidate,,0,False
WARDAH_RADIANT_RESURFACING_SERUM_NA18242000769,Wardah,Radiant Resurfacing Serum,NA18242000769,shopee.co.id,https://shopee.co.id/Wardah-Serum-Expert-Wardah-Lightening-Serum-Ampoule-Wardah-Renew-You-Anti-Aging-Intensive-serum-i.18245825.4994052803,Wardah Renew You Anti Aging Intensive serum,,marketplace_listing_candidate,,0,False
WARDAH_RADIANT_RESURFACING_SERUM_NA18242000769,Wardah,Radiant Resurfacing Serum,NA18242000769,shopee.co.id,https://shopee.co.id/Wardah-Radiant-Resurfacing-Serum-i.119496923.41328668951?extraParams=%7B%22display_model_id%22%3A400543776029%2C%22model_selection_logic%22%3A3%7D,Jual Wardah Radiant Resurfacing Serum,,marketplace_listing_candidate,,0,False
WARDAH_RADIANT_RESURFACING_SERUM_NA18242000769,Wardah,Radiant Resurfacing Serum,NA18242000769,tokopedia.com,https://www.tokopedia.com/pusat-skincare-kosmetik/wardah-radiant-resurfacing-retinal-cysteamine-serum-brightening-30-ml-1731693526908700525?utm_source=google&utm_medium=organic&utm_campaign=pdp,Wardah Radiant Resurfacing Retinal Cysteamine Serum ...,,marketplace_listing_candidate,,0,False
WARDAH_RADIANT_RESURFACING_SERUM_NA18242000769,Wardah,Radiant Resurfacing Serum,NA18242000769,tokopedia.com,https://www.tokopedia.com/citracosmet-1/wardah-radiant-resurfacing-serum-retinal-liposome-30-ml-1732639560990361205,Promo Wardah Radiant Resurfacing Serum Retinal ...,,marketplace_listing_candidate,,0,False
WARDAH_RADIANT_RESURFACING_SERUM_NA18242000769,Wardah,Radiant Resurfacing Serum,NA18242000769,tokopedia.com,https://www.tokopedia.com/find/serum-wardah-30ml?page=1&additional_params=7365617263685f69643d32303236303530373132333433313537374243433931344639453535324130473257&utm_source=google&utm_medium=organic&utm_campaign=find,Jual Serum Wardah 30Ml Murah & Terbaik - Harga Terbaru ...,,marketplace_listing_candidate,,0,False
WARDAH_RADIANT_RESURFACING_SERUM_NA18242000769,Wardah,Radiant Resurfacing Serum,NA18242000769,tokopedia.com,https://www.tokopedia.com/find/retinal-liposome-cysteamine-wardah?utm_source=google&utm_medium=organic&utm_campaign=find,Jual Retinal Liposome Cysteamine Wardah Murah & Terbaik,,marketplace_listing_candidate,,0,False
WARDAH_RADIANT_RESURFACING_SERUM_NA18242000769,Wardah,Radiant Resurfacing Serum,NA18242000769,tokopedia.com,https://www.tokopedia.com/find/wardah-retinal?utm_source=google&utm_medium=organic&utm_campaign=find,Jual Wardah Retinal Murah & Terbaik,,marketplace_listing_candidate,,0,False
WARDAH_RADIANT_RESURFACING_SERUM_NA18242000769,Wardah,Radiant Resurfacing Serum,NA18242000769,shopee.co.id,https://shopee.co.id/WARDAH-Radiant-Resurfacing-Retinal-Cysteamine-Serum-30-ml-serum-mencerahkan-wajah-serum-brightening-retinol-Peeling-Eksfoliasi-Wajah-Exfoliating-Essence-Mengangkat-Sel-Kulit-Mati-Membersihkan-Anti-Acne-Jerawat-Mengencangkan-gloglowing-skincare-i.59763733.29033122640,WARDAH Radiant Resurfacing Retinal Cysteamine Serum ...,,marketplace_listing_candidate,,0,False
WHITELAB_17_INTENSIVE_PEELING_SERUM_NA18240118872,Whitelab,17% Intensive Peeling Serum,NA18240118872,shopee.co.id,https://shopee.co.id/Whitelab-17-Intensive-Peeling-Aha-Bha-Pha-Serum-Serum-Eksfoliasi-Pengangkat-Sel-Kulit-Mati-Memperbaiki-Tekstur-Kulit-Sebum-Melting-Komedo-Bpom--i.201071840.3479331703,Jual Whitelab 17% Intensive Peeling Aha Bha Pha Serum,,marketplace_listing_candidate,,0,False
WHITELAB_17_INTENSIVE_PEELING_SERUM_NA18240118872,Whitelab,17% Intensive Peeling Serum,NA18240118872,shopee.co.id,https://shopee.co.id/list/Whitelab/Peeling%20Serum,Jual Whitelab Peeling Serum Terlengkap & Harga Terbaru ...,,marketplace_listing_candidate,,0,False
WHITELAB_17_INTENSIVE_PEELING_SERUM_NA18240118872,Whitelab,17% Intensive Peeling Serum,NA18240118872,tokopedia.com,https://www.tokopedia.com/find/whitelab-peeling-17?utm_source,Jual Whitelab Peeling 17 Murah & Terbaik - Harga Terbaru ...,,marketplace_listing_candidate,,0,False
WHITELAB_17_INTENSIVE_PEELING_SERUM_NA18240118872,Whitelab,17% Intensive Peeling Serum,NA18240118872,tokopedia.com,https://www.tokopedia.com/find/whitelab-17-intensive-peeling-serum?utm_source,Jual Whitelab 17 Intensive Peeling Serum Murah & Terbaik,,marketplace_listing_candidate,,0,False
WHITELAB_17_INTENSIVE_PEELING_SERUM_NA18240118872,Whitelab,17% Intensive Peeling Serum,NA18240118872,tokopedia.com,https://www.tokopedia.com/whitelab/whitelab-17-intensive-peeling-aha-bha-pha-serum-serum-eksfoliasi-pengangkat-sel-kulit-mati-memperbaiki-tekstur-kulit-sebum-melting-komedo-bpom-membantu-mencerahkan-dan-meratakan-warna-kulit-mengurangi-tampilan-pori-pori-wajah-1730801715350439568/review?spd,Review WHITELAB 17% INTENSIVE PEELING AHA BHA ...,,marketplace_listing_candidate,,0,False
WHITELAB_17_INTENSIVE_PEELING_SERUM_NA18240118872,Whitelab,17% Intensive Peeling Serum,NA18240118872,tokopedia.com,https://www.tokopedia.com/find/whitelab-peeling-serum?utm_source,Jual Whitelab Peeling Serum Murah & Terbaik,,marketplace_listing_candidate,,0,False
WHITELAB_17_INTENSIVE_PEELING_SERUM_NA18240118872,Whitelab,17% Intensive Peeling Serum,NA18240118872,tokopedia.com,https://www.tokopedia.com/whitelab/whitelab-17-intensive-peeling-aha-bha-pha-serum-serum-eksfoliasi-pengangkat-sel-kulit-mati-memperbaiki-tekstur-kulit-sebum-melting-komedo-bpom-membantu-mencerahkan-dan-meratakan-warna-kulit-mengurangi-tampilan-pori-pori-wajah-1729382349015582352-1735827749106189968?utm_source,WHITELAB 17% INTENSIVE PEELING AHA BHA PHA ...,,marketplace_listing_candidate,,0,False
FACERINNA_2_SALICYLIC_ACID_ACNE_SERUM_NA18250107449,FACERINNA,2% Salicylic Acid Acne Serum,NA18250107449,shopee.com.my,https://shopee.com.my/FACERINNA-Salicylic-Acid-Acne-Serum-Calm-Sooth-Acne-Lightens-Acne-Spots-Acne-Prone-Facial-Skincare-Penjagaan-Kulit-20ml-i.1473495725.41856697838,FACERINNA-Salicylic Acid Acne Serum Calm&Sooth ...,,marketplace_listing_candidate,,0,False
FACERINNA_2_SALICYLIC_ACID_ACNE_SERUM_NA18250107449,FACERINNA,2% Salicylic Acid Acne Serum,NA18250107449,shop-id.tokopedia.com,https://shop-id.tokopedia.com/pdp/serum-anti-acne-2-salisilik-dengan-niacinamide-centella/1731714487551166140,FACERINNA 2% Salicylic Acid + 2% Niacinamide Acne ...,,marketplace_listing_candidate,,0,False
FACERINNA_2_SALICYLIC_ACID_ACNE_SERUM_NA18250107449,FACERINNA,2% Salicylic Acid Acne Serum,NA18250107449,shopee.com.my,https://shopee.com.my/facerinna.my,"Facerinna Official Store Online, August 2026",,marketplace_listing_candidate,,0,False
FACERINNA_2_SALICYLIC_ACID_ACNE_SERUM_NA18250107449,FACERINNA,2% Salicylic Acid Acne Serum,NA18250107449,tokopedia.com,https://www.tokopedia.com/find/facerinna-salicylic-acid?utm_source=google&utm_medium=organic&utm_campaign=find,Jual Facerinna Salicylic Acid Murah & Terbaik,,marketplace_listing_candidate,,0,False
FACERINNA_2_SALICYLIC_ACID_ACNE_SERUM_NA18250107449,FACERINNA,2% Salicylic Acid Acne Serum,NA18250107449,tokopedia.com,https://www.tokopedia.com/find/facerinna-acne?utm_source=google&utm_medium=organic&utm_campaign=find,Jual Facerinna Acne Murah & Terbaik,,marketplace_listing_candidate,,0,False
FACERINNA_2_SALICYLIC_ACID_ACNE_SERUM_NA18250107449,FACERINNA,2% Salicylic Acid Acne Serum,NA18250107449,tokopedia.com,https://www.tokopedia.com/camellia-beaute/facerinna-2-salicylic-acid-2-niacinamide-acne-serum-20ml-1735081735693763700-1735081754204079220,FACERINNA 2% Salicylic Acid + 2% Niacinamide Acne ...,,marketplace_listing_candidate,,0,False
FACERINNA_2_SALICYLIC_ACID_ACNE_SERUM_NA18250107449,FACERINNA,2% Salicylic Acid Acne Serum,NA18250107449,tokopedia.com,https://www.tokopedia.com/find/facerinna-acne-serum?utm_source=google&utm_medium=organic&utm_campaign=find,Jual Facerinna Acne Serum Murah & Terbaik,,marketplace_listing_candidate,,0,False
FACERINNA_2_SALICYLIC_ACID_ACNE_SERUM_NA18250107449,FACERINNA,2% Salicylic Acid Acne Serum,NA18250107449,shop-id.tokopedia.com,https://shop-id.tokopedia.com/pdp/1734702130460853948,FACERINNA-3 IN 1 Acne Repair Set | 2% Salicylic Acid + 2 ...,,marketplace_listing_candidate,,0,False
BEAUTY_OF_JOSEON_BAMBOO_DARKSPOT_SERUM_NA18250104648,Beauty of Joseon,Bamboo Darkspot Serum,NA18250104648,shopee.co.id,https://shopee.co.id/Beauty-of-Joseon-Bamboo-Darkspot-Serum-Symwhite-Bamboo-Extract-i.931785217.44451432548,Jual Beauty of Joseon Bamboo Darkspot Serum,,marketplace_listing_candidate,,0,False
BEAUTY_OF_JOSEON_BAMBOO_DARKSPOT_SERUM_NA18250104648,Beauty of Joseon,Bamboo Darkspot Serum,NA18250104648,tokopedia.com,https://www.tokopedia.com/beautyofjoseon/beauty-of-joseon-bamboo-darkspot-serum-20ml-1731457010387748760?utm_source=google&utm_medium=organic&utm_campaign=pdp,Promo Beauty of Joseon Bamboo Darkspot Serum 20ml,,marketplace_listing_candidate,,0,False
BEAUTY_OF_JOSEON_BAMBOO_DARKSPOT_SERUM_NA18250104648,Beauty of Joseon,Bamboo Darkspot Serum,NA18250104648,shopee.co.id,https://shopee.co.id/beautyofjoseon.id,Toko Online Beauty Of Joseon Official Store,,marketplace_listing_candidate,,0,False
BEAUTY_OF_JOSEON_BAMBOO_DARKSPOT_SERUM_NA18250104648,Beauty of Joseon,Bamboo Darkspot Serum,NA18250104648,shopee.co.id,https://shopee.co.id/-PRELOVED-Beauty-of-Joseon-Bamboo-Darkspot-Serum-Symwhite-Bamboo-Extract-i.99876347.46854061133,[PRELOVED] Beauty of Joseon Bamboo Darkspot Serum,,marketplace_listing_candidate,,0,False
BEAUTY_OF_JOSEON_BAMBOO_DARKSPOT_SERUM_NA18250104648,Beauty of Joseon,Bamboo Darkspot Serum,NA18250104648,tokopedia.com,https://www.tokopedia.com/beautyofjoseon/beauty-of-joseon-bamboo-darkspot-serum-20ml-1731457010387748760/media/product/0,Beauty of Joseon Bamboo Darkspot Serum 20ml,,marketplace_listing_candidate,,0,False
BEAUTY_OF_JOSEON_BAMBOO_DARKSPOT_SERUM_NA18250104648,Beauty of Joseon,Bamboo Darkspot Serum,NA18250104648,tokopedia.com,https://www.tokopedia.com/rekomendasi/100493241821,Beauty of Joseon Bamboo Darkspot Serum 20ml,,marketplace_listing_candidate,,0,False
BEAUTY_OF_JOSEON_BAMBOO_DARKSPOT_SERUM_NA18250104648,Beauty of Joseon,Bamboo Darkspot Serum,NA18250104648,tokopedia.com,https://www.tokopedia.com/beautyofjoseon/beauty-of-joseon-bye-darkspot-sunscreen-aquafresh-bamboo-darkspot-serum-mencerahkan-hitam-pencerah-extract-1734440298373220248/media/product/0,Video dan Gambar Beauty of Joseon Bye Darkspot [Sunscreen ...,,marketplace_listing_candidate,,0,False
BEAUTY_OF_JOSEON_BAMBOO_DARKSPOT_SERUM_NA18250104648,Beauty of Joseon,Bamboo Darkspot Serum,NA18250104648,tokopedia.com,https://www.tokopedia.com/stylekoreanindo/beauty-of-joseon-bamboo-darkspot-serum-symwhite-bamboo-extract-1736123429606688612,Beauty of Joseon Bamboo Darkspot Serum : Symwhite + ...,,marketplace_listing_candidate,,0,False
BEAUTY_OF_JOSEON_BAMBOO_DARKSPOT_SERUM_NA18250104648,Beauty of Joseon,Bamboo Darkspot Serum,NA18250104648,tokopedia.com,https://www.tokopedia.com/find/serum-beauty-of-joseon?utm_source=google&utm_medium=organic&utm_campaign=find,Jual Serum Beauty Of Joseon Murah & Terbaik,,marketplace_listing_candidate,,0,False
FACERINNA_RETINOL_ANTI_AGING_SERUM_NA18252000312,FACERINNA,Retinol Anti Aging Serum,NA18252000312,shopee.com.my,https://shopee.com.my/FACERINNA-COMBO-RETINOL-ANTI-AGING-SERUM-Smoother-Appearances-Of-Fine-Lines-Improve-Skin-Texture-Facial-Skincare-i.1473495725.43773339450,FACERINNA-COMBO-RETINOL ANTI AGING SERUM ...,,marketplace_listing_candidate,,0,False
FACERINNA_RETINOL_ANTI_AGING_SERUM_NA18252000312,FACERINNA,Retinol Anti Aging Serum,NA18252000312,shop-id.tokopedia.com,https://shop-id.tokopedia.com/pdp/moisturizer-anti-penuaan-dengan-retinol-teknologi-mve/1732411100650047164,FACERINNA Retinol Anti Aging Moisturizer 30g ... - TikTok Shop,,marketplace_listing_candidate,,0,False
FACERINNA_RETINOL_ANTI_AGING_SERUM_NA18252000312,FACERINNA,Retinol Anti Aging Serum,NA18252000312,shopee.co.th,https://shopee.co.th/Facerinna-Retinol-Anti-Aging-Serum-%E0%B9%80%E0%B8%8B%E0%B8%A3%E0%B8%B1%E0%B9%88%E0%B8%A1%E0%B8%A5%E0%B8%94%E0%B8%A3%E0%B8%B4%E0%B9%89%E0%B8%A7%E0%B8%A3%E0%B8%AD%E0%B8%A2-%E0%B8%9F%E0%B8%B7%E0%B9%89%E0%B8%99%E0%B8%9A%E0%B8%B3%E0%B8%A3%E0%B8%B8%E0%B8%87%E0%B8%9C%E0%B8%B4%E0%B8%A7%E0%B8%AD%E0%B9%88%E0%B8%AD%E0%B8%99%E0%B9%80%E0%B8%A2%E0%B8%B2%E0%B8%A7%E0%B9%8C-%E0%B8%9B%E0%B8%A3%E0%B8%B1%E0%B8%9A%E0%B8%9C%E0%B8%B4%E0%B8%A7%E0%B9%80%E0%B8%A3%E0%B8%B5%E0%B8%A2%E0%B8%9A%E0%B9%80%E0%B8%99%E0%B8%B5%E0%B8%A2%E0%B8%99-%E0%B8%81%E0%B8%A3%E0%B8%B0%E0%B8%8A%E0%B8%B1%E0%B8%9A-%E0%B8%A5%E0%B8%94%E0%B8%AA%E0%B8%B4%E0%B8%A7-%E0%B8%9C%E0%B8%B4%E0%B8%A7%E0%B8%81%E0%B8%A3%E0%B8%B0%E0%B8%88%E0%B9%88%E0%B8%B2%E0%B8%87%E0%B9%83%E0%B8%AA-i.1560991860.56501716513,Facerinna Retinol Anti Aging Serum เซรั่มลดริ้วรอย ฟื้นบำรุง ...,,marketplace_listing_candidate,,0,False
FACERINNA_RETINOL_ANTI_AGING_SERUM_NA18252000312,FACERINNA,Retinol Anti Aging Serum,NA18252000312,tokopedia.com,https://www.tokopedia.com/watsons-indonesia-official-store/facerinna-retinol-anti-aging-serum-20ml-1731838478635468057,Promo Facerinna Retinol Anti Aging Serum 20ml,,marketplace_listing_candidate,,0,False
FACERINNA_RETINOL_ANTI_AGING_SERUM_NA18252000312,FACERINNA,Retinol Anti Aging Serum,NA18252000312,tokopedia.com,https://www.tokopedia.com/alana-skincare-dan-kosmetic/facerinna-retinol-anti-aging-serum-1733050873627706432,Jual Facerinna Retinol Anti Aging Serum - Kota Kupang,,marketplace_listing_candidate,,0,False
FACERINNA_RETINOL_ANTI_AGING_SERUM_NA18252000312,FACERINNA,Retinol Anti Aging Serum,NA18252000312,shop-id.tokopedia.com,https://shop-id.tokopedia.com/pdp/facerinna-retinol-anti-aging-serum-mengurangi-kerutan-noda-hitam/1733199715594044923?source=anchor,Facerinna retinol anti aging serum - TikTok Shop - Tokopedia,,marketplace_listing_candidate,,0,False
FACERINNA_RETINOL_ANTI_AGING_SERUM_NA18252000312,FACERINNA,Retinol Anti Aging Serum,NA18252000312,tokopedia.com,https://www.tokopedia.com/facerinnaindonesia/facerinna-retinol-anti-aging-moisturizer-30g-1732411226055739068?utm_source=google&utm_medium=organic&utm_campaign=pdp,Promo FACERINNA Retinol Anti Aging Moisturizer 30g ...,,marketplace_listing_candidate,,0,False
FACERINNA_RETINOL_ANTI_AGING_SERUM_NA18252000312,FACERINNA,Retinol Anti Aging Serum,NA18252000312,tokopedia.com,https://www.tokopedia.com/irinkosmetik/facerinna-retinol-moisturizer-serum-1732958843570390472,Jual FACERINNA Retinol Moisturizer Serum - moist 30g,,marketplace_listing_candidate,,0,False
