image_id,product_id,source_url,source_domain,listing_url,review_url
8ec7373305e4,DEAR_KLAIRS_FRESHLY_JUICED_VITAMIN_SKIN_PREP_PADS_NA26251200678,https://koreanskincare.com/products/dear-klairs-freshly-juiced-vitamin-skin-prep-pads?srsltid=AfmBOoqehSnYQB8i_T7RlTIr5Wd-TSWis9Alwreb_HoeBSlvkX_F9L9R,koreanskincare.com,,
2a18f6c1bf92,DEAR_KLAIRS_FRESHLY_JUICED_VITAMIN_SKIN_PREP_PADS_NA26251200678,https://www.dodoskin.com/products/dear-klairs-freshly-juiced-vitamin-skin-prep-pads-290ml-80-pads?srsltid=AfmBOopJ5zVXOjzgv0mPbii2FLDMiTj5DUnbzJQxrWvboInNMzjsp4wC,www.dodoskin.com,,
7f832b3d4a07,DEAR_KLAIRS_FRESHLY_JUICED_VITAMIN_SKIN_PREP_PADS_NA26251200678,https://lewkin.com/collections/dear-klairs/products/freshly-juiced-vitamin-skin-prep-pads-290ml-80ea?srsltid=AfmBOoobNV0sOw6PNvWlqO63ggHq7NwsOHpCBAunsQ6O465o2hj1lppY,lewkin.com,,
0b295983caba,DEAR_KLAIRS_FRESHLY_JUICED_VITAMIN_SKIN_PREP_PADS_NA26251200678,https://www.skincupid.us/products/dear-klairs-freshly-juiced-vitamin-skin-prep-pads-80-pads,www.skincupid.us,,
4fbffecbeefc,DEAR_KLAIRS_FRESHLY_JUICED_VITAMIN_SKIN_PREP_PADS_NA26251200678,https://glowid.com/products/freshly-juiced-vitamin-skin-prep-pads,glowid.com,,
a5ac81f2445f,DEAR_KLAIRS_FRESHLY_JUICED_VITAMIN_SKIN_PREP_PADS_NA26251200678,https://www.skincupid.us/products/dear-klairs-freshly-juiced-vitamin-skin-prep-pads-80-pads,www.skincupid.us,,
b6e36cba52f2,DEAR_KLAIRS_FRESHLY_JUICED_VITAMIN_SKIN_PREP_PADS_NA26251200678,https://glowid.com/products/freshly-juiced-vitamin-skin-prep-pads,glowid.com,,
97a018b5eb72,DEAR_KLAIRS_FRESHLY_JUICED_VITAMIN_SKIN_PREP_PADS_NA26251200678,https://www.klairscosmetics.com/news/freshly-juiced-vitamin-skin-prep-pads-genius-pad/,www.klairscosmetics.com,,
4b27bb4da3e9,COSRX_AHA_BHA_CLARIFYING_TREATMENT_TONER_NA26221200804,https://www.cosrx.com/products/aha-bha-clarifying-treatment-toner?srsltid=AfmBOop6HeYrOm3iqJNB365kMS8s7MtBP7tv_jr_MmGFMkWIIcZYJ4K3,www.cosrx.com,,
327144438f93,COSRX_AHA_BHA_CLARIFYING_TREATMENT_TONER_NA26221200804,https://www.ulta.com/p/ahabha-clarifying-treatment-toner-xlsImpprod15641050?sku=2504908,www.ulta.com,,
88bed52d2fb8,COSRX_AHA_BHA_CLARIFYING_TREATMENT_TONER_NA26221200804,https://www.iherb.com/pr/cosrx-aha-bha-clarifying-treatment-toner-5-07-fl-oz-150-ml/73953?srsltid=AfmBOoqmiedGYufGfWC31UXtcu6fPsROPSKehTdcUZlK0DM9jsKVo54h,www.iherb.com,,
63197d2dbbfc,COSRX_AHA_BHA_CLARIFYING_TREATMENT_TONER_NA26221200804,https://www.cosrx.com/products/aha-bha-clarifying-treatment-toner?srsltid=AfmBOooufQb6Ye3jUybQa7K1wxtLnx0sf5lTJmE5OOVfEs5-GmFWBOF8,www.cosrx.com,,
91a415a23a0b,COSRX_AHA_BHA_CLARIFYING_TREATMENT_TONER_NA26221200804,https://www.yesstyle.com/en/cosrx-aha-bha-clarifying-treatment-toner-150ml/info.html/pid.1052684721,www.yesstyle.com,,
7e021df433ea,COSRX_AHA_BHA_CLARIFYING_TREATMENT_TONER_NA26221200804,https://www.cosmeterie.com/cosrx/aha-bha-clarifying-treatment-toner,www.cosmeterie.com,,
a364b94b4eec,COSRX_AHA_BHA_CLARIFYING_TREATMENT_TONER_NA26221200804,https://www.ebay.com/itm/125303430941,www.ebay.com,,
4a1f82ffdd9a,COSRX_AHA_BHA_CLARIFYING_TREATMENT_TONER_NA26221200804,https://www.caritesusa.com/products/cosrx-aha-bha-clarifying-treatment-toner-150-ml-5-07-fl-oz?srsltid=AfmBOorm1KuTh-1oxrH28K6gcmRXrFlNc-9fdVU47IJvH4oND1jOsz43,www.caritesusa.com,,
226bef544896,SUNGBOON_EDITOR_SUNGBOON_EDITOR_GREEN_TOMATO_PORE_LIFTING_AMPOULE_TONER_NA26251200757,https://holiholic.com/products/sungboon-editor-green-tomato-pore-lifting-ampoule-toner-350ml?srsltid=AfmBOorcIt5FdGayleA-3B8C7Qhx2LfWhdlbOiAZmPmHcy2y9-_b_BmI,holiholic.com,,
fd5d9ad8fb50,SUNGBOON_EDITOR_SUNGBOON_EDITOR_GREEN_TOMATO_PORE_LIFTING_AMPOULE_TONER_NA26251200757,https://www.shopmissa.com/products/sungboon-editor-green-tomato-pore-lifting-ampoule-toner?srsltid=AfmBOoq6SkLPFRS31Mu8mBUlcYKXpMZRQk2XVABNFRfmMyL9X6-gg0iw,www.shopmissa.com,,
34b09d2f8c22,SUNGBOON_EDITOR_SUNGBOON_EDITOR_GREEN_TOMATO_PORE_LIFTING_AMPOULE_TONER_NA26251200757,https://www.shopmissa.com/products/sungboon-editor-green-tomato-pore-lifting-ampoule-toner?srsltid=AfmBOorWyFTHxX4I4kQugE_SynwxWT8Hy19aGqG80QtbYJAP4wf52AAM,www.shopmissa.com,,
8e022df82e72,SUNGBOON_EDITOR_SUNGBOON_EDITOR_GREEN_TOMATO_PORE_LIFTING_AMPOULE_TONER_NA26251200757,https://sungbooneditor.com/products/sungboon-editor-green-tomato-pore-lifting-ampoule-30ml?srsltid=AfmBOorFvzdTBHEW7dQ91W05IX8u256F_cxraN_drjNS3_VH05IrtwKo,sungbooneditor.com,,
6005a2025927,SUNGBOON_EDITOR_SUNGBOON_EDITOR_GREEN_TOMATO_PORE_LIFTING_AMPOULE_TONER_NA26251200757,https://songofskin.com/products/sungboon-editor-green-tomato-pore-lifting-ampoule-toner?srsltid=AfmBOooMx1VT9SaV8GAvveG4BES4rDGElh0DoUNwonOV1UdsxiaQcvH2,songofskin.com,,
705f1aaa51c8,SUNGBOON_EDITOR_SUNGBOON_EDITOR_GREEN_TOMATO_PORE_LIFTING_AMPOULE_TONER_NA26251200757,https://www.amazon.com/Hydrating-Sensitive-Minimizing-Tightening-Skincare/dp/B09BLH7VB7,www.amazon.com,,
a14154394538,SUNGBOON_EDITOR_SUNGBOON_EDITOR_GREEN_TOMATO_PORE_LIFTING_AMPOULE_TONER_NA26251200757,https://koreabe.com/products/sungboon-editor-green-tomato-pore-lifting-ampoule-toner-350ml?srsltid=AfmBOop769St8zGNNmIlU-6aU1Yy_eDNjDJKi5ds2DkdLjVkM2jaDNqr,koreabe.com,,
0b28ce57f1a5,SUNGBOON_EDITOR_SUNGBOON_EDITOR_GREEN_TOMATO_PORE_LIFTING_AMPOULE_TONER_NA26251200757,https://www.shoppalacebeauty.com/products/sungboon-editor-green-tomato-pore-lifting-ampoule-30ml-1-01fl-oz?srsltid=AfmBOor_rR1zL1ovG9KSNrPH5C9U2H1Wrf_95sf65AAD3m_-8Yt4lOAz,www.shoppalacebeauty.com,,
8473a961d20a,DEAR_KLAIRS_FRESHLY_JUICED_VITAMIN_ESSENCE_TONER_NA26251200677,https://www.yesstyle.com/en/dear-klairs-freshly-juiced-vitamin-essence-toner-180ml/info.html/pid.1133578692,www.yesstyle.com,,
29b3283c42d6,DEAR_KLAIRS_FRESHLY_JUICED_VITAMIN_ESSENCE_TONER_NA26251200677,https://sukoshi.com/products/klairs-freshly-juiced-vitamin-essence-toner?srsltid=AfmBOopy5QjqKEEb_yxGRPNnkFbVCn6VuvgRAQXocS42zivcaX8KssfP,sukoshi.com,,
411561155556,DEAR_KLAIRS_FRESHLY_JUICED_VITAMIN_ESSENCE_TONER_NA26251200677,https://dermapproved.com/products/dear-klairs-freshly-juiced-vitamin-essence-toner/,dermapproved.com,,
15e02da3f3e4,DEAR_KLAIRS_FRESHLY_JUICED_VITAMIN_ESSENCE_TONER_NA26251200677,https://www.yesstyle.com/en/dear-klairs-freshly-juiced-vitamin-essence-toner-mini-30ml/info.html/pid.1133578693,www.yesstyle.com,,
2a4024ded74b,DEAR_KLAIRS_FRESHLY_JUICED_VITAMIN_ESSENCE_TONER_NA26251200677,https://www.dodoskin.com/products/dear-klairs-freshly-juiced-vitamin-essence-toner-180ml?srsltid=AfmBOopG8UVHvQ2l_gV4ym0t9u-p-fK_rIvecUqzcK7i292gGeomHs9X,www.dodoskin.com,,
aa6491c3d17a,DEAR_KLAIRS_FRESHLY_JUICED_VITAMIN_ESSENCE_TONER_NA26251200677,https://sokoglam.com/products/dear-klairs-freshly-juiced-vitamin-essence-toner?srsltid=AfmBOoosDC3ZuDrdbYK3UxXy7qtB-xI4XsLOnINiA6MFR3ETouQFnqvW,sokoglam.com,,
71ec319240a3,ANUA_NIACINAMIDE_5_TXA_BRIGHTENING_PAD_NA26251900083,https://www.ulta.com/p/niacinamide-5-txa-brightening-pad-pimprod2052160?sku=2641334,www.ulta.com,,
0d315d7e6990,ANUA_NIACINAMIDE_5_TXA_BRIGHTENING_PAD_NA26251900083,https://anua.com/products/niacinamide-5-txa-brightening-pad?srsltid=AfmBOop_mgN7uJRnHQPNnc63Dx-RUyjBASWVLnORq2kJJYYzFs6B275j,anua.com,,
86f3fa5a67dc,ANUA_NIACINAMIDE_5_TXA_BRIGHTENING_PAD_NA26251900083,https://anua.com/products/niacinamide-5-txa-brightening-pad?srsltid=AfmBOorwfEddvFHI1AKJGDYxOHoR1F-jrxIN2ErPNVBUghMflvZ2P2Cf,anua.com,,
d30d8dac56ff,ANUA_NIACINAMIDE_5_TXA_BRIGHTENING_PAD_NA26251900083,https://anua.com/products/niacinamide-5-txa-brightening-pad?srsltid=AfmBOoroHYGVgA4y2DgAJkWyu3M_Y9l97vAbYxMIJsf8KSekDQqo21Cf,anua.com,,
e23ea028a09d,ANUA_NIACINAMIDE_5_TXA_BRIGHTENING_PAD_NA26251900083,https://anua.com/products/niacinamide-5-txa-brightening-pad?srsltid=AfmBOopL-xghiF0TAv_85Kfrum9ZktY0wDgzO7NePRQhlGpUsaAlf7tN,anua.com,,
aadf7897cead,ANUA_NIACINAMIDE_5_TXA_BRIGHTENING_PAD_NA26251900083,https://anua.com/products/niacinamide-5-txa-brightening-pad?srsltid=AfmBOoqHZsj3DA3erMfZSM_r288f2_XA9VQ6NBH0GmwteGfOs6unq5Sp,anua.com,,
70d4eb87b78a,ANUA_NIACINAMIDE_5_TXA_BRIGHTENING_PAD_NA26251900083,https://kbeautystore.com/products/niacinamide-5-txa-brightening-pad,kbeautystore.com,,
7c49b57b0d12,ANUA_NIACINAMIDE_5_TXA_BRIGHTENING_PAD_NA26251900083,https://kbeautystore.com/products/niacinamide-5-txa-brightening-pad,kbeautystore.com,,
f5da72e86b57,I_M_FROM_RICE_TONER_PAD_NA26251200291,https://www.dodoskin.com/products/im-from-rice-toner-pad-140ml?srsltid=AfmBOoqBgDgYRJ_4240Cmgii6YiBYHaOdmTBjyokEDsr7fDej73YOLf9,www.dodoskin.com,,
b125e7616a91,I_M_FROM_RICE_TONER_PAD_NA26251200291,https://www.dodoskin.com/products/im-from-rice-toner-pad-140ml?srsltid=AfmBOoqSTSX-0CS2wA-bbxFE_jneiGght498ld32UyCtRU3DFVEJxeMH,www.dodoskin.com,,
f1790bdbca02,I_M_FROM_RICE_TONER_PAD_NA26251200291,https://www.dodoskin.com/products/im-from-rice-toner-pad-140ml?srsltid=AfmBOoo41la605iI_Bpxq49Ss19RC-YVq85FkkUzRArWywXoxWmDPcls,www.dodoskin.com,,
06605166f716,I_M_FROM_RICE_TONER_PAD_NA26251200291,https://kiokii.com/products/imfrom-rice-toner-pad-60-sheets?srsltid=AfmBOornp2uh6Xy-8HF5Cy9C1sYSf4hnAZ_hfN6CwFRtd6Zb1hs4xRAJ,kiokii.com,,
fd07861fd972,I_M_FROM_RICE_TONER_PAD_NA26251200291,https://www.dodoskin.com/products/im-from-rice-toner-pad-140ml?srsltid=AfmBOop8kQIRWtVCc22Q7wn_fhZZ6cRBOkM4HNBtoIMR8sj0Pa7Xqb01,www.dodoskin.com,,
fbccf15525ef,I_M_FROM_RICE_TONER_PAD_NA26251200291,https://koreanskincare.com/products/im-from-rice-toner-pad?srsltid=AfmBOoru9i_3_lZEvdwbuQz-85S8WDKESeUqK4KZt_2ckvzQZT-_g6-Q,koreanskincare.com,,
3c47c2a41c46,I_M_FROM_RICE_TONER_PAD_NA26251200291,https://ksisters.gr/en/product/i-m-from-rice-toner-pad?srsltid=AfmBOoqTItqkt8OmPYeoiOMpsBWBij3gJ5JKTBY0mhfmtH6KDpySmdTm,ksisters.gr,,
eaf740131368,I_M_FROM_RICE_TONER_PAD_NA26251200291,https://www.mirai-skin.com/products/im-from-rice-toner-pad-60ea?srsltid=AfmBOori2YM6Q7jiks_9c4xq8U5r_sOQ_WuKwfyN6uQZgpNdtbRBHrZr,www.mirai-skin.com,,
29c69b905d48,ANUA_PDRN_100_HYALURONIC_ACID_GLOW_PAD_NA26250100362,https://koreanskincare.com/products/anua-pdrn-100-hyaluronic-acid-glow-pad?srsltid=AfmBOooAGY7xWtzDc4G6C4h9vqQhlkgmvrHYx7vhecM_gjA9GdAshL2q,koreanskincare.com,,
8839eef1012e,ANUA_PDRN_100_HYALURONIC_ACID_GLOW_PAD_NA26250100362,https://anua.com/products/pdrn-100-hyaluronic-acid-glow-pad?srsltid=AfmBOopwRallAR1nevGRnzugo6e1pPTBRETQyKSl973tfs6CazILeLhw,anua.com,,
70514899e05c,ANUA_PDRN_100_HYALURONIC_ACID_GLOW_PAD_NA26250100362,https://anua.com/products/pdrn-100-hyaluronic-acid-glow-pad?srsltid=AfmBOopr242c3giniYyo6F_X80o56d4UF88zqJDIUL5RTlymK6KtpQkV,anua.com,,
ab6d0a195ba3,ANUA_PDRN_100_HYALURONIC_ACID_GLOW_PAD_NA26250100362,https://anua.com/products/pdrn-100-hyaluronic-acid-glow-pad?srsltid=AfmBOor3FL3qEXv3npUGAfVRFfH4C0uVis5N0oAm6oIm28FLOPQg4Bgo,anua.com,,
bd6b07cbae5f,ANUA_PDRN_100_HYALURONIC_ACID_GLOW_PAD_NA26250100362,https://www.stylekorean.com/shop/anua-pdrn-100-hyaluronic-acid-glow-pad-60ea/1749609643?srsltid=AfmBOoonC2fIYnWrpyicy-SGQZf_86lxjAfbgDXBJog0g4hpZwn8XvrN,www.stylekorean.com,,
4f759dbb3cc1,ANUA_PDRN_100_HYALURONIC_ACID_GLOW_PAD_NA26250100362,https://koreanskincare.com/products/anua-pdrn-100-hyaluronic-acid-glow-pad?srsltid=AfmBOoqP0mWQXO8yusDCPeliuR4fvibZ4XPfguVyEf4xvBbqfe9BrGKB,koreanskincare.com,,
29030a906a2f,ANUA_PDRN_100_HYALURONIC_ACID_GLOW_PAD_NA26250100362,https://m.jolse.com/product/anua-pdrn-100-hyaluronic-acid-glow-pad-180ml-60ea/89735/,m.jolse.com,,
b4c5249df235,ANUA_PDRN_100_HYALURONIC_ACID_GLOW_PAD_NA26250100362,https://www.skincupid.us/products/anua-pdrn-100-hyaluronic-acid-glow-pad-60-pads,www.skincupid.us,,
63de4bb68f46,I_M_FROM_RICE_TONER_NA26251200644,https://sentisenti.com/products/im-from-rice-toner?srsltid=AfmBOor8FIq4Ej1r5ofJIUtYylU8NI8qKXkmIGds_qpt4MdMg78dRPd8,sentisenti.com,,
62b9e349a17b,I_M_FROM_RICE_TONER_NA26251200644,https://sukoshi.com/products/im-from-rice-toner?srsltid=AfmBOoqL5HZeckX_gwvuabsOJ7fHmWFPo5Y69zK1feq-r0sfWrgK0Zew,sukoshi.com,,
0b765b58290f,I_M_FROM_RICE_TONER_NA26251200644,https://www.costco.com/p/-/im-from-rice-toner-676-fl-oz-2-pack/4000335054,www.costco.com,,
f22f4ba3978a,I_M_FROM_RICE_TONER_NA26251200644,https://sentisenti.com/products/im-from-rice-toner?srsltid=AfmBOoqJS2MoDMzfhNl2HwTxQfvpVBob_8fiqEvLVYvTEhYRjzQaG8g4,sentisenti.com,,
53a7e4dde60d,I_M_FROM_RICE_TONER_NA26251200644,https://sokoglam.com/products/im-from-rice-toner?srsltid=AfmBOoqj1r4HVSiX8MSTqV-s2l9a2BcgIFSSYBtYAquMDvmP4dyGg3ei,sokoglam.com,,
60297aa1db27,I_M_FROM_RICE_TONER_NA26251200644,https://sukoshi.com/products/im-from-black-rice-toner?srsltid=AfmBOopt0odknVtorip7AZ50B6nEF_VkwHIsehuf7M3fiebqulnIfa5n,sukoshi.com,,
f5e3bce224cb,I_M_FROM_RICE_TONER_NA26251200644,https://beta.walmart.com/ip/I-m-from-Rice-Toner-5-07-fl-oz-77-78-Rice-Extract-Glow-Essence-with-Niacinamide-Hydrating-for-Dry-Skin-Vegan-Alcohol-Free-K-Beauty-Toner/945570199,beta.walmart.com,,
bdf76077b8f7,I_M_FROM_RICE_TONER_NA26251200644,https://sokoglam.com/products/im-from-rice-toner?srsltid=AfmBOooTkr7VQ3p3xIA2IHLwWUYeMbiQC9CmDRIp1ySXEHrT_c0vvFUM,sokoglam.com,,
08bbda74ded5,SKINTIFIC_AHA_BHA_PHA_EXFOLIATING_PADS_NA11251201488,https://www.yesstyle.com/en/skintific-aha-bha-pha-exfoliating-pads-130ml/info.html/pid.1136493069,www.yesstyle.com,,
b59e0a92c22a,SKINTIFIC_AHA_BHA_PHA_EXFOLIATING_PADS_NA11251201488,https://thaimegastore.com/products/skintific-aha-bha-pha-exfoliating-pads,thaimegastore.com,,
9fbaafe1884f,SKINTIFIC_AHA_BHA_PHA_EXFOLIATING_PADS_NA11251201488,https://skintific.com/products/aha-bha-pha-pads-lactic-acid-serum-set,skintific.com,,
c740f03cd2aa,SKINTIFIC_AHA_BHA_PHA_EXFOLIATING_PADS_NA11251201488,https://skintific.com/nl-nl/products/aha-bha-pha-exfoliating-pads?_pos=2&_fid=fc14301b3&_ss=c,skintific.com,,
35d94db2d02c,SKINTIFIC_AHA_BHA_PHA_EXFOLIATING_PADS_NA11251201488,https://theonionstores.com/products/skintific-aha-bha-pha-exfoliating-pads,theonionstores.com,,
7ed969655a2c,SKINTIFIC_AHA_BHA_PHA_EXFOLIATING_PADS_NA11251201488,https://skinsort.com/products/skintific/aha-bha-pha-exfoliating-pads,skinsort.com,,
e902f5f9ee20,SKINTIFIC_AHA_BHA_PHA_EXFOLIATING_PADS_NA11251201488,https://thaimegastore.com/products/skintific-aha-bha-pha-exfoliating-pads,thaimegastore.com,,
d7dcaeed1b95,SKINTIFIC_AHA_BHA_PHA_EXFOLIATING_PADS_NA11251201488,https://us.skintific.com/products/aha-bha-pha-exfoliating-pads,us.skintific.com,,
914c3e89188d,SKINTIFIC_AHA_BHA_PHA_EXFOLIATING_PADS_NA11251201488,https://www.tiktok.com/@kosteve_/video/7514631309264784647,www.tiktok.com,,
14cc29e83f19,SULWHASOO_CONCENTRATED_GINSENG_REJUVENATING_WATER_NA26242000058,https://us.sulwhasoo.com/products/concentrated-ginseng-rejuvenating-water,us.sulwhasoo.com,,
14af64b3884f,SULWHASOO_CONCENTRATED_GINSENG_REJUVENATING_WATER_NA26242000058,https://us.sulwhasoo.com/products/concentrated-ginseng-rejuvenating-water,us.sulwhasoo.com,,
57a624e57622,SULWHASOO_CONCENTRATED_GINSENG_REJUVENATING_WATER_NA26242000058,https://us.sulwhasoo.com/products/concentrated-ginseng-rejuvenating-water,us.sulwhasoo.com,,
f52706f6cea5,SULWHASOO_CONCENTRATED_GINSENG_REJUVENATING_WATER_NA26242000058,https://sleekshop.com/products/sulwhasoo-concentrated-ginseng-rejuvenating-water-mini.html?srsltid=AfmBOoqyX7J9ehM6tG4qee8smE_SBnPiAxWrR7QW418fm49wvDspFP8i,sleekshop.com,,
198aa4c57c10,SULWHASOO_CONCENTRATED_GINSENG_REJUVENATING_WATER_NA26242000058,https://hk.sulwhasoo.com/en_s/concentrated-ginseng-rejuvenating-water-150ml.html,hk.sulwhasoo.com,,
94e3b856b7ec,SULWHASOO_CONCENTRATED_GINSENG_REJUVENATING_WATER_NA26242000058,https://us.sulwhasoo.com/products/concentrated-ginseng-rejuvenating-water,us.sulwhasoo.com,,
678a129e442e,SULWHASOO_CONCENTRATED_GINSENG_REJUVENATING_WATER_NA26242000058,https://us.sulwhasoo.com/products/concentrated-ginseng-rejuvenating-water,us.sulwhasoo.com,,
a480e542f962,SULWHASOO_CONCENTRATED_GINSENG_REJUVENATING_WATER_NA26242000058,https://www.ebay.com/itm/385125365407,www.ebay.com,,
c8bb01342578,COSRX_CENTELLA_WATER_ALCOHOL_FREE_TONER_NA26221200805,https://www.cosrx.com/products/centella-water-alcohol-free-toner?srsltid=AfmBOoomdS95a13D-c2_ECxwyJfNOLreLhFb7xBL8IRFTS0Q2zOUdOu-,www.cosrx.com,,
6095b20dc9cc,COSRX_CENTELLA_WATER_ALCOHOL_FREE_TONER_NA26221200805,https://www.ebay.com/itm/124822959929,www.ebay.com,,
ddda7cbac796,COSRX_CENTELLA_WATER_ALCOHOL_FREE_TONER_NA26221200805,https://sokoglam.com/products/centella-water-alcohol-free-toner?srsltid=AfmBOorbM1Yiol4nBhfVJWxWnc7aS_He3xWe2_ggknH4OdCTmdZuArB3,sokoglam.com,,
f25c8dd76e57,COSRX_CENTELLA_WATER_ALCOHOL_FREE_TONER_NA26221200805,https://sentisenti.com/products/cosrx-centella-water-alcohol-free-toner?srsltid=AfmBOor9Nb8u6Gw1Ip3KkUEi2156ixjMfYpYi8yzn9F96WmrPQG8g1P1,sentisenti.com,,
2a99f176a084,COSRX_CENTELLA_WATER_ALCOHOL_FREE_TONER_NA26221200805,https://www.yesstyle.com/en/cosrx-centella-water-alcohol-free-toner/info.html/pid.1052684718,www.yesstyle.com,,
c256b1a8af25,COSRX_CENTELLA_WATER_ALCOHOL_FREE_TONER_NA26221200805,https://www.ebay.com/itm/162640029879,www.ebay.com,,
f0691ece1173,GLAD2GLOW_PERFECT_VITA_C_BRIGHT_GLOW_TONER_NA11251200672,https://incidecoder.com/products/glad2glow-perfect-vita-c-bright-glow-toner,incidecoder.com,,
a823fca8a9be,GLAD2GLOW_PERFECT_VITA_C_BRIGHT_GLOW_TONER_NA11251200672,https://www.ebay.com/itm/146716083845,www.ebay.com,,
61d84ce776ce,GLAD2GLOW_PERFECT_VITA_C_BRIGHT_GLOW_TONER_NA11251200672,https://guardian.com.sg/glad2glow-vita-c-bright-glow-t-636963.html,guardian.com.sg,,
a87f76d45610,GLAD2GLOW_PERFECT_VITA_C_BRIGHT_GLOW_TONER_NA11251200672,https://www.blibli.com/p/glad2glow-perfect-vita-c-bright-glow-toner-80ml/ps--GLO-70051-00077,www.blibli.com,,
66be4437d0f4,GLAD2GLOW_PERFECT_VITA_C_BRIGHT_GLOW_TONER_NA11251200672,https://www.venusbeauty.com.sg/glad2glow-perfect-vita-c-bright-glow-toner-80ml.html,www.venusbeauty.com.sg,,
1d9b587c9c7a,GLAD2GLOW_PERFECT_VITA_C_BRIGHT_GLOW_TONER_NA11251200672,https://shopee.com.my/Glad2Glow-Perfect-Vita-C-BRIGHT-GLOW-TONER-Brightens-and-Even-Out-Skin-tone-Brightening-Hydrating-skin-80ml-i.822280677.29535594997,shopee.com.my,,
1335625bce01,GLAD2GLOW_PERFECT_VITA_C_BRIGHT_GLOW_TONER_NA11251200672,https://www.venusbeauty.com.sg/glad2glow-perfect-vita-c-bright-glow-toner-80ml.html,www.venusbeauty.com.sg,,
b33d4d321ab4,SKINTIFIC_377_DARK_SPOT_ESSENCE_TONER_NA11251200643,https://www.yesstyle.com/en/skintific-377-dark-spot-essence-toner-80ml/info.html/pid.1136489185,www.yesstyle.com,,
4b1531f5006c,SKINTIFIC_377_DARK_SPOT_ESSENCE_TONER_NA11251200643,https://skintific.com/es-cl/products/symwhite377-dark-spot-essence-brightening-toner,skintific.com,,
028f9b438afd,SKINTIFIC_377_DARK_SPOT_ESSENCE_TONER_NA11251200643,https://simplyu.store/product/skintific-377-dark-spot-essence-toner-80ml/,simplyu.store,,
9b6f081f0daf,SKINTIFIC_377_DARK_SPOT_ESSENCE_TONER_NA11251200643,https://www.tokopedia.com/skintificid/skintific-377-dark-spot-essence-toner-80ml-fades-sun-acne-age-marks-bintik-matahari-bekas-jerawat-flek-penuaan-memulihkan-kulit-cerah-lembut-rata-restores-clarity-smoothness-evenness-1731416575820662350?utm_source=google&utm_medium=organic&utm_campaign=pdp,www.tokopedia.com,,
9524d59a847f,SKINTIFIC_377_DARK_SPOT_ESSENCE_TONER_NA11251200643,https://shopee.co.id/Skintific-377-Dark-Spot-Essence-Toner-80ml-i.30736001.42400155405,shopee.co.id,,
8e2510d57684,SKINTIFIC_377_DARK_SPOT_ESSENCE_TONER_NA11251200643,https://www.amazon.com/SKINTIFIC-Brightening-Optical-Scattering-Technology/dp/B0FH97NCTC,www.amazon.com,,
d469e7b15228,SKINTIFIC_377_DARK_SPOT_ESSENCE_TONER_NA11251200643,https://www.konvy.com/m/skintific/skintific-377-dark-spot-essence-toner-80ml-116512.html?srsltid=AfmBOoov0K8y1ayFo2TjEdAJkrPjpbycnt8c6cTEWgu3yoL-IzOM8aa6,www.konvy.com,,
901e23cbf040,SKINTIFIC_377_DARK_SPOT_ESSENCE_TONER_NA11251200643,https://jp.skintific.com/en/products/symwhite377-dark-spot-essence-brightening-toner,jp.skintific.com,,
1e8c98d60010,BIODANCE_CERA_NOL_GEL_TONER_PADS_NA262412000784,https://biodance.com/products/cera-nol-gel-toner-pad-60ea?srsltid=AfmBOopypDLEn2R_3PckquYslMlD_VmSLsUDNmnxg5bmPye-FQm5CEVC,biodance.com,,
d6dba9bf5ea7,BIODANCE_CERA_NOL_GEL_TONER_PADS_NA262412000784,https://biodance.com/products/cera-nol-gel-toner-pad-60ea?srsltid=AfmBOoqaJhsWt5AmK8ANI49apq97lQAkWO60LBpJhEylAkVBKMbjXiw9,biodance.com,,
b9d1dd386f27,BIODANCE_CERA_NOL_GEL_TONER_PADS_NA262412000784,https://biodance.com/products/cera-nol-gel-toner-pad-60ea?srsltid=AfmBOoqw5QkaIG570RjxZMXmuuRVbTu4U_MrSu5o5IHHFPn0VXytqR29,biodance.com,,
82e95eb2e7ad,BIODANCE_CERA_NOL_GEL_TONER_PADS_NA262412000784,https://biodance.com/products/cera-nol-gel-toner-pad-60ea?srsltid=AfmBOooWCX94HeG4wiZFDQzqvGPGkLYPvPY8Qm3WMY84ywvhMuBpQxTU,biodance.com,,
f217c2fa5807,BIODANCE_CERA_NOL_GEL_TONER_PADS_NA262412000784,https://biodance.com/products/cera-nol-gel-toner-pad-60ea?srsltid=AfmBOorgnWr_wI6tPLrcx9Pez-wMoUqCFvRWNeqPGshDR_xL893us-38,biodance.com,,
9728fb28e3e4,BIODANCE_CERA_NOL_GEL_TONER_PADS_NA262412000784,https://biodance.com/products/cera-nol-gel-toner-pad-60ea?srsltid=AfmBOophXE7h6gIjp_oZEHQe-26OE5CNslzqcC1q_tAh-WaaF2j8inz9,biodance.com,,
76bda5c930ae,BIODANCE_CERA_NOL_GEL_TONER_PADS_NA262412000784,https://biodance.com/products/cera-nol-gel-toner-pad-60ea?srsltid=AfmBOoqdiNEMr7-LMCPspXmRA4b2GJ3AzlTdOCl0BAneIKF-Ei_G5dNn,biodance.com,,
939381577ef7,BIODANCE_CERA_NOL_GEL_TONER_PADS_NA262412000784,https://www.ebay.com/itm/126646662890,www.ebay.com,,
face3e648fe7,BIODANCE_COLLAGEN_GEL_TONER_PADS_NA26251200029,https://biodance.com/products/biodance-collagen-gel-toner-pad-60ea-1?srsltid=AfmBOornSAUomR8jzzlkMKGORMBquN1LMlvANhEw34AvFBd3cMyTQ0yk,biodance.com,,
b5c8526a18ed,BIODANCE_COLLAGEN_GEL_TONER_PADS_NA26251200029,https://biodance.com/products/biodance-collagen-gel-toner-pad-60ea-1?srsltid=AfmBOopuuRe6cK83jN3lX1b8b3Jd1MuRn0d1wihPHrWbCkm-35QadsGc,biodance.com,,
6a7838d16815,BIODANCE_COLLAGEN_GEL_TONER_PADS_NA26251200029,https://biodance.com/products/biodance-collagen-gel-toner-pad-60ea-1?srsltid=AfmBOopQQfElFGzvK6mVXe8UGOFxK5LZfa67akXQ3JfT_OaaLGUKz19G,biodance.com,,
d6085e051be8,BIODANCE_COLLAGEN_GEL_TONER_PADS_NA26251200029,https://biodance.com/products/biodance-collagen-gel-toner-pad-60ea-1?srsltid=AfmBOopBBNPwMIEfw2BJP4C2imKTO4SIRdjzDFA5HLfdZkHUP4w8ST_r,biodance.com,,
e3678a6f256c,BIODANCE_COLLAGEN_GEL_TONER_PADS_NA26251200029,https://biodance.com/products/biodance-collagen-gel-toner-pad-60ea-1?srsltid=AfmBOopJ-L9OYRixU_FBVp44JTlCTlU1N6MIx85q8DmLVnKVjA3U99ya,biodance.com,,
c85c998960c0,BIODANCE_COLLAGEN_GEL_TONER_PADS_NA26251200029,https://biodance.com/products/biodance-collagen-gel-toner-pad-60ea-1?srsltid=AfmBOopG5CWr0ua5nZWTXyDDvJXvN-MbKtzSHHue5CPIHqCwzaZIp8C-,biodance.com,,
0a6100fa9c39,BIODANCE_COLLAGEN_GEL_TONER_PADS_NA26251200029,https://biodance.com/products/biodance-collagen-gel-toner-pad-60ea-1?srsltid=AfmBOorEkNxLhkYW23CvTT1UG2RfFEUK8N0so4mq9X9s7OBN0ngbhb0H,biodance.com,,
f33cf440bf8f,BIODANCE_COLLAGEN_GEL_TONER_PADS_NA26251200029,https://sukoshi.com/products/biodance-collagen-gel-toner-pad?srsltid=AfmBOoqiAywDakCb2s6mQkPn5ldqxOXMp4G12q6c00xz7szL4qMK2H09,sukoshi.com,,
96acee2fa599,HAYEJIN_BLESSING_OF_SPROUT_RADIANCE_TONER_NA26221200313,https://www.gosupps.com/hayejin-blessing-of-sprout-radiance-toner-korean-skin-care-toner-for-face-w-radiance-capsules-hydrating-toner-for-dry-sensitive-skin-glow-brightening-toner-pack-of-1-4-06-fl-oz.html,www.gosupps.com,,
83a8aca18ff6,HAYEJIN_BLESSING_OF_SPROUT_RADIANCE_TONER_NA26221200313,https://www.gosupps.com/hayejin-blessing-of-sprout-radiance-toner-korean-skin-care-toner-for-face-w-radiance-capsules-hydrating-toner-for-dry-sensitive-skin-glow-brightening-toner-pack-of-1-4-06-fl-oz.html,www.gosupps.com,,
a5307cc05d89,HAYEJIN_BLESSING_OF_SPROUT_RADIANCE_TONER_NA26221200313,https://www.ebay.com/itm/233104715911,www.ebay.com,,
a599354bef47,HAYEJIN_BLESSING_OF_SPROUT_RADIANCE_TONER_NA26221200313,https://www.ebay.com/itm/135637957469,www.ebay.com,,
a80e994391a5,HAYEJIN_BLESSING_OF_SPROUT_RADIANCE_TONER_NA26221200313,https://wholesale.q-depot.com/product/hayejin-blessing-of-sprout-radiance-toner-15ml,wholesale.q-depot.com,,
ae7883100a04,HAYEJIN_BLESSING_OF_SPROUT_RADIANCE_TONER_NA26221200313,https://jolse.com/product/hayejin-blessing-of-sprout-radiance-toner-120ml/82554/?srsltid=AfmBOoohtl5jScIYXfKvoGkBgFV7u3BBWtz_Y0MfoMGYzEPENmP7oq8n,jolse.com,,
b7fe92553369,HAYEJIN_BLESSING_OF_SPROUT_RADIANCE_TONER_NA26221200313,https://hayejineurope.com/product/hayejin-blessing-of-sprout-radiance-toner/,hayejineurope.com,,
5edc46ba4a62,FACERINNA_SALICYLIC_ACID_ACNE_TONER_NA18250107096,https://www.watsons.co.th/en/facerinna-facerinna-salicylic-acne-toner-100-ml./p/BP_327848?srsltid=AfmBOopt4Y590_UXXSZXciFDT9CsI-NPNXIHZrwiIqi22stud8x3upw0,www.watsons.co.th,,
388e201315c1,FACERINNA_SALICYLIC_ACID_ACNE_TONER_NA18250107096,https://www.watsons.co.th/en/facerinna-facerinna-salicylic-acne-toner-100-ml./p/BP_327848?srsltid=AfmBOoqA0yC562P7bqvHmf23q4LuuKi9vu5oSbZSFr5ryi4tUZ0xnBkl,www.watsons.co.th,,
6c618b0c073a,FACERINNA_SALICYLIC_ACID_ACNE_TONER_NA18250107096,https://facerinna.com/collections/all,facerinna.com,,
41bd52e15af2,FACERINNA_SALICYLIC_ACID_ACNE_TONER_NA18250107096,https://guardian.com.my/fr-sa-acne-toner-100ml-121127506.html?srsltid=AfmBOopsI8cWLRtgwD9LAykiAN-Xrd32M1vQoAsYay5mJB3MndDQcmeO,guardian.com.my,,
bb2def7f2b60,FACERINNA_SALICYLIC_ACID_ACNE_TONER_NA18250107096,https://www.ebay.com/itm/187635549610,www.ebay.com,,
d8a5f56b750d,FACERINNA_SALICYLIC_ACID_ACNE_TONER_NA18250107096,https://guardian.com.my/fr-sa-acne-toner-100ml-121127506.html?srsltid=AfmBOopaH4lVB5scOa5w2ESvuNvh_ArwQHaywhhXDv1JKhjxm6z0yxXl,guardian.com.my,,
cd5638cc078c,FACERINNA_SALICYLIC_ACID_ACNE_TONER_NA18250107096,https://facerinna.com/,facerinna.com,,
87bd9d128a1e,FACERINNA_SALICYLIC_ACID_ACNE_TONER_NA18250107096,https://facerinna.com/,facerinna.com,,
aff4ae2916cd,FACERINNA_CERAMIDE_B5_BALANCING_TONER_NA18250107683,https://facerinna.com/collections/all,facerinna.com,,
061ae7b7c1f0,FACERINNA_CERAMIDE_B5_BALANCING_TONER_NA18250107683,https://www.tokopedia.com/watsons-indonesia-official-store/facerinna-ceramide-b5-balancing-toner-100ml-1731838860929434905?utm_source=google&utm_medium=organic&utm_campaign=pdp,www.tokopedia.com,,
150825d871f7,FACERINNA_CERAMIDE_B5_BALANCING_TONER_NA18250107683,https://shopee.com.my/FACERINNA-Ceramide-B5-Balancing-Toner-Soothing-Calming-Toner-Barrier-Repair-Essence-After-Sun-Hydrating-Sensitive-Skin-i.1473495725.40856703119,shopee.com.my,,
7934a2d8a5c8,FACERINNA_CERAMIDE_B5_BALANCING_TONER_NA18250107683,https://shopee.com.my/Facerinna-Ceramide-B5-Balancing-Toner-100Ml-i.135870504.42772486509,shopee.com.my,,
0cb916828669,FACERINNA_CERAMIDE_B5_BALANCING_TONER_NA18250107683,https://shop.tiktok.com/my/pdp/toner-ceramide-b5-balancing-untuk-kulit-sensitif-lembut-bersih/1732627202276099823,shop.tiktok.com,,
a0264d7fea72,FACERINNA_CERAMIDE_B5_BALANCING_TONER_NA18250107683,https://facerinna.com/,facerinna.com,,
57a805ec920b,FACERINNA_CERAMIDE_B5_BALANCING_TONER_NA18250107683,https://facerinna.com/,facerinna.com,,
52b40b3d5543,FACERINNA_CERAMIDE_B5_BALANCING_TONER_NA18250107683,https://www.watsons.co.th/en/facerinna-facerinna-ceramide-b5-balancing-toner-100-ml./p/BP_327865?srsltid=AfmBOooFsaf6yY-vIKm7neGw7cxKp_Y2P3obrgWxnf0aL8mlPmC9VMyI,www.watsons.co.th,,
b96ee9c670ff,DR_G_BRIGHTENING_VITA_PEELING_PAD_NA26220200245,https://www.amazon.com/Dr-G-Brightening-Peeling-Pads/dp/B0FS11SGRT,www.amazon.com,,
501e16cd45eb,DR_G_BRIGHTENING_VITA_PEELING_PAD_NA26220200245,https://www.amazon.com/Dr-G-Brightening-Peeling-Pads/dp/B0FS11SGRT,www.amazon.com,,
2b7a157da502,DR_G_BRIGHTENING_VITA_PEELING_PAD_NA26220200245,https://soonsubeauty.com/products/dr-g-brightening-vita-peeling-pad-70ea?srsltid=AfmBOordZ16nroByunVRCfhGKHnZFCFDyaXjiDKBwvbT7Su32PjiBqZY,soonsubeauty.com,,
cde737c109c4,DR_G_BRIGHTENING_VITA_PEELING_PAD_NA26220200245,https://soonsubeauty.com/products/dr-g-brightening-vita-peeling-pad-70ea?srsltid=AfmBOooH1DjCuflBqafCAZXTc7kgaNQ4E0BJ3o7w1TRc-FsRKbRP0pQG,soonsubeauty.com,,
2ae071ea8d3a,DR_G_BRIGHTENING_VITA_PEELING_PAD_NA26220200245,https://dermapproved.com/products/drg-brightening-vita-peeling-pads/,dermapproved.com,,
eeae26aad806,DR_G_BRIGHTENING_VITA_PEELING_PAD_NA26220200245,https://www.amazon.com/Dr-G-Brightening-Peeling-Pads/dp/B0FS11SGRT,www.amazon.com,,
69e00ddd72c0,DR_G_BRIGHTENING_VITA_PEELING_PAD_NA26220200245,https://www.ebay.com/itm/155627738775,www.ebay.com,,
07998791e6fc,DR_G_BRIGHTENING_VITA_PEELING_PAD_NA26220200245,https://www.amazon.com/Dr-G-Brightening-Peeling-Pads/dp/B0FS11SGRT,www.amazon.com,,
3216eddb03a5,ROUND_LAB_PINE_CALMING_CICA_TONER_NA26231200708,https://www.amazon.com/ROUND-LAB-sensitive-rejuvenate-madecasocide/dp/B0DJ4J8661,www.amazon.com,,
0d8230e98a88,ROUND_LAB_PINE_CALMING_CICA_TONER_NA26231200708,https://roundlab.com/products/pine-calming-cica-toner?srsltid=AfmBOop8Ie-dvzazas_ctIMJcTES2-RzLTMiF-bE7-u76Buvd1llXswR,roundlab.com,,
63f51d90a8b1,ROUND_LAB_PINE_CALMING_CICA_TONER_NA26231200708,https://www.yesstyle.com/en/round-lab-pine-calming-cica-toner-250ml/info.html/pid.1123980103,www.yesstyle.com,,
c09d87e10316,ROUND_LAB_PINE_CALMING_CICA_TONER_NA26231200708,https://www.dodoskin.com/products/round-lab-for-men-pine-calming-cica-toner-200ml?srsltid=AfmBOorLDjGmyr0XlFDxJuWvkQrCXgeI0LE17H4j-p-5gvMrUa_vhLRd,www.dodoskin.com,,
33dc19623eac,ROUND_LAB_PINE_CALMING_CICA_TONER_NA26231200708,https://www.amazon.com/ROUND-LAB-sensitive-rejuvenate-madecasocide/dp/B0DJ4J8661,www.amazon.com,,
30f10286d64b,ROUND_LAB_PINE_CALMING_CICA_TONER_NA26231200708,https://dermapproved.com/products/round-lab-pine-calming-cica-toner/,dermapproved.com,,
26d123b780bf,ROUND_LAB_PINE_CALMING_CICA_TONER_NA26231200708,https://roundlab.com/products/pine-calming-cica-toner?srsltid=AfmBOopUdXT1yq30gH1QMWZHArxG9HR8Z2IGW3yQeLDIwYD3MbzXPyCP,roundlab.com,,
4a6b10b5cd5d,ROUND_LAB_PINE_CALMING_CICA_TONER_NA26231200708,https://www.dodoskin.com/products/round-lab-pine-calming-cica-toner-250ml?srsltid=AfmBOopybm4IctNYAfpRpYrmQjnodFIhVCfvgfivBreRLQagil43r5xp,www.dodoskin.com,,
e1759378c115,LANBENA_BOOST_RADIANCE_HYDRATING_FACIAL_TONER_NA11231201159,https://www.amazon.com/LANBENA-Brightens-Hydrating-Hyaluronic-Non-Alcoholic/dp/B0CS62JFND,www.amazon.com,,
9734600ef4b1,LANBENA_BOOST_RADIANCE_HYDRATING_FACIAL_TONER_NA11231201159,https://www.amazon.com/LANBENA-Brightens-Hydrating-Hyaluronic-Non-Alcoholic/dp/B0CS62JFND,www.amazon.com,,
ecbd8072d4b2,LANBENA_BOOST_RADIANCE_HYDRATING_FACIAL_TONER_NA11231201159,https://www.amazon.com/LANBENA-Brightens-Hydrating-Hyaluronic-Non-Alcoholic/dp/B0CS62JFND,www.amazon.com,,
aa923f2ad2c6,LANBENA_BOOST_RADIANCE_HYDRATING_FACIAL_TONER_NA11231201159,https://www.gosupps.com/lanbena-brightening-toner-facial-toner-with-vitamin-c-for-even-tone-hydrating-toner-for-face-alcohol-free-boost-radiance-calming-skin-refreshing-fragrance-free-skincare-for-face.html,www.gosupps.com,,
7fc0b7e17adf,LANBENA_BOOST_RADIANCE_HYDRATING_FACIAL_TONER_NA11231201159,https://www.amazon.com/LANBENA-Brightens-Hydrating-Hyaluronic-Non-Alcoholic/dp/B0CS62JFND,www.amazon.com,,
3d76f94a4dbb,LANBENA_BOOST_RADIANCE_HYDRATING_FACIAL_TONER_NA11231201159,https://www.amazon.com/LANBENA-Brightens-Hydrating-Hyaluronic-Non-Alcoholic/dp/B0CS62JFND,www.amazon.com,,
9d4f4a0cc582,LANBENA_BOOST_RADIANCE_HYDRATING_FACIAL_TONER_NA11231201159,https://www.amazon.com/LANBENA-Brightens-Hydrating-Hyaluronic-Non-Alcoholic/dp/B0CS62JFND,www.amazon.com,,
b730ceb0b2f7,LANBENA_BOOST_RADIANCE_HYDRATING_FACIAL_TONER_NA11231201159,https://www.gosupps.com/lanbena-brightening-toner-facial-toner-with-vitamin-c-for-even-tone-hydrating-toner-for-face-alcohol-free-boost-radiance-calming-skin-refreshing-fragrance-free-skincare-for-face.html,www.gosupps.com,,
da602a7389f4,MEDIHEAL_WATERMIDE_MOISTURE_PAD_NA26240100017,https://www.ulta.com/p/watermide-moisture-pad-pimprod2045861?sku=2626999,www.ulta.com,,
9abfd56eb3b4,MEDIHEAL_WATERMIDE_MOISTURE_PAD_NA26240100017,https://mediheal.com/products/watermide-moisture-pad?srsltid=AfmBOop3q8SFofopaV_81pwWwbUt3-E4bVXYeC-ECFY7zLqQSWQoCS2t,mediheal.com,,
45297d4eb970,MEDIHEAL_WATERMIDE_MOISTURE_PAD_NA26240100017,https://mediheal.com/products/watermide-moisture-pad?srsltid=AfmBOool30kD7Dh86YOcRZIYhAehveFY5fkboYxiZWQ_jgFmbiOHpHwn,mediheal.com,,
44e6557d815f,MEDIHEAL_WATERMIDE_MOISTURE_PAD_NA26240100017,https://www.ulta.com/p/watermide-moisture-pad-pimprod2045861?sku=2626999,www.ulta.com,,
ee4d0f698599,MEDIHEAL_WATERMIDE_MOISTURE_PAD_NA26240100017,https://kbeautystore.com/products/watermide-moisture-pad,kbeautystore.com,,
05488ff9d7bb,MEDIHEAL_WATERMIDE_MOISTURE_PAD_NA26240100017,https://www.ulta.com/p/watermide-moisture-pad-pimprod2045861?sku=2626999,www.ulta.com,,
431dc42b7170,MEDIHEAL_WATERMIDE_MOISTURE_PAD_NA26240100017,https://sukoshi.com/products/mediheal-watermide-moisture-pad-100-pads?srsltid=AfmBOorRzKfVqLcHzjczXiejTzECteNdBN44bPtMNd2iIFDm3GNvZa4x,sukoshi.com,,
ffaf7e944dea,MEDIHEAL_WATERMIDE_MOISTURE_PAD_NA26240100017,https://www.ulta.com/p/watermide-moisture-pad-pimprod2045861?sku=2626999,www.ulta.com,,
d8ecbaa27228,MEDIHEAL_WATERMIDE_MOISTURE_PAD_NA26240100017,https://www.tiktok.com/@ugcbylarina/video/7505694682710609159,www.tiktok.com,,
23c7a4ea2df8,MEDIHEAL_COLLAGEN_AMPOULE_PAD_NA26242000002,https://www.ulta.com/p/collagen-ampoule-pad-pimprod2045857?sku=2626994,www.ulta.com,,
6afeb2da45f4,MEDIHEAL_COLLAGEN_AMPOULE_PAD_NA26242000002,https://mediheal.com/products/collagen-ampoule-pad?srsltid=AfmBOoppihoBIESrGgDtX4cKmarLpnda0B19EYKPONOXOvOPSDlLV38Z,mediheal.com,,
f8c3322c6801,MEDIHEAL_COLLAGEN_AMPOULE_PAD_NA26242000002,https://mediheal.com/products/collagen-ampoule-pad?srsltid=AfmBOooeUJMqCMgmg3LjMtosqVh8dDY1xXOAE9DG9HLtEZqCVgtSuLSD,mediheal.com,,
d6f3486b5c75,MEDIHEAL_COLLAGEN_AMPOULE_PAD_NA26242000002,https://www.ulta.com/p/collagen-ampoule-pad-pimprod2045857?sku=2626994,www.ulta.com,,
a21f34ca73a4,MEDIHEAL_COLLAGEN_AMPOULE_PAD_NA26242000002,https://www.digisousa.com/products/mediheal-collagen-ampoule-pad?srsltid=AfmBOoqtzmd1fdUPNr3e5r23fTe5S6UOgs2cf4_DBczRlWngQoZQq6ir,www.digisousa.com,,
b0d898679f2c,MEDIHEAL_COLLAGEN_AMPOULE_PAD_NA26242000002,https://ohlolly.com/products/mediheal-collagen-ampoule-pad?srsltid=AfmBOorizVG3O9Le3SZosWchdz8geQS4TZswAoayjDpXlMBs3a6tz_CK,ohlolly.com,,
95b1aa709826,MEDIHEAL_COLLAGEN_AMPOULE_PAD_NA26242000002,https://mediheal.com/products/collagen-ampoule-pad?srsltid=AfmBOoo0maHpgHM-dhcxQPD6IPOIyF0wcalrJGxp2gPJE5StEzRIi5IU,mediheal.com,,
dd8127a730ab,MEDIHEAL_COLLAGEN_AMPOULE_PAD_NA26242000002,https://fearrington.com/products/mediheal-collagen-ampoule-pad-100pc?srsltid=AfmBOorZRd-ljjPwPdXu_1q9Kv3xkMDGJyZhqpkkoq5qkuLjNY_CmUh8,fearrington.com,,
e28ff5b72356,ALL_NATURAL_HOUTTUYNIA_CORDATA_COTTON_TONER_PAD_NA26221200918,https://www.amazon.com/AllNatural-ClearSkin-Heartleaf-Houttuynia-Hydration/dp/B0BQR4PHNG,www.amazon.com,,
ff3fcba2283d,ALL_NATURAL_HOUTTUYNIA_CORDATA_COTTON_TONER_PAD_NA26221200918,https://www.amazon.com/AllNatural-ClearSkin-Heartleaf-Houttuynia-Hydration/dp/B0BQR4PHNG,www.amazon.com,,
b838f81e49f9,ALL_NATURAL_HOUTTUYNIA_CORDATA_COTTON_TONER_PAD_NA26221200918,https://www.amazon.com/AllNatural-ClearSkin-Heartleaf-Houttuynia-Hydration/dp/B0BQR4PHNG,www.amazon.com,,
77c9164c8d5e,ALL_NATURAL_HOUTTUYNIA_CORDATA_COTTON_TONER_PAD_NA26221200918,https://m.yami.com/us/en/p/all-natural-houttuynia-cordata-cotton-toner-pad-120ml/1022199861,m.yami.com,,
ae7dc6e45695,ALL_NATURAL_HOUTTUYNIA_CORDATA_COTTON_TONER_PAD_NA26221200918,https://skin-seoul.com/product/allnatural-houttuynia-cordata-cotton-toner-pad-110ml/?srsltid=AfmBOorPae-9FtE9YEiNr5b0wQPyiUdwIRQhl80j3a4WVwPLWCvpTCu3,skin-seoul.com,,
5d16efee59fa,ALL_NATURAL_HOUTTUYNIA_CORDATA_COTTON_TONER_PAD_NA26221200918,https://beautyboxkorea.com/product/all-natural-houttuynia-cordata-cotton-toner-pad-120ml-60ea/47070/?srsltid=AfmBOoq_kK6tTmYobHOlT2dGbHGfLn7QlVgNsyleHesPJ7UnA3YiTNj2,beautyboxkorea.com,,
155198fb7512,ALL_NATURAL_HOUTTUYNIA_CORDATA_COTTON_TONER_PAD_NA26221200918,https://www.ebay.com/itm/174903051079,www.ebay.com,,
4fcc4ed25548,ALL_NATURAL_HOUTTUYNIA_CORDATA_COTTON_TONER_PAD_NA26221200918,https://global.oliveyoung.com/product/detail?prdtNo=GA240322544&srsltid=AfmBOorVgQwQNHUAgWviktdyNOeY1bgQpRcxWWotbtAkHm4BtymUk8S2,global.oliveyoung.com,,
3ba23030ed31,ALL_NATURAL_HOUTTUYNIA_CORDATA_COTTON_TONER_PAD_NA26221200918,https://www.ebay.com/itm/174903051079,www.ebay.com,,
567b37fd5f6a,HALE_OVERNIGHT_GLOW_EXFOLIATING_MOUSSE_SOLUTION_NA18240113812,https://skinsort.com/products/hale/overnight-glow-exfoliating-mousse-solution,skinsort.com,,
d734ac5e0468,HALE_OVERNIGHT_GLOW_EXFOLIATING_MOUSSE_SOLUTION_NA18240113812,https://hale.id/collections/exfoliation?srsltid=AfmBOoqf0zd5FZWm3emIrigR-07vvRiqFbWtuHi73Gg-Fyr9FoJgLF8s,hale.id,,
aaa7687f9fb4,HALE_OVERNIGHT_GLOW_EXFOLIATING_MOUSSE_SOLUTION_NA18240113812,https://hale.id/id/collections/exfoliation?srsltid=AfmBOooL4zyGsKYxEiUMvUz08xkadBEXwTQquqf4gP-moAMfu-IiIVol,hale.id,,
4e4f7a9b2bd2,HALE_OVERNIGHT_GLOW_EXFOLIATING_MOUSSE_SOLUTION_NA18240113812,https://www.blibli.com/p/hale-overnight-glow-exfoliating-mousse-solution-45-ml-toner-eksfoliasi-wajah/ps--VIN-60032-02816,www.blibli.com,,
906f8b589a6d,HALE_OVERNIGHT_GLOW_EXFOLIATING_MOUSSE_SOLUTION_NA18240113812,https://hale.id/collections/exfoliation?srsltid=AfmBOoqGG5XjwbRYJE91QhdABnDIDwH32g_UKqSvQypczFYQYY00LywV,hale.id,,
78b3e712f358,HALE_OVERNIGHT_GLOW_EXFOLIATING_MOUSSE_SOLUTION_NA18240113812,https://shopee.co.id/THINK-HALE-Overnight-Glow-Exfoliating-Mousse-Solution-5-AHA-2-BHA-PHA-45ml-Toner-Eksfoliasi-Menghaluskan-Tekstur-Mencerahkan-i.205814683.29676811502,shopee.co.id,,
a3f844ee36a6,HALE_OVERNIGHT_GLOW_EXFOLIATING_MOUSSE_SOLUTION_NA18240113812,https://shopee.co.id/HALE-OVERNIGHT-GLOW-EXFOLIATING-MOUSSE-SOLUTION-45-ML-Toner-Eksfoliasi-Wajah-i.50972887.26376796581,shopee.co.id,,
64ebd7888882,ANUA_PEACH_77_NIACIN_ESSENCE_TONER_NA26241200669,https://www.amazon.com/Essence-Brightening-Niacinamide-Panthenol-Ceramides/dp/B0CNYSWTQJ,www.amazon.com,,
23b9fc0a91fd,ANUA_PEACH_77_NIACIN_ESSENCE_TONER_NA26241200669,https://anua.com/products/peach-77-niacin-essence-toner-1?srsltid=AfmBOoq5IT4xZ5PoRkgyJX-cpBoBokJu6s0atodKCpU7gCUPz3vyu3pR,anua.com,,
30817c9f0218,ANUA_PEACH_77_NIACIN_ESSENCE_TONER_NA26241200669,https://www.yesstyle.com/en/anua-peach-77-niacin-essence-toner-250ml/info.html/pid.1133093773,www.yesstyle.com,,
bd50001e82a7,ANUA_PEACH_77_NIACIN_ESSENCE_TONER_NA26241200669,https://www.ulta.com/p/peach-77-niacin-essence-toner-pimprod2048933?sku=2634267,www.ulta.com,,
46cbbaea8908,ANUA_PEACH_77_NIACIN_ESSENCE_TONER_NA26241200669,https://www.amazon.com/Essence-Brightening-Niacinamide-Panthenol-Ceramides/dp/B0CNYSWTQJ,www.amazon.com,,
f40271a4dc95,ANUA_PEACH_77_NIACIN_ESSENCE_TONER_NA26241200669,https://wooltariusa.com/en/products/anua-peach-77-niacin-essence-toner-250ml?srsltid=AfmBOoqQp_O-WrVxbTQ2ZG6uZkOTNwt54wBku4NjeCZ3qvHSjzdvGbuK,wooltariusa.com,,
5af0bdb85fcb,ANUA_PEACH_77_NIACIN_ESSENCE_TONER_NA26241200669,https://anua.com/products/peach-77-niacin-essence-toner-1?srsltid=AfmBOorIzkB2GzhK9Xc_8rDilJHv1vDxoplQtne_CpullTV3ugtbr_NZ,anua.com,,
a8fc07d8232a,ANUA_PEACH_77_NIACIN_ESSENCE_TONER_NA26241200669,https://olivekollection.com/products/anua-peach-77-niacin-essence-toner?srsltid=AfmBOorXjVErK-0046MQhr07UyAaZH88-7O63a1LOPB7G28-S7rd3dt0,olivekollection.com,,
8cd71727bde7,PYUNKANG_YUL_ESSENCE_TONER_PAD_NA26241200166,https://www.amazon.com/PYUNKANG-Astragalus-Houttuynia-Moisturizes-4-73fl-oz/dp/B0CQ8DWSH8,www.amazon.com,,
f0f0e0274fec,PYUNKANG_YUL_ESSENCE_TONER_PAD_NA26241200166,https://dermapproved.com/products/pyunkang-yul-essence-toner-pad/,dermapproved.com,,
0feffb31a20e,PYUNKANG_YUL_ESSENCE_TONER_PAD_NA26241200166,https://nudieglow.com/products/pyunkang-yul-essence-toner-pad?srsltid=AfmBOoqA7nuYbTndBrQpzjVcLc4zIGFJPGhTtmMSGNO2XBOsq_-Fc3kp,nudieglow.com,,
2f22bbf635bc,PYUNKANG_YUL_ESSENCE_TONER_PAD_NA26241200166,https://sentisenti.com/products/pyunkang-yul-essence-toner-pad?srsltid=AfmBOoovGK2yoG0_JxkjIBfTqklgaZHKOaysZEM2MWRn9fGTspGdwXLx,sentisenti.com,,
74d189cb2af9,PYUNKANG_YUL_ESSENCE_TONER_PAD_NA26241200166,https://makeupstore.com/product/773232/,makeupstore.com,,
e746f205ac0a,PYUNKANG_YUL_ESSENCE_TONER_PAD_NA26241200166,https://www.walmart.com/ip/Pyunkang-Yul-Essence-Toner-Pad-70-Pc-Pads/16570063264,www.walmart.com,,
e137bea9c1f5,PYUNKANG_YUL_ESSENCE_TONER_PAD_NA26241200166,https://kbeautydropzone.com/products/pyunkang-yul-essence-toner-pad?srsltid=AfmBOoqRZlxGJBCeDAtUC6wC8qLlhXgl2pXDfXUcWKtSaj4B5-GiQZ7R,kbeautydropzone.com,,
007590c15ba5,PYUNKANG_YUL_ESSENCE_TONER_PAD_NA26241200166,https://www.amazon.com/PYUNKANG-Astragalus-Houttuynia-Moisturizes-4-73fl-oz/dp/B0CQ8DWSH8,www.amazon.com,,
0e70297bd732,PYUNKANG_YUL_ESSENCE_TONER_PAD_NA26241200166,https://www.tiktok.com/@kosteve_/video/7597392485110893831,www.tiktok.com,,
74e2116ebf25,MEDIHEAL_RETINOL_COLLAGEN_LIFTING_PAD_NA26242000012,https://www.ulta.com/p/retinol-collagen-lifting-pad-pimprod2045860?sku=2626997,www.ulta.com,,
f1a8d313e13b,MEDIHEAL_RETINOL_COLLAGEN_LIFTING_PAD_NA26242000012,https://www.ulta.com/p/retinol-collagen-lifting-pad-pimprod2045860?sku=2626997,www.ulta.com,,
166c3cad8af8,MEDIHEAL_RETINOL_COLLAGEN_LIFTING_PAD_NA26242000012,https://www.ulta.com/p/retinol-collagen-lifting-pad-pimprod2045860?sku=2626997,www.ulta.com,,
3a5995cc24af,MEDIHEAL_RETINOL_COLLAGEN_LIFTING_PAD_NA26242000012,https://www.amazon.com/MEDIHEAL-Toner-Pad-Retinol-Collagen/dp/B0CMCL6F7Z,www.amazon.com,,
d4f0cb40821e,MEDIHEAL_RETINOL_COLLAGEN_LIFTING_PAD_NA26242000012,https://ohlolly.com/products/mediheal-retinol-collagen-lifting-pad?srsltid=AfmBOoqt4o_JJTkDeSI4NrmMdSrD70ZrQH2WbkugXcFgehplN3wIXmw7,ohlolly.com,,
d5e12a982d23,MEDIHEAL_RETINOL_COLLAGEN_LIFTING_PAD_NA26242000012,https://www.ulta.com/p/retinol-collagen-lifting-pad-pimprod2045860?sku=2626997,www.ulta.com,,
21c49056f9f8,MEDIHEAL_RETINOL_COLLAGEN_LIFTING_PAD_NA26242000012,https://www.shoppalacebeauty.com/products/mediheal-retinol-collagen-lifting-pad-100pcs?srsltid=AfmBOoolfwOW4JXfZLQQM8hmBypT1zNKxokr9OnDdgLxkzO-uImex1u0,www.shoppalacebeauty.com,,
28108fba24a6,MEDIHEAL_RETINOL_COLLAGEN_LIFTING_PAD_NA26242000012,https://ug.iherb.com/pr/mediheal-retinol-collagen-lifting-pad-100-pads/142621,ug.iherb.com,,
1101be41ad2c,BEAUTY_OF_JOSEON_GLOW_REPLENISHING_RICE_MILK_NA26241200554,https://beautyofjoseon.com/products/glow-replenishing-rice-milk?srsltid=AfmBOoohFpQB_yFkDS7mTfrk-EYBrEgACLyr9sZk9VKeIsqzOEK2ywc4,beautyofjoseon.com,,
338291ed5b05,BEAUTY_OF_JOSEON_GLOW_REPLENISHING_RICE_MILK_NA26241200554,https://www.sephora.com/product/glow-replenshing-rice-milk-exclusive-150ml-P517636,www.sephora.com,,
59edeb0e2b9a,BEAUTY_OF_JOSEON_GLOW_REPLENISHING_RICE_MILK_NA26241200554,https://kiyoko.com/products/beauty-of-joseon-glow-replenishing-rice-milk-150ml,kiyoko.com,,
af23dd687583,BEAUTY_OF_JOSEON_GLOW_REPLENISHING_RICE_MILK_NA26241200554,https://beautyofjoseon.com/products/glow-charging-rice-duo?srsltid=AfmBOoqIt48d-cYIsZh4E24dyJdRdaU8kSMqMptbXzGh-gkxOx9RasyQ,beautyofjoseon.com,,
38fafc934262,BEAUTY_OF_JOSEON_GLOW_REPLENISHING_RICE_MILK_NA26241200554,https://sukoshi.com/products/beauty-of-joseon-glow-replenishing-rice-milk?srsltid=AfmBOooY4n-g-bHqYtn0EmkCsSF2VpIGCjD1TaZ01we5joUQtskTg5vE,sukoshi.com,,
33edd6ac8df8,BEAUTY_OF_JOSEON_GLOW_REPLENISHING_RICE_MILK_NA26241200554,https://sentisenti.com/products/beauty-of-joseon-glow-replenishing-rice-milk?srsltid=AfmBOoq1IS3X1L7sPTv5Qg4nZKNgQki5MxFcP4H-tcmfa9uoFahDrigm,sentisenti.com,,
43ddb33a32ac,BEAUTY_OF_JOSEON_GLOW_REPLENISHING_RICE_MILK_NA26241200554,https://beautyofjoseon.com/products/glow-replenishing-rice-milk?srsltid=AfmBOorsocD0LAvs4ldkUp-TAVstKbA2tKSgHyQQHErVJzcFQ76kPhAg,beautyofjoseon.com,,
ca2ceb8d81c7,BEAUTY_OF_JOSEON_GLOW_REPLENISHING_RICE_MILK_NA26241200554,https://ohlolly.com/products/beauty-of-joseon-glow-replenishing-rice-milk?srsltid=AfmBOoqoMfOxJl59smQfwU54qKzTdRiL-82gUCvVGB5sSiBI40TpnMo5,ohlolly.com,,
7be20d98148b,ANUA_RICE_70_GLOW_MILKY_TONER_NA26241200628,https://www.ulta.com/p/rice-70-glow-milky-toner-pimprod2048932?sku=2634193,www.ulta.com,,
21af2614bddc,ANUA_RICE_70_GLOW_MILKY_TONER_NA26241200628,https://anua.com/products/rice-70-glow-milky-toner?srsltid=AfmBOoqA-eJYFu5lyUxEpW6OAJUzSZcZAKctx4zv-yG0bfCqV1OFmQWT,anua.com,,
b36f9376e9ca,ANUA_RICE_70_GLOW_MILKY_TONER_NA26241200628,https://anua.com/products/rice-70-glow-milky-toner?srsltid=AfmBOoozjTyEicp1K84_zPIxklNTREVEXPyGjeLF54ajCikxn13tCHxX,anua.com,,
f4095308ffed,ANUA_RICE_70_GLOW_MILKY_TONER_NA26241200628,https://anua.com/products/rice-70-glow-milky-toner?srsltid=AfmBOorH4jjA_Gq194eyh8avjjpsZG5IkeYp0VMoML8UUlxLhqogD9cw,anua.com,,
fa3243fa029c,ANUA_RICE_70_GLOW_MILKY_TONER_NA26241200628,https://sleekshop.com/products/anua-rice-70-glow-milky-toner.html?srsltid=AfmBOorG9jpo7Jose6QyMNvRSRO9vrIQU5asKlnHS4ny5pzmiw-59og3,sleekshop.com,,
eca804aafaa3,ANUA_RICE_70_GLOW_MILKY_TONER_NA26241200628,https://www.shopmissa.com/products/anua-rice-70-glow-milky-toner?srsltid=AfmBOopCGLHZSpaicKnkVZ4B5j9L5RNNIWA07bovGolVcC4bu0UC6ML1,www.shopmissa.com,,
4e01f2263fb7,ANUA_RICE_70_GLOW_MILKY_TONER_NA26241200628,https://sukoshi.com/products/anua-rice-70-glowy-milky-toner?srsltid=AfmBOorD-vFez5-2H3oO1a0uhaYNwwHDWJ0ed_d_dx5mHJquyI5GBMS4,sukoshi.com,,
0be6b5c71a00,ANUA_RICE_70_GLOW_MILKY_TONER_NA26241200628,https://smkoreabeauty.com/products/anua-rice-70-glow-milky-toner-250ml-8-45-fl-oz-%EC%95%84%EB%88%84%EC%95%84-%EB%9D%BC%EC%9D%B4%EC%8A%A4-70-%EA%B8%80%EB%A1%9C%EC%9A%B0-%EB%B0%80%ED%82%A4-%ED%86%A0%EB%84%88-250ml-8-45-fl-oz?srsltid=AfmBOoqNlLeRLbeeheXSoYuxqttnTxyqbBi0eUkvJ49EDH3IXJfc4I4b,smkoreabeauty.com,,
6d9c12c38aae,BIYU_OIL_CONTROL_CLEANSER_PH_BALANCED_NA18211202530,https://thekingdomshop.com/products/biyu-oil-control-cleanser-ph-balanced-15ml?srsltid=AfmBOoqiWDdynvw36-z_vk6gPtffVsQKTFQufhdP1b2goU0g8g-0sqkp,thekingdomshop.com,,
9489819913d6,BIYU_OIL_CONTROL_CLEANSER_PH_BALANCED_NA18211202530,https://review.soco.id/product/default/85506-oil-control-cleanser,review.soco.id,,
dc1af0d2dfdd,BIYU_OIL_CONTROL_CLEANSER_PH_BALANCED_NA18211202530,https://www.sociolla.com/face-wash/82312-oil-control-cleanser-ph-balance-value-set,www.sociolla.com,,
d8ab37bc859e,BIYU_OIL_CONTROL_CLEANSER_PH_BALANCED_NA18211202530,https://incidecoder.com/products/biyu-oil-control-cleanser,incidecoder.com,,
6ba17f7da779,BIYU_OIL_CONTROL_CLEANSER_PH_BALANCED_NA18211202530,https://www.blibli.com/p/biyu-oil-control-cleanser-80ml/ps--REP-70280-00237,www.blibli.com,,
e6229fb68c4a,BIYU_OIL_CONTROL_CLEANSER_PH_BALANCED_NA18211202530,https://www.sociolla.com/face-wash/57164-oil-control-cleanser,www.sociolla.com,,
18a1466987d5,BIYU_OIL_CONTROL_CLEANSER_PH_BALANCED_NA18211202530,https://wholesale.desty.app/biyuskin/22733274106007552,wholesale.desty.app,,
f20deb1923a5,BIYU_OIL_CONTROL_CLEANSER_PH_BALANCED_NA18211202530,https://www.sociolla.com/face-wash/57164-oil-control-cleanser,www.sociolla.com,,
b7f09a01614b,BEAUTY_OF_JOSEON_GREEN_PLUM_REFRESHING_TONER_AHA_BHA_NA26241200303,https://beautyofjoseon.com/products/green-plum-refreshing-toner-aha-bha?srsltid=AfmBOoolXaAvTYHBkgSgYVoARviToTFCovjaIGgoBV3MUbGV8yotFppT,beautyofjoseon.com,,
2aab7b76f41f,BEAUTY_OF_JOSEON_GREEN_PLUM_REFRESHING_TONER_AHA_BHA_NA26241200303,https://www.amazon.com/Beauty-Joseon-Refreshing-Moisturizer-Exfoliating/dp/B0DJDC71XL,www.amazon.com,,
72a45c2febfa,BEAUTY_OF_JOSEON_GREEN_PLUM_REFRESHING_TONER_AHA_BHA_NA26241200303,https://beautyofjoseon.com/products/green-plum-refreshing-toner-aha-bha?srsltid=AfmBOoogYUOpswqq7aVAhyhrg6p7YT5_nwOYUa42sQjqe4uRn_5DkKtl,beautyofjoseon.com,,
007d738473bd,BEAUTY_OF_JOSEON_GREEN_PLUM_REFRESHING_TONER_AHA_BHA_NA26241200303,https://beautyofjoseon.com/products/green-plum-refreshing-toner-aha-bha?srsltid=AfmBOoqGA2RjLIVmKOr5L6ayBu5uNtrTw81I4unf3_0K6kA7X46jZakE,beautyofjoseon.com,,
9b03ef3bfc68,BEAUTY_OF_JOSEON_GREEN_PLUM_REFRESHING_TONER_AHA_BHA_NA26241200303,https://koreanskincare.com/products/beauty-of-joseon-green-plum-refreshing-toner?srsltid=AfmBOoq2BkPXcUUMJAj0_5u7IbhEOlByubq5SJQ8-aKHc772EIxXCVqc,koreanskincare.com,,
5e518f80b7fb,BEAUTY_OF_JOSEON_GREEN_PLUM_REFRESHING_TONER_AHA_BHA_NA26241200303,https://beautyofjoseon.com/products/green-plum-refreshing-toner-aha-bha?srsltid=AfmBOophCtN4elASce3By20pge1suBPaQ7MJ1R_12ZrlNDvbL_8bgWyT,beautyofjoseon.com,,
f4d54e1feb98,BEAUTY_OF_JOSEON_GREEN_PLUM_REFRESHING_TONER_AHA_BHA_NA26241200303,https://www.amazon.com/Beauty-Joseon-Refreshing-Moisturizer-Exfoliating/dp/B0DJDC71XL,www.amazon.com,,
56ab0f1dfc89,BEAUTY_OF_JOSEON_GREEN_PLUM_REFRESHING_TONER_AHA_BHA_NA26241200303,https://beautyofjoseon.com/products/green-plum-refreshing-toner-aha-bha?srsltid=AfmBOoo3IRVP_FP27ybEI6KXhYg6iK0-pKMVv0B3vtfncNxaYRmyeZGL,beautyofjoseon.com,,
79e8656445de,BIYU_PURE_GENTLE_CLEANSER_PH_BALANCED_NA18211202524,https://skinsort.com/products/biyu/pure-gentle-cleanser,skinsort.com,,
daa005af9434,BIYU_PURE_GENTLE_CLEANSER_PH_BALANCED_NA18211202524,https://www.blibli.com/p/biyu-pure-gentle-cleanser-80ml/ps--GLM-60048-00441,www.blibli.com,,
61ad0c0b74cf,BIYU_PURE_GENTLE_CLEANSER_PH_BALANCED_NA18211202524,https://shopee.co.id/Biyu-Pure-Gentle-Cleanser-pH-Balanced-(15-ml-100-ml)-i.7503182.22507597123,shopee.co.id,,
fc8023a6a833,BIYU_PURE_GENTLE_CLEANSER_PH_BALANCED_NA18211202524,https://www.sociolla.com/skin-care-set/80280-daily-essential-bundle-oily-skin,www.sociolla.com,,
ffad092c8fe9,BIYU_PURE_GENTLE_CLEANSER_PH_BALANCED_NA18211202524,https://nihonmart.id/biyu-pure-gentle-cleanser-80ml?srsltid=AfmBOor6aXQTPTLaLRNp2FJ3Mw0ey4mujNjR0y6p8EVONb40uyW_KZak,nihonmart.id,,
002bf36d9171,BIYU_PURE_GENTLE_CLEANSER_PH_BALANCED_NA18211202524,https://shopee.co.id/BIYU-Gentle-Gel-Cleanser-Kulit-Sensitif-Sabun-Cuci-Muka-Low-pH-Facial-Wash-Anti-Acne-i.164501749.12230966771,shopee.co.id,,
3c7a9b3d5964,BIYU_PURE_GENTLE_CLEANSER_PH_BALANCED_NA18211202524,https://review.soco.id/product/face-wash/79532-pure-gentle-cleanser-ph-balanced,review.soco.id,,
f421eeb674d5,BIYU_PURE_GENTLE_CLEANSER_PH_BALANCED_NA18211202524,https://www.blibli.com/p/biyu-pure-gentle-cleanser-toner-niacinamide-anti-jerawat-anti-bruntusan/ps--BIS-60125-00088,www.blibli.com,,
7cd36750f544,GEMISTRY_2IN1_DOUBLE_CLEANSER_MICELLAR_GEL_FACE_WASH_NA18241210632,https://incidecoder.com/products/gemistry-2in1-double-cleanser-micellar-gel-face-wash,incidecoder.com,,
e0c6a9bfbe17,GEMISTRY_2IN1_DOUBLE_CLEANSER_MICELLAR_GEL_FACE_WASH_NA18241210632,https://www.sociolla.com/face-wash/84048-2in1-double-cleanser-micellar-gel-face-wash,www.sociolla.com,,
9a4034b8ead8,GEMISTRY_2IN1_DOUBLE_CLEANSER_MICELLAR_GEL_FACE_WASH_NA18241210632,https://shopee.co.id/Gemistry-2in1-Double-Cleanser-Micellar-Gel-Face-Wash-Size-175ml-i.224957239.40600119816,shopee.co.id,,
954a8ff97ffc,GEMISTRY_2IN1_DOUBLE_CLEANSER_MICELLAR_GEL_FACE_WASH_NA18241210632,https://shop-id.tokopedia.com/pdp/gemistry-2in1-double-cleanser-micellar-gel-face-wash/1734246061109183717,shop-id.tokopedia.com,,
392e4a126749,GEMISTRY_2IN1_DOUBLE_CLEANSER_MICELLAR_GEL_FACE_WASH_NA18241210632,https://www.sociolla.com/face-wash/84048-2in1-double-cleanser-micellar-gel-face-wash,www.sociolla.com,,
d20d97ed4aee,GEMISTRY_2IN1_DOUBLE_CLEANSER_MICELLAR_GEL_FACE_WASH_NA18241210632,https://www.sociolla.com/product/84048-2in1-double-cleanser-micellar-gel-face-wash,www.sociolla.com,,
6796410c9a86,GEMISTRY_2IN1_DOUBLE_CLEANSER_MICELLAR_GEL_FACE_WASH_NA18241210632,https://shop-id.tokopedia.com/pdp/gemistry-2in1-double-cleanser-micellar-gel-face-wash/1734246061109183717,shop-id.tokopedia.com,,
89c8f9cefe3b,GEMISTRY_2IN1_DOUBLE_CLEANSER_MICELLAR_GEL_FACE_WASH_NA18241210632,https://www.sociolla.com/face-wash/84048-2in1-double-cleanser-micellar-gel-face-wash,www.sociolla.com,,
fc6792ac991a,SUNGBOON_EDITOR_SUNGBOON_EDITOR_GREEN_TOMATO_DEEP_PORE_CLEAN_ENZYME_POWDER_WASH_NA26251200751,https://www.amazon.com/SUNGBOON-EDITOR-exfoliating-blackheads-blemishes/dp/B0CJC3Y39K,www.amazon.com,,
44417470f242,SUNGBOON_EDITOR_SUNGBOON_EDITOR_GREEN_TOMATO_DEEP_PORE_CLEAN_ENZYME_POWDER_WASH_NA26251200751,https://k-beautyroutine.com/products/sungboon-editor-green-tomato-deep-pore-clean-enzyme-powder-wash-50g?srsltid=AfmBOoqUfx8rnExLCXBmxmP8ZW6wa47haQAGF6vnX7YDqcYbH_jzCoGq,k-beautyroutine.com,,
18438ffa417c,SUNGBOON_EDITOR_SUNGBOON_EDITOR_GREEN_TOMATO_DEEP_PORE_CLEAN_ENZYME_POWDER_WASH_NA26251200751,https://www.clinikally.com/products/sungboon-editor-green-tomato-deep-pore-clean-enzyme-powder-wash?srsltid=AfmBOoqacPJBm_tlZZeBw7IFkIMJ7Ugc0xKb8AQli-vEpxdLnNQr268H,www.clinikally.com,,
20e07a1035d6,SUNGBOON_EDITOR_SUNGBOON_EDITOR_GREEN_TOMATO_DEEP_PORE_CLEAN_ENZYME_POWDER_WASH_NA26251200751,https://www.beymenbeautystudio.com/en/p_sungboon-editor-green-tomato-deep-pore-clean-enzyme-cleansing-face-mask-50-gr_2072305,www.beymenbeautystudio.com,,
3b36440194a0,SUNGBOON_EDITOR_SUNGBOON_EDITOR_GREEN_TOMATO_DEEP_PORE_CLEAN_ENZYME_POWDER_WASH_NA26251200751,https://www.amazon.com/SUNGBOON-EDITOR-exfoliating-blackheads-blemishes/dp/B0CJC3Y39K,www.amazon.com,,
3fd50b83a14d,SUNGBOON_EDITOR_SUNGBOON_EDITOR_GREEN_TOMATO_DEEP_PORE_CLEAN_ENZYME_POWDER_WASH_NA26251200751,https://www.stylekorean.com/shop/sungboon-editor-green-tomato-deep-pore-clean-enzyme-powder-wash-50g/1733107136/?srsltid=AfmBOopeckdZyVuCh_VD37P9WF4ndo56atYtWT9pW5K9RuqnoAGG1Je_,www.stylekorean.com,,
0d92f231e87b,SUNGBOON_EDITOR_SUNGBOON_EDITOR_GREEN_TOMATO_DEEP_PORE_CLEAN_ENZYME_POWDER_WASH_NA26251200751,https://www.yesstyle.com/en/sungboon-editor-green-tomato-deep-pore-clean-enzyme-powder-wash-travel/info.html/pid.1123444008,www.yesstyle.com,,
57b849e3fbc2,SUNGBOON_EDITOR_SUNGBOON_EDITOR_GREEN_TOMATO_DEEP_PORE_CLEAN_ENZYME_POWDER_WASH_NA26251200751,https://www.ktown4u.com/iteminfo?eve_no=44487461&goods_no=116083&grp_no=44487465,www.ktown4u.com,,
ec42e87e7ad9,DEAR_KLAIRS_FRESHLY_JUICED_VITAMIN_MASK_CLEANSER_NA26251200595,https://www.ebay.com/itm/135801602649,www.ebay.com,,
a3afa966f275,DEAR_KLAIRS_FRESHLY_JUICED_VITAMIN_MASK_CLEANSER_NA26251200595,https://www.skincupid.us/products/dear-klairs-freshly-juiced-vitamin-mask-cleanser-150ml,www.skincupid.us,,
d247be477b58,DEAR_KLAIRS_FRESHLY_JUICED_VITAMIN_MASK_CLEANSER_NA26251200595,https://www.skincupid.us/products/dear-klairs-freshly-juiced-vitamin-mask-cleanser-150ml,www.skincupid.us,,
ef8608e05429,DEAR_KLAIRS_FRESHLY_JUICED_VITAMIN_MASK_CLEANSER_NA26251200595,https://koreanskincare.com/products/dear-klairs-freshly-juiced-vitamin-mask-cleanser?srsltid=AfmBOorE3fO_FfimmFajQrTMniWLvMWzze94O4L39SMkPpakK1D-a2EW,koreanskincare.com,,
2d30a4ded255,DEAR_KLAIRS_FRESHLY_JUICED_VITAMIN_MASK_CLEANSER_NA26251200595,https://lewkin.com/products/freshly-juiced-vitamin-mask-cleanser-20ml?srsltid=AfmBOorxzIcCN1Ae3pJFniPOu_pYWsJSKRp8r14TmlYAb0yREyFZI55r,lewkin.com,,
348e553e698a,DEAR_KLAIRS_FRESHLY_JUICED_VITAMIN_MASK_CLEANSER_NA26251200595,https://www.cupidrop.com/products/freshly-juiced-vitamin-mask-cleanser?srsltid=AfmBOori9j9Ee69j_aJ813_oWV__xqbDf9L116CxtY83a15UwlPsBjx4,www.cupidrop.com,,
0c2082be3fc7,DEAR_KLAIRS_FRESHLY_JUICED_VITAMIN_MASK_CLEANSER_NA26251200595,https://www.amazon.com/DearKlairs-Cleanser-Glutathione-Tangerine-Niacinamide/dp/B0F2M7YWR1,www.amazon.com,,
ff256bdd5dc4,KLAVUU_KLAVUU_PHYTONCIDE_MILD_CLEANSING_FOAM_NA26251200384,https://jolse.com/product/klavuu-phytoncide-mild-cleansing-foam-150ml/75855/?srsltid=AfmBOoqyWP2s6K875ho7gJbwQTUwGDZpQK6pmm_OieVp9jJxce3TetsR,jolse.com,,
caeaa8fb502b,KLAVUU_KLAVUU_PHYTONCIDE_MILD_CLEANSING_FOAM_NA26251200384,https://shop.delivered.co.kr/products/klavuu-phytoncide-mild-cleansing-foam-150ml?srsltid=AfmBOopAb8csSat8nPnYy0QY5nLm9wo0hbpr3LyJyFt_Iwfj8IfnafcT,shop.delivered.co.kr,,
7de72cc89af9,KLAVUU_KLAVUU_PHYTONCIDE_MILD_CLEANSING_FOAM_NA26251200384,https://www.amazon.com/KLAVUU-PHYTONCIDE-MILD-CLEANSING-FOAM/dp/B0B42DSX4Q,www.amazon.com,,
b603c21243e1,KLAVUU_KLAVUU_PHYTONCIDE_MILD_CLEANSING_FOAM_NA26251200384,https://www.amazon.com/KLAVUU-PHYTONCIDE-MILD-CLEANSING-FOAM/dp/B0B42DSX4Q,www.amazon.com,,
0ebf990b9cc1,KLAVUU_KLAVUU_PHYTONCIDE_MILD_CLEANSING_FOAM_NA26251200384,https://shop.delivered.co.kr/products/klavuu-phytoncide-mild-cleansing-foam-150ml?srsltid=AfmBOoqDGnIpKDMt9ma5ygrcb2dRUn9dJjdl2P_92QM2B4yh2HHKOrfa,shop.delivered.co.kr,,
cac9725868fb,KLAVUU_KLAVUU_PHYTONCIDE_MILD_CLEANSING_FOAM_NA26251200384,https://www.amazon.com/KLAVUU-PHYTONCIDE-MILD-CLEANSING-FOAM/dp/B0B42DSX4Q,www.amazon.com,,
c09862677e7c,KLAVUU_KLAVUU_PHYTONCIDE_MILD_CLEANSING_FOAM_NA26251200384,https://beautyboxkorea.com/product/klavuu-phytoncide-mild-cleansing-foam-150ml/50923/?srsltid=AfmBOoo2YipxihttSDr7J-zF6YsJokAkGIDrxem_KgkLnXJKgj3P_Nzw,beautyboxkorea.com,,
7d054ee6469f,KLAVUU_KLAVUU_PHYTONCIDE_MILD_CLEANSING_FOAM_NA26251200384,https://www.amazon.com/KLAVUU-PHYTONCIDE-MILD-CLEANSING-FOAM/dp/B0B42DSX4Q,www.amazon.com,,
8b2a10d3b891,SUNGBOON_EDITOR_SUNGBOON_EDITOR_GREEN_TOMATO_PORE_LIFTING_AMPOULE_MASK_NA26250200355,https://sentisenti.com/products/sungboon-editor-green-tomato-pore-lifting-ampoule-mask?srsltid=AfmBOopOwSk8Q11xHTXtK9E5SHY5oWU3xuWoJ-oU6itBlPqkjUO9VW6e,sentisenti.com,,
231545c3859d,SUNGBOON_EDITOR_SUNGBOON_EDITOR_GREEN_TOMATO_PORE_LIFTING_AMPOULE_MASK_NA26250200355,https://luxiface.com/products/sungboon-editor-green-tomato-pore-lifting-ampoule-mask-23g?srsltid=AfmBOooHUp0XkcCbrj0aumbtU90OM_rqZwWG9zrFXrS3OgBF5cPkdtUN,luxiface.com,,
90fb1eaa0f50,SUNGBOON_EDITOR_SUNGBOON_EDITOR_GREEN_TOMATO_PORE_LIFTING_AMPOULE_MASK_NA26250200355,https://kiokii.com/products/sungboon-editor-green-tomato-nmn-pore-lifting-ampoule-mask-1pc?srsltid=AfmBOoreOiHry5hzPZzA07aVZEumzFpY2wij-AjMwdnES32h1OvNheiB,kiokii.com,,
cf03620f82a8,SUNGBOON_EDITOR_SUNGBOON_EDITOR_GREEN_TOMATO_PORE_LIFTING_AMPOULE_MASK_NA26250200355,https://www.dodoskin.com/products/sungboon-editor-green-tomato-pore-lifting-ampoule-mask-23g?srsltid=AfmBOoquqsQVp9XkgQHdBJowaY8tWv1PnoMCWDy2YXYsODGx_gJltSl6,www.dodoskin.com,,
0c5b48f31d82,SUNGBOON_EDITOR_SUNGBOON_EDITOR_GREEN_TOMATO_PORE_LIFTING_AMPOULE_MASK_NA26250200355,https://kiokii.com/products/sungboon-editor-green-tomato-nmn-pore-lifting-ampoule-mask-1pc?srsltid=AfmBOor8KNJlxRUhcJNASQxbVBQ1EXblb9yVZiA33IT1ovNjEsDRCsQb,kiokii.com,,
7137fe70859f,SUNGBOON_EDITOR_SUNGBOON_EDITOR_GREEN_TOMATO_PORE_LIFTING_AMPOULE_MASK_NA26250200355,https://www.amazon.com/Hydrating-Sensitive-Minimizing-Tightening-Skincare/dp/B09BLH7VB7,www.amazon.com,,
a02b00457dd6,SUNGBOON_EDITOR_SUNGBOON_EDITOR_GREEN_TOMATO_PORE_LIFTING_AMPOULE_MASK_NA26250200355,https://nudieglow.com/products/sungboon-editor-green-tomato-pore-lifting-ampoule-mask?srsltid=AfmBOooBUlNHJMz6eOdrZMdw3B_azgtGJP7nzlYmhbdCYditsWICxPN-,nudieglow.com,,
b8afa306fb4a,SUNGBOON_EDITOR_SUNGBOON_EDITOR_GREEN_TOMATO_PORE_LIFTING_AMPOULE_MASK_NA26250200355,https://olivekollection.com/products/sungboon-editor-green-tomato-pore-lifting-ampoule-mask-1ea?srsltid=AfmBOooduGSWZJ0xUKGM4yi-PGnCO_M74w_m1isGMVHi-VPYkQyc4m8u,olivekollection.com,,
b71b4d19e7e0,BIO_BEAUTY_LAB_CAPSIBRIGHT_ELIXIR_BUBBLING_MASK_CLEANSER_NA18241210658,https://shopee.co.id/-NEW-Bio-Beauty-Lab-Capsibright-Elixir-Bubbling-Mask-Cleanser-Deep-Clean-Premium-Masker-Busa-Wajah-Cerah-Anti-Aging-Meredakan-kemerahan-Calming-Redness-untuk-kulit-kusam-i.127156054.40759408735,shopee.co.id,,
d34b5f06f07d,BIO_BEAUTY_LAB_CAPSIBRIGHT_ELIXIR_BUBBLING_MASK_CLEANSER_NA18241210658,https://shopee.co.id/-BIO-BEAUTY-LAB-x-SILCOT-Bio-Beauty-Lab-Daily-Cleanse-Set-Capsibright-Elixir-Bubbling-Mask-Cleanser-2-Pcs-Free-Silcot-Premium-Facial-Tissue-40-Sheets-Deep-Clean-Premium-Masker-Busa-Wajah-Cerah-Anti-Aging-Meredakan-Kemerahan-i.127156054.49559373263,shopee.co.id,,
8d9db42b4164,BIO_BEAUTY_LAB_CAPSIBRIGHT_ELIXIR_BUBBLING_MASK_CLEANSER_NA18241210658,https://shopee.co.id/Bio-Beauty-Lab-Capsibright-Elixir-Bubbling-Mask-Cleanser-75ml-Masker-Wajah-Busa-Cleanser-Bekku-i.272872559.43215531139,shopee.co.id,,
6de5477c03fc,BIO_BEAUTY_LAB_CAPSIBRIGHT_ELIXIR_BUBBLING_MASK_CLEANSER_NA18241210658,https://reviews.femaledaily.com/products/cleanser/facial-wash/bio-beauty-lab/capsibright-elixir-bubbling-mask-cleanser,reviews.femaledaily.com,,
a2092a63bd30,KAHF_BRIGHT_REVITALIZING_AMINO_GEL_FACE_WASH_NA18251202219,https://www.kahfeveryday.com/en/product/kahf-bright-revitalizing-aminogel-face-wash/,www.kahfeveryday.com,,
eb1015fd27c3,KAHF_BRIGHT_REVITALIZING_AMINO_GEL_FACE_WASH_NA18251202219,https://www.kahfeveryday.com/en/product/kahf-bright-revitalizing-aminogel-face-wash/,www.kahfeveryday.com,,
79a2104632a4,KAHF_BRIGHT_REVITALIZING_AMINO_GEL_FACE_WASH_NA18251202219,https://skinsort.com/products/kahf/bright-revitalizing-amino-gel-face-wash,skinsort.com,,
0746299f8334,KAHF_BRIGHT_REVITALIZING_AMINO_GEL_FACE_WASH_NA18251202219,https://shopee.co.id/Kahf-Bright-Revitalizing-Amino-Gel-Face-Wash-i.323233231.42205316508,shopee.co.id,,
3eed5de6655c,KAHF_BRIGHT_REVITALIZING_AMINO_GEL_FACE_WASH_NA18251202219,https://skinsort.com/products/kahf/bright-revitalizing-amino-gel-face-wash,skinsort.com,,
433ba16f9245,KAHF_BRIGHT_REVITALIZING_AMINO_GEL_FACE_WASH_NA18251202219,https://shop-id.tokopedia.com/pdp/kahf-bright-revitalizing-amino-gel-face-wash-100ml-kulit-cerah-segar/1732543030428534421,shop-id.tokopedia.com,,
7f7e2e81e387,KAHF_BRIGHT_REVITALIZING_AMINO_GEL_FACE_WASH_NA18251202219,https://www.kahfeveryday.com/en/product/kahf-bright-revitalizing-aminogel-face-wash/,www.kahfeveryday.com,,
ae7e371675e9,KAHF_BRIGHT_REVITALIZING_AMINO_GEL_FACE_WASH_NA18251202219,https://shopee.co.id/Kahf-Bright-Revitalizing-Amino-Gel-Face-Wash-i.323233231.42205316508,shopee.co.id,,
f95b3550fe09,LANBENA_RETINOL_REJUVENATING_CLEANSER_NA11251201509,https://lanbena.com/es/products/retinol-rejuvenating-cleanser,lanbena.com,,
afb577edfc5d,LANBENA_RETINOL_REJUVENATING_CLEANSER_NA11251201509,https://www.lazada.co.id/products/lanbena-retinol-rejuvenating-cleanser-100g-i18868001544.html,www.lazada.co.id,,
3c84e2806077,LANBENA_RETINOL_REJUVENATING_CLEANSER_NA11251201509,https://shopee.co.th/LANBENA-Retinol-Rejuvenating-Cleanser-100g-%E0%B8%84%E0%B8%A5%E0%B8%B5%E0%B8%99%E0%B9%80%E0%B8%8B%E0%B8%AD%E0%B8%A3%E0%B9%8C%E0%B9%80%E0%B8%A3%E0%B8%95%E0%B8%B4%E0%B8%99%E0%B8%AD%E0%B8%A5-%E0%B8%A5%E0%B8%94%E0%B8%AA%E0%B8%B4%E0%B8%A7-%E0%B8%A5%E0%B8%94%E0%B8%A3%E0%B8%B4%E0%B9%89%E0%B8%A7%E0%B8%A3%E0%B8%AD%E0%B8%A2-%E0%B8%97%E0%B8%B3%E0%B8%84%E0%B8%A7%E0%B8%B2%E0%B8%A1%E0%B8%AA%E0%B8%B0%E0%B8%AD%E0%B8%B2%E0%B8%94%E0%B8%A5%E0%B9%89%E0%B8%B3%E0%B8%A5%E0%B8%B6%E0%B8%81-%E0%B8%AA%E0%B8%9A%E0%B8%B9%E0%B9%88%E0%B8%A5%E0%B9%89%E0%B8%B2%E0%B8%87%E0%B8%AB%E0%B8%99%E0%B9%89%E0%B8%B2-%E0%B8%AA%E0%B8%81%E0%B8%B4%E0%B8%99%E0%B9%81%E0%B8%84%E0%B8%A3%E0%B9%8C-i.86465195.43456023449,shopee.co.th,,
6c1de234de8e,LANBENA_RETINOL_REJUVENATING_CLEANSER_NA11251201509,https://shopee.co.th/LANBENA-Retinol-Revitalizing-Cleanser-%E0%B8%81%E0%B8%A3%E0%B8%94%E0%B8%AD%E0%B8%B0%E0%B8%A1%E0%B8%B4%E0%B9%82%E0%B8%99%E0%B8%AA%E0%B8%B2%E0%B8%A1%E0%B8%8A%E0%B8%99%E0%B8%B4%E0%B8%94-%E0%B8%81%E0%B8%B2%E0%B8%A3%E0%B8%84%E0%B8%A7%E0%B8%9A%E0%B8%84%E0%B8%B8%E0%B8%A1%E0%B8%84%E0%B8%A7%E0%B8%B2%E0%B8%A1%E0%B8%A1%E0%B8%B1%E0%B8%99%E0%B9%81%E0%B8%9A%E0%B8%9A%E0%B8%94%E0%B8%B9%E0%B8%AD%E0%B8%B1%E0%B8%A5%E0%B8%84%E0%B8%AD%E0%B8%A3%E0%B9%8C-%E0%B9%82%E0%B8%9F%E0%B8%A1%E0%B8%A5%E0%B9%89%E0%B8%B2%E0%B8%87%E0%B8%AB%E0%B8%99%E0%B9%89%E0%B8%B2-Facial-cleanser-i.254223897.41672121563,shopee.co.th,,
ed4addc53294,LANBENA_RETINOL_REJUVENATING_CLEANSER_NA11251201509,https://lanbena.com/pt-eu,lanbena.com,,
af0dd2d40a9c,LANBENA_RETINOL_REJUVENATING_CLEANSER_NA11251201509,https://shopee.com.my/LANBENA-Retinol-Rejuvenating-Cleanser-100g-Anti-Aging-Brightening-Moisturizing-Deep-Cleansing-Facial-Cleanser-i.573439184.40861615751,shopee.com.my,,
117ce90a4a84,LANBENA_RETINOL_REJUVENATING_CLEANSER_NA11251201509,https://www.lazada.co.id/products/lanbena-retinol-rejuvenating-cleanser-i8699468795.html,www.lazada.co.id,,
1fca59fea933,LANBENA_RETINOL_REJUVENATING_CLEANSER_NA11251201509,https://lanbena.com/,lanbena.com,,
653cab7ac764,LANBENA_RETINOL_REJUVENATING_CLEANSER_NA11251201509,https://www.tiktok.com/@lanbena.beauty/video/7516920607355833618,www.tiktok.com,,
73af66b19497,KAHF_ACNE_RELIEF_AMINO_GEL_FACE_WASH_NA18251202492,https://www.kahfeveryday.com/en/product/kahf-acne-care-aminogel-face-wash/,www.kahfeveryday.com,,
eca9dff20a2d,KAHF_ACNE_RELIEF_AMINO_GEL_FACE_WASH_NA18251202492,https://shop-id.tokopedia.com/pdp/kahf-acne-relief-amino-gel-face-wash-100ml-hadiah-eksklusif/1732081522253792504,shop-id.tokopedia.com,,
42f1fca02ae2,KAHF_ACNE_RELIEF_AMINO_GEL_FACE_WASH_NA18251202492,https://www.kahfeveryday.com/en/product/kahf-acne-care-aminogel-face-wash/,www.kahfeveryday.com,,
e87dc3f234b4,KAHF_ACNE_RELIEF_AMINO_GEL_FACE_WASH_NA18251202492,https://www.lazada.co.id/tag/kahf-fw-acne-relief-amino-gel/,www.lazada.co.id,,
3a2c21821f10,KAHF_ACNE_RELIEF_AMINO_GEL_FACE_WASH_NA18251202492,https://shop-id.tokopedia.com/pdp/kahf-acne-relief-amino-gel-face-wash-100ml-hadiah-eksklusif/1732081522253792504,shop-id.tokopedia.com,,
ad78fe7b72b2,KAHF_ACNE_RELIEF_AMINO_GEL_FACE_WASH_NA18251202492,https://shopee.co.id/Kahf-Acne-Relief-Amino-Gel-Face-Wash-100-ml-Sabun-Cuci-Muka-Pria-untuk-Kulit-Berjerawat-dan-Berminyak-dengan-Succinic-Acid-Hypochlorous-Acid-Salicylic-Acid-Pentavitin-Glycerin-dan-Panthenol.-Gentle-Cleanser-dengan-Low-pH-for-Daily-Use-i.186214521.43406840709,shopee.co.id,,
c2711b603218,KAHF_ACNE_RELIEF_AMINO_GEL_FACE_WASH_NA18251202492,https://shop-id.tokopedia.com/pdp/kahf-acne-relief-amino-gel-face-wash-100ml-hadiah-eksklusif/1732081522253792504,shop-id.tokopedia.com,,
8ad4e9ef5b3f,ROUND_LAB_1025_DOKDO_CLEANSER_NA26231200764,https://www.target.com/p/round-lab-1025-dokdo-cleanser-40ml/-/A-94748432,www.target.com,,
c9032f7c28ac,ROUND_LAB_1025_DOKDO_CLEANSER_NA26231200764,https://www.amazon.com/ROUND-LAB-Sensitive-impurities-Moisturizing/dp/B08FMCMGN6,www.amazon.com,,
8c96549e0902,ROUND_LAB_1025_DOKDO_CLEANSER_NA26231200764,https://roundlab.com/products/1025-dokdo-cleanser?srsltid=AfmBOopZGP5iwF9JKk9ouS0zROE62HWq93aykk9WZM9sz8VNwwxhBIJU,roundlab.com,,
e66eb6cc1319,ROUND_LAB_1025_DOKDO_CLEANSER_NA26231200764,https://roundlab.com/products/1025-dokdo-cleanser?srsltid=AfmBOooGvTCoL-A7oO-HHpPHzwW-Yrg7bpAWZj7Ywuz16_1L9jMq386V,roundlab.com,,
2c4d987e253f,ROUND_LAB_1025_DOKDO_CLEANSER_NA26231200764,https://purish.com/en/products/round-lab-1025-dokdo-cleanser?srsltid=AfmBOor_hI29jDS-xdePUa7svne6z3K11-sF6u_Vrx18UQ6bJ9G85cke,purish.com,,
8b1c4c90c6e0,ROUND_LAB_1025_DOKDO_CLEANSER_NA26231200764,https://www.reddit.com/r/AsianBeauty/comments/1hoqr19/first_impression_review_round_lab_1025_dokko/,www.reddit.com,,
6a7fd00a0ff7,ROUND_LAB_1025_DOKDO_CLEANSER_NA26231200764,https://www.ulta.com/p/1025-dokdo-cleansing-oil-pimprod2052234?sku=2643235,www.ulta.com,,
80903421d1b9,ROUND_LAB_1025_DOKDO_CLEANSER_NA26231200764,https://koreabe.com/products/round-lab-1025-dokdo-cleanser-150ml?srsltid=AfmBOoo8WwjcJT5bSyLD2FL3_yg0hlAeVnJImc0I-EMrdJKrHw15NcYO,koreabe.com,,
510ff1a5e9c5,SENKA_PERFECT_WHIP_FRESH_NA54231200020,https://sukoshi.com/products/shiseido-senka-perfect-whip-washing-foam?srsltid=AfmBOorOX-5n9VhDyREb_NU1NiqssDNxHI_SrvWpPB0gVC_4IGP7-41t,sukoshi.com,,
981a9ca2c858,SENKA_PERFECT_WHIP_FRESH_NA54231200020,https://sukoshi.com/products/shiseido-senka-perfect-whip-washing-foam?srsltid=AfmBOopQR_kr9w2n6finUyisUc4j5zzqwjlR99Xf8q41kTAl6TbwLo17,sukoshi.com,,
007de202e21a,SENKA_PERFECT_WHIP_FRESH_NA54231200020,https://www.ebay.com/itm/175631998969,www.ebay.com,,
aa7e3265d266,SENKA_PERFECT_WHIP_FRESH_NA54231200020,https://www.walmart.com/ip/Shiseido-Senka-Perfect-Whip-Face-Cleanser-4-2-oz/583315954,www.walmart.com,,
6136b3842ee0,SENKA_PERFECT_WHIP_FRESH_NA54231200020,https://japanesetaste.com/products/senka-perfect-whip-cleansing-foam-120g,japanesetaste.com,,
161d20d2752d,SENKA_PERFECT_WHIP_FRESH_NA54231200020,https://dermapproved.com/products/senka-perfect-whip-anti-shine/,dermapproved.com,,
e6604cda2cff,SENKA_PERFECT_WHIP_FRESH_NA54231200020,https://www.amazon.com/Japan-Health-Personal-Senka-Perfect/dp/B01BTN5XEO,www.amazon.com,,
06bf150d79ce,SENKA_PERFECT_WHIP_FRESH_NA54231200020,https://www.stylevana.com/en_US/shiseido-senka-perfect-whip-cleansing-foam-2023-version-120g1352.html,www.stylevana.com,,
591caf504bcb,SENKA_PERFECT_WHIP_FRESH_NA54231200020,https://www.youtube.com/watch?v=_iY7LElG3p4,youtube.com,,
b45d9185583b,SENKA_PERFECT_WHIP_LOW_PH_CALMING_CICA_TWINPACK_NA54241200014,https://miessential.com/products/shiseido-senka-perfect-whip-low-ph-calming-cica?srsltid=AfmBOooaODoeJtSDII2pbMea4QOKlvlOu-0pAM7sxmvizCyJlSDQfoVD,miessential.com,,
c7e06ad6d721,SENKA_PERFECT_WHIP_LOW_PH_CALMING_CICA_TWINPACK_NA54241200014,https://shopee.co.id/-TWINPACK-SENKA-Perfect-Whip-Low-pH-Calming-Cica-100gr-BUY-2-GET-4-Hadiah-Terbatas-Hari--i.138850166.41300976033,shopee.co.id,,
4395b2eaff80,SENKA_PERFECT_WHIP_LOW_PH_CALMING_CICA_TWINPACK_NA54241200014,https://miessential.com/products/shiseido-senka-perfect-whip-low-ph-calming-cica?srsltid=AfmBOooklF4nzeuRC2AbVlv9mkLcHKx-BioL5tR25AdzyqChKiOCf_m9,miessential.com,,
79a5e22493ce,SENKA_PERFECT_WHIP_LOW_PH_CALMING_CICA_TWINPACK_NA54241200014,https://www.kurlyglobal.com/en/products/m00000178198?srsltid=AfmBOoqT_DHW9Y1H7mKHxeNsGUnYd5VNpnt8z7PuKfKvHtvEHDjMguMx,www.kurlyglobal.com,,
74cd756b5e4f,SENKA_PERFECT_WHIP_LOW_PH_CALMING_CICA_TWINPACK_NA54241200014,https://www.lazada.co.id/products/twinpack-senka-perfect-whip-low-ph-calming-cica-facial-foam-from-japan-100gr-i8677178447.html,www.lazada.co.id,,
535cea11cbf9,SENKA_PERFECT_WHIP_LOW_PH_CALMING_CICA_TWINPACK_NA54241200014,https://www.tokopedia.com/senkaid/special-bundle-senka-perfect-whip-low-ph-calming-cica-100gr-perfect-white-clay-120gr-1731425393578116488?utm_source=google&utm_medium=organic&utm_campaign=pdp,www.tokopedia.com,,
efa6f6ce63e8,SENKA_PERFECT_WHIP_LOW_PH_CALMING_CICA_TWINPACK_NA54241200014,https://miessential.com/products/shiseido-senka-perfect-whip-low-ph-calming-cica?srsltid=AfmBOoqe9P_oPmoAXhuKnU-NiHJFN_PLuMEAlPfKLT7AQImGcppktkqY,miessential.com,,
06452f592b97,SENKA_PERFECT_WHIP_LOW_PH_CALMING_CICA_TWINPACK_NA54241200014,https://theskincarelibrary.com/products/shiseido-senka-perfect-whip-low-ph-calming-cica-facial-foam-100g,theskincarelibrary.com,,
aad49512cbab,COSRX_SALICYLIC_ACID_DAILY_GENTLE_CLEANSER_NA26181202688,https://www.amazon.com/Salicylic-Gentle-Cleanser-150milliliter-Blemish/dp/B00OZ6W8DW,www.amazon.com,,
caf65b03b08c,COSRX_SALICYLIC_ACID_DAILY_GENTLE_CLEANSER_NA26181202688,https://kbeautystore.com/products/cosrx-salicylic-acid-daily-gentle-cleanser-150ml,kbeautystore.com,,
c112f80590f0,COSRX_SALICYLIC_ACID_DAILY_GENTLE_CLEANSER_NA26181202688,https://www.sweetcare.com/us/cosrx-salicylic-acid-daily-gentle-cleanser-face-washing-foam-p-021900kx?st=01,www.sweetcare.com,,
2327a02f2776,COSRX_SALICYLIC_ACID_DAILY_GENTLE_CLEANSER_NA26181202688,https://kbeautyoutletusa.com/products/cosrx-salicylic-acid-daily-gentle-cleanser?srsltid=AfmBOooFQGCFDnOhjwLHImYq4C0ddl2Q77foy_DuY6WUqrRi-Q4W471y,kbeautyoutletusa.com,,
863765aac437,COSRX_SALICYLIC_ACID_DAILY_GENTLE_CLEANSER_NA26181202688,https://moidaus.com/products/cosrx-salicylic-acid-daily-gentle-cleanser-150ml?srsltid=AfmBOoop9uMx7_NfFbTPMH4hF7gqnCItTzAvtr1qsL3r4JYhSplyvDly,moidaus.com,,
ec8f0550cb59,COSRX_SALICYLIC_ACID_DAILY_GENTLE_CLEANSER_NA26181202688,https://kbeautyworld.com/products/salicylic-acid-daily-gentle-cleanser?srsltid=AfmBOoo4dhK5nV-gZsnnUIXvYpOqBXzhgscbMgC_OFV6DsRDvnEZW5jX,kbeautyworld.com,,
3c564639d275,COSRX_SALICYLIC_ACID_DAILY_GENTLE_CLEANSER_NA26181202688,https://www.ebay.com/itm/266413284193,www.ebay.com,,
18f812ffbe3b,ANUA_HYALURONIC_ACID_GENTLE_FOAMING_CLEANSER_NA26241200857,https://anua.com/products/8-hyaluronic-acid-hydrating-gentle-foaming-cleanser?srsltid=AfmBOop2u3bG-8AdlN3gisUBp3_qru2WEORRnwYOq8GrUr3fjergFqBE,anua.com,,
bbac8f9cdb86,ANUA_HYALURONIC_ACID_GENTLE_FOAMING_CLEANSER_NA26241200857,https://www.ulta.com/p/8-hyaluronic-acid-hydrating-gentle-foaming-cleanser-pimprod2048928?sku=2634625,www.ulta.com,,
32c9a639a743,ANUA_HYALURONIC_ACID_GENTLE_FOAMING_CLEANSER_NA26241200857,https://anua.com/products/8-hyaluronic-acid-hydrating-gentle-foaming-cleanser?srsltid=AfmBOootmTPuEX3_y_2jPT_niKZ0eAt6Lu_xWTcz7bN7dgF7y3G7wXw-,anua.com,,
eb7e70c05826,ANUA_HYALURONIC_ACID_GENTLE_FOAMING_CLEANSER_NA26241200857,https://www.amazon.com/ANUA-Hydrating-Hyaluronic-Panthenol-Cleansing/dp/B0D1G6XY5G,www.amazon.com,,
6dc5adfffa16,ANUA_HYALURONIC_ACID_GENTLE_FOAMING_CLEANSER_NA26241200857,https://sukoshi.com/products/anua-8-hyaluronic-acid-hydrating-gentle-foaming-cleanser?srsltid=AfmBOoo40IvX55qaD2FSi6MR7Jw-ywfPuyXlszQQ_EVkT9XXXXwKZ97f,sukoshi.com,,
52d5b3ba336c,ANUA_HYALURONIC_ACID_GENTLE_FOAMING_CLEANSER_NA26241200857,https://anua.com/products/8-hyaluronic-acid-hydrating-gentle-foaming-cleanser?srsltid=AfmBOoqr-dZjStee2SA7pOXWkrHKm80wd7im4TMz1KchDihH4tot_LkI,anua.com,,
83be38f41969,GLAD2GLOW_TREMELLA_VITA_B5_SENSITIVE_CALMING_GEL_CLEANSER_NA11241201006,https://skinsort.com/products/glad2glow/tremella-vita-b5-sensitive-calming-gel-cleanser,skinsort.com,,
f760e47c575b,GLAD2GLOW_TREMELLA_VITA_B5_SENSITIVE_CALMING_GEL_CLEANSER_NA11241201006,https://www.ebay.com/itm/356987265493,www.ebay.com,,
667aca76dae3,GLAD2GLOW_TREMELLA_VITA_B5_SENSITIVE_CALMING_GEL_CLEANSER_NA11241201006,https://www.ebay.com/itm/356987265493,www.ebay.com,,
1a27196ddf5f,GLAD2GLOW_TREMELLA_VITA_B5_SENSITIVE_CALMING_GEL_CLEANSER_NA11241201006,https://www.ebay.com/itm/356987265493,www.ebay.com,,
18e0f558c9d8,GLAD2GLOW_TREMELLA_VITA_B5_SENSITIVE_CALMING_GEL_CLEANSER_NA11241201006,https://www.ebay.com/itm/356987265493,www.ebay.com,,
15577b34f448,GLAD2GLOW_TREMELLA_VITA_B5_SENSITIVE_CALMING_GEL_CLEANSER_NA11241201006,https://www.beautyhaul.com/product/detail/tremella-vita-b5-sensitive-calming-gel-cleanser?srsltid=AfmBOop8zlBl-7ErmbqLOfqCjilqaimhG7pzN4ONTFI1hBKuUcawRTWU,www.beautyhaul.com,,
edb1d307984a,GLAD2GLOW_TREMELLA_VITA_B5_SENSITIVE_CALMING_GEL_CLEANSER_NA11241201006,https://www.ebay.com/itm/356987265493,www.ebay.com,,
52d692afaabf,GLAD2GLOW_TREMELLA_VITA_B5_SENSITIVE_CALMING_GEL_CLEANSER_NA11241201006,https://www.konvy.com/m/glad2glow/glad2glow-tremella-vita-b5-sensitive-calming-gel-cleanser-70ml-115996.html?srsltid=AfmBOoopBPZMYVF-H6SRFVFHPAnADiA8GDdlp5rlbv9u8AQqLc8a0y09,www.konvy.com,,
6c93156a2480,GLAD2GLOW_TREMELLA_VITA_B5_SENSITIVE_CALMING_GEL_CLEANSER_NA11241201006,https://www.ebay.com/itm/356987265493,www.ebay.com,,
0128574765b1,SENKA_PERFECT_WHIP_LOW_PH_CALMING_CICA_NA54241200014,https://www.target.com/p/shiseido-senka-perfect-whip-low-ph-calming-cica-facial-foam-a-skin-friendly-cleanser-that-is-gentle-on-sensitive-skin-3-52-oz/-/A-1005839156,www.target.com,,
d822afb7a97d,SENKA_PERFECT_WHIP_LOW_PH_CALMING_CICA_NA54241200014,https://miessential.com/products/shiseido-senka-perfect-whip-low-ph-calming-cica?srsltid=AfmBOoq1PKHWMwhLCxjAKSu6hBCl-MB4XT0jz2XDY2f3yu9FvgcxoqwO,miessential.com,,
578cbf1ff27a,SENKA_PERFECT_WHIP_LOW_PH_CALMING_CICA_NA54241200014,https://miessential.com/products/shiseido-senka-perfect-whip-low-ph-calming-cica?srsltid=AfmBOooGI4-ZfcFgbY7V7VB5DzoXCrGudOGnsjegVq5ypdvHosxdGjHG,miessential.com,,
66d9e6749526,SENKA_PERFECT_WHIP_LOW_PH_CALMING_CICA_NA54241200014,https://www.ebay.com/itm/126431764927,www.ebay.com,,
dfab5b15cc79,SENKA_PERFECT_WHIP_LOW_PH_CALMING_CICA_NA54241200014,https://theskincarelibrary.com/products/shiseido-senka-perfect-whip-low-ph-calming-cica-facial-foam-100g,theskincarelibrary.com,,
6e5169871148,SENKA_PERFECT_WHIP_LOW_PH_CALMING_CICA_NA54241200014,https://dailyvanity.sg/beauty-reviews/senka-perfect-whip-low-ph-gentle-calming-cica-review/,dailyvanity.sg,,
74c3054e2155,SENKA_PERFECT_WHIP_ACNE_CARE_TWINPACK_NA54231200018,https://www.ebay.com/itm/135294124315,www.ebay.com,,
43ef01ebd6f7,SENKA_PERFECT_WHIP_ACNE_CARE_TWINPACK_NA54231200018,https://www.watsons.co.th/en/senka-senka-perfect-whip-acne-care-a-100-g.twin-pack/p/BP_329362?srsltid=AfmBOor6Ky6wnUakTncSOQoO3rZiN3HSICsLPQ9Qd31nBhzmmtGd1BS7,www.watsons.co.th,,
96b4cba00910,SENKA_PERFECT_WHIP_ACNE_CARE_TWINPACK_NA54231200018,https://www.konvy.com/m/senka/senka-perfect-whip-acne-care-twin-pack-%5B100g-x-2pcs%5D-121457.html?srsltid=AfmBOoqlOga19DXl87CGW9fgzgPRmKK4sR6pA6Zw1nc8qN9w3Sn-mr_E,www.konvy.com,,
b9e167fa0b4d,SENKA_PERFECT_WHIP_ACNE_CARE_TWINPACK_NA54231200018,https://www.konvy.com/m/senka/senka-perfect-whip-acne-care-twin-pack-%5B100g-x-2pcs%5D-121457.html?srsltid=AfmBOorGr3RBKVFjwEYE5WhN63aSLPUUHSMOvnnRf2YJoRDxIounLzlN,www.konvy.com,,
e0f230dd94c9,SENKA_PERFECT_WHIP_ACNE_CARE_TWINPACK_NA54231200018,https://www.blibli.com/p/senka-perfect-whip-acne-care-facial-foam-100-g-isi-2-pcs/ps--SEI-70172-00025,www.blibli.com,,
14ebaf34e66d,SENKA_PERFECT_WHIP_ACNE_CARE_TWINPACK_NA54231200018,https://miessential.com/products/shiseido-senka-perfect-whip-acne-care?srsltid=AfmBOor1qDIcTa6Epeno5hlg7Rzk_No7K0zLOyj3RQHtwrm5Ki5X6UBm,miessential.com,,
4187b3122232,SENKA_PERFECT_WHIP_ACNE_CARE_TWINPACK_NA54231200018,https://miessential.com/products/shiseido-senka-perfect-whip-acne-care?srsltid=AfmBOoofgL6g994N5O7j5PmHg0XIsHnqll9rIEcsx_X6bcxuwkvxAPuk,miessential.com,,
4353a819bdab,SENKA_PERFECT_WHIP_ACNE_CARE_TWINPACK_NA54231200018,https://shopee.co.id/-TWINPACK-SENKA-Perfect-Whip-Acne-Care-100gr-i.138850166.3534794624,shopee.co.id,,
004b27b77e5c,SENKA_PERFECT_WHIP_ACNE_CARE_TWINPACK_NA54231200018,https://www.tiktok.com/@senkaindonesia/video/7241597514766404869,www.tiktok.com,,
963f9ecb310c,DANCING_WHALE_CLEAR_CLEANSING_FOAM_NA26241200756,https://www.amazon.com/Dancing-Whale-Clear-Cleansing-120ml/dp/B0D388B5KY,www.amazon.com,,
1dafc4d27f38,DANCING_WHALE_CLEAR_CLEANSING_FOAM_NA26241200756,https://www.gosupps.com/clear-cleansing-foam-4-05-fl-oz-120ml.html,www.gosupps.com,,
3d4fc6e2da5c,DANCING_WHALE_CLEAR_CLEANSING_FOAM_NA26241200756,https://www.amazon.com/Dancing-Whale-Clear-Cleansing-120ml/dp/B0D388B5KY,www.amazon.com,,
6522338dad83,DANCING_WHALE_CLEAR_CLEANSING_FOAM_NA26241200756,https://www.amazon.com/Dancing-Whale-Clear-Cleansing-120ml/dp/B0D388B5KY,www.amazon.com,,
c15cbebbbd51,DANCING_WHALE_CLEAR_CLEANSING_FOAM_NA26241200756,https://www.gosupps.com/clear-cleansing-foam-4-05-fl-oz-120ml.html,www.gosupps.com,,
f7ce20535a21,DANCING_WHALE_CLEAR_CLEANSING_FOAM_NA26241200756,https://www.amazon.com/Dancing-Whale-Clear-Cleansing-120ml/dp/B0D388B5KY,www.amazon.com,,
4981a087b0f9,DANCING_WHALE_CLEAR_CLEANSING_FOAM_NA26241200756,https://www.amazon.com/Dancing-Whale-Clear-Cleansing-120ml/dp/B0D388B5KY,www.amazon.com,,
a9588072e7fc,DANCING_WHALE_CLEAR_CLEANSING_FOAM_NA26241200756,https://www.amazon.com/Dancing-Whale-Clear-Cleansing-120ml/dp/B0D388B5KY,www.amazon.com,,
16592de010e6,FACETOLOGY_TRIPLE_CARE_ACNE_CALM_CLEANSER_NA18241210486,https://skinsort.com/products/facetology/triple-care-acne-calm-cleanser,skinsort.com,,
1f7f0d52b8a3,FACETOLOGY_TRIPLE_CARE_ACNE_CALM_CLEANSER_NA18241210486,https://www.sociolla.com/face-wash/91233-triple-care-acne-calm-cleanser,www.sociolla.com,,
83be1e0b5e55,FACETOLOGY_TRIPLE_CARE_ACNE_CALM_CLEANSER_NA18241210486,https://facetology.id/product/facetology-triple-care-acne-calm-cleanser/,facetology.id,,
f5f5f6465aca,FACETOLOGY_TRIPLE_CARE_ACNE_CALM_CLEANSER_NA18241210486,https://facetology.id/product/facetology-triple-care-acne-calm-cleanser/,facetology.id,,
278ec242ca99,FACETOLOGY_TRIPLE_CARE_ACNE_CALM_CLEANSER_NA18241210486,https://facetology.id/product/facetology-triple-care-acne-calm-cleanser/,facetology.id,,
8f6ea3bc759c,FACETOLOGY_TRIPLE_CARE_ACNE_CALM_CLEANSER_NA18241210486,https://facetology.id/product/facetology-triple-care-acne-calm-cleanser/,facetology.id,,
cac668da1d0f,FACETOLOGY_TRIPLE_CARE_ACNE_CALM_CLEANSER_NA18241210486,https://facetology.id/product/facetology-triple-care-acne-calm-cleanser/,facetology.id,,
37c8fe4893bc,FACETOLOGY_TRIPLE_CARE_ACNE_CALM_CLEANSER_NA18241210486,https://facetology.id/product/facetology-triple-care-acne-calm-cleanser/,facetology.id,,
e94a7a91b42c,ARIUL_SMOOTH_PURE_DEEP_CLEAN_CLEANSING_FOAM_NA26231200642,https://www.sweetcare.com/us/ariul-stress-relieving-cleansing-smooth-pure-deep-clean-face-cleansing-foam-p-026820u0?st=01&country=nc,www.sweetcare.com,,
60961e5f5f5e,ARIUL_SMOOTH_PURE_DEEP_CLEAN_CLEANSING_FOAM_NA26231200642,https://jolse.com/product/ariul-smooth-pure-deep-clean-cleansing-foam-80ml/73332/?srsltid=AfmBOoraPbuiQp2eqIsuxgZVLsROpiDauZg4wMocYWa4EB4X0R0O_41M,jolse.com,,
c94a984291d7,ARIUL_SMOOTH_PURE_DEEP_CLEAN_CLEANSING_FOAM_NA26231200642,https://www.yesstyle.com/en/ariul-smooth-pure-deep-clean-cleansing-foam-80ml/info.html/pid.1123004331,www.yesstyle.com,,
d44bab9c38b6,ARIUL_SMOOTH_PURE_DEEP_CLEAN_CLEANSING_FOAM_NA26231200642,http://www.ariul.com/global/item/detail/ARSF018/ARSF018,www.ariul.com,,
b0807c526c75,ARIUL_SMOOTH_PURE_DEEP_CLEAN_CLEANSING_FOAM_NA26231200642,http://www.ariul.com/global/item/detail/ARSF018/ARSF018,www.ariul.com,,
8998b0a04451,ARIUL_SMOOTH_PURE_DEEP_CLEAN_CLEANSING_FOAM_NA26231200642,https://www.dodoskin.com/products/ariul-smooth-pure-cleansing-foam-120ml?srsltid=AfmBOopY4iYhfCfXoplWtaLViEhvSs9Kd0gkYxuWMmfJCrN0aWiNjeeA,www.dodoskin.com,,
5908b1b39a6a,NEUTROGENA_HYDRO_BOOST_WATER_GEL_CLEANSER_NA26241200626,https://www.neutrogena.com/products/skincare/neutrogena-hydro-boost-hydrating-gel-cleanser-with-hyaluronic-acid-fragrance-free/6806422,www.neutrogena.com,,
5366197bf222,NEUTROGENA_HYDRO_BOOST_WATER_GEL_CLEANSER_NA26241200626,https://www.gosupps.com/neutrogena-hydro-boost-water-gel-cleanser-200ml.html,www.gosupps.com,,
66a8f006f55c,NEUTROGENA_HYDRO_BOOST_WATER_GEL_CLEANSER_NA26241200626,https://www.neutrogena-me.com/face-care-products/face-cleansers-wash-and-scrubs/hydro-boost-water-gel-face-cleanser,www.neutrogena-me.com,,
118b964cb186,NEUTROGENA_HYDRO_BOOST_WATER_GEL_CLEANSER_NA26241200626,https://www.walmart.com/ip/Neutrogena-Hydro-Boost-Hydrating-Hyaluronic-Acid-Gel-Facial-Cleanser-and-Face-Wash-7-8-oz/128952538,www.walmart.com,,
ea5d3a1c8953,NEUTROGENA_HYDRO_BOOST_WATER_GEL_CLEANSER_NA26241200626,https://www.heb.com/product-detail/neutrogena-hydro-boost-fragrance-free-gel-facial-cleanser/7170004,www.heb.com,,
a01f00a6db6a,NEUTROGENA_HYDRO_BOOST_WATER_GEL_CLEANSER_NA26241200626,https://www.neutrogena.co.uk/skincare/cleansers-washes/hydro-boost-water-gel-cleanser,www.neutrogena.co.uk,,
0eaf37447704,NEUTROGENA_HYDRO_BOOST_WATER_GEL_CLEANSER_NA26241200626,https://www.amazon.com/Neutrogena-Lightweight-Hyaluronic-Hypoallergenic-Paraben-Free/dp/B01LETURZI,www.amazon.com,,
d1d4c60126a8,NEUTROGENA_HYDRO_BOOST_WATER_GEL_CLEANSER_NA26241200626,https://www.neutrogena.com/products/neutrogena-hydro-boost-hydrating-gel-cleanser/6806424,www.neutrogena.com,,
555065b367df,ALL_NATURAL_HOUTTUYNIA_CORDATA_CLEANSING_FOAM_NA26221200909,https://www.hwahae.com/en/products/allNATURAL-Houttuynia-Cordata-Cleansing-Foam/1965777,www.hwahae.com,,
b30fab0d1ce1,ALL_NATURAL_HOUTTUYNIA_CORDATA_CLEANSING_FOAM_NA26221200909,https://www.amazon.com/Mary-May-Houttuynia-Cleansing-Cleansers/dp/B0986JYC7Q,www.amazon.com,,
c907479e8be1,ALL_NATURAL_HOUTTUYNIA_CORDATA_CLEANSING_FOAM_NA26221200909,https://www.gosupps.com/esfolio-hyaluronic-acid-houttuynia-cordata-cleansing-foam.html,www.gosupps.com,,
087713ac4e9a,ALL_NATURAL_HOUTTUYNIA_CORDATA_CLEANSING_FOAM_NA26221200909,https://www.hwahae.com/en/products/allNATURAL-Houttuynia-Cordata-Cleansing-Foam/1965777,www.hwahae.com,,
068722f6f5a2,ALL_NATURAL_HOUTTUYNIA_CORDATA_CLEANSING_FOAM_NA26221200909,https://www.hwahae.com/en/products/allNATURAL-Houttuynia-Cordata-Cleansing-Foam/1965777,www.hwahae.com,,
566574a25b6e,ALL_NATURAL_HOUTTUYNIA_CORDATA_CLEANSING_FOAM_NA26221200909,https://www.walmart.com/ip/Mary-May-Houttuynia-Cordata-Tea-Tree-Cleansing-Foam-5-07-fl-oz-150-ml/1144957275,www.walmart.com,,
65ab2065bbf9,ALL_NATURAL_HOUTTUYNIA_CORDATA_CLEANSING_FOAM_NA26221200909,https://www.hwahae.com/en/products/allNATURAL-Houttuynia-Cordata-Cleansing-Foam/1965777/reviews?age_group=20,www.hwahae.com,,
0e3bb83f7d79,ALL_NATURAL_HOUTTUYNIA_CORDATA_CLEANSING_FOAM_NA26221200909,https://www.sweetcare.com/us/mary-may-houttuynia-cordata-tea-tree-cleansing-foam-all-skin-types-p-019350yy?st=01&country=ro,www.sweetcare.com,,
4c3b074d4f40,I_M_FROM_RICE_WHIP_FACIAL_CLEANSER_SET_NKIT240002656,https://sentisenti.com/products/im-from-rice-whip-facial-cleanser-set?srsltid=AfmBOoqzLTE-19FR5ONhgko_T_N_PtvSl0jlrKhnl4hgfloevVMzysou,sentisenti.com,,
5a07172c53a8,I_M_FROM_RICE_WHIP_FACIAL_CLEANSER_SET_NKIT240002656,https://sukoshi.com/products/im-from-rice-whip-facial-cleanser?srsltid=AfmBOoqZTP21KtPZF-WC_1eBI9yyGANkd_r9db87tjPJpYX8Fzo5qnKN,sukoshi.com,,
1b6a9bc8ff4d,I_M_FROM_RICE_WHIP_FACIAL_CLEANSER_SET_NKIT240002656,https://olivekollection.com/products/im-from-rice-whip-facial-cleanser-set-3-piece-set?srsltid=AfmBOorzxT-1ZvQfL8ZPLfvJW96MGWqp5GZjzA6vk9W57_qHhCTSV51Q,olivekollection.com,,
3d32f5288c1a,I_M_FROM_RICE_WHIP_FACIAL_CLEANSER_SET_NKIT240002656,https://www.yesstyle.com/en/im-from-rice-whip-facial-cleanser-mini-5pcs-bundle-set-30ml-x-5-pcs/info.html/pid.1137515355,www.yesstyle.com,,
2d1a50942579,I_M_FROM_RICE_WHIP_FACIAL_CLEANSER_SET_NKIT240002656,https://sentisenti.com/products/im-from-rice-whip-facial-cleanser-set?srsltid=AfmBOorpJAiFZt4L0qlMNNd2sPExuC5LvM88q9Q7GzqoN1D2uzVM62Yp,sentisenti.com,,
6f2971639fb1,I_M_FROM_RICE_WHIP_FACIAL_CLEANSER_SET_NKIT240002656,https://us.amazon.com/Im-Facial-Cleanser-Travel-sensitive/dp/B0D4QTQZBT,us.amazon.com,,
bd2fb300a2af,I_M_FROM_RICE_WHIP_FACIAL_CLEANSER_SET_NKIT240002656,https://www.ktown4u.com/iteminfo?eve_no=44487964&goods_no=160858&grp_no=44487965,www.ktown4u.com,,
c7fdb07e97d7,I_M_FROM_RICE_WHIP_FACIAL_CLEANSER_SET_NKIT240002656,https://sukoshi.com/products/im-from-rice-whip-facial-cleanser?srsltid=AfmBOoqGLi7x4b_rP4Flr0uguSP7wuEEcCelZW00JIQrqHn8rR6dKAIm,sukoshi.com,,
3966b372263d,NEUTROGENA_OIL_FREE_ACNE_WASH_NA26231200409,https://www.neutrogena.com/products/skincare/oil-free-acne-wash-with-salicylic-acid/6811719,www.neutrogena.com,,
d03e0474ca09,NEUTROGENA_OIL_FREE_ACNE_WASH_NA26231200409,https://www.neutrogena.com/products/skincare/oil-free-acne-wash-with-salicylic-acid/6801712,www.neutrogena.com,,
adb5a6d74601,NEUTROGENA_OIL_FREE_ACNE_WASH_NA26231200409,https://www.heb.com/product-detail/neutrogena-oil-free-acne-facial-pink-grapefruit-cleanser/1193397,www.heb.com,,
3829dd30b559,NEUTROGENA_OIL_FREE_ACNE_WASH_NA26231200409,https://hsastore.com/neutrogena-oil-free-acne-wash-cream-cleanser-6-7-fl-oz/30829.html?srsltid=AfmBOorYPTtUJcxS6vJ_SzKdD-mZiXLNQExuamDUi_O80_l_d6XTmRXc,hsastore.com,,
db7d835d9725,NEUTROGENA_OIL_FREE_ACNE_WASH_NA26231200409,https://www.neutrogena.ca/face/cleansers-scrubs/neutrogena-oil-free-acne-wash,www.neutrogena.ca,,
bd82d93d997c,NEUTROGENA_OIL_FREE_ACNE_WASH_NA26231200409,https://www.neutrogena.com/products/skincare/oil-free-acne-wash-with-salicylic-acid/6811719,www.neutrogena.com,,
ad078f9e5ba7,NEUTROGENA_OIL_FREE_ACNE_WASH_NA26231200409,https://www.walmart.com/ip/Neutrogena-Oil-Free-Salicylic-Acid-Acne-Fighting-Face-Wash-6-fl-oz/887640,www.walmart.com,,
11043b981d12,NEUTROGENA_OIL_FREE_ACNE_WASH_NA26231200409,https://fsastore.com/neutrogena-oil-free-acne-wash-9-1-oz-3-pack/10504b.html?srsltid=AfmBOooa6ihI03JNfhW_8iOhKk1_i_VgLgCsP9GTjeUnvmB-Y8ogp95d,fsastore.com,,
12969c058f7a,NEUTROGENA_OIL_FREE_ACNE_WASH_NA26231200409,https://www.tiktok.com/@neutrogena_us/video/7080633942449147179,www.tiktok.com,,
e181a5ebd1c0,INNISFREE_VITAMIN_C_GREEN_TEA_ENZYME_BRIGHTENING_PAD_NA26241900034,https://us.innisfree.com/products/green-tea-enzyme-vitamin-c-brightening-toner-pads?srsltid=AfmBOooYlxSuWfJm5VgjuIeZlympzej1I-4W1hzfjfKbwXRpcwC7pkeR,us.innisfree.com,,
64d258be8617,INNISFREE_VITAMIN_C_GREEN_TEA_ENZYME_BRIGHTENING_PAD_NA26241900034,https://global.amoremall.com/products/innisfree-vitamin-c-green-tea-enzyme-brightening-pad-60pads?srsltid=AfmBOormMJpD7yx5bKfNYnYvv8jfATgw8WgKkH7KuITD6ZF-zU2hJe2C,global.amoremall.com,,
dfa7af7b89e0,INNISFREE_VITAMIN_C_GREEN_TEA_ENZYME_BRIGHTENING_PAD_NA26241900034,https://us.innisfree.com/products/green-tea-enzyme-vitamin-c-brightening-toner-pads?srsltid=AfmBOorTdSLRxEbXHwiojbiI3jWTjhWHuefEU9qvLIi9IN8zKNN2LUu-,us.innisfree.com,,
4151ea5c36a6,INNISFREE_VITAMIN_C_GREEN_TEA_ENZYME_BRIGHTENING_PAD_NA26241900034,https://us.innisfree.com/products/green-tea-enzyme-vitamin-c-brightening-toner-pads?srsltid=AfmBOooP5ZF2y_ykwGBPJ4-KZfMwixj1qS1I4Lph7c18Q28FtwDyy45G,us.innisfree.com,,
06199045cc8c,INNISFREE_VITAMIN_C_GREEN_TEA_ENZYME_BRIGHTENING_PAD_NA26241900034,https://www.ebay.com/itm/186453773158,www.ebay.com,,
817ae278803d,INNISFREE_VITAMIN_C_GREEN_TEA_ENZYME_BRIGHTENING_PAD_NA26241900034,https://us.innisfree.com/products/green-tea-enzyme-vitamin-c-brightening-toner-pads?srsltid=AfmBOopATVzcB98XLarTnWc7rpexi4j6itQ3V8W187dMLauQyRKazNCA,us.innisfree.com,,
b968a86e877e,INNISFREE_VITAMIN_C_GREEN_TEA_ENZYME_BRIGHTENING_PAD_NA26241900034,https://us.innisfree.com/products/green-tea-enzyme-vitamin-c-brightening-toner-pads?srsltid=AfmBOopqrdUwM5Mu9rrBn98gb_H67HtOcM08GiYjAd-a5vzrBJw80LEo,us.innisfree.com,,
e9e8031e0df9,INNISFREE_VITAMIN_C_GREEN_TEA_ENZYME_BRIGHTENING_PAD_NA26241900034,https://www.projectvanity.com/projectvanity/innisfree-vitamin-c-green-tea-enzyme-brightening-serum,www.projectvanity.com,,
98e39400693c,ROUND_LAB_PINE_CALMING_CICA_CLEANSER_NA26231200953,https://www.amazon.com/ROUND-LAB-Pine-Calming-Cleanser/dp/B0DTH8C6DG,www.amazon.com,,
01770be78f83,ROUND_LAB_PINE_CALMING_CICA_CLEANSER_NA26231200953,https://roundlab.com/products/pine-calming-cica-cleanser?srsltid=AfmBOoolCFcokycB6rL9r0MsrRoRrncmVwNcmXE8q6uNtj0hyiGdrs-D,roundlab.com,,
7d70db9eefc2,ROUND_LAB_PINE_CALMING_CICA_CLEANSER_NA26231200953,https://www.amazon.com/ROUND-LAB-Pine-Calming-Cleanser/dp/B0DTH8C6DG,www.amazon.com,,
6b0b013d8ed7,ROUND_LAB_PINE_CALMING_CICA_CLEANSER_NA26231200953,https://jolse.com/product/round-lab-pine-calming-cica-cleanser-150ml/69061/?srsltid=AfmBOooQDvD4S63VhJH3519-FOuxojcx_j3n04NBYb--oXqwi92bcbsr,jolse.com,,
d08e46b3ec11,ROUND_LAB_PINE_CALMING_CICA_CLEANSER_NA26231200953,https://mystiglam.com/products/round-lab-pine-calming-cica-cleanser-150ml?srsltid=AfmBOoqQ3uhsGf4HA6VN62bNAl15KQm5rG4Qz9HPBtH4nGBkh9MWaAPZ,mystiglam.com,,
63af677256ec,ROUND_LAB_PINE_CALMING_CICA_CLEANSER_NA26231200953,https://roundlab.com/products/pine-calming-cica-cleanser?srsltid=AfmBOopFMZiZeCPw8o2e50dYG8Rjx_rZglWpUBUeGT0w4le1gqrUMTeP,roundlab.com,,
ef8f78ea96a2,ROUND_LAB_PINE_CALMING_CICA_CLEANSER_NA26231200953,https://roundlab.com/products/pine-calming-cica-cleanser?srsltid=AfmBOopZPrPHbepQf7IeOHGrlHO6kdvl57bKkdfAfnjK2V1czDmZtOMW,roundlab.com,,
7d6a7be404ea,ROUND_LAB_PINE_CALMING_CICA_CLEANSER_NA26231200953,https://www.walmart.com/ip/ROUND-LAB-Pine-Calming-Cica-Cleanser-150ml/5091460361,www.walmart.com,,
3e9675c7c78f,ANUA_PDRN_HYALURONIC_ACID_CAPSULE_100_SERUM_NA26250100251,https://www.ulta.com/p/pdrn-hyaluronic-acid-capsule-100-serum-pimprod2051435?sku=2640385,www.ulta.com,,
6d2d516cc20d,ANUA_PDRN_HYALURONIC_ACID_CAPSULE_100_SERUM_NA26250100251,https://www.amazon.com/Anua-Hyaluronic-Capsule-Serum-fl-oz/dp/B0DLB58CWR,www.amazon.com,,
e2c00ce72100,ANUA_PDRN_HYALURONIC_ACID_CAPSULE_100_SERUM_NA26250100251,https://anua.com/products/pdrn-hyaluronic-acid-capsule-100-serum?srsltid=AfmBOopXE9fqVevxVDRkr5rmy9YCrESRAz-3K8V5JfSLKZKWRLsx8rZF,anua.com,,
281c99da9657,ANUA_PDRN_HYALURONIC_ACID_CAPSULE_100_SERUM_NA26250100251,https://anua.com/products/pdrn-hyaluronic-acid-capsule-100-serum?srsltid=AfmBOop0P49zmIOvljjUW4XmjscSbRTKpy_R3a3qyYdr5HMbPGbLGQY7,anua.com,,
0962b2a282e1,ANUA_PDRN_HYALURONIC_ACID_CAPSULE_100_SERUM_NA26250100251,https://www.coos-cosmetics.com/products/anua-pdrn-hyaluronic-acid-capsule-100-serum?srsltid=AfmBOooz0-v0BLzn3-TuPBkTn9LaugD0E4v_0lQ80lm3y5RspDULSB_7,www.coos-cosmetics.com,,
648cf7eedacc,ANUA_PDRN_HYALURONIC_ACID_CAPSULE_100_SERUM_NA26250100251,https://koreanskincare.com/products/anua-pdrn-hyaluronic-acid-capsule-100-serum?srsltid=AfmBOorYPVciNQ31u4kH_mhzQVvs37VPiIrgNrifTpUInMgDKFTjkKD1,koreanskincare.com,,
7e74000d12a9,ANUA_PDRN_HYALURONIC_ACID_CAPSULE_100_SERUM_NA26250100251,https://www.ebay.com/itm/235850843935,www.ebay.com,,
10de76cc83d5,ANUA_PDRN_HYALURONIC_ACID_CAPSULE_100_SERUM_NA26250100251,https://anua.com/products/pdrn-hyaluronic-acid-capsule-100-serum-mask?srsltid=AfmBOoq8Sjnxp22lv2lDfDx7aj00jCB4qrb7sjt5qO4qYeYUYdKgrkZ4,anua.com,,
ade1f38349ee,ARIUL_ARIUL_WATERMELON_HYDRO_VITAL_SUN_SERUM_NA26251700082,https://ariul.sa/en/ariul-watermelon-hydro-vital-sun-serum-55-ml/p1401328403,ariul.sa,,
518c267ce568,ARIUL_ARIUL_WATERMELON_HYDRO_VITAL_SUN_SERUM_NA26251700082,https://ariul.sa/en/ariul-watermelon-hydro-vital-sun-serum-55-ml/p1401328403,ariul.sa,,
a36f88e6ac93,ARIUL_ARIUL_WATERMELON_HYDRO_VITAL_SUN_SERUM_NA26251700082,https://www.kosmosbeauty.com/products/ariul-watermelon-hydro-vital-serum-55ml?srsltid=AfmBOoqXPrgG9Ohtqf3I9nm7hrpr27sHvoeEzBPd_CPrcIKF21Goxr1_,www.kosmosbeauty.com,,
849715d0fd20,ARIUL_ARIUL_WATERMELON_HYDRO_VITAL_SUN_SERUM_NA26251700082,https://www.sweetcare.com/us/ariul-watermelon-hydro-vital-face-serum-p-026825u0?st=01&country=id,www.sweetcare.com,,
beb49b6e14c4,ARIUL_ARIUL_WATERMELON_HYDRO_VITAL_SUN_SERUM_NA26251700082,https://www.sweetcare.com/us/ariul-watermelon-hydro-vital-face-serum-p-026825u0?st=01&country=id,www.sweetcare.com,,
f9b94b91c6e1,ARIUL_ARIUL_WATERMELON_HYDRO_VITAL_SUN_SERUM_NA26251700082,https://banulifestyle.com/en/serum-sunscreen-hydro-vital-watermelon-flavored-with-spf-50-by-ariul-50ml/p1569577455?lableb_Id=1569577455_en&lableb_query=&lableb_order=6&lableb_price=52.61&lableb_session=155869ba-f62c-4c5a-aafd-4661ed194f0a&srsltid=AfmBOop4OD1obmymlCnvgcTbPkSRAdDlcqw-JKWqt_H3PtVyRDbfVx4j,banulifestyle.com,,
3a458bfb9f7c,ARIUL_ARIUL_WATERMELON_HYDRO_VITAL_SUN_SERUM_NA26251700082,https://www.kosmosbeauty.com/products/ariul-watermelon-hydro-vital-serum-55ml?srsltid=AfmBOoqHVxjl04uNUNlB3zGw7Yp0v3R0opJTWIvubTdbQySUojsl5v_x,www.kosmosbeauty.com,,
9a17552cc2e1,ARIUL_ARIUL_WATERMELON_HYDRO_VITAL_SUN_SERUM_NA26251700082,http://www.ariul.com/global/item/detail/ARWM013,www.ariul.com,,
11cc0a170675,SENKA_PERFECT_WHIP_COLLAGEN_IN_NA22231200149,https://www.amazon.com/Shiseido-Senka-Perfect-Whip-Collagen/dp/B079H9KYPV,www.amazon.com,,
dc1d2339fa4f,SENKA_PERFECT_WHIP_COLLAGEN_IN_NA22231200149,https://www.ratzillacosme.com/skin/senka-perfect-whip-collagen-in/,www.ratzillacosme.com,,
c36ea4ecafda,SENKA_PERFECT_WHIP_COLLAGEN_IN_NA22231200149,https://omakase-tokyo.com/products/shiseido-senka-perfect-whip-collagen-in-cleanser-120g?srsltid=AfmBOoomtL-8tnRR7Ejha8sVc0t0_RCu4yuuhzB_VHyzvXYrBO8uIQAG,omakase-tokyo.com,,
e17ba38aa168,SENKA_PERFECT_WHIP_COLLAGEN_IN_NA22231200149,https://sukoshi.com/products/shiseido-senka-perfect-face-wash-collagen?srsltid=AfmBOorNI07xgblBDOCGuAZjsCgE0nFovARiTiyYLf8HI44qFPCCfBGQ,sukoshi.com,,
5c30ef9c022c,SENKA_PERFECT_WHIP_COLLAGEN_IN_NA22231200149,https://miessential.com/products/shiseido-senka-perfect-whip-collagen?srsltid=AfmBOoox-yyFJi5Bn_tLIhEkmA-IBtogCCeZAFdk72wJmTrNS7qdb36V,miessential.com,,
5986c87a4c1a,SENKA_PERFECT_WHIP_COLLAGEN_IN_NA22231200149,https://theyokuglow.com/products/senka-perfect-whip-collagen-facial-cleanser,theyokuglow.com,,
e0ed2e39ce15,SENKA_PERFECT_WHIP_COLLAGEN_IN_NA22231200149,https://www.tesolife.com/en/shiseido-ft-senka-perfect-whip-collagen.html,www.tesolife.com,,
a67cf26ef2b9,SENKA_PERFECT_WHIP_COLLAGEN_IN_NA22231200149,https://sukoshi.com/products/shiseido-senka-perfect-face-wash-collagen?srsltid=AfmBOop0zMu5k-VBBfOMGTjuk3N1YydlM_ZSgzntdaXd5sqNgFB9kkct,sukoshi.com,,
32dca5096970,CAUDALIE_VINOPURE_BLEMISH_SALICYLIC_SERUM_NC14250100072,https://www.lojaglamourosa.com/us/en/caudalie-vinopure-blemish-control-salicylic-serum---30ml-3522930003441,www.lojaglamourosa.com,,
a46d33bf8814,CAUDALIE_VINOPURE_BLEMISH_SALICYLIC_SERUM_NC14250100072,https://us.caudalie.com/p/500R2/500r2-acne-serum-to-treat-and-prevent-blemishes.html,us.caudalie.com,,
112ecfaf8b62,CAUDALIE_VINOPURE_BLEMISH_SALICYLIC_SERUM_NC14250100072,https://us.bathandunwind.com/caudalie-vinopure-natural-salicylic-acid-pore-minimising-serum-30ml/?srsltid=AfmBOoohE1DwfpcPc6UZ5d9UVlFUzsPcv7W30ZxhNWDC6fmHUj5Zjr_I,us.bathandunwind.com,,
16371b5a5ffd,CAUDALIE_VINOPURE_BLEMISH_SALICYLIC_SERUM_NC14250100072,https://us.bathandunwind.com/caudalie-vinopure-natural-salicylic-acid-pore-minimising-serum-30ml/?srsltid=AfmBOopCP6980oNKfx9YBcZDwBzKu7RfLph9ExCqhQvhTskl3lGA8LWk,us.bathandunwind.com,,
6bae4271ac80,CAUDALIE_VINOPURE_BLEMISH_SALICYLIC_SERUM_NC14250100072,https://us.caudalie.com/p/500R2/500r2-acne-serum-to-treat-and-prevent-blemishes.html,us.caudalie.com,,
1918fa6100ff,CAUDALIE_VINOPURE_BLEMISH_SALICYLIC_SERUM_NC14250100072,https://www.sweetcare.com/us/caudalie-vinopure-salicylique-serum-anti-imperfections-p-008356cd?st=01&country=es,www.sweetcare.com,,
261933f703e0,CAUDALIE_VINOPURE_BLEMISH_SALICYLIC_SERUM_NC14250100072,https://www.sweetcare.com/caudalie-vinopure-serum-infusao-anti-imperfeicoes-acne-p-008356cd?st=01,www.sweetcare.com,,
9e19f1da61dc,CAUDALIE_VINOPURE_BLEMISH_SALICYLIC_SERUM_NC14250100072,https://natalieoneill.substack.com/p/first-thoughts-caudalie-vinopure,natalieoneill.substack.com,,
dbcd06940e87,CAUDALIE_VINOPURE_BLEMISH_SALICYLIC_SERUM_NC14250100072,https://www.tiktok.com/@caudalie/video/7277953523680021793,www.tiktok.com,,
04757c37852e,SULWHASOO_CONCENTRATED_GINSENG_BRIGHTENING_SERUM_NA26221900044,https://us.sulwhasoo.com/products/concentrated-ginseng-brightening-serum-8ml,us.sulwhasoo.com,,
f79a3829fd14,SULWHASOO_CONCENTRATED_GINSENG_BRIGHTENING_SERUM_NA26221900044,https://us.sulwhasoo.com/products/concentrated-ginseng-brightening-serum-8ml,us.sulwhasoo.com,,
73cefdbbda47,SULWHASOO_CONCENTRATED_GINSENG_BRIGHTENING_SERUM_NA26221900044,https://www.macys.com/shop/product/sulwhasoo-concentrated-ginseng-brightening-serum-1.7-oz.?ID=20967452,www.macys.com,,
7ca5b70e2321,SULWHASOO_CONCENTRATED_GINSENG_BRIGHTENING_SERUM_NA26221900044,https://us.sulwhasoo.com/products/concentrated-ginseng-rejuvenating-serum,us.sulwhasoo.com,,
3b560b3983e4,SULWHASOO_CONCENTRATED_GINSENG_BRIGHTENING_SERUM_NA26221900044,https://mapetitecoree.com/en/collections/skincare/products/sulwhasoo-concentrated-ginseng-renewing-serum?srsltid=AfmBOopFMgQY6y2cRS8SfHJJtc-Impa6FF8RrwdU4wDjDfAj_c8UogPC,mapetitecoree.com,,
decdb2e51e8b,SULWHASOO_CONCENTRATED_GINSENG_BRIGHTENING_SERUM_NA26221900044,https://www.ebay.com/itm/167011764318,www.ebay.com,,
314e3632cc10,SULWHASOO_CONCENTRATED_GINSENG_BRIGHTENING_SERUM_NA26221900044,https://www.shopatkorea.com/sulwhasoo-concentrated-ginseng-brightening-serum/,www.shopatkorea.com,,
f28178e49f26,SULWHASOO_CONCENTRATED_GINSENG_BRIGHTENING_SERUM_NA26221900044,https://www.coscorea.com/products/sulwhasoo-concentrated-ginseng-brightening-serum-50ml-set?srsltid=AfmBOoqsSVvrKL8FKj4G3VRjOAFwPg2Xr5XhcWNWJzNRp7SX4u_CFgeq,www.coscorea.com,,
5ce0efcaaa59,SULWHASOO_CONCENTRATED_GINSENG_BRIGHTENING_SERUM_NA26221900044,https://www.seoulsister.com/blog/how-to-tell-if-your-sulwhasoo-first-care-serum-is-fake-5-che,seoulsister.com,,
b7388e8523d0,ELSHESKIN_15_VITAMIN_C_GLOW_ADVANCE_SERUM_NA18251900022,https://nihonmart.id/elsheskin-15-vitamin-c-glow-advance-serum-20ml?srsltid=AfmBOorzQAgPK4TZSWmrXtCKyOCcZVzLEJFESABZd00RUb2025r270pu,nihonmart.id,,
78708177ea59,ELSHESKIN_15_VITAMIN_C_GLOW_ADVANCE_SERUM_NA18251900022,https://shopee.co.id/Elsheskin-15-Vitamin-C-Glow-Advance-Serum-20ml-Brightening-Skincare-Serum-Wajah-Tampak-Lebih-Cerah-dan-Glowing-Mencerahkan-Kulit-Kusam-Memudarkan-Dark-Spots-Melindungi-Kulit-dari-Polusi-Membantu-Mencegah-Penuaan-Dini-i.9035345.13258187670,shopee.co.id,,
4c29627147bf,ELSHESKIN_15_VITAMIN_C_GLOW_ADVANCE_SERUM_NA18251900022,https://www.beautyhaul.com/product/detail/15-vitamin-c-glow-advance-serum?srsltid=AfmBOopfyCcO4pdEKukZfOt9ULMW91CfdGhDAFmZMfVvDDH0f5zc5hz7,www.beautyhaul.com,,
a208d4ece761,ELSHESKIN_15_VITAMIN_C_GLOW_ADVANCE_SERUM_NA18251900022,https://shopee.co.id/Elsheskin-15-Vitamin-C-Glow-Advance-Serum-20ml-Brightening-Skincare-Serum-Wajah-Tampak-Lebih-Cerah-dan-Glowing-Mencerahkan-Kulit-Kusam-Memudarkan-Dark-Spots-Melindungi-Kulit-dari-Polusi-Membantu-Mencegah-Penuaan-Dini-i.9035345.13258187670,shopee.co.id,,
5e36a2e34a25,ELSHESKIN_15_VITAMIN_C_GLOW_ADVANCE_SERUM_NA18251900022,https://www.sociolla.com/face-serum/92207-15-vitamin-c-glow-advance-serum,www.sociolla.com,,
350bf1f19eb7,ELSHESKIN_15_VITAMIN_C_GLOW_ADVANCE_SERUM_NA18251900022,https://www.sociolla.com/face-serum/92207-15-vitamin-c-glow-advance-serum,www.sociolla.com,,
da90bf859776,ELSHESKIN_15_VITAMIN_C_GLOW_ADVANCE_SERUM_NA18251900022,https://shopee.co.id/Elsheskin-15-Vitamin-C-Glow-Advance-Serum-20ml-Brightening-Skincare-Serum-Wajah-Tampak-Lebih-Cerah-dan-Glowing-Mencerahkan-Kulit-Kusam-Memudarkan-Dark-Spots-Melindungi-Kulit-dari-Polusi-Membantu-Mencegah-Penuaan-Dini-i.9035345.13258187670,shopee.co.id,,
f06cb969f9c3,ELSHESKIN_15_VITAMIN_C_GLOW_ADVANCE_SERUM_NA18251900022,https://shopee.co.id/Elsheskin-15-Vitamin-C-Glow-Advance-Serum-20ml-Brightening-Skincare-Serum-Wajah-Tampak-Lebih-Cerah-dan-Glowing-Mencerahkan-Kulit-Kusam-Memudarkan-Dark-Spots-Melindungi-Kulit-dari-Polusi-Membantu-Mencegah-Penuaan-Dini-i.9035345.13258187670,shopee.co.id,,
b562508dbb43,LANBENA_RETINOL_REJUVENATING_SERUM_NA11252000022,https://lanbena.com/products/retinol-rejuvenating-serum,lanbena.com,,
7259dcef8430,LANBENA_RETINOL_REJUVENATING_SERUM_NA11252000022,https://www.gosupps.com/lanbena-retinol-serum-for-face-retinol-serum-with-hyaluronic-acid-for-wrinkles-and-fine-lines-renew-and-plump-night-facial-serum-for-glowing-skin-serum-for-sensitive-skin-30ml.html,www.gosupps.com,,
f462bbf4ca23,LANBENA_RETINOL_REJUVENATING_SERUM_NA11252000022,https://www.alibaba.com/product-detail/Lanbena-New-Arrival-Retinol-Rejuvenating-Serum_1601587333809.html,www.alibaba.com,,
3c4d6bc87825,LANBENA_RETINOL_REJUVENATING_SERUM_NA11252000022,https://www.amazon.ie/LANBENA-Retinol-Rejuvenating-Serum-Women/dp/B0FL21TDNR,www.amazon.ie,,
a9fcbf730e98,LANBENA_RETINOL_REJUVENATING_SERUM_NA11252000022,https://www.gosupps.com/lanbena-retinol-serum-for-face-retinol-serum-with-hyaluronic-acid-for-wrinkles-and-fine-lines-renew-and-plump-night-facial-serum-for-glowing-skin-serum-for-sensitive-skin-30ml.html,www.gosupps.com,,
008a9a24ae5f,LANBENA_RETINOL_REJUVENATING_SERUM_NA11252000022,https://www.ebay.com/itm/157859773741,www.ebay.com,,
2687a5b61618,LANBENA_RETINOL_REJUVENATING_SERUM_NA11252000022,https://www.gosupps.com/lanbena-retinol-serum-for-face-retinol-serum-with-hyaluronic-acid-for-wrinkles-and-fine-lines-renew-and-plump-night-facial-serum-for-glowing-skin-serum-for-sensitive-skin-30ml.html,www.gosupps.com,,
92b70cbd5397,LANBENA_RETINOL_REJUVENATING_SERUM_NA11252000022,https://www.gosupps.com/lanbena-under-eye-cream-retinol-eye-cream-for-dark-circles-and-puffiness-daily-anti-aging-under-eye-cream-with-retinol-hyaluronic-acid-to-fight-fine-lines-and-firm-skin-0-68-fl-oz.html,www.gosupps.com,,
cb672f100d1c,COSRX_THE_HYALURONIC_ACID_3_SERUM_NA26222000050,https://www.ulta.com/p/hyaluronic-acid-3-serum-with-amino-acids-ceramide-np-pimprod2038197?sku=2607855,www.ulta.com,,
649baec1d32a,COSRX_THE_HYALURONIC_ACID_3_SERUM_NA26222000050,https://www.cosrx.com/products/the-hyaluronic-acid-3-serum?srsltid=AfmBOopLQZRbM6WEZM-sOlxlwKUDML5TmFQFRhTZTLmcJzF6AiTwiYNr,www.cosrx.com,,
d3ae45062b7e,COSRX_THE_HYALURONIC_ACID_3_SERUM_NA26222000050,https://www.cosrx.com/products/the-hyaluronic-acid-3-serum?srsltid=AfmBOorNlfwke6UpoQA5-awt-eZ-hZVMXBjTBVYgTDcR1OCRq3MB23tt,www.cosrx.com,,
0d311728d016,COSRX_THE_HYALURONIC_ACID_3_SERUM_NA26222000050,https://www.cosrx.com/products/the-hyaluronic-acid-3-serum?srsltid=AfmBOorHxa7UEnwNCHxKu-knftc5HxjP9HA0HykCWlwzXuhPxotoIb6S,www.cosrx.com,,
e0d87f099025,COSRX_THE_HYALURONIC_ACID_3_SERUM_NA26222000050,https://www.skincupid.us/products/cosrx-the-hyaluronic-acid-3-serum-20ml,www.skincupid.us,,
6856c4c76e68,COSRX_THE_HYALURONIC_ACID_3_SERUM_NA26222000050,https://www.cosrx.com/products/the-hyaluronic-acid-3-serum?srsltid=AfmBOoobH0k2UXWZUEq-hM-kibP9DpW3OxxvsCFIbIXdiiRMs54FfZg-,www.cosrx.com,,
cea0bfd73ab6,COSRX_THE_HYALURONIC_ACID_3_SERUM_NA26222000050,https://www.ulta.com/p/hyaluronic-acid-3-serum-with-amino-acids-ceramide-np-pimprod2038197?sku=2607855,www.ulta.com,,
2d2d1eabc3e4,COSRX_THE_HYALURONIC_ACID_3_SERUM_NA26222000050,https://www.cosrx.com/products/the-hyaluronic-acid-3-serum?srsltid=AfmBOop5BZpbAR5WBaHLiMzv4PnAgTwLMBX3v76EZpgkrQ47lmMH-7sY,www.cosrx.com,,
eb3848a529c1,DR_G_DR_G_RTX_INTO_SERUM_VITAMINSHOT_NA26251900043,https://jolse.com/product/drg-rtx-into-serum-vitaminshot-50ml/75205/?srsltid=AfmBOorT6iEZmosRcnhdprIRn-CZwGMOGxEfFugTpmPrm9uiDkUkYmL8,jolse.com,,
82281d713f8c,DR_G_DR_G_RTX_INTO_SERUM_VITAMINSHOT_NA26251900043,https://koreacosmeticsbn.com/products/dr-g-rtx-into-serum-vitamin-shot,koreacosmeticsbn.com,,
ffe0b554c805,DR_G_DR_G_RTX_INTO_SERUM_VITAMINSHOT_NA26251900043,https://www.ebay.com/itm/126715066101,www.ebay.com,,
ccdd9b908448,DR_G_DR_G_RTX_INTO_SERUM_VITAMINSHOT_NA26251900043,https://www.ebay.com/itm/204857917840,www.ebay.com,,
72f34ebff4f1,DR_G_DR_G_RTX_INTO_SERUM_VITAMINSHOT_NA26251900043,https://jolse.com/product/drg-rtx-into-serum-hyalshot-50ml/75206/?srsltid=AfmBOopKJX_aYwWrShXS2O7Q4w_Lnz9LTgIFghiWqg3snYLm2L3RPXKR,jolse.com,,
d2272b854b8f,DR_G_DR_G_RTX_INTO_SERUM_VITAMINSHOT_NA26251900043,https://www.stylevana.com/en_US/dr-g-rtx-into-serum-50ml.html,www.stylevana.com,,
146c8fdb4219,DR_G_DR_G_RTX_INTO_SERUM_VITAMINSHOT_NA26251900043,https://m.beautyboxkorea.com/product/drg-rtx-into-shot-serum-vitamin-shot-5ml2ea-2-week-program/79871/category/24/display/1/,m.beautyboxkorea.com,,
2e393984217a,DR_G_DR_G_RTX_INTO_SERUM_VITAMINSHOT_NA26251900043,https://us.oliveyoung.com/products/UA85103800,us.oliveyoung.com,,
78bb220b62c0,DR_G_DR_G_RTX_INTO_SERUM_VITAMINSHOT_NA26251900043,https://www.seoulsister.com/products/ec7bf8b6-b536-4f47-b9fb-f9c7f03ef1d0,seoulsister.com,,
ea5223add9ee,DR_G_DR_G_RTX_INTO_SERUM_HYALSHOT_NA26250100229,https://www.yesstyle.com/en/dr-g-rtx-into-serum-hyalshot-50ml/info.html/pid.1129344007,www.yesstyle.com,,
d2bcc2c38507,DR_G_DR_G_RTX_INTO_SERUM_HYALSHOT_NA26250100229,https://www.ebay.com/itm/126715066099,www.ebay.com,,
49c6215158f4,DR_G_DR_G_RTX_INTO_SERUM_HYALSHOT_NA26250100229,https://www.ebay.com/itm/204857917840,www.ebay.com,,
306e0aee7afa,DR_G_DR_G_RTX_INTO_SERUM_HYALSHOT_NA26250100229,https://us.oliveyoung.com/products/UA42288259,us.oliveyoung.com,,
4e0a79e32152,DR_G_DR_G_RTX_INTO_SERUM_HYALSHOT_NA26250100229,https://www.ebay.com/itm/204857917840,www.ebay.com,,
3b53bc75e73b,DR_G_DR_G_RTX_INTO_SERUM_HYALSHOT_NA26250100229,https://www.ebay.com/itm/204857917840,www.ebay.com,,
e563d136ba25,DR_G_DR_G_RTX_INTO_SERUM_HYALSHOT_NA26250100229,https://us.oliveyoung.com/products/UA36772000,us.oliveyoung.com,,
48462edb7960,DR_G_DR_G_RTX_INTO_SERUM_HYALSHOT_NA26250100229,https://www.reddit.com/r/koreanskincare/comments/1doq93g/dr_g_red_blemish_packaging_inconsistent_or_fake/,www.reddit.com,,
60a3eae948a0,ELSHESKIN_DAILY_BOOST_ANTIOXIDANT_SERUM_NA18211903438,https://incidecoder.com/products/elsheskin-daily-boost-antioxidant-serum,incidecoder.com,,
cd560945c73c,ELSHESKIN_DAILY_BOOST_ANTIOXIDANT_SERUM_NA18211903438,https://www.sociolla.com/face-serum/62177-daily-boost-antioxidant-serum,www.sociolla.com,,
52e6c7bee8c5,ELSHESKIN_DAILY_BOOST_ANTIOXIDANT_SERUM_NA18211903438,https://shopee.co.id/Last-Love-ElsheSkin-Daily-Boost-Antioxidant-Serum-15-ml-Vitamin-C-(Kulit-8x-Lebih-Cerah)-Brightening-Serum-i.986131312.29720674137,shopee.co.id,,
6f97bb8ab4f5,ELSHESKIN_DAILY_BOOST_ANTIOXIDANT_SERUM_NA18211903438,https://www.sociolla.com/face-serum/62177-daily-boost-antioxidant-serum,www.sociolla.com,,
64c2852eb9e3,ELSHESKIN_DAILY_BOOST_ANTIOXIDANT_SERUM_NA18211903438,https://h5.lazada.co.id/products/elsheskin-daily-boost-antioxidant-serum-new-kaya-antioksidan-melindungi-dan-mencerahkan-kulit-8x-lebih-baik-dari-vitamin-c-i6004560330-s11555870802.html,h5.lazada.co.id,,
f313b36e606b,ELSHESKIN_DAILY_BOOST_ANTIOXIDANT_SERUM_NA18211903438,https://shopee.co.id/Elsheskin-Daily-Boost-Antioxidant-Serum-30ml-i.30736001.12897750385,shopee.co.id,,
6218f6b64a1a,ELSHESKIN_DAILY_BOOST_ANTIOXIDANT_SERUM_NA18211903438,https://review.soco.id/product/face-serum/90519-daily-boost-antioxidant-serum,review.soco.id,,
ee994e3c5206,ELSHESKIN_DAILY_BOOST_ANTIOXIDANT_SERUM_NA18211903438,https://www.sociolla.com/face-serum/62177-daily-boost-antioxidant-serum,www.sociolla.com,,
f2d7cf9fd60f,DR_G_DR_G_RTX_INTO_SERUM_PEPTISHOT_NA26250100230,https://jolse.com/product/drg-rtx-into-serum-peptishot-50ml/75207/?srsltid=AfmBOopxS7eK3ORVWMoCbt8pWZN14g0O7teSOrUQ_lsc0s_rmvT_-XxE,jolse.com,,
d0c0c93db7a5,DR_G_DR_G_RTX_INTO_SERUM_PEPTISHOT_NA26250100230,https://www.yesstyle.com/en/dr-g-rtx-into-serum-peptishot-50ml/info.html/pid.1129344008,www.yesstyle.com,,
f7e5fac20393,DR_G_DR_G_RTX_INTO_SERUM_PEPTISHOT_NA26250100230,https://www.ebay.com/itm/126715066100,www.ebay.com,,
0cab49ec8c5f,DR_G_DR_G_RTX_INTO_SERUM_PEPTISHOT_NA26250100230,https://www.ebay.com/itm/204857917840,www.ebay.com,,
18d5b7836520,DR_G_DR_G_RTX_INTO_SERUM_PEPTISHOT_NA26250100230,https://us.oliveyoung.com/products/UA42288259,us.oliveyoung.com,,
5f831a4b5905,DR_G_DR_G_RTX_INTO_SERUM_PEPTISHOT_NA26250100230,https://www.sasa.com/products/110607006001?srsltid=AfmBOooUjkZCHkgvRW6N23oXLY_Jz7XDsdmI-NnBO2obXD8uhipSrQVn,www.sasa.com,,
56f62dbfb91f,SKINTIFIC_10_PURE_VITAMIN_C_BRIGHTENING_SERUM_NKIT250001190,https://us.skintific.com/products/10-fresh-vitamin-c-brightening-serum,us.skintific.com,,
844ba16e11f9,SKINTIFIC_10_PURE_VITAMIN_C_BRIGHTENING_SERUM_NKIT250001190,https://www.amazon.com/SKINTIFIC-Dual-Chamber-Brightening-Corrector-Oxidation-Proof/dp/B0FH68CW85,www.amazon.com,,
d6ac17dd5d38,SKINTIFIC_10_PURE_VITAMIN_C_BRIGHTENING_SERUM_NKIT250001190,https://thaimegastore.com/products/skintific-10-pure-vitamin-c-brightening-serum,thaimegastore.com,,
a39f6e8bf8e0,SKINTIFIC_10_PURE_VITAMIN_C_BRIGHTENING_SERUM_NKIT250001190,https://review.soco.id/product/face-serum/120452-10-pure-vitamin-c-brightening-serum,review.soco.id,,
a1c5acdcfe40,SKINTIFIC_10_PURE_VITAMIN_C_BRIGHTENING_SERUM_NKIT250001190,https://thaimegastore.com/products/skintific-10-pure-vitamin-c-brightening-serum,thaimegastore.com,,
1e379d9c135d,SKINTIFIC_10_PURE_VITAMIN_C_BRIGHTENING_SERUM_NKIT250001190,https://princesscosmeticsqa.com/products/skintific-10-pure-vitamin-c-brightening-serum?srsltid=AfmBOorxcXT9S-hF4o-ezh9kS5-4m5aYIXuGNeuAOHHd4rU5oYvGWUrk,princesscosmeticsqa.com,,
35fab3e46bf0,SKINTIFIC_10_PURE_VITAMIN_C_BRIGHTENING_SERUM_NKIT250001190,https://shopee.co.id/Skintific-10-Pure-Vitamin-C-Brightening-Serum-9g-1g-i.30736001.41861610539,shopee.co.id,,
7c937ce41b14,SKINTIFIC_10_PURE_VITAMIN_C_BRIGHTENING_SERUM_NKIT250001190,https://h5.lazada.co.id/products/skintific-10-pure-vitamin-c-brightening-serum-9g-1g-i8690132785.html,h5.lazada.co.id,,
56c586be500d,SKINTIFIC_10_PURE_VITAMIN_C_BRIGHTENING_SERUM_NKIT250001190,https://www.tiktok.com/@kosteve_/video/7618946189446221077,www.tiktok.com,,
c97d17acaa7b,GLAD2GLOW_PERFECT_VITA_C_BRIGHT_GLOW_SERUM_NA11251900043,https://shopee.co.id/Glad2Glow-Perfect-Vita-C-Bright-Glow-Serum-17ml-i.30736001.41356705242,shopee.co.id,,
2eb446c1d9ba,GLAD2GLOW_PERFECT_VITA_C_BRIGHT_GLOW_SERUM_NA11251900043,https://shopee.co.id/Glad2Glow-Perfect-Vita-C-Bright-Glow-Serum-17ml-i.30736001.41356705242,shopee.co.id,,
443127560b73,GLAD2GLOW_PERFECT_VITA_C_BRIGHT_GLOW_SERUM_NA11251900043,https://www.blibli.com/p/glad2glow-perfect-vita-c-bright-glow-serum-17ml/ps--GLO-70051-00078,www.blibli.com,,
2bb3b60bb304,GLAD2GLOW_PERFECT_VITA_C_BRIGHT_GLOW_SERUM_NA11251900043,https://www.ebay.com/itm/146716287305,www.ebay.com,,
b6840534d8a2,GLAD2GLOW_PERFECT_VITA_C_BRIGHT_GLOW_SERUM_NA11251900043,https://www.blibli.com/p/glad2glow-perfect-vita-c-bright-glow-serum-17ml/ps--GLO-70051-00078,www.blibli.com,,
1a80178ec569,GLAD2GLOW_PERFECT_VITA_C_BRIGHT_GLOW_SERUM_NA11251900043,https://shopee.com.my/Glad2Glow-Perfect-Vita-C-BRIGHT-GLOW-SERUM-Brightens-Complexion-Boosts-Radiance-skincare-17ml-i.822280677.47502464845,shopee.com.my,,
9160d3ad4f5d,GLAD2GLOW_PERFECT_VITA_C_BRIGHT_GLOW_SERUM_NA11251900043,https://www.youtube.com/shorts/_I4mzZcSRgk,youtube.com,,
1d3919d90919,KAIE_EVEN_TONE_RADIANCE_RENEW_SERUM_NA18240107391,https://kaie.co/products/even-tone-radiance-renew-serum,kaie.co,,
f37ee97b0c1c,KAIE_EVEN_TONE_RADIANCE_RENEW_SERUM_NA18240107391,https://www.ebay.com/itm/406594439083,www.ebay.com,,
89eb13b622ee,KAIE_EVEN_TONE_RADIANCE_RENEW_SERUM_NA18240107391,https://kaie.co/products/even-tone-radiance-renew-serum,kaie.co,,
a40ecef6137b,KAIE_EVEN_TONE_RADIANCE_RENEW_SERUM_NA18240107391,https://kaie.co/products/kaie-lively-lip-oil-peptide-ceramide-and-squalane-even-tone-radiance-renew-serum,kaie.co,,
d9027a6bd280,KAIE_EVEN_TONE_RADIANCE_RENEW_SERUM_NA18240107391,https://www.ebay.com/itm/406594439083,www.ebay.com,,
3ba416ea52b7,KAIE_EVEN_TONE_RADIANCE_RENEW_SERUM_NA18240107391,https://kaie.co/pages/even-tone-radiance-booster-serum-1,kaie.co,,
50905f17fe44,KAIE_EVEN_TONE_RADIANCE_RENEW_SERUM_NA18240107391,https://kaie.co/products/even-tone-radiance-renew-serum,kaie.co,,
7994d5cc3b22,KAIE_EVEN_TONE_RADIANCE_RENEW_SERUM_NA18240107391,https://www.ebay.com/itm/406594439083,www.ebay.com,,
54f3113fd1a4,COSRX_THE_VITAMIN_C_23_SERUM_NA26222000054,https://www.ulta.com/p/advanced-vitamin-c-23-serum-with-super-vitamin-e-hyaluronic-acid-pimprod2056627?sku=2652090,www.ulta.com,,
eadf2ab52a26,COSRX_THE_VITAMIN_C_23_SERUM_NA26222000054,https://www.dermstore.com/p/cosrx-the-vitamin-c-23-serum-20ml/13949682/?srsltid=AfmBOor8Dg-fRCD8j23id-UexB6aenCpBTFtZRuHLbOqcIfK5nvf79pi,www.dermstore.com,,
0491a1fe3250,COSRX_THE_VITAMIN_C_23_SERUM_NA26222000054,https://www.ulta.com/p/advanced-vitamin-c-23-serum-with-super-vitamin-e-hyaluronic-acid-pimprod2056627?sku=2652090,www.ulta.com,,
24faa8af78ae,COSRX_THE_VITAMIN_C_23_SERUM_NA26222000054,https://koreanskincare.com/products/cosrx-the-vitamin-c-23-serum?srsltid=AfmBOorS89poRWIwO2OTR7MVrIVHW--U1pliOjHej2thqp3_c3Y9mfjS,koreanskincare.com,,
79f7fa0aceec,COSRX_THE_VITAMIN_C_23_SERUM_NA26222000054,https://www.walmart.com/ip/COSRX-The-Vitamin-C-23-Serum-0-68-fl-oz/1410548182,www.walmart.com,,
480d37414f51,COSRX_THE_VITAMIN_C_23_SERUM_NA26222000054,https://www.ulta.com/p/advanced-vitamin-c-23-serum-with-super-vitamin-e-hyaluronic-acid-pimprod2056627?sku=2652090,www.ulta.com,,
1a4bf30a38fb,COSRX_THE_VITAMIN_C_23_SERUM_NA26222000054,https://www.cosrx.com/products/cosrx-advanced-the-vitamin-c-23-serum?srsltid=AfmBOootcRONY53Jr3k2wAHM1InyLynSQ67LdrIrnl95_uFNc4pFJHsU,www.cosrx.com,,
ddc5835cfa22,COSRX_THE_VITAMIN_C_23_SERUM_NA26222000054,https://www.ulta.com/p/advanced-vitamin-c-23-serum-with-super-vitamin-e-hyaluronic-acid-pimprod2056627?sku=2652090,www.ulta.com,,
49f665608434,COSRX_THE_VITAMIN_C_23_SERUM_NA26222000054,https://www.tiktok.com/@koreanskincarenepal/video/7273396097660308737,www.tiktok.com,,
17b3a9262989,KAIE_HYDRA_BOOSTER_DAILY_MOISTURE_SERUM_NA18240107392,https://kaie.co/products/hydra-booster-daily-moisture-serum,kaie.co,,
d74be73979ad,KAIE_HYDRA_BOOSTER_DAILY_MOISTURE_SERUM_NA18240107392,https://kaie.co/products/kaie-skin-barrier-duo-hydra-booster-daily-moisture-serum-barrier-repair-gentle-soothe-gel-moisturizer,kaie.co,,
96689c4c52c1,KAIE_HYDRA_BOOSTER_DAILY_MOISTURE_SERUM_NA18240107392,https://kaie.co/products/hydra-booster-daily-moisture-serum,kaie.co,,
8b322fdad771,KAIE_HYDRA_BOOSTER_DAILY_MOISTURE_SERUM_NA18240107392,https://kaie.co/products/hydra-booster-daily-moisture-serum,kaie.co,,
e7e8fb21a599,KAIE_HYDRA_BOOSTER_DAILY_MOISTURE_SERUM_NA18240107392,https://kaie.co/products/kaie-lively-lip-oil-peptide-ceramide-and-squalane-hydra-booster-daily-moisture-serum,kaie.co,,
b2e197e25c46,KAIE_HYDRA_BOOSTER_DAILY_MOISTURE_SERUM_NA18240107392,https://kaie.co/products/kaie-hydra-focus-trio-hydra-booster-daily-moisture-serum-barrier-repair-gentle-soothe-gel-moisturizer-lively-lip-oil,kaie.co,,
f1ede48bed42,KAIE_HYDRA_BOOSTER_DAILY_MOISTURE_SERUM_NA18240107392,https://kaie.co/products/kaie-lively-lip-oil-peptide-ceramide-and-squalane-hydra-booster-daily-moisture-serum,kaie.co,,
c355346a47af,KAIE_HYDRA_BOOSTER_DAILY_MOISTURE_SERUM_NA18240107392,https://kaie.co/products/kaie-hydra-focus-trio-hydra-booster-daily-moisture-serum-barrier-repair-gentle-soothe-gel-moisturizer-lively-lip-oil,kaie.co,,
153547818a0f,KAIE_BLEMISH_CARE_PORE_REFINING_SERUM_NA18240108161,https://kaie.co/products/blemish-care-pore-refining-serum,kaie.co,,
5dcc6a77c9d6,KAIE_BLEMISH_CARE_PORE_REFINING_SERUM_NA18240108161,https://kaie.co/products/blemish-care-pore-refining-serum,kaie.co,,
4c76b44213fe,KAIE_BLEMISH_CARE_PORE_REFINING_SERUM_NA18240108161,https://kaie.co/products/blemish-care-pore-refining-serum,kaie.co,,
2c4c5669359b,KAIE_BLEMISH_CARE_PORE_REFINING_SERUM_NA18240108161,https://kaie.co/products/kaie-lively-lip-oil-peptide-ceramide-and-squalane-blemish-care-pore-refining-serum,kaie.co,,
f86062c742c2,KAIE_BLEMISH_CARE_PORE_REFINING_SERUM_NA18240108161,https://kaie.co/products/kaie-trio-serum-blemish-banish-pore-refining-serum-hydra-booster-daily-moisture-serum-even-tone-radiance-renew-serum,kaie.co,,
92cd4fd893f8,KAIE_BLEMISH_CARE_PORE_REFINING_SERUM_NA18240108161,https://kaie.co/products/blemish-care-pore-refining-serum,kaie.co,,
82e35d010dd0,KAIE_BLEMISH_CARE_PORE_REFINING_SERUM_NA18240108161,https://kaie.co/products/kaie-lively-lip-oil-peptide-ceramide-and-squalane-blemish-care-pore-refining-serum,kaie.co,,
4952af554833,KAIE_BLEMISH_CARE_PORE_REFINING_SERUM_NA18240108161,https://www.ebay.it/itm/405884544894,www.ebay.it,,
71abdb2380a8,ANUA_NIACINAMIDE_10_TXA_3_SERUM_NA26251900042,https://sukoshi.com/products/anua-10-niacinamide-4-tranexamic-acid-dark-spot-correcting-serum?srsltid=AfmBOop5qHqueyYbwNJHOez_MOAhuVNOR806pww5ALLtfjmnLaCJRCxb,sukoshi.com,,
90ae93547036,ANUA_NIACINAMIDE_10_TXA_3_SERUM_NA26251900042,https://edenskinstore.com/products/anua-niacinamide-10-txa-4-serum?srsltid=AfmBOoroecPIrwbZ-kS0x5HKl5aS4Ao95VNA7D1KetR8OQRBTdTRNhnU,edenskinstore.com,,
26334abb06d6,ANUA_NIACINAMIDE_10_TXA_3_SERUM_NA26251900042,https://www.ulta.com/p/niacinamide-10-txa-4-serum-brightening-dark-spots-pimprod2048921?sku=2634191,www.ulta.com,,
387eeb4c651f,ANUA_NIACINAMIDE_10_TXA_3_SERUM_NA26251900042,https://skinsort.com/products/anua/niacinamide-10-txa-3-serum,skinsort.com,,
066e13295027,ANUA_NIACINAMIDE_10_TXA_3_SERUM_NA26251900042,https://www.ulta.com/p/niacinamide-10-txa-4-serum-brightening-dark-spots-pimprod2048921?sku=2634191,www.ulta.com,,
a1df4178ff32,ANUA_NIACINAMIDE_10_TXA_3_SERUM_NA26251900042,https://koreanskincare.com/products/anua-niacinamide-10-txa-4-serum?srsltid=AfmBOoqs_akuQptwZuD_UKiXzkK_9yQOaCcCHxVu8vc6tMHWKBFry3nn,koreanskincare.com,,
5b898c66056a,ANUA_NIACINAMIDE_10_TXA_3_SERUM_NA26251900042,https://kbeautyworld.com/products/niacinamide-10-txa-4-serum?srsltid=AfmBOopeH1HjVrOofSjkzqwcCiNjFrSouvXy70QmlMnMwnF19ERhR1i3,kbeautyworld.com,,
194f8f8fc3d3,ANUA_NIACINAMIDE_10_TXA_3_SERUM_NA26251900042,https://www.nordhive.com/products/anua-niacinamide-10-txa-4-dark-spot-correcting-serum,www.nordhive.com,,
3effa4f3840a,MEDIHEAL_VITAMIN_C_BRIGHTENING_SERUM_WITH_NIACINAMIDE_NA26241900078,https://www.target.com/p/mediheal-vitamin-c-brightening-serum-1-35-oz/-/A-1004381848,www.target.com,,
f081b7e9f7c6,MEDIHEAL_VITAMIN_C_BRIGHTENING_SERUM_WITH_NIACINAMIDE_NA26241900078,https://www.iherb.com/pr/mediheal-vitamin-c-brightening-serum-with-niacinamide-1-35-fl-oz-40-ml/142624?srsltid=AfmBOoqAIyGsfov8j5QxJHX9OZ_DQlaK8E-5UAdP-XXmeyiAmZ4dPcCi,www.iherb.com,,
472c1be7d6a8,MEDIHEAL_VITAMIN_C_BRIGHTENING_SERUM_WITH_NIACINAMIDE_NA26241900078,https://www.nordstrom.com/s/vitamin-c-brightening-serum/9009478?srsltid=AfmBOoqiBXWwRDH3-S_Q6hFibkrZOwSt444aRMeG00GEhYDsvAxKvzYd,www.nordstrom.com,,
8e113fc745d3,MEDIHEAL_VITAMIN_C_BRIGHTENING_SERUM_WITH_NIACINAMIDE_NA26241900078,https://www.amazon.com/MEDIHEAL-Vitamin-Brightening-Serum-Tone-Texture-Glow/dp/B0CCD7GJPR,www.amazon.com,,
5d47d9f26210,MEDIHEAL_VITAMIN_C_BRIGHTENING_SERUM_WITH_NIACINAMIDE_NA26241900078,https://www.shopmissa.com/products/mediheal-vitamin-c-brightening-serum?srsltid=AfmBOoouU8JRloJjyBYDaM-4hIACfSirYZUgTQgZaZxUMFWG1udbUgY1,www.shopmissa.com,,
add2ab1e2fe8,MEDIHEAL_VITAMIN_C_BRIGHTENING_SERUM_WITH_NIACINAMIDE_NA26241900078,https://www.amazon.com/MEDIHEAL-Vitamin-Brightening-Serum-Tone-Texture-Glow/dp/B0CCD7GJPR,www.amazon.com,,
5c2795641a0e,MEDIHEAL_VITAMIN_C_BRIGHTENING_SERUM_WITH_NIACINAMIDE_NA26241900078,https://www.amazon.com/MEDIHEAL-Vitamin-Brightening-Serum-Tone-Texture-Glow/dp/B0CCD7GJPR,www.amazon.com,,
49e6fd0f66b7,MEDIHEAL_VITAMIN_C_BRIGHTENING_SERUM_WITH_NIACINAMIDE_NA26241900078,https://www.ulta.com/p/vitamin-c-brightening-serum-pimprod2052790?sku=2640449,www.ulta.com,,
930a440ec7a5,WARDAH_LIFT_REGENERATING_SERUM_NA18242000770,https://www.ebay.com/itm/406012276680,www.ebay.com,,
6887faf0ba56,WARDAH_LIFT_REGENERATING_SERUM_NA18242000770,https://www.ebay.com/itm/406012276680,www.ebay.com,,
414ef85a6767,WARDAH_LIFT_REGENERATING_SERUM_NA18242000770,https://nihonmart.id/wardah-exosome-pdrn-lift-regenerating-serum-30ml?srsltid=AfmBOoqrXbdDKV7mlqgcHxNgTW1iFm3Ojg9HVaPxIHh3STmuoc4DnPyx,nihonmart.id,,
28cc541655e4,WARDAH_LIFT_REGENERATING_SERUM_NA18242000770,https://www.wardahbeauty.com/id/news/serum-wardah-dengan-hasil-seperti-perawatan-hifu,www.wardahbeauty.com,,
570323398001,WARDAH_LIFT_REGENERATING_SERUM_NA18242000770,https://www.ebay.com/itm/406012276680,www.ebay.com,,
3d7b05ded90e,WARDAH_LIFT_REGENERATING_SERUM_NA18242000770,https://www.ebay.com/itm/406012276680,www.ebay.com,,
4511daa5dfd9,WARDAH_LIFT_REGENERATING_SERUM_NA18242000770,https://www.lazada.co.id/tag/serum-wardah-asli-dan-palsu/,www.lazada.co.id,,
b2778b550446,ANUA_7_RICE_CERAMIDE_HYDRATING_BARRIER_SERUM_NA26250100205,https://www.ulta.com/p/7-rice-ceramide-hydrating-barrier-serum-pimprod2048927?sku=2634624,www.ulta.com,,
b6d6cd05e1fa,ANUA_7_RICE_CERAMIDE_HYDRATING_BARRIER_SERUM_NA26250100205,https://koreanskincare.com/products/anua-7-rice-ceramide-hydrating-barrier-serum?srsltid=AfmBOorx-9s6FRVaQIeXVaSvenrHfuJ0gx-V1tjKq8C8TRziVG3hX7MV,koreanskincare.com,,
c33ad01c2b72,ANUA_7_RICE_CERAMIDE_HYDRATING_BARRIER_SERUM_NA26250100205,https://www.ulta.com/p/7-rice-ceramide-hydrating-barrier-serum-pimprod2048927?sku=2634624,www.ulta.com,,
1910d7684ec9,ANUA_7_RICE_CERAMIDE_HYDRATING_BARRIER_SERUM_NA26250100205,https://anua.com/products/rice-ceramide-7-hydrating-barrier-serum?srsltid=AfmBOoqg1qxdWhyvAxWOGh8taxe7kAATAQeNusMluJiqIRnPSSgaxZkq,anua.com,,
4d1d8fe80f2e,ANUA_7_RICE_CERAMIDE_HYDRATING_BARRIER_SERUM_NA26250100205,https://www.amazon.com/Anua-Ceramide-Hydrating-Barrier-Serum/dp/B0D54G6811,www.amazon.com,,
79c27a7a51f2,ANUA_7_RICE_CERAMIDE_HYDRATING_BARRIER_SERUM_NA26250100205,https://www.skincupid.us/products/anua-7-rice-ceramide-hydrating-barrier-serum-50ml,www.skincupid.us,,
fdc2eaeafa05,ANUA_7_RICE_CERAMIDE_HYDRATING_BARRIER_SERUM_NA26250100205,https://jolse.com/product/anua-7-rice-ceramide-hydrating-barrier-serum-50ml/77345/?srsltid=AfmBOopRoYE9i5EWIyaHn5JBhPmmH_60IZRCW388M7XSwK6cqVM3K1Xx,jolse.com,,
6543e12719c0,ANUA_7_RICE_CERAMIDE_HYDRATING_BARRIER_SERUM_NA26250100205,https://sukoshi.com/products/anua-rice-7-barrier-serum?srsltid=AfmBOorS5dP9iWbSehCHResZuZ6xHveH_5pobCtSKF-yJZrFtXwJ8nif,sukoshi.com,,
36d23af43197,ELSHESKIN_RADIANT_ADVANCE_SERUM_NA18231901807,https://skinsort.com/products/elsheskin/radiant-advance-serum,skinsort.com,,
158d9ac0bccb,ELSHESKIN_RADIANT_ADVANCE_SERUM_NA18231901807,https://www.beautyhaul.com/blog/mengenal-tranexamic-acid-di-dalam-serum-elsheskin-radiant-advance?srsltid=AfmBOoooYQagBtlbgYMFdlY-SwbSFh7bxg3MgzhsOVgMWW0AZj13vHKQ,www.beautyhaul.com,,
299e1ee65b4a,ELSHESKIN_RADIANT_ADVANCE_SERUM_NA18231901807,https://incidecoder.com/products/elsheskin-radiant-advance-serum-2,incidecoder.com,,
8e58ec7435a1,ELSHESKIN_RADIANT_ADVANCE_SERUM_NA18231901807,https://www.astronauts.id/p/invalid-elsheskin-radiant-advance-serum-20ml?srsltid=AfmBOoqYYP5hUSuBTCFDJ97l8fFmqsduFlO8wfRUXkBkEssnOPm3_L4x,www.astronauts.id,,
bc0aaa87e5c6,ELSHESKIN_RADIANT_ADVANCE_SERUM_NA18231901807,https://nihonmart.id/elsheskin-radiant-skin-serum?srsltid=AfmBOorJIScCCsQoY2fqqi8PlyKK4sioTz1k4BJ4PembHUaKZldzs-qT,nihonmart.id,,
090e7483a57b,ELSHESKIN_RADIANT_ADVANCE_SERUM_NA18231901807,https://shopee.co.id/Elsheskin-Radiant-Advance-Serum-20ml-Brightening-Serum-Cerahkan-Kulit-Kusam-Mencerahkan-Maksimal-dan-Samarkan-Noda-Hitam-Bekas-Jerawat-i.9035345.23546250246,shopee.co.id,,
db8c3dc77731,ELSHESKIN_RADIANT_ADVANCE_SERUM_NA18231901807,https://skinsort.com/products/elsheskin/radiant-advance-serum,skinsort.com,,
94b9ddfeca8c,ELSHESKIN_RADIANT_ADVANCE_SERUM_NA18231901807,https://www.sociolla.com/face-serum/77764-radiant-advance-serum,www.sociolla.com,,
c0253b86cd33,SULWHASOO_CONCENTRATED_GINSENG_REJUVENATING_SERUM_NA26242000060,https://us.sulwhasoo.com/products/concentrated-ginseng-rejuvenating-serum,us.sulwhasoo.com,,
5120c29466b2,SULWHASOO_CONCENTRATED_GINSENG_REJUVENATING_SERUM_NA26242000060,https://us.sulwhasoo.com/products/concentrated-ginseng-rejuvenating-serum-1ml,us.sulwhasoo.com,,
21a36a0be784,SULWHASOO_CONCENTRATED_GINSENG_REJUVENATING_SERUM_NA26242000060,https://us.sulwhasoo.com/products/concentrated-ginseng-rejuvenating-serum-set,us.sulwhasoo.com,,
457bcbb2f2c0,SULWHASOO_CONCENTRATED_GINSENG_REJUVENATING_SERUM_NA26242000060,https://us.sulwhasoo.com/products/concentrated-ginseng-rejuvenating-serum-5ml,us.sulwhasoo.com,,
978795489ee8,SULWHASOO_CONCENTRATED_GINSENG_REJUVENATING_SERUM_NA26242000060,https://us.sulwhasoo.com/products/concentrated-ginseng-rejuvenating-serum,us.sulwhasoo.com,,
4cf2fd41aeeb,SULWHASOO_CONCENTRATED_GINSENG_REJUVENATING_SERUM_NA26242000060,https://us.sulwhasoo.com/products/concentrated-ginseng-rejuvenating-serum,us.sulwhasoo.com,,
696ef22a9696,SULWHASOO_CONCENTRATED_GINSENG_REJUVENATING_SERUM_NA26242000060,https://us.sulwhasoo.com/products/concentrated-ginseng-rejuvenating-serum-set,us.sulwhasoo.com,,
5efd1bb39633,SKINTIFIC_RADIANCE_BOOSTER_SERUM_SPRAY_NA11240100454,https://www.ulta.com/p/radiance-booster-serum-spray-mkt77008539?sku=77013191,www.ulta.com,,
0593810a52d7,SKINTIFIC_RADIANCE_BOOSTER_SERUM_SPRAY_NA11240100454,https://www.amazon.com/%EF%BB%BFSKINTIFIC-Radiance-Booster-Hydrating-Squalane/dp/B0FH6GJXXB,www.amazon.com,,
26603ec44b50,SKINTIFIC_RADIANCE_BOOSTER_SERUM_SPRAY_NA11240100454,https://gencbeauty.com/skintific-radiance-booster-serum-spray-100ml/?srsltid=AfmBOoo6BPXnGSDWEgTpP_yAj_doMXdmvfyE58b-KrunnRaR9ovWkLkj,gencbeauty.com,,
02d16e4130ba,SKINTIFIC_RADIANCE_BOOSTER_SERUM_SPRAY_NA11240100454,https://skintific.com/ko/products/radiance-booster-serum-spray,skintific.com,,
6c3c2807bbaa,SKINTIFIC_RADIANCE_BOOSTER_SERUM_SPRAY_NA11240100454,https://asianbestsellers.com/products/skintific-radiance-booster-serum-spray-100ml?srsltid=AfmBOorEDe2AwLeq4MT8ALbfJ-_-555GSDoeetNKMijYh1HtG6CB9vpW,asianbestsellers.com,,
9cc98859c109,SKINTIFIC_RADIANCE_BOOSTER_SERUM_SPRAY_NA11240100454,https://thaimegastore.com/products/skintific-radiance-booster-serum-spray,thaimegastore.com,,
b26d5f2b9d60,SKINTIFIC_RADIANCE_BOOSTER_SERUM_SPRAY_NA11240100454,https://www.asianbeautywholesale.com/en/skintific-radiance-booster-serum-spray-x48-bulk-box-100ml-x-48/info.html/pid.1136536903,www.asianbeautywholesale.com,,
62ecd6769671,SKINTIFIC_RADIANCE_BOOSTER_SERUM_SPRAY_NA11240100454,https://www.yuniquebeauty.biz/product-page/skintific-radiance-booster-serum-spray,www.yuniquebeauty.biz,,
35ea9a15179f,NUMBUZIN_NO_1_PANTOTHENIC_B5_ACTIVE_SOOTHING_SERUM_NA26250100033,https://us.numbuzin.com/products/no-1-pantothenic-b5-active-soothing-serum,us.numbuzin.com,,
2b5b4dae185e,NUMBUZIN_NO_1_PANTOTHENIC_B5_ACTIVE_SOOTHING_SERUM_NA26250100033,https://www.amazon.com/numbuzin-Pantothenic-Hydrating-Niacinamide-Acne-Prone/dp/B0D176VZP2,www.amazon.com,,
b54580e62568,NUMBUZIN_NO_1_PANTOTHENIC_B5_ACTIVE_SOOTHING_SERUM_NA26250100033,https://www.target.com/p/numbuzin-no-1-pantothenic-b5-active-soothing-serum-1-69-fl-oz/-/A-94651939,www.target.com,,
731ffcd1e1ae,NUMBUZIN_NO_1_PANTOTHENIC_B5_ACTIVE_SOOTHING_SERUM_NA26250100033,https://www.ulta.com/p/no1-pantothenic-b5-active-soothing-serum-pimprod2059080?sku=2656188,www.ulta.com,,
c0e7e4e605fc,NUMBUZIN_NO_1_PANTOTHENIC_B5_ACTIVE_SOOTHING_SERUM_NA26250100033,https://us.numbuzin.com/products/no-1-pantothenic-b5-active-soothing-serum,us.numbuzin.com,,
db3c9e3003a2,NUMBUZIN_NO_1_PANTOTHENIC_B5_ACTIVE_SOOTHING_SERUM_NA26250100033,https://us.numbuzin.com/products/no-1-pantothenic-b5-active-soothing-cream,us.numbuzin.com,,
bd5691f202a2,NUMBUZIN_NO_1_PANTOTHENIC_B5_ACTIVE_SOOTHING_SERUM_NA26250100033,https://songofskin.com/products/numbuzin-no-1-pantothenic-b5-active-soothing-serum?srsltid=AfmBOooVRmVJ1yk7WUThHVsRGAcSL7O0OJrZFYZZDvql0RXgBU3iONdP,songofskin.com,,
9b913d619c95,NUMBUZIN_NO_1_PANTOTHENIC_B5_ACTIVE_SOOTHING_SERUM_NA26250100033,https://us.numbuzin.com/products/no-1-pantothenic-b5-active-soothing-serum,us.numbuzin.com,,
44d71094c1d0,FACERINNA_10_NIACINAMIDE_3_TXA_BRIGHT_DARK_SPOT_SERUM_NA18251901656,https://skinsort.com/products/facerinna/10-niacinamade-3-txa-bright-dark-spot-serum,skinsort.com,,
e1799e321164,FACERINNA_10_NIACINAMIDE_3_TXA_BRIGHT_DARK_SPOT_SERUM_NA18251901656,https://www.ebay.com/itm/187782358933,www.ebay.com,,
fc134a7f9a61,FACERINNA_10_NIACINAMIDE_3_TXA_BRIGHT_DARK_SPOT_SERUM_NA18251901656,https://h5.lazada.co.id/products/facerinna-10-niacinamide-3-txa-bright-dark-spot-serum-20ml-i8658352805.html,h5.lazada.co.id,,
0ebd25b109b8,FACERINNA_10_NIACINAMIDE_3_TXA_BRIGHT_DARK_SPOT_SERUM_NA18251901656,https://facerinna.com/,facerinna.com,,
f20b62e14edf,FACERINNA_10_NIACINAMIDE_3_TXA_BRIGHT_DARK_SPOT_SERUM_NA18251901656,https://www.ebay.com/itm/187782358933,www.ebay.com,,
2e1c0fa4c268,FACERINNA_10_NIACINAMIDE_3_TXA_BRIGHT_DARK_SPOT_SERUM_NA18251901656,https://skinsort.com/products/facerinna/10-niacinamade-3-txa-bright-dark-spot-serum,skinsort.com,,
6291346ea69a,WARDAH_RADIANT_RESURFACING_SERUM_NA18242000769,https://www.ebay.com/itm/406353688251,www.ebay.com,,
77a34a1bfe81,WARDAH_RADIANT_RESURFACING_SERUM_NA18242000769,https://www.ebay.com/itm/406353688251,www.ebay.com,,
c0b518420cb9,WARDAH_RADIANT_RESURFACING_SERUM_NA18242000769,https://skinsort.com/products/wardah/radiant-resurfacing-retinal-cysteamine-serum,skinsort.com,,
714ef22176b6,WARDAH_RADIANT_RESURFACING_SERUM_NA18242000769,https://www.wardahbeauty.com/id/news/radiant-resurfacing-serum-rekomendasi-serum-retinal-seperti-treatment-laser,www.wardahbeauty.com,,
4849172a77cc,WARDAH_RADIANT_RESURFACING_SERUM_NA18242000769,https://www.wardahbeauty.com/id/product/skincare/wardah-radiant-resurfacing-serum-retinal-cystamine,www.wardahbeauty.com,,
0b5cf6b6b590,WARDAH_RADIANT_RESURFACING_SERUM_NA18242000769,https://www.ebay.com/itm/406353688251,www.ebay.com,,
1776ba2cd06b,WARDAH_RADIANT_RESURFACING_SERUM_NA18242000769,https://www.ebay.com/itm/389394009046,www.ebay.com,,
1b89603d588f,WHITELAB_17_INTENSIVE_PEELING_SERUM_NA18240118872,https://reviews.femaledaily.com/products/treatment/peeling/whitelab/17-intensive-peeling-aha-bha-pha,reviews.femaledaily.com,,
42e0c82a50f8,WHITELAB_17_INTENSIVE_PEELING_SERUM_NA18240118872,https://reviews.femaledaily.com/products/treatment/peeling/whitelab/17-intensive-peeling-aha-bha-pha,reviews.femaledaily.com,,
ce3ae5fc574d,WHITELAB_17_INTENSIVE_PEELING_SERUM_NA18240118872,https://reviews.femaledaily.com/products/treatment/peeling/whitelab/17-intensive-peeling-aha-bha-pha,reviews.femaledaily.com,,
7d40637b2627,WHITELAB_17_INTENSIVE_PEELING_SERUM_NA18240118872,https://www.blibli.com/p/whitelab-17-intensive-peeling-aha-bha-pha-serum-serum-eksfoliasi-pengangkat-sel-kulit-mati-memperbaiki-tekstur-kulit/ps--WHB-70014-00002,www.blibli.com,,
95713f3a3b78,WHITELAB_17_INTENSIVE_PEELING_SERUM_NA18240118872,https://www.blibli.com/p/whitelab-17-intensive-peeling-aha-bha-pha-serum-serum-eksfoliasi-pengangkat-sel-kulit-mati-memperbaiki-tekstur-kulit/ps--WHB-70014-00002,www.blibli.com,,
70466190f98a,WHITELAB_17_INTENSIVE_PEELING_SERUM_NA18240118872,https://h5.lazada.co.id/products/whitelab-17-intensive-peeling-aha-bha-pha-serum-serum-eksfoliasi-pengangkat-sel-kulit-mati-memperbaiki-tekstur-kulit-sebum-melting-komedo-bpom-i4834936360.html,h5.lazada.co.id,,
2fee1bdf55d6,WHITELAB_17_INTENSIVE_PEELING_SERUM_NA18240118872,https://review.soco.id/product/face-serum/83538-peeling-serum-aha-bha-pha,review.soco.id,,
d904967deb94,WHITELAB_17_INTENSIVE_PEELING_SERUM_NA18240118872,https://shopee.co.id/Whitelab-17-Intensive-Peeling-Aha-Bha-Pha-Serum-Serum-Eksfoliasi-Pengangkat-Sel-Kulit-Mati-Memperbaiki-Tekstur-Kulit-Sebum-Melting-Komedo-Bpom--i.201071840.3479331703,shopee.co.id,,
bc9d502d94ea,FACERINNA_2_SALICYLIC_ACID_ACNE_SERUM_NA18250107449,https://skinsort.com/products/facerinna/2-salicylic-acid-2-niacinamide-acne-serum,skinsort.com,,
66a43a4065f5,FACERINNA_2_SALICYLIC_ACID_ACNE_SERUM_NA18250107449,https://h5.lazada.co.id/products/facerinna-2-salicylic-acid-acne-serum-20ml-i8658396052.html,h5.lazada.co.id,,
0d8f6f739e5b,FACERINNA_2_SALICYLIC_ACID_ACNE_SERUM_NA18250107449,https://facerinna.com/collections/all,facerinna.com,,
1384a241b549,FACERINNA_2_SALICYLIC_ACID_ACNE_SERUM_NA18250107449,https://guardian.com.my/fr-sa-acne-serum-20ml-121127510.html?srsltid=AfmBOoo5D0-bx8GA_2Z5_EiS0cdh1KYZmrAG9dPdTyGjjUIxRF_qO0ZR,guardian.com.my,,
362891c0238b,BEAUTY_OF_JOSEON_BAMBOO_DARKSPOT_SERUM_NA18250104648,https://incidecoder.com/products/beauty-of-joseon-bamboo-darkspot-serum-symwhite-bamboo-extract,incidecoder.com,,
5b4614219c4f,BEAUTY_OF_JOSEON_BAMBOO_DARKSPOT_SERUM_NA18250104648,https://id.stylekorean.com/products/beauty-of-joseon-bamboo-darkspot-serum-symwhite-bamboo-extract,id.stylekorean.com,,
a11f6a15679d,BEAUTY_OF_JOSEON_BAMBOO_DARKSPOT_SERUM_NA18250104648,https://guardianindonesia.co.id/boj-bamboo-ds-srm20-p-3126706.html?srsltid=AfmBOoqWi9OLYAb661wb6i9bsAtxLQ1N7DtN2LAi8CPS6Nh_QmxK6usD,guardianindonesia.co.id,,
169f89e0cba8,BEAUTY_OF_JOSEON_BAMBOO_DARKSPOT_SERUM_NA18250104648,https://skinsort.com/products/beauty-of-joseon/bamboo-darkspot-serum,skinsort.com,,
38135082d8fd,BEAUTY_OF_JOSEON_BAMBOO_DARKSPOT_SERUM_NA18250104648,https://beautyofjoseon.com/?srsltid=AfmBOoqbiH8EtA92yupYi1BD0BFCEpXIXQpAxMa40HQa16pzTawsmYvZ,beautyofjoseon.com,,
dc377e5ea042,BEAUTY_OF_JOSEON_BAMBOO_DARKSPOT_SERUM_NA18250104648,https://www.tiktok.com/@fakecip/video/7597850471411322134,www.tiktok.com,,
7442b7daf6bb,FACERINNA_RETINOL_ANTI_AGING_SERUM_NA18252000312,https://skinsort.com/products/facerinna/retinol-anti-aging-serum,skinsort.com,,
04b8087888c6,FACERINNA_RETINOL_ANTI_AGING_SERUM_NA18252000312,https://h5.lazada.co.id/products/facerinna-retinol-anti-aging-serum-20ml-i8658370124.html,h5.lazada.co.id,,
77b8fe59a75f,FACERINNA_RETINOL_ANTI_AGING_SERUM_NA18252000312,https://www.blibli.com/p/facerinna-retinol-anti-aging-serum-20ml-skin-renewal-gentle-serum-retinoid-anti-aging-antiagingserum-20-facerinna/ps--FUB-70021-00604,www.blibli.com,,
b021ce3ce7a0,FACERINNA_RETINOL_ANTI_AGING_SERUM_NA18252000312,https://www.blibli.com/p/facerinna-retinol-anti-aging-serum-20ml-skin-renewal-gentle-serum-retinoid-anti-aging-antiagingserum-20-facerinna/ps--FUB-70021-00604,www.blibli.com,,
625b517953ef,FACERINNA_RETINOL_ANTI_AGING_SERUM_NA18252000312,https://www.watsons.co.th/en/facerinna-facerinna-retinol-anti-aging-serum-20-ml./p/BP_327853?srsltid=AfmBOopEspIbgYhylLVRONyu5GoNy3weSKU2oxTCJKS3iIWfJkyWQJHm,www.watsons.co.th,,
90c4eb084971,FACERINNA_RETINOL_ANTI_AGING_SERUM_NA18252000312,https://www.ebay.com/itm/147036714692,www.ebay.com,,
